municipio_codigo,nome_municipio,uf,semana_epidemiologica,temperatura_media_c,temperatura_max_c,umidade_relativa_pct,precipitacao_acumulada_mm,ndvi_medio,cobertura_agua_pct,altitude_media_m,populacao_exposta,densidade_demografica,indice_saneamento_pct,casos_semana_anterior,casos_por_100k,nivel_risco
MUN_001,São Paulo,SP,1,19.77,28.93,80.54,2.31,0.241,0.0,787.5,2259084,39.3,74.5,2831,125.33,Baixo
MUN_001,São Paulo,SP,2,10.33,19.79,64.69,7.78,0.055,0.0,787.5,2259084,39.3,74.5,574,25.41,Baixo
MUN_001,São Paulo,SP,3,12.53,22.18,60.21,5.84,0.328,4.8,787.5,2259084,39.3,74.5,872,38.62,Baixo
MUN_001,São Paulo,SP,4,19.85,26.38,76.22,34.21,0.245,0.0,787.5,2259084,39.3,74.5,3526,156.12,Baixo
MUN_001,São Paulo,SP,5,24.31,33.76,67.64,12.1,0.301,0.0,787.5,2259084,39.3,74.5,3296,145.92,Baixo
MUN_001,São Paulo,SP,6,23.35,30.8,77.44,38.18,0.274,0.0,787.5,2259084,39.3,74.5,3161,139.96,Baixo
MUN_001,São Paulo,SP,7,21.53,28.73,100.0,1.04,0.412,4.56,787.5,2259084,39.3,74.5,4873,215.72,Medio
MUN_001,São Paulo,SP,8,22.66,29.82,54.48,34.21,0.311,2.42,787.5,2259084,39.3,74.5,5139,227.51,Medio
MUN_001,São Paulo,SP,9,20.55,25.4,69.63,40.89,0.338,0.0,787.5,2259084,39.3,74.5,5241,232.0,Medio
MUN_001,São Paulo,SP,10,27.81,33.65,62.62,15.62,0.456,1.08,787.5,2259084,39.3,74.5,2097,92.86,Baixo
MUN_001,São Paulo,SP,11,27.83,35.2,50.99,1.12,0.477,0.0,787.5,2259084,39.3,74.5,6535,289.29,Alto
MUN_001,São Paulo,SP,12,21.91,31.54,85.23,11.61,0.527,0.0,787.5,2259084,39.3,74.5,4450,197.0,Medio
MUN_001,São Paulo,SP,13,30.01,35.76,43.14,45.25,0.507,2.56,787.5,2259084,39.3,74.5,3238,143.34,Baixo
MUN_001,São Paulo,SP,14,24.28,27.61,77.8,128.84,0.648,4.59,787.5,2259084,39.3,74.5,6114,270.67,Alto
MUN_001,São Paulo,SP,15,24.6,28.67,76.44,161.05,0.529,16.47,787.5,2259084,39.3,74.5,5892,260.82,Alto
MUN_001,São Paulo,SP,16,20.16,29.75,100.0,127.67,0.493,2.8,787.5,2259084,39.3,74.5,5252,232.49,Medio
MUN_001,São Paulo,SP,17,30.43,36.14,51.79,48.36,0.515,6.24,787.5,2259084,39.3,74.5,7061,312.57,Alto
MUN_001,São Paulo,SP,18,24.83,27.02,97.35,29.95,0.416,6.39,787.5,2259084,39.3,74.5,6789,300.55,Alto
MUN_001,São Paulo,SP,19,21.32,25.63,80.73,2.44,0.595,0.0,787.5,2259084,39.3,74.5,4186,185.31,Medio
MUN_001,São Paulo,SP,20,23.9,25.99,85.55,18.55,0.593,7.31,787.5,2259084,39.3,74.5,7257,321.26,Alto
MUN_001,São Paulo,SP,21,24.59,29.85,88.19,29.55,0.61,0.34,787.5,2259084,39.3,74.5,5055,223.79,Medio
MUN_001,São Paulo,SP,22,19.31,24.33,66.08,76.07,0.417,17.66,787.5,2259084,39.3,74.5,6442,285.17,Alto
MUN_001,São Paulo,SP,23,26.18,28.62,55.22,54.61,0.647,2.05,787.5,2259084,39.3,74.5,7314,323.76,Alto
MUN_001,São Paulo,SP,24,17.91,26.87,68.06,127.17,0.56,2.24,787.5,2259084,39.3,74.5,5824,257.82,Alto
MUN_001,São Paulo,SP,25,17.99,24.6,68.42,149.07,0.526,15.39,787.5,2259084,39.3,74.5,7011,310.36,Alto
MUN_001,São Paulo,SP,26,16.44,26.84,68.54,67.6,0.482,6.44,787.5,2259084,39.3,74.5,5390,238.63,Medio
MUN_001,São Paulo,SP,27,22.46,32.71,64.32,112.25,0.403,8.08,787.5,2259084,39.3,74.5,6247,276.57,Alto
MUN_001,São Paulo,SP,28,15.06,18.08,71.3,3.01,0.518,0.0,787.5,2259084,39.3,74.5,3007,133.15,Baixo
MUN_001,São Paulo,SP,29,16.75,24.07,75.98,52.07,0.344,8.95,787.5,2259084,39.3,74.5,4348,192.47,Medio
MUN_001,São Paulo,SP,30,21.28,31.64,64.08,15.25,0.49,0.03,787.5,2259084,39.3,74.5,3027,134.03,Baixo
MUN_001,São Paulo,SP,31,14.54,18.53,46.34,0.23,0.296,1.96,787.5,2259084,39.3,74.5,2987,132.23,Baixo
MUN_001,São Paulo,SP,32,17.48,26.95,49.27,32.07,0.165,4.14,787.5,2259084,39.3,74.5,3507,155.28,Baixo
MUN_001,São Paulo,SP,33,12.57,16.07,60.96,1.85,0.224,6.13,787.5,2259084,39.3,74.5,3907,172.99,Medio
MUN_001,São Paulo,SP,34,19.27,23.18,55.1,3.04,0.486,9.72,787.5,2259084,39.3,74.5,2748,121.67,Baixo
MUN_001,São Paulo,SP,35,19.96,26.64,74.09,0.94,0.134,0.0,787.5,2259084,39.3,74.5,3669,162.45,Medio
MUN_001,São Paulo,SP,36,20.49,23.14,46.21,21.79,0.603,0.73,787.5,2259084,39.3,74.5,3907,172.98,Medio
MUN_001,São Paulo,SP,37,12.32,21.79,66.01,21.65,0.398,4.78,787.5,2259084,39.3,74.5,5381,238.21,Medio
MUN_001,São Paulo,SP,38,15.79,25.28,66.25,11.05,0.28,2.16,787.5,2259084,39.3,74.5,3627,160.56,Medio
MUN_001,São Paulo,SP,39,19.53,25.84,65.21,0.06,0.323,1.18,787.5,2259084,39.3,74.5,2021,89.5,Baixo
MUN_001,São Paulo,SP,40,23.3,26.21,62.78,17.23,0.289,3.16,787.5,2259084,39.3,74.5,4093,181.22,Medio
MUN_001,São Paulo,SP,41,18.68,21.26,65.31,5.09,0.316,0.0,787.5,2259084,39.3,74.5,3038,134.49,Baixo
MUN_001,São Paulo,SP,42,19.35,21.56,53.16,0.21,0.488,1.18,787.5,2259084,39.3,74.5,3319,146.93,Baixo
MUN_001,São Paulo,SP,43,13.76,22.52,57.69,9.31,0.329,0.0,787.5,2259084,39.3,74.5,1882,83.32,Baixo
MUN_001,São Paulo,SP,44,17.28,27.3,45.09,7.24,0.117,0.0,787.5,2259084,39.3,74.5,2169,96.05,Baixo
MUN_001,São Paulo,SP,45,15.57,17.83,51.3,10.33,0.29,6.52,787.5,2259084,39.3,74.5,3154,139.65,Baixo
MUN_001,São Paulo,SP,46,19.67,26.99,67.9,0.76,0.324,4.21,787.5,2259084,39.3,74.5,3642,161.22,Medio
MUN_001,São Paulo,SP,47,19.37,25.03,50.15,2.55,0.315,0.0,787.5,2259084,39.3,74.5,3162,139.97,Baixo
MUN_001,São Paulo,SP,48,17.09,19.71,59.67,5.6,0.11,4.09,787.5,2259084,39.3,74.5,3901,172.69,Medio
MUN_001,São Paulo,SP,49,17.98,20.87,52.58,4.94,0.3,0.0,787.5,2259084,39.3,74.5,5189,229.7,Medio
MUN_001,São Paulo,SP,50,15.0,19.98,60.49,0.2,0.18,0.0,787.5,2259084,39.3,74.5,5529,244.77,Medio
MUN_002,Rio de Janeiro,RJ,1,28.56,30.83,72.02,17.18,0.517,4.19,67.2,1600006,22.2,70.6,3631,226.99,Medio
MUN_002,Rio de Janeiro,RJ,2,27.34,30.02,53.04,30.02,0.276,8.56,67.2,1600006,22.2,70.6,5057,316.07,Alto
MUN_002,Rio de Janeiro,RJ,3,21.38,30.79,53.71,4.81,0.176,0.0,67.2,1600006,22.2,70.6,3737,233.61,Medio
MUN_002,Rio de Janeiro,RJ,4,29.71,33.65,65.67,109.03,0.165,9.58,67.2,1600006,22.2,70.6,4009,250.61,Alto
MUN_002,Rio de Janeiro,RJ,5,23.73,33.11,40.72,38.61,0.11,0.0,67.2,1600006,22.2,70.6,2768,173.0,Medio
MUN_002,Rio de Janeiro,RJ,6,29.35,39.01,64.29,13.86,0.463,3.03,67.2,1600006,22.2,70.6,3352,209.53,Medio
MUN_002,Rio de Janeiro,RJ,7,24.31,32.39,72.24,67.36,0.438,4.04,67.2,1600006,22.2,70.6,2865,179.12,Medio
MUN_002,Rio de Janeiro,RJ,8,30.08,35.13,32.26,29.96,0.475,2.83,67.2,1600006,22.2,70.6,3310,206.92,Medio
MUN_002,Rio de Janeiro,RJ,9,26.57,36.81,75.87,26.71,0.208,3.37,67.2,1600006,22.2,70.6,3560,222.53,Medio
MUN_002,Rio de Janeiro,RJ,10,34.22,37.64,84.32,6.24,0.587,7.64,67.2,1600006,22.2,70.6,5591,349.44,Alto
MUN_002,Rio de Janeiro,RJ,11,33.26,37.01,78.07,6.93,0.515,0.0,67.2,1600006,22.2,70.6,4437,277.33,Alto
MUN_002,Rio de Janeiro,RJ,12,30.52,32.87,50.48,21.29,0.547,4.95,67.2,1600006,22.2,70.6,4360,272.51,Alto
MUN_002,Rio de Janeiro,RJ,13,38.06,41.25,75.89,2.17,0.435,4.33,67.2,1600006,22.2,70.6,4338,271.17,Alto
MUN_002,Rio de Janeiro,RJ,14,30.48,38.37,81.53,261.14,0.558,26.36,67.2,1600006,22.2,70.6,6861,428.86,Alto
MUN_002,Rio de Janeiro,RJ,15,35.3,39.13,94.85,93.35,0.479,8.37,67.2,1600006,22.2,70.6,7322,457.63,Alto
MUN_002,Rio de Janeiro,RJ,16,37.25,46.0,85.75,41.88,0.704,7.19,67.2,1600006,22.2,70.6,6510,406.89,Alto
MUN_002,Rio de Janeiro,RJ,17,31.14,37.77,81.63,0.47,0.427,0.0,67.2,1600006,22.2,70.6,4049,253.08,Alto
MUN_002,Rio de Janeiro,RJ,18,29.37,33.3,62.65,8.54,0.709,9.54,67.2,1600006,22.2,70.6,2065,129.07,Baixo
MUN_002,Rio de Janeiro,RJ,19,22.68,24.9,100.0,35.59,0.745,0.0,67.2,1600006,22.2,70.6,6106,381.67,Alto
MUN_002,Rio de Janeiro,RJ,20,33.23,43.35,89.79,1.15,0.531,3.43,67.2,1600006,22.2,70.6,4117,257.34,Alto
MUN_002,Rio de Janeiro,RJ,21,24.82,29.24,76.43,44.88,0.318,5.43,67.2,1600006,22.2,70.6,5263,328.98,Alto
MUN_002,Rio de Janeiro,RJ,22,26.81,30.35,73.54,62.55,0.752,7.01,67.2,1600006,22.2,70.6,4277,267.32,Alto
MUN_002,Rio de Janeiro,RJ,23,29.58,38.43,82.15,30.52,0.566,4.16,67.2,1600006,22.2,70.6,5964,372.78,Alto
MUN_002,Rio de Janeiro,RJ,24,26.51,33.7,64.64,52.3,0.453,7.88,67.2,1600006,22.2,70.6,4429,276.86,Alto
MUN_002,Rio de Janeiro,RJ,25,27.18,34.85,87.58,7.21,0.726,0.0,67.2,1600006,22.2,70.6,4467,279.23,Alto
MUN_002,Rio de Janeiro,RJ,26,26.73,28.93,67.61,61.95,0.246,5.66,67.2,1600006,22.2,70.6,4588,286.8,Alto
MUN_002,Rio de Janeiro,RJ,27,23.69,29.33,88.4,67.81,0.436,2.97,67.2,1600006,22.2,70.6,2798,174.92,Medio
MUN_002,Rio de Janeiro,RJ,28,23.54,27.47,51.59,7.62,0.276,1.44,67.2,1600006,22.2,70.6,2313,144.61,Baixo
MUN_002,Rio de Janeiro,RJ,29,25.79,32.32,73.25,7.42,0.417,10.46,67.2,1600006,22.2,70.6,3459,216.21,Medio
MUN_002,Rio de Janeiro,RJ,30,25.62,29.11,60.99,9.81,0.19,1.52,67.2,1600006,22.2,70.6,3942,246.38,Medio
MUN_002,Rio de Janeiro,RJ,31,27.48,37.36,67.92,3.0,0.309,4.62,67.2,1600006,22.2,70.6,4062,253.9,Alto
MUN_002,Rio de Janeiro,RJ,32,24.34,27.43,55.98,29.18,0.172,0.0,67.2,1600006,22.2,70.6,2808,175.54,Medio
MUN_002,Rio de Janeiro,RJ,33,17.24,22.61,66.6,8.35,0.4,1.84,67.2,1600006,22.2,70.6,2717,169.85,Medio
MUN_002,Rio de Janeiro,RJ,34,23.95,29.19,58.71,37.68,0.368,6.06,67.2,1600006,22.2,70.6,2573,160.84,Medio
MUN_002,Rio de Janeiro,RJ,35,25.54,30.48,48.32,54.46,0.273,4.98,67.2,1600006,22.2,70.6,5424,339.06,Alto
MUN_002,Rio de Janeiro,RJ,36,23.7,29.09,42.95,1.7,0.361,1.43,67.2,1600006,22.2,70.6,1132,70.79,Baixo
MUN_002,Rio de Janeiro,RJ,37,20.38,27.83,58.13,3.5,0.184,2.64,67.2,1600006,22.2,70.6,1314,82.18,Baixo
MUN_002,Rio de Janeiro,RJ,38,24.18,34.54,55.62,2.06,0.256,0.0,67.2,1600006,22.2,70.6,1935,120.99,Baixo
MUN_002,Rio de Janeiro,RJ,39,24.23,33.15,60.04,9.44,0.36,11.95,67.2,1600006,22.2,70.6,1929,120.61,Baixo
MUN_002,Rio de Janeiro,RJ,40,18.88,24.01,57.08,9.27,0.405,5.2,67.2,1600006,22.2,70.6,2041,127.62,Baixo
MUN_002,Rio de Janeiro,RJ,41,21.75,28.3,65.09,1.37,0.181,0.49,67.2,1600006,22.2,70.6,1624,101.52,Baixo
MUN_002,Rio de Janeiro,RJ,42,23.57,26.85,47.87,6.3,0.03,0.0,67.2,1600006,22.2,70.6,181,11.33,Baixo
MUN_002,Rio de Janeiro,RJ,43,21.32,29.17,73.52,5.26,0.289,5.33,67.2,1600006,22.2,70.6,3813,238.36,Medio
MUN_002,Rio de Janeiro,RJ,44,28.22,30.79,80.3,5.59,0.311,9.02,67.2,1600006,22.2,70.6,3040,190.05,Medio
MUN_002,Rio de Janeiro,RJ,45,22.39,25.0,62.4,0.23,0.204,6.47,67.2,1600006,22.2,70.6,1216,76.05,Baixo
MUN_002,Rio de Janeiro,RJ,46,20.0,23.48,66.98,1.55,0.206,4.67,67.2,1600006,22.2,70.6,3022,188.89,Medio
MUN_002,Rio de Janeiro,RJ,47,22.53,29.76,56.74,21.92,0.23,2.18,67.2,1600006,22.2,70.6,4975,310.94,Alto
MUN_002,Rio de Janeiro,RJ,48,25.55,28.64,73.94,7.75,0.229,0.0,67.2,1600006,22.2,70.6,1071,66.96,Baixo
MUN_002,Rio de Janeiro,RJ,49,22.89,32.43,56.4,9.95,0.336,2.8,67.2,1600006,22.2,70.6,2517,157.32,Medio
MUN_002,Rio de Janeiro,RJ,50,25.38,33.98,69.55,8.58,0.339,1.67,67.2,1600006,22.2,70.6,2886,180.39,Medio
MUN_003,Salvador,BA,1,23.36,32.51,40.6,15.9,0.329,13.65,148.5,359365,22.0,69.7,316,87.97,Baixo
MUN_003,Salvador,BA,2,24.41,32.88,71.7,1.92,0.275,0.0,148.5,359365,22.0,69.7,388,108.16,Baixo
MUN_003,Salvador,BA,3,25.78,29.38,78.8,6.67,0.284,1.32,148.5,359365,22.0,69.7,480,133.76,Baixo
MUN_003,Salvador,BA,4,18.18,21.45,45.62,5.98,0.507,0.08,148.5,359365,22.0,69.7,470,130.83,Baixo
MUN_003,Salvador,BA,5,30.11,32.14,52.65,17.15,0.268,13.34,148.5,359365,22.0,69.7,545,151.77,Baixo
MUN_003,Salvador,BA,6,31.69,38.82,89.31,46.69,0.46,1.7,148.5,359365,22.0,69.7,644,179.48,Medio
MUN_003,Salvador,BA,7,30.0,38.02,58.65,63.45,0.262,3.72,148.5,359365,22.0,69.7,385,107.4,Baixo
MUN_003,Salvador,BA,8,28.66,36.91,51.54,300.0,0.307,27.26,148.5,359365,22.0,69.7,1167,324.88,Alto
MUN_003,Salvador,BA,9,31.82,37.08,67.41,53.37,0.4,0.0,148.5,359365,22.0,69.7,725,201.78,Medio
MUN_003,Salvador,BA,10,32.18,41.34,70.73,17.93,0.345,0.0,148.5,359365,22.0,69.7,910,253.49,Alto
MUN_003,Salvador,BA,11,32.4,35.75,85.09,39.74,0.602,9.71,148.5,359365,22.0,69.7,888,247.23,Medio
MUN_003,Salvador,BA,12,31.08,35.2,73.59,31.91,0.71,2.82,148.5,359365,22.0,69.7,703,195.75,Medio
MUN_003,Salvador,BA,13,30.7,36.19,63.01,51.29,0.556,7.07,148.5,359365,22.0,69.7,547,152.3,Baixo
MUN_003,Salvador,BA,14,26.85,33.66,86.07,82.97,0.368,11.32,148.5,359365,22.0,69.7,718,200.02,Medio
MUN_003,Salvador,BA,15,34.59,37.57,100.0,220.8,0.593,13.38,148.5,359365,22.0,69.7,1076,299.62,Alto
MUN_003,Salvador,BA,16,26.77,36.81,79.1,206.54,0.294,8.73,148.5,359365,22.0,69.7,1250,347.86,Alto
MUN_003,Salvador,BA,17,36.15,42.05,80.74,6.5,0.502,0.0,148.5,359365,22.0,69.7,837,233.14,Medio
MUN_003,Salvador,BA,18,26.14,35.6,81.09,274.56,0.543,11.07,148.5,359365,22.0,69.7,1196,332.82,Alto
MUN_003,Salvador,BA,19,27.62,35.2,79.35,133.88,0.585,3.32,148.5,359365,22.0,69.7,1236,344.19,Alto
MUN_003,Salvador,BA,20,34.9,40.27,85.68,221.98,0.62,11.37,148.5,359365,22.0,69.7,1412,393.11,Alto
MUN_003,Salvador,BA,21,29.41,39.77,83.99,8.32,0.433,3.7,148.5,359365,22.0,69.7,988,275.18,Alto
MUN_003,Salvador,BA,22,30.51,36.8,79.6,240.84,0.403,17.59,148.5,359365,22.0,69.7,1124,312.97,Alto
MUN_003,Salvador,BA,23,29.36,35.84,71.5,131.4,0.533,7.89,148.5,359365,22.0,69.7,1235,343.81,Alto
MUN_003,Salvador,BA,24,34.89,39.56,77.82,56.36,0.231,1.34,148.5,359365,22.0,69.7,1225,340.89,Alto
MUN_003,Salvador,BA,25,29.71,38.73,60.44,4.29,0.412,0.0,148.5,359365,22.0,69.7,1063,295.84,Alto
MUN_003,Salvador,BA,26,21.66,30.81,85.46,48.05,0.322,5.31,148.5,359365,22.0,69.7,718,199.97,Medio
MUN_003,Salvador,BA,27,24.69,33.8,73.91,15.23,0.414,10.88,148.5,359365,22.0,69.7,300,83.53,Baixo
MUN_003,Salvador,BA,28,28.77,38.75,47.67,82.02,0.443,11.24,148.5,359365,22.0,69.7,851,237.07,Medio
MUN_003,Salvador,BA,29,20.84,26.64,64.36,18.47,0.073,5.14,148.5,359365,22.0,69.7,436,121.33,Baixo
MUN_003,Salvador,BA,30,22.48,31.78,65.48,5.82,0.389,4.29,148.5,359365,22.0,69.7,431,120.2,Baixo
MUN_003,Salvador,BA,31,25.57,28.53,54.98,14.63,0.273,0.12,148.5,359365,22.0,69.7,418,116.39,Baixo
MUN_003,Salvador,BA,32,17.64,22.19,70.13,7.65,0.414,9.4,148.5,359365,22.0,69.7,397,110.66,Baixo
MUN_003,Salvador,BA,33,23.55,34.01,53.93,22.8,0.189,3.01,148.5,359365,22.0,69.7,725,202.0,Medio
MUN_003,Salvador,BA,34,25.54,31.2,94.94,4.06,0.361,7.51,148.5,359365,22.0,69.7,758,211.19,Medio
MUN_003,Salvador,BA,35,27.53,35.5,82.74,3.16,0.27,0.0,148.5,359365,22.0,69.7,1105,307.74,Alto
MUN_003,Salvador,BA,36,28.43,34.73,67.94,5.95,0.211,0.0,148.5,359365,22.0,69.7,455,126.82,Baixo
MUN_003,Salvador,BA,37,22.49,26.16,33.12,8.16,0.31,0.0,148.5,359365,22.0,69.7,243,67.64,Baixo
MUN_003,Salvador,BA,38,24.94,29.43,95.5,27.28,0.326,0.0,148.5,359365,22.0,69.7,437,121.81,Baixo
MUN_003,Salvador,BA,39,23.19,31.16,73.99,33.12,0.215,0.0,148.5,359365,22.0,69.7,61,17.03,Baixo
MUN_003,Salvador,BA,40,25.96,30.59,79.91,30.24,0.242,3.2,148.5,359365,22.0,69.7,924,257.15,Alto
MUN_003,Salvador,BA,41,20.34,25.48,31.28,1.35,0.284,1.28,148.5,359365,22.0,69.7,374,104.18,Baixo
MUN_003,Salvador,BA,42,27.55,32.63,75.04,4.62,0.385,2.48,148.5,359365,22.0,69.7,789,219.64,Medio
MUN_003,Salvador,BA,43,23.46,26.67,50.32,0.12,0.285,0.0,148.5,359365,22.0,69.7,288,80.32,Baixo
MUN_003,Salvador,BA,44,16.4,24.6,69.52,16.89,0.222,9.67,148.5,359365,22.0,69.7,199,55.49,Baixo
MUN_003,Salvador,BA,45,22.33,31.12,78.63,27.91,0.284,6.18,148.5,359365,22.0,69.7,452,125.96,Baixo
MUN_003,Salvador,BA,46,28.81,36.66,70.13,3.36,0.167,0.0,148.5,359365,22.0,69.7,511,142.21,Baixo
MUN_003,Salvador,BA,47,23.43,30.84,57.9,2.47,0.098,0.0,148.5,359365,22.0,69.7,726,202.07,Medio
MUN_003,Salvador,BA,48,29.88,33.07,53.99,3.56,0.366,1.34,148.5,359365,22.0,69.7,429,119.42,Baixo
MUN_003,Salvador,BA,49,19.41,21.61,55.3,15.47,0.367,0.7,148.5,359365,22.0,69.7,491,136.68,Baixo
MUN_003,Salvador,BA,50,17.87,22.76,40.68,5.46,0.508,11.89,148.5,359365,22.0,69.7,535,149.12,Baixo
MUN_004,Fortaleza,CE,1,22.09,24.58,51.93,2.86,0.307,3.32,30.1,133355,39.3,69.8,24,18.61,Baixo
MUN_004,Fortaleza,CE,2,32.11,38.27,48.05,7.37,0.335,5.49,30.1,133355,39.3,69.8,293,219.92,Medio
MUN_004,Fortaleza,CE,3,23.22,29.26,58.62,4.99,0.332,9.26,30.1,133355,39.3,69.8,128,96.3,Baixo
MUN_004,Fortaleza,CE,4,27.03,37.05,55.2,1.42,0.298,2.74,30.1,133355,39.3,69.8,147,110.51,Baixo
MUN_004,Fortaleza,CE,5,22.64,31.12,53.91,8.39,0.66,1.27,30.1,133355,39.3,69.8,178,133.53,Baixo
MUN_004,Fortaleza,CE,6,28.71,32.41,65.95,3.99,0.507,0.84,30.1,133355,39.3,69.8,172,129.49,Baixo
MUN_004,Fortaleza,CE,7,29.98,32.14,69.62,25.16,0.514,8.01,30.1,133355,39.3,69.8,124,93.56,Baixo
MUN_004,Fortaleza,CE,8,26.37,30.16,80.51,54.95,0.366,8.25,30.1,133355,39.3,69.8,243,182.85,Medio
MUN_004,Fortaleza,CE,9,32.2,39.8,81.17,92.53,0.367,7.61,30.1,133355,39.3,69.8,238,179.0,Medio
MUN_004,Fortaleza,CE,10,27.79,32.75,71.38,8.23,0.489,4.7,30.1,133355,39.3,69.8,122,91.52,Baixo
MUN_004,Fortaleza,CE,11,33.14,35.57,87.16,3.87,0.39,0.0,30.1,133355,39.3,69.8,221,166.14,Medio
MUN_004,Fortaleza,CE,12,34.34,39.07,73.94,27.78,0.54,3.39,30.1,133355,39.3,69.8,173,130.24,Baixo
MUN_004,Fortaleza,CE,13,21.36,28.34,80.1,33.49,0.415,6.77,30.1,133355,39.3,69.8,235,176.79,Medio
MUN_004,Fortaleza,CE,14,36.04,39.25,100.0,76.87,0.342,5.51,30.1,133355,39.3,69.8,283,212.68,Medio
MUN_004,Fortaleza,CE,15,29.74,31.74,93.99,25.04,0.686,0.0,30.1,133355,39.3,69.8,195,146.25,Baixo
MUN_004,Fortaleza,CE,16,28.08,37.24,69.2,36.47,0.559,8.12,30.1,133355,39.3,69.8,235,176.31,Medio
MUN_004,Fortaleza,CE,17,33.78,39.98,72.42,41.51,0.643,0.75,30.1,133355,39.3,69.8,284,213.36,Medio
MUN_004,Fortaleza,CE,18,33.1,37.63,82.42,10.74,0.525,2.85,30.1,133355,39.3,69.8,249,187.4,Medio
MUN_004,Fortaleza,CE,19,27.56,31.34,49.57,28.14,0.72,2.41,30.1,133355,39.3,69.8,181,136.4,Baixo
MUN_004,Fortaleza,CE,20,35.97,39.8,77.72,88.2,0.473,4.83,30.1,133355,39.3,69.8,426,319.46,Alto
MUN_004,Fortaleza,CE,21,27.77,35.83,99.06,21.2,0.443,0.0,30.1,133355,39.3,69.8,155,116.95,Baixo
MUN_004,Fortaleza,CE,22,30.63,36.82,63.53,33.35,0.521,3.63,30.1,133355,39.3,69.8,225,169.41,Medio
MUN_004,Fortaleza,CE,23,26.7,35.28,89.46,87.15,0.481,7.54,30.1,133355,39.3,69.8,311,233.79,Medio
MUN_004,Fortaleza,CE,24,25.82,27.83,54.18,21.56,0.566,6.04,30.1,133355,39.3,69.8,17,13.0,Baixo
MUN_004,Fortaleza,CE,25,29.03,37.38,50.0,14.7,0.524,2.69,30.1,133355,39.3,69.8,66,50.1,Baixo
MUN_004,Fortaleza,CE,26,27.25,34.54,65.16,64.75,0.469,3.63,30.1,133355,39.3,69.8,154,115.83,Baixo
MUN_004,Fortaleza,CE,27,24.85,34.65,50.74,10.62,0.439,4.74,30.1,133355,39.3,69.8,46,34.65,Baixo
MUN_004,Fortaleza,CE,28,21.14,27.4,67.19,14.59,0.468,0.0,30.1,133355,39.3,69.8,146,110.15,Baixo
MUN_004,Fortaleza,CE,29,20.83,23.25,58.94,48.6,0.387,5.75,30.1,133355,39.3,69.8,131,98.78,Baixo
MUN_004,Fortaleza,CE,30,31.93,34.55,42.28,13.83,0.366,0.0,30.1,133355,39.3,69.8,170,127.95,Baixo
MUN_004,Fortaleza,CE,31,22.6,28.65,66.34,8.33,0.467,7.19,30.1,133355,39.3,69.8,88,66.28,Baixo
MUN_004,Fortaleza,CE,32,23.75,25.83,59.99,6.02,0.375,0.0,30.1,133355,39.3,69.8,0,0.0,Baixo
MUN_004,Fortaleza,CE,33,23.2,28.84,63.46,0.27,0.204,2.15,30.1,133355,39.3,69.8,0,0.0,Baixo
MUN_004,Fortaleza,CE,34,22.58,27.92,77.18,19.02,0.312,4.72,30.1,133355,39.3,69.8,139,104.56,Baixo
MUN_004,Fortaleza,CE,35,17.95,25.53,71.6,1.65,0.117,0.6,30.1,133355,39.3,69.8,29,22.15,Baixo
MUN_004,Fortaleza,CE,36,25.22,30.93,67.6,8.13,0.203,5.41,30.1,133355,39.3,69.8,120,90.48,Baixo
MUN_004,Fortaleza,CE,37,24.19,32.82,71.98,5.93,0.349,0.0,30.1,133355,39.3,69.8,22,16.88,Baixo
MUN_004,Fortaleza,CE,38,15.73,24.62,62.59,13.47,0.424,5.41,30.1,133355,39.3,69.8,24,18.06,Baixo
MUN_004,Fortaleza,CE,39,18.62,24.23,64.16,0.2,0.383,0.0,30.1,133355,39.3,69.8,0,0.0,Baixo
MUN_004,Fortaleza,CE,40,27.23,35.54,45.07,15.84,0.173,0.0,30.1,133355,39.3,69.8,142,106.63,Baixo
MUN_004,Fortaleza,CE,41,27.59,36.45,56.73,49.63,0.475,0.0,30.1,133355,39.3,69.8,136,102.31,Baixo
MUN_004,Fortaleza,CE,42,21.94,30.58,66.79,12.19,0.109,4.63,30.1,133355,39.3,69.8,157,118.29,Baixo
MUN_004,Fortaleza,CE,43,31.83,36.97,100.0,34.06,0.43,7.81,30.1,133355,39.3,69.8,297,222.82,Medio
MUN_004,Fortaleza,CE,44,27.18,31.51,65.48,9.92,0.144,0.0,30.1,133355,39.3,69.8,252,189.51,Medio
MUN_004,Fortaleza,CE,45,24.83,30.06,68.69,2.17,0.215,7.28,30.1,133355,39.3,69.8,115,86.83,Baixo
MUN_004,Fortaleza,CE,46,27.97,34.61,67.48,15.48,0.518,2.66,30.1,133355,39.3,69.8,143,107.96,Baixo
MUN_004,Fortaleza,CE,47,17.31,20.43,74.26,11.3,0.166,0.0,30.1,133355,39.3,69.8,113,84.8,Baixo
MUN_004,Fortaleza,CE,48,27.24,34.1,42.24,24.01,0.308,0.0,30.1,133355,39.3,69.8,0,0.0,Baixo
MUN_004,Fortaleza,CE,49,19.52,27.75,74.46,2.44,0.216,4.99,30.1,133355,39.3,69.8,129,97.01,Baixo
MUN_004,Fortaleza,CE,50,24.3,34.33,52.87,11.27,0.158,3.49,30.1,133355,39.3,69.8,147,110.61,Baixo
MUN_005,Belo Horizonte,MG,1,16.5,26.83,38.31,0.9,0.272,0.0,745.2,947040,104.3,54.4,992,104.82,Baixo
MUN_005,Belo Horizonte,MG,2,14.4,18.65,38.4,2.85,0.189,0.0,745.2,947040,104.3,54.4,498,52.66,Baixo
MUN_005,Belo Horizonte,MG,3,17.98,20.76,62.41,13.18,0.144,4.96,745.2,947040,104.3,54.4,785,82.89,Baixo
MUN_005,Belo Horizonte,MG,4,12.76,17.06,72.04,16.28,0.366,3.61,745.2,947040,104.3,54.4,652,68.89,Baixo
MUN_005,Belo Horizonte,MG,5,16.21,18.34,84.45,14.7,0.402,1.81,745.2,947040,104.3,54.4,1321,139.53,Baixo
MUN_005,Belo Horizonte,MG,6,17.16,25.52,62.95,77.03,0.315,0.0,745.2,947040,104.3,54.4,2736,288.96,Alto
MUN_005,Belo Horizonte,MG,7,23.94,26.72,54.44,13.97,0.305,0.0,745.2,947040,104.3,54.4,468,49.48,Baixo
MUN_005,Belo Horizonte,MG,8,27.96,35.12,65.38,31.65,0.49,5.49,745.2,947040,104.3,54.4,1759,185.84,Medio
MUN_005,Belo Horizonte,MG,9,27.78,36.05,80.22,23.76,0.541,2.11,745.2,947040,104.3,54.4,2969,313.53,Alto
MUN_005,Belo Horizonte,MG,10,26.42,34.08,69.76,104.8,0.325,10.38,745.2,947040,104.3,54.4,2754,290.86,Alto
MUN_005,Belo Horizonte,MG,11,26.15,28.69,77.37,105.2,0.463,7.5,745.2,947040,104.3,54.4,1813,191.48,Medio
MUN_005,Belo Horizonte,MG,12,27.63,30.53,76.24,111.03,0.38,11.46,745.2,947040,104.3,54.4,2087,220.42,Medio
MUN_005,Belo Horizonte,MG,13,27.26,36.75,64.2,185.29,0.508,9.89,745.2,947040,104.3,54.4,1738,183.54,Medio
MUN_005,Belo Horizonte,MG,14,18.25,23.26,85.63,223.36,0.628,14.14,745.2,947040,104.3,54.4,2208,233.2,Medio
MUN_005,Belo Horizonte,MG,15,28.52,37.97,79.54,9.38,0.593,15.78,745.2,947040,104.3,54.4,2230,235.49,Medio
MUN_005,Belo Horizonte,MG,16,26.83,35.19,81.99,65.43,0.635,1.66,745.2,947040,104.3,54.4,2203,232.68,Medio
MUN_005,Belo Horizonte,MG,17,26.67,30.04,100.0,4.03,0.495,0.0,745.2,947040,104.3,54.4,1641,173.35,Medio
MUN_005,Belo Horizonte,MG,18,21.25,23.74,87.65,34.89,0.701,13.59,745.2,947040,104.3,54.4,540,57.1,Baixo
MUN_005,Belo Horizonte,MG,19,29.84,33.3,93.14,61.58,0.611,9.69,745.2,947040,104.3,54.4,1751,184.93,Medio
MUN_005,Belo Horizonte,MG,20,24.58,27.79,68.44,75.09,0.665,5.44,745.2,947040,104.3,54.4,1727,182.43,Medio
MUN_005,Belo Horizonte,MG,21,25.2,31.97,67.76,109.37,0.582,16.22,745.2,947040,104.3,54.4,2903,306.62,Alto
MUN_005,Belo Horizonte,MG,22,17.56,26.29,74.03,32.96,0.434,2.99,745.2,947040,104.3,54.4,2372,250.53,Alto
MUN_005,Belo Horizonte,MG,23,23.3,29.9,87.2,138.65,0.437,10.58,745.2,947040,104.3,54.4,2935,310.01,Alto
MUN_005,Belo Horizonte,MG,24,19.81,24.79,64.31,17.05,0.413,0.0,745.2,947040,104.3,54.4,2425,256.16,Alto
MUN_005,Belo Horizonte,MG,25,22.09,24.14,98.79,134.44,0.371,9.55,745.2,947040,104.3,54.4,3313,349.91,Alto
MUN_005,Belo Horizonte,MG,26,24.62,31.02,77.41,9.71,0.599,5.52,745.2,947040,104.3,54.4,1937,204.63,Medio
MUN_005,Belo Horizonte,MG,27,22.36,30.81,69.93,47.03,0.422,8.32,745.2,947040,104.3,54.4,1332,140.7,Baixo
MUN_005,Belo Horizonte,MG,28,16.73,20.45,76.92,9.02,0.323,0.0,745.2,947040,104.3,54.4,1075,113.58,Baixo
MUN_005,Belo Horizonte,MG,29,20.02,25.27,56.18,47.49,0.255,7.46,745.2,947040,104.3,54.4,1067,112.69,Baixo
MUN_005,Belo Horizonte,MG,30,13.3,17.59,74.37,3.27,0.356,0.0,745.2,947040,104.3,54.4,879,92.87,Baixo
MUN_005,Belo Horizonte,MG,31,20.77,24.37,69.87,1.43,0.179,0.0,745.2,947040,104.3,54.4,453,47.85,Baixo
MUN_005,Belo Horizonte,MG,32,13.95,23.58,75.14,22.24,0.34,3.78,745.2,947040,104.3,54.4,530,56.06,Baixo
MUN_005,Belo Horizonte,MG,33,22.34,31.2,49.45,38.59,0.178,1.75,745.2,947040,104.3,54.4,994,105.03,Baixo
MUN_005,Belo Horizonte,MG,34,11.93,19.49,68.33,1.51,0.375,7.2,745.2,947040,104.3,54.4,1248,131.8,Baixo
MUN_005,Belo Horizonte,MG,35,21.66,28.65,64.3,17.11,0.258,8.84,745.2,947040,104.3,54.4,1118,118.06,Baixo
MUN_005,Belo Horizonte,MG,36,20.74,30.64,62.07,5.46,0.375,5.44,745.2,947040,104.3,54.4,739,78.09,Baixo
MUN_005,Belo Horizonte,MG,37,22.44,27.61,75.22,22.43,0.536,2.97,745.2,947040,104.3,54.4,2167,228.92,Medio
MUN_005,Belo Horizonte,MG,38,19.69,26.78,46.71,3.08,0.538,0.0,745.2,947040,104.3,54.4,767,81.05,Baixo
MUN_005,Belo Horizonte,MG,39,20.1,28.05,77.3,30.92,0.305,5.28,745.2,947040,104.3,54.4,21,2.32,Baixo
MUN_005,Belo Horizonte,MG,40,12.48,22.31,67.0,12.23,0.244,0.79,745.2,947040,104.3,54.4,287,30.34,Baixo
MUN_005,Belo Horizonte,MG,41,21.53,31.03,63.4,9.17,0.376,0.0,745.2,947040,104.3,54.4,1162,122.7,Baixo
MUN_005,Belo Horizonte,MG,42,19.28,25.23,60.97,12.02,0.238,0.55,745.2,947040,104.3,54.4,435,46.03,Baixo
MUN_005,Belo Horizonte,MG,43,15.97,21.96,50.84,2.17,0.269,0.0,745.2,947040,104.3,54.4,480,50.71,Baixo
MUN_005,Belo Horizonte,MG,44,16.13,20.67,73.67,1.95,0.208,0.0,745.2,947040,104.3,54.4,333,35.25,Baixo
MUN_005,Belo Horizonte,MG,45,16.95,21.86,64.32,15.43,0.296,0.0,745.2,947040,104.3,54.4,458,48.42,Baixo
MUN_005,Belo Horizonte,MG,46,19.1,25.4,46.18,2.24,0.289,0.0,745.2,947040,104.3,54.4,240,25.4,Baixo
MUN_005,Belo Horizonte,MG,47,14.12,22.28,29.81,12.84,0.358,3.5,745.2,947040,104.3,54.4,2,0.27,Baixo
MUN_005,Belo Horizonte,MG,48,14.13,20.29,53.51,16.98,0.45,2.09,745.2,947040,104.3,54.4,894,94.45,Baixo
MUN_005,Belo Horizonte,MG,49,16.43,24.91,34.46,1.12,0.528,8.97,745.2,947040,104.3,54.4,1643,173.49,Medio
MUN_005,Belo Horizonte,MG,50,10.94,18.56,71.23,2.08,0.229,0.0,745.2,947040,104.3,54.4,420,44.43,Baixo
MUN_006,Manaus,AM,1,21.43,26.61,62.87,31.25,0.314,0.0,341.2,1530942,88.1,52.4,2521,164.73,Medio
MUN_006,Manaus,AM,2,21.44,25.29,68.86,34.17,0.336,4.75,341.2,1530942,88.1,52.4,3931,256.79,Alto
MUN_006,Manaus,AM,3,17.99,20.79,52.4,22.6,0.221,0.0,341.2,1530942,88.1,52.4,2554,166.84,Medio
MUN_006,Manaus,AM,4,23.17,29.31,65.95,14.34,0.441,0.54,341.2,1530942,88.1,52.4,1599,104.47,Baixo
MUN_006,Manaus,AM,5,28.95,35.28,65.21,14.5,0.341,0.0,341.2,1530942,88.1,52.4,3484,227.63,Medio
MUN_006,Manaus,AM,6,27.05,31.07,59.27,3.93,0.397,0.0,341.2,1530942,88.1,52.4,1826,119.3,Baixo
MUN_006,Manaus,AM,7,26.56,34.94,83.44,14.05,0.49,0.0,341.2,1530942,88.1,52.4,3541,231.36,Medio
MUN_006,Manaus,AM,8,29.36,37.95,86.14,21.55,0.491,3.65,341.2,1530942,88.1,52.4,3800,248.24,Alto
MUN_006,Manaus,AM,9,32.88,42.93,65.44,300.0,0.344,14.62,341.2,1530942,88.1,52.4,6402,418.18,Alto
MUN_006,Manaus,AM,10,28.49,34.25,70.28,32.31,0.429,0.0,341.2,1530942,88.1,52.4,3808,248.77,Alto
MUN_006,Manaus,AM,11,31.58,35.68,36.09,108.1,0.609,11.99,341.2,1530942,88.1,52.4,5826,380.59,Alto
MUN_006,Manaus,AM,12,28.56,33.98,99.18,300.0,0.498,22.17,341.2,1530942,88.1,52.4,4762,311.1,Alto
MUN_006,Manaus,AM,13,30.53,36.18,63.97,167.84,0.575,19.5,341.2,1530942,88.1,52.4,4152,271.26,Alto
MUN_006,Manaus,AM,14,27.99,31.39,100.0,22.65,0.529,6.16,341.2,1530942,88.1,52.4,5742,375.07,Alto
MUN_006,Manaus,AM,15,33.99,41.57,95.96,300.0,0.628,22.16,341.2,1530942,88.1,52.4,5847,381.96,Alto
MUN_006,Manaus,AM,16,38.54,40.82,87.68,203.72,0.369,15.95,341.2,1530942,88.1,52.4,6064,396.12,Alto
MUN_006,Manaus,AM,17,31.85,35.78,100.0,126.21,0.356,13.27,341.2,1530942,88.1,52.4,6176,403.45,Alto
MUN_006,Manaus,AM,18,28.73,37.58,61.69,48.8,0.57,0.81,341.2,1530942,88.1,52.4,4824,315.15,Alto
MUN_006,Manaus,AM,19,37.26,46.0,73.4,83.04,0.621,6.0,341.2,1530942,88.1,52.4,6151,401.82,Alto
MUN_006,Manaus,AM,20,24.06,27.43,70.14,284.13,0.769,21.6,341.2,1530942,88.1,52.4,4226,276.09,Alto
MUN_006,Manaus,AM,21,34.51,42.14,79.75,11.06,0.286,6.67,341.2,1530942,88.1,52.4,4614,301.44,Alto
MUN_006,Manaus,AM,22,27.08,29.98,67.24,61.47,0.669,11.48,341.2,1530942,88.1,52.4,3612,235.97,Medio
MUN_006,Manaus,AM,23,32.39,34.75,70.64,48.73,0.528,9.09,341.2,1530942,88.1,52.4,3829,250.11,Alto
MUN_006,Manaus,AM,24,31.39,38.74,82.27,86.09,0.724,8.92,341.2,1530942,88.1,52.4,6529,426.48,Alto
MUN_006,Manaus,AM,25,30.66,37.25,68.13,196.59,0.547,12.48,341.2,1530942,88.1,52.4,5638,368.29,Alto
MUN_006,Manaus,AM,26,22.18,29.05,71.16,18.44,0.611,0.0,341.2,1530942,88.1,52.4,4331,282.91,Alto
MUN_006,Manaus,AM,27,27.68,36.34,74.63,38.48,0.408,2.02,341.2,1530942,88.1,52.4,4924,321.67,Alto
MUN_006,Manaus,AM,28,22.68,27.29,72.23,44.1,0.328,2.11,341.2,1530942,88.1,52.4,4989,325.94,Alto
MUN_006,Manaus,AM,29,25.58,28.43,52.59,0.84,0.198,2.19,341.2,1530942,88.1,52.4,2728,178.23,Medio
MUN_006,Manaus,AM,30,24.81,27.24,69.62,1.0,0.257,0.46,341.2,1530942,88.1,52.4,2519,164.58,Medio
MUN_006,Manaus,AM,31,24.98,31.98,59.51,17.91,0.092,2.88,341.2,1530942,88.1,52.4,2292,149.77,Baixo
MUN_006,Manaus,AM,32,28.26,30.69,32.35,17.57,0.229,4.69,341.2,1530942,88.1,52.4,2996,195.75,Medio
MUN_006,Manaus,AM,33,24.91,29.78,48.34,24.9,0.381,0.0,341.2,1530942,88.1,52.4,2358,154.08,Baixo
MUN_006,Manaus,AM,34,21.66,28.16,38.79,4.38,0.373,4.6,341.2,1530942,88.1,52.4,1622,105.95,Baixo
MUN_006,Manaus,AM,35,21.25,29.03,37.23,0.64,0.488,0.0,341.2,1530942,88.1,52.4,1538,100.52,Baixo
MUN_006,Manaus,AM,36,21.79,27.29,50.22,7.56,0.362,5.92,341.2,1530942,88.1,52.4,2097,137.01,Baixo
MUN_006,Manaus,AM,37,22.56,30.27,77.3,3.82,0.373,6.37,341.2,1530942,88.1,52.4,3310,216.25,Medio
MUN_006,Manaus,AM,38,33.28,38.78,51.97,10.37,0.437,2.88,341.2,1530942,88.1,52.4,4453,290.88,Alto
MUN_006,Manaus,AM,39,21.96,30.47,51.2,9.48,0.246,5.33,341.2,1530942,88.1,52.4,4213,275.25,Alto
MUN_006,Manaus,AM,40,27.87,33.52,83.16,9.68,0.387,0.0,341.2,1530942,88.1,52.4,3585,234.2,Medio
MUN_006,Manaus,AM,41,26.29,35.51,47.16,1.34,0.266,0.0,341.2,1530942,88.1,52.4,2558,167.13,Medio
MUN_006,Manaus,AM,42,21.55,28.21,84.85,3.4,0.326,1.53,341.2,1530942,88.1,52.4,4660,304.41,Alto
MUN_006,Manaus,AM,43,19.45,29.25,73.76,7.16,0.18,5.63,341.2,1530942,88.1,52.4,4736,309.38,Alto
MUN_006,Manaus,AM,44,27.53,35.31,73.76,51.61,0.378,0.0,341.2,1530942,88.1,52.4,5195,339.37,Alto
MUN_006,Manaus,AM,45,22.13,29.78,75.25,15.38,0.209,2.84,341.2,1530942,88.1,52.4,4370,285.49,Alto
MUN_006,Manaus,AM,46,22.09,26.25,77.62,0.31,0.373,13.58,341.2,1530942,88.1,52.4,2571,167.98,Medio
MUN_006,Manaus,AM,47,19.83,23.87,79.54,1.81,0.296,2.23,341.2,1530942,88.1,52.4,3438,224.59,Medio
MUN_006,Manaus,AM,48,29.76,34.54,64.39,7.47,0.445,6.92,341.2,1530942,88.1,52.4,2606,170.28,Medio
MUN_006,Manaus,AM,49,26.05,33.94,46.67,35.69,0.3,7.92,341.2,1530942,88.1,52.4,3974,259.58,Alto
MUN_006,Manaus,AM,50,32.6,41.82,46.81,2.9,0.607,0.0,341.2,1530942,88.1,52.4,2335,152.56,Baixo
MUN_007,Curitiba,PR,1,20.34,24.33,89.62,15.9,0.3,0.0,957.8,2682991,90.5,73.3,2264,84.41,Baixo
MUN_007,Curitiba,PR,2,19.14,28.02,63.1,12.68,0.468,0.0,957.8,2682991,90.5,73.3,1152,42.94,Baixo
MUN_007,Curitiba,PR,3,10.0,19.75,70.52,0.19,0.177,6.08,957.8,2682991,90.5,73.3,1851,69.0,Baixo
MUN_007,Curitiba,PR,4,10.0,19.95,44.68,1.9,0.351,1.51,957.8,2682991,90.5,73.3,593,22.13,Baixo
MUN_007,Curitiba,PR,5,12.8,20.39,62.7,122.21,0.195,0.32,957.8,2682991,90.5,73.3,232,8.68,Baixo
MUN_007,Curitiba,PR,6,25.1,27.62,54.66,77.45,0.415,6.48,957.8,2682991,90.5,73.3,3954,147.39,Baixo
MUN_007,Curitiba,PR,7,12.76,17.63,86.47,4.77,0.46,0.0,957.8,2682991,90.5,73.3,7583,282.65,Alto
MUN_007,Curitiba,PR,8,13.47,22.3,81.25,19.93,0.534,3.42,957.8,2682991,90.5,73.3,888,33.1,Baixo
MUN_007,Curitiba,PR,9,19.98,27.04,56.42,7.2,0.52,8.69,957.8,2682991,90.5,73.3,5969,222.49,Medio
MUN_007,Curitiba,PR,10,19.04,29.04,84.94,12.27,0.538,0.0,957.8,2682991,90.5,73.3,5800,216.21,Medio
MUN_007,Curitiba,PR,11,27.03,37.11,73.89,2.47,0.429,0.0,957.8,2682991,90.5,73.3,6939,258.66,Alto
MUN_007,Curitiba,PR,12,23.26,32.93,68.8,25.52,0.458,2.56,957.8,2682991,90.5,73.3,6334,236.08,Medio
MUN_007,Curitiba,PR,13,27.29,34.0,70.44,166.23,0.604,17.84,957.8,2682991,90.5,73.3,8931,332.9,Alto
MUN_007,Curitiba,PR,14,18.99,26.31,85.27,47.35,0.579,1.81,957.8,2682991,90.5,73.3,6978,260.1,Alto
MUN_007,Curitiba,PR,15,21.9,27.66,82.47,10.29,0.515,0.0,957.8,2682991,90.5,73.3,4357,162.4,Medio
MUN_007,Curitiba,PR,16,15.84,24.97,75.45,14.45,0.781,11.75,957.8,2682991,90.5,73.3,5771,215.11,Medio
MUN_007,Curitiba,PR,17,31.57,33.96,87.75,300.0,0.525,18.59,957.8,2682991,90.5,73.3,8199,305.6,Alto
MUN_007,Curitiba,PR,18,18.42,23.46,81.41,300.0,0.695,10.61,957.8,2682991,90.5,73.3,10085,375.9,Alto
MUN_007,Curitiba,PR,19,14.74,16.94,75.21,23.26,0.755,6.65,957.8,2682991,90.5,73.3,2034,75.84,Baixo
MUN_007,Curitiba,PR,20,25.86,32.51,92.22,82.63,0.54,4.97,957.8,2682991,90.5,73.3,8005,298.39,Alto
MUN_007,Curitiba,PR,21,25.05,34.11,73.18,18.67,0.587,2.61,957.8,2682991,90.5,73.3,5805,216.37,Medio
MUN_007,Curitiba,PR,22,20.86,27.78,97.25,186.76,0.435,14.42,957.8,2682991,90.5,73.3,7252,270.32,Alto
MUN_007,Curitiba,PR,23,22.75,25.9,75.05,71.26,0.44,0.31,957.8,2682991,90.5,73.3,7622,284.09,Alto
MUN_007,Curitiba,PR,24,25.52,32.41,50.74,11.06,0.737,10.05,957.8,2682991,90.5,73.3,5046,188.08,Medio
MUN_007,Curitiba,PR,25,24.97,31.76,63.25,21.14,0.624,4.55,957.8,2682991,90.5,73.3,7292,271.81,Alto
MUN_007,Curitiba,PR,26,18.54,24.1,61.34,45.42,0.209,3.21,957.8,2682991,90.5,73.3,5035,187.67,Medio
MUN_007,Curitiba,PR,27,15.93,23.25,66.29,28.67,0.514,3.49,957.8,2682991,90.5,73.3,5584,208.13,Medio
MUN_007,Curitiba,PR,28,22.51,28.16,69.88,62.54,0.215,5.69,957.8,2682991,90.5,73.3,3417,127.38,Baixo
MUN_007,Curitiba,PR,29,19.0,26.0,38.56,13.33,0.342,0.0,957.8,2682991,90.5,73.3,852,31.77,Baixo
MUN_007,Curitiba,PR,30,20.89,29.68,75.37,14.2,0.576,0.0,957.8,2682991,90.5,73.3,6303,234.96,Medio
MUN_007,Curitiba,PR,31,18.48,20.9,55.27,4.38,0.201,0.0,957.8,2682991,90.5,73.3,5665,211.18,Medio
MUN_007,Curitiba,PR,32,18.98,23.64,70.22,4.09,0.304,1.66,957.8,2682991,90.5,73.3,4044,150.74,Baixo
MUN_007,Curitiba,PR,33,18.87,29.08,73.71,3.35,0.443,5.56,957.8,2682991,90.5,73.3,1908,71.14,Baixo
MUN_007,Curitiba,PR,34,13.81,21.29,36.87,10.96,0.115,0.0,957.8,2682991,90.5,73.3,1855,69.16,Baixo
MUN_007,Curitiba,PR,35,20.91,30.53,50.99,13.81,0.285,3.74,957.8,2682991,90.5,73.3,2014,75.1,Baixo
MUN_007,Curitiba,PR,36,15.19,19.88,54.1,27.1,0.394,0.87,957.8,2682991,90.5,73.3,3416,127.34,Baixo
MUN_007,Curitiba,PR,37,17.37,25.17,61.84,4.64,0.319,11.19,957.8,2682991,90.5,73.3,2147,80.05,Baixo
MUN_007,Curitiba,PR,38,15.76,23.39,64.43,21.68,0.283,3.67,957.8,2682991,90.5,73.3,4936,184.0,Medio
MUN_007,Curitiba,PR,39,18.15,21.59,55.22,0.79,0.443,1.0,957.8,2682991,90.5,73.3,1606,59.89,Baixo
MUN_007,Curitiba,PR,40,11.5,19.62,62.75,9.2,0.453,1.23,957.8,2682991,90.5,73.3,3567,132.96,Baixo
MUN_007,Curitiba,PR,41,17.87,25.79,72.19,7.41,0.231,2.63,957.8,2682991,90.5,73.3,3738,139.34,Baixo
MUN_007,Curitiba,PR,42,16.47,23.84,62.43,2.6,0.283,2.39,957.8,2682991,90.5,73.3,2586,96.41,Baixo
MUN_007,Curitiba,PR,43,16.29,26.58,56.57,4.44,0.334,0.0,957.8,2682991,90.5,73.3,3554,132.49,Baixo
MUN_007,Curitiba,PR,44,12.23,22.58,60.32,1.71,0.419,9.02,957.8,2682991,90.5,73.3,0,0.0,Baixo
MUN_007,Curitiba,PR,45,18.0,25.51,53.7,5.95,0.403,0.0,957.8,2682991,90.5,73.3,116,4.35,Baixo
MUN_007,Curitiba,PR,46,16.2,26.03,60.27,2.42,0.256,0.0,957.8,2682991,90.5,73.3,959,35.77,Baixo
MUN_007,Curitiba,PR,47,16.73,26.62,56.25,3.69,0.039,1.14,957.8,2682991,90.5,73.3,2392,89.17,Baixo
MUN_007,Curitiba,PR,48,15.84,24.66,54.1,4.5,0.312,10.4,957.8,2682991,90.5,73.3,2713,101.14,Baixo
MUN_007,Curitiba,PR,49,17.08,27.51,38.87,12.21,0.183,7.15,957.8,2682991,90.5,73.3,2574,95.95,Baixo
MUN_007,Curitiba,PR,50,12.49,16.48,49.73,0.52,0.087,2.41,957.8,2682991,90.5,73.3,0,0.0,Baixo
MUN_008,Recife,PE,1,17.45,20.36,58.88,15.96,0.173,0.0,57.9,2476609,371.8,53.0,553,22.34,Baixo
MUN_008,Recife,PE,2,25.82,28.87,48.49,1.11,0.358,0.0,57.9,2476609,371.8,53.0,1890,76.33,Baixo
MUN_008,Recife,PE,3,26.76,30.19,54.64,8.95,0.488,2.31,57.9,2476609,371.8,53.0,2183,88.17,Baixo
MUN_008,Recife,PE,4,19.85,26.48,39.2,2.19,0.239,0.0,57.9,2476609,371.8,53.0,4133,166.92,Medio
MUN_008,Recife,PE,5,22.2,28.85,67.87,1.5,0.273,0.48,57.9,2476609,371.8,53.0,3076,124.24,Baixo
MUN_008,Recife,PE,6,25.23,35.29,49.39,5.47,0.525,0.0,57.9,2476609,371.8,53.0,3909,157.85,Medio
MUN_008,Recife,PE,7,31.68,34.27,73.34,11.6,0.231,7.33,57.9,2476609,371.8,53.0,4967,200.59,Medio
MUN_008,Recife,PE,8,25.04,28.71,65.26,9.24,0.572,9.8,57.9,2476609,371.8,53.0,4927,198.98,Medio
MUN_008,Recife,PE,9,28.73,37.54,52.73,5.72,0.42,5.21,57.9,2476609,371.8,53.0,3446,139.15,Baixo
MUN_008,Recife,PE,10,25.13,30.42,80.95,2.95,0.421,0.25,57.9,2476609,371.8,53.0,2534,102.35,Baixo
MUN_008,Recife,PE,11,31.82,41.34,96.47,54.18,0.453,2.68,57.9,2476609,371.8,53.0,6405,258.65,Alto
MUN_008,Recife,PE,12,28.71,38.8,91.95,104.03,0.502,0.23,57.9,2476609,371.8,53.0,8815,355.96,Alto
MUN_008,Recife,PE,13,25.34,35.51,66.13,43.3,0.632,3.36,57.9,2476609,371.8,53.0,9314,376.1,Alto
MUN_008,Recife,PE,14,29.39,38.6,53.9,46.96,0.581,7.13,57.9,2476609,371.8,53.0,9008,363.73,Alto
MUN_008,Recife,PE,15,30.53,35.95,77.73,85.31,0.483,12.38,57.9,2476609,371.8,53.0,7639,308.45,Alto
MUN_008,Recife,PE,16,27.7,32.18,82.7,111.36,0.472,0.0,57.9,2476609,371.8,53.0,8884,358.75,Alto
MUN_008,Recife,PE,17,31.5,34.55,59.05,8.32,0.67,0.0,57.9,2476609,371.8,53.0,6590,266.13,Alto
MUN_008,Recife,PE,18,35.0,43.22,99.72,185.75,0.355,16.1,57.9,2476609,371.8,53.0,9066,366.1,Alto
MUN_008,Recife,PE,19,31.25,40.18,69.38,64.57,0.712,5.62,57.9,2476609,371.8,53.0,7800,314.97,Alto
MUN_008,Recife,PE,20,34.07,37.62,84.27,27.33,0.6,11.71,57.9,2476609,371.8,53.0,5750,232.19,Medio
MUN_008,Recife,PE,21,31.47,38.23,74.6,172.82,0.619,11.85,57.9,2476609,371.8,53.0,8755,353.52,Alto
MUN_008,Recife,PE,22,29.17,33.74,81.18,57.08,0.392,6.16,57.9,2476609,371.8,53.0,9012,363.89,Alto
MUN_008,Recife,PE,23,31.94,40.42,77.46,37.71,0.644,10.98,57.9,2476609,371.8,53.0,9119,368.24,Alto
MUN_008,Recife,PE,24,30.87,34.55,46.2,61.58,0.47,1.39,57.9,2476609,371.8,53.0,6784,273.93,Alto
MUN_008,Recife,PE,25,22.34,32.27,81.13,132.18,0.601,5.87,57.9,2476609,371.8,53.0,6394,258.18,Alto
MUN_008,Recife,PE,26,34.18,40.3,73.98,6.03,0.717,4.21,57.9,2476609,371.8,53.0,5020,202.72,Medio
MUN_008,Recife,PE,27,25.84,29.5,75.33,33.04,0.413,0.19,57.9,2476609,371.8,53.0,6236,251.82,Alto
MUN_008,Recife,PE,28,24.81,30.63,63.64,25.78,0.219,0.0,57.9,2476609,371.8,53.0,3021,122.0,Baixo
MUN_008,Recife,PE,29,31.27,35.69,72.84,18.06,0.528,2.16,57.9,2476609,371.8,53.0,3430,138.5,Baixo
MUN_008,Recife,PE,30,24.63,34.39,51.04,10.27,0.208,0.0,57.9,2476609,371.8,53.0,4474,180.69,Medio
MUN_008,Recife,PE,31,24.35,31.48,65.11,1.04,0.315,4.2,57.9,2476609,371.8,53.0,3714,150.0,Baixo
MUN_008,Recife,PE,32,28.08,35.59,56.92,27.07,0.252,0.0,57.9,2476609,371.8,53.0,6088,245.82,Medio
MUN_008,Recife,PE,33,26.71,32.74,50.84,3.0,0.289,0.0,57.9,2476609,371.8,53.0,3290,132.86,Baixo
MUN_008,Recife,PE,34,23.35,27.08,56.03,13.89,0.256,1.82,57.9,2476609,371.8,53.0,3258,131.56,Baixo
MUN_008,Recife,PE,35,27.72,33.02,61.04,10.73,0.32,3.48,57.9,2476609,371.8,53.0,4600,185.76,Medio
MUN_008,Recife,PE,36,29.03,37.54,46.58,18.28,0.378,5.88,57.9,2476609,371.8,53.0,3769,152.19,Baixo
MUN_008,Recife,PE,37,29.44,39.74,71.52,6.57,0.427,0.83,57.9,2476609,371.8,53.0,3238,130.77,Baixo
MUN_008,Recife,PE,38,30.17,35.95,40.1,9.73,0.283,0.0,57.9,2476609,371.8,53.0,2066,83.45,Baixo
MUN_008,Recife,PE,39,22.58,29.54,58.21,13.54,0.502,6.82,57.9,2476609,371.8,53.0,5272,212.91,Medio
MUN_008,Recife,PE,40,23.86,31.74,60.03,5.36,0.318,1.08,57.9,2476609,371.8,53.0,2526,102.0,Baixo
MUN_008,Recife,PE,41,26.88,35.66,81.3,19.67,0.03,0.0,57.9,2476609,371.8,53.0,2978,120.26,Baixo
MUN_008,Recife,PE,42,28.18,31.91,57.18,19.31,0.077,1.9,57.9,2476609,371.8,53.0,5202,210.05,Medio
MUN_008,Recife,PE,43,23.67,28.2,56.8,15.17,0.228,0.0,57.9,2476609,371.8,53.0,4149,167.54,Medio
MUN_008,Recife,PE,44,24.68,28.2,63.99,21.92,0.183,6.28,57.9,2476609,371.8,53.0,3324,134.24,Baixo
MUN_008,Recife,PE,45,23.25,31.91,59.18,0.14,0.281,5.07,57.9,2476609,371.8,53.0,2933,118.44,Baixo
MUN_008,Recife,PE,46,28.55,38.43,39.65,34.21,0.091,0.65,57.9,2476609,371.8,53.0,2058,83.13,Baixo
MUN_008,Recife,PE,47,25.1,27.8,51.86,1.62,0.095,0.71,57.9,2476609,371.8,53.0,1732,69.97,Baixo
MUN_008,Recife,PE,48,27.5,37.23,35.83,0.09,0.262,0.9,57.9,2476609,371.8,53.0,1354,54.7,Baixo
MUN_008,Recife,PE,49,25.85,32.38,36.55,3.37,0.601,1.82,57.9,2476609,371.8,53.0,2484,100.32,Baixo
MUN_008,Recife,PE,50,25.68,32.88,60.11,6.27,0.252,0.0,57.9,2476609,371.8,53.0,1060,42.82,Baixo
MUN_009,Porto Alegre,RS,1,20.53,25.44,77.76,12.1,0.303,0.0,142.2,2805995,30.6,54.3,4940,176.06,Medio
MUN_009,Porto Alegre,RS,2,19.54,28.88,66.13,1.68,0.328,5.74,142.2,2805995,30.6,54.3,2842,101.31,Baixo
MUN_009,Porto Alegre,RS,3,11.37,20.74,48.27,4.42,0.391,0.13,142.2,2805995,30.6,54.3,2063,73.54,Baixo
MUN_009,Porto Alegre,RS,4,26.12,30.44,63.52,6.81,0.284,0.0,142.2,2805995,30.6,54.3,619,22.06,Baixo
MUN_009,Porto Alegre,RS,5,16.73,21.36,54.79,63.26,0.585,0.0,142.2,2805995,30.6,54.3,6140,218.82,Medio
MUN_009,Porto Alegre,RS,6,22.12,24.66,56.86,31.9,0.428,1.26,142.2,2805995,30.6,54.3,1696,60.45,Baixo
MUN_009,Porto Alegre,RS,7,20.14,27.41,52.53,16.36,0.281,0.0,142.2,2805995,30.6,54.3,895,31.9,Baixo
MUN_009,Porto Alegre,RS,8,20.96,26.28,53.17,249.84,0.355,19.35,142.2,2805995,30.6,54.3,4657,165.98,Medio
MUN_009,Porto Alegre,RS,9,29.2,38.5,71.79,80.75,0.324,10.89,142.2,2805995,30.6,54.3,6444,229.68,Medio
MUN_009,Porto Alegre,RS,10,18.57,26.46,61.35,66.08,0.414,9.26,142.2,2805995,30.6,54.3,7889,281.16,Alto
MUN_009,Porto Alegre,RS,11,29.07,38.85,95.82,14.11,0.31,4.04,142.2,2805995,30.6,54.3,3160,112.65,Baixo
MUN_009,Porto Alegre,RS,12,26.47,33.84,88.88,25.21,0.525,0.0,142.2,2805995,30.6,54.3,3384,120.61,Baixo
MUN_009,Porto Alegre,RS,13,22.33,28.27,66.72,15.81,0.596,5.96,142.2,2805995,30.6,54.3,4597,163.86,Medio
MUN_009,Porto Alegre,RS,14,25.33,32.8,82.4,152.66,0.49,20.07,142.2,2805995,30.6,54.3,7143,254.58,Alto
MUN_009,Porto Alegre,RS,15,26.62,31.11,68.95,37.26,0.691,7.22,142.2,2805995,30.6,54.3,4020,143.28,Baixo
MUN_009,Porto Alegre,RS,16,30.34,39.38,84.55,42.07,0.505,2.22,142.2,2805995,30.6,54.3,4617,164.56,Medio
MUN_009,Porto Alegre,RS,17,31.22,39.26,84.81,12.52,0.681,0.0,142.2,2805995,30.6,54.3,4472,159.39,Medio
MUN_009,Porto Alegre,RS,18,29.9,40.18,86.5,155.37,0.636,16.05,142.2,2805995,30.6,54.3,7742,275.92,Alto
MUN_009,Porto Alegre,RS,19,25.16,30.24,78.49,173.48,0.492,11.61,142.2,2805995,30.6,54.3,5232,186.46,Medio
MUN_009,Porto Alegre,RS,20,21.91,28.38,92.23,8.19,0.52,0.0,142.2,2805995,30.6,54.3,6012,214.28,Medio
MUN_009,Porto Alegre,RS,21,22.9,27.58,89.68,11.72,0.56,0.21,142.2,2805995,30.6,54.3,0,0.0,Baixo
MUN_009,Porto Alegre,RS,22,29.36,33.44,83.34,52.94,0.49,6.9,142.2,2805995,30.6,54.3,3884,138.45,Baixo
MUN_009,Porto Alegre,RS,23,24.53,29.44,90.3,27.47,0.567,10.08,142.2,2805995,30.6,54.3,4128,147.12,Baixo
MUN_009,Porto Alegre,RS,24,25.03,34.17,65.13,0.51,0.638,3.24,142.2,2805995,30.6,54.3,1650,58.81,Baixo
MUN_009,Porto Alegre,RS,25,26.45,33.39,89.54,83.53,0.389,0.97,142.2,2805995,30.6,54.3,8043,286.67,Alto
MUN_009,Porto Alegre,RS,26,18.99,21.89,75.35,80.34,0.586,9.03,142.2,2805995,30.6,54.3,7536,268.59,Alto
MUN_009,Porto Alegre,RS,27,24.36,28.79,72.94,29.12,0.256,3.8,142.2,2805995,30.6,54.3,4077,145.32,Baixo
MUN_009,Porto Alegre,RS,28,24.23,28.03,64.63,5.58,0.473,1.76,142.2,2805995,30.6,54.3,3591,128.0,Baixo
MUN_009,Porto Alegre,RS,29,21.9,28.95,50.93,21.05,0.073,0.0,142.2,2805995,30.6,54.3,521,18.57,Baixo
MUN_009,Porto Alegre,RS,30,20.39,24.65,57.56,12.92,0.383,3.12,142.2,2805995,30.6,54.3,3587,127.84,Baixo
MUN_009,Porto Alegre,RS,31,16.04,20.62,52.32,0.6,0.279,0.0,142.2,2805995,30.6,54.3,1327,47.32,Baixo
MUN_009,Porto Alegre,RS,32,15.29,18.12,67.04,2.79,0.241,5.72,142.2,2805995,30.6,54.3,4402,156.9,Medio
MUN_009,Porto Alegre,RS,33,22.91,27.17,79.07,0.39,0.32,5.24,142.2,2805995,30.6,54.3,4192,149.4,Baixo
MUN_009,Porto Alegre,RS,34,15.47,24.26,70.33,1.54,0.274,4.36,142.2,2805995,30.6,54.3,2596,92.53,Baixo
MUN_009,Porto Alegre,RS,35,23.03,32.99,49.95,18.5,0.344,4.77,142.2,2805995,30.6,54.3,3121,111.24,Baixo
MUN_009,Porto Alegre,RS,36,20.1,28.23,69.37,3.84,0.29,0.0,142.2,2805995,30.6,54.3,2012,71.72,Baixo
MUN_009,Porto Alegre,RS,37,21.74,27.18,44.18,5.22,0.395,0.0,142.2,2805995,30.6,54.3,3091,110.18,Baixo
MUN_009,Porto Alegre,RS,38,19.31,28.07,71.16,2.32,0.228,0.0,142.2,2805995,30.6,54.3,3355,119.57,Baixo
MUN_009,Porto Alegre,RS,39,18.4,28.74,51.38,9.31,0.232,5.0,142.2,2805995,30.6,54.3,2416,86.12,Baixo
MUN_009,Porto Alegre,RS,40,23.59,29.38,59.85,16.11,0.245,0.0,142.2,2805995,30.6,54.3,2525,89.99,Baixo
MUN_009,Porto Alegre,RS,41,19.79,25.82,60.13,16.18,0.351,7.92,142.2,2805995,30.6,54.3,3767,134.28,Baixo
MUN_009,Porto Alegre,RS,42,15.22,18.45,83.81,0.46,0.259,3.01,142.2,2805995,30.6,54.3,2787,99.35,Baixo
MUN_009,Porto Alegre,RS,43,14.9,25.06,60.29,27.86,0.473,0.78,142.2,2805995,30.6,54.3,2651,94.48,Baixo
MUN_009,Porto Alegre,RS,44,18.45,24.04,60.11,12.26,0.194,4.79,142.2,2805995,30.6,54.3,4018,143.21,Baixo
MUN_009,Porto Alegre,RS,45,21.53,30.58,42.89,4.04,0.346,5.05,142.2,2805995,30.6,54.3,0,0.0,Baixo
MUN_009,Porto Alegre,RS,46,14.16,24.62,77.09,6.66,0.398,2.17,142.2,2805995,30.6,54.3,2802,99.88,Baixo
MUN_009,Porto Alegre,RS,47,18.47,22.1,94.3,4.6,0.27,3.91,142.2,2805995,30.6,54.3,3966,141.35,Baixo
MUN_009,Porto Alegre,RS,48,15.53,20.72,61.62,1.23,0.478,0.23,142.2,2805995,30.6,54.3,1207,43.05,Baixo
MUN_009,Porto Alegre,RS,49,19.98,25.54,65.21,3.99,0.378,0.0,142.2,2805995,30.6,54.3,2317,82.59,Baixo
MUN_009,Porto Alegre,RS,50,22.55,30.27,69.51,14.24,0.272,0.0,142.2,2805995,30.6,54.3,5097,181.67,Medio
MUN_010,Belém,PA,1,22.1,27.59,47.65,2.53,0.147,0.0,222.0,2587489,145.4,69.2,240,9.31,Baixo
MUN_010,Belém,PA,2,26.68,29.06,76.54,15.81,0.454,0.0,222.0,2587489,145.4,69.2,2613,101.0,Baixo
MUN_010,Belém,PA,3,29.81,35.92,53.71,68.9,0.359,7.68,222.0,2587489,145.4,69.2,4591,177.44,Medio
MUN_010,Belém,PA,4,25.17,27.59,59.51,3.5,0.525,6.19,222.0,2587489,145.4,69.2,2929,113.22,Baixo
MUN_010,Belém,PA,5,29.38,31.49,69.14,28.44,0.239,2.41,222.0,2587489,145.4,69.2,4841,187.12,Medio
MUN_010,Belém,PA,6,22.64,30.15,64.14,14.89,0.237,3.21,222.0,2587489,145.4,69.2,2098,81.11,Baixo
MUN_010,Belém,PA,7,22.95,31.78,76.21,189.19,0.03,12.02,222.0,2587489,145.4,69.2,3325,128.52,Baixo
MUN_010,Belém,PA,8,25.57,31.12,70.57,237.0,0.5,14.05,222.0,2587489,145.4,69.2,4737,183.09,Medio
MUN_010,Belém,PA,9,24.19,32.9,88.01,31.73,0.553,0.0,222.0,2587489,145.4,69.2,4298,166.11,Medio
MUN_010,Belém,PA,10,26.05,34.0,69.98,92.09,0.649,7.59,222.0,2587489,145.4,69.2,6255,241.76,Medio
MUN_010,Belém,PA,11,22.76,31.97,85.14,84.94,0.655,6.91,222.0,2587489,145.4,69.2,5452,210.73,Medio
MUN_010,Belém,PA,12,40.0,44.03,72.49,217.7,0.442,13.0,222.0,2587489,145.4,69.2,5755,222.42,Medio
MUN_010,Belém,PA,13,33.68,40.37,52.37,61.79,0.536,7.01,222.0,2587489,145.4,69.2,3426,132.44,Baixo
MUN_010,Belém,PA,14,29.78,37.81,87.18,3.03,0.481,6.82,222.0,2587489,145.4,69.2,1980,76.55,Baixo
MUN_010,Belém,PA,15,33.73,38.73,76.2,164.7,0.568,5.61,222.0,2587489,145.4,69.2,6641,256.68,Alto
MUN_010,Belém,PA,16,36.06,43.66,66.2,300.0,0.533,20.25,222.0,2587489,145.4,69.2,8263,319.38,Alto
MUN_010,Belém,PA,17,31.25,36.45,70.14,244.29,0.556,12.36,222.0,2587489,145.4,69.2,8300,320.8,Alto
MUN_010,Belém,PA,18,25.21,28.13,72.97,300.0,0.584,14.0,222.0,2587489,145.4,69.2,10243,395.88,Alto
MUN_010,Belém,PA,19,36.79,39.22,100.0,6.78,0.491,3.75,222.0,2587489,145.4,69.2,5331,206.05,Medio
MUN_010,Belém,PA,20,29.97,34.13,61.14,93.87,0.498,7.81,222.0,2587489,145.4,69.2,6664,257.57,Alto
MUN_010,Belém,PA,21,27.62,31.3,80.74,63.25,0.51,4.25,222.0,2587489,145.4,69.2,6091,235.41,Medio
MUN_010,Belém,PA,22,34.95,43.6,94.32,300.0,0.474,16.6,222.0,2587489,145.4,69.2,6608,255.42,Alto
MUN_010,Belém,PA,23,28.18,38.0,95.89,72.86,0.388,0.0,222.0,2587489,145.4,69.2,4298,166.13,Medio
MUN_010,Belém,PA,24,24.29,32.86,58.7,115.45,0.32,1.36,222.0,2587489,145.4,69.2,4631,179.01,Medio
MUN_010,Belém,PA,25,27.7,30.6,56.37,58.3,0.619,0.0,222.0,2587489,145.4,69.2,4590,177.41,Medio
MUN_010,Belém,PA,26,32.33,39.81,64.41,131.01,0.442,5.14,222.0,2587489,145.4,69.2,7743,299.26,Alto
MUN_010,Belém,PA,27,29.29,37.41,60.58,6.23,0.339,0.0,222.0,2587489,145.4,69.2,3342,129.16,Baixo
MUN_010,Belém,PA,28,32.18,41.29,79.38,7.67,0.345,2.34,222.0,2587489,145.4,69.2,3593,138.87,Baixo
MUN_010,Belém,PA,29,29.29,34.27,44.21,51.21,0.598,10.26,222.0,2587489,145.4,69.2,2739,105.88,Baixo
MUN_010,Belém,PA,30,23.54,32.57,65.65,22.19,0.19,4.92,222.0,2587489,145.4,69.2,3549,137.19,Baixo
MUN_010,Belém,PA,31,24.71,27.92,66.54,15.43,0.396,0.35,222.0,2587489,145.4,69.2,2187,84.54,Baixo
MUN_010,Belém,PA,32,21.6,30.25,74.55,11.9,0.234,7.31,222.0,2587489,145.4,69.2,0,0.0,Baixo
MUN_010,Belém,PA,33,29.71,34.79,61.51,18.35,0.189,0.0,222.0,2587489,145.4,69.2,2323,89.8,Baixo
MUN_010,Belém,PA,34,24.12,31.37,60.9,15.51,0.22,0.58,222.0,2587489,145.4,69.2,0,0.0,Baixo
MUN_010,Belém,PA,35,27.38,31.45,100.0,17.67,0.279,0.0,222.0,2587489,145.4,69.2,463,17.93,Baixo
MUN_010,Belém,PA,36,28.56,34.11,66.34,1.17,0.307,2.27,222.0,2587489,145.4,69.2,1039,40.19,Baixo
MUN_010,Belém,PA,37,17.52,27.55,86.55,11.78,0.109,0.09,222.0,2587489,145.4,69.2,0,0.0,Baixo
MUN_010,Belém,PA,38,21.28,27.56,54.28,43.51,0.361,2.84,222.0,2587489,145.4,69.2,2550,98.57,Baixo
MUN_010,Belém,PA,39,32.54,39.28,51.07,21.1,0.199,2.46,222.0,2587489,145.4,69.2,4608,178.09,Medio
MUN_010,Belém,PA,40,17.63,23.38,59.71,48.63,0.273,5.02,222.0,2587489,145.4,69.2,2137,82.59,Baixo
MUN_010,Belém,PA,41,27.37,29.78,60.25,12.61,0.148,0.0,222.0,2587489,145.4,69.2,0,0.0,Baixo
MUN_010,Belém,PA,42,25.0,35.4,80.9,6.49,0.248,0.0,222.0,2587489,145.4,69.2,1073,41.49,Baixo
MUN_010,Belém,PA,43,25.59,35.08,61.31,19.64,0.509,11.95,222.0,2587489,145.4,69.2,284,11.01,Baixo
MUN_010,Belém,PA,44,28.24,38.47,90.22,6.94,0.445,2.57,222.0,2587489,145.4,69.2,3138,121.31,Baixo
MUN_010,Belém,PA,45,20.02,22.37,82.15,6.49,0.338,1.99,222.0,2587489,145.4,69.2,1975,76.33,Baixo
MUN_010,Belém,PA,46,22.21,32.15,60.88,35.47,0.358,7.98,222.0,2587489,145.4,69.2,2664,102.96,Baixo
MUN_010,Belém,PA,47,21.13,28.17,61.05,15.53,0.377,2.01,222.0,2587489,145.4,69.2,0,0.0,Baixo
MUN_010,Belém,PA,48,19.35,24.84,70.62,7.76,0.261,0.0,222.0,2587489,145.4,69.2,473,18.31,Baixo
MUN_010,Belém,PA,49,23.93,26.65,59.81,44.59,0.26,4.08,222.0,2587489,145.4,69.2,3104,120.0,Baixo
MUN_010,Belém,PA,50,19.35,28.54,60.65,41.5,0.247,0.72,222.0,2587489,145.4,69.2,1957,75.65,Baixo
MUN_011,Goiânia,GO,1,17.45,26.6,73.75,13.52,0.285,0.71,813.3,1250405,18.8,61.5,1885,150.77,Baixo
MUN_011,Goiânia,GO,2,14.66,23.5,65.46,29.05,0.196,2.28,813.3,1250405,18.8,61.5,2595,207.55,Medio
MUN_011,Goiânia,GO,3,12.18,18.62,51.23,4.5,0.395,5.84,813.3,1250405,18.8,61.5,1285,102.79,Baixo
MUN_011,Goiânia,GO,4,15.46,22.36,52.8,1.62,0.366,9.3,813.3,1250405,18.8,61.5,0,0.0,Baixo
MUN_011,Goiânia,GO,5,21.51,25.81,65.36,10.58,0.289,2.46,813.3,1250405,18.8,61.5,1481,118.48,Baixo
MUN_011,Goiânia,GO,6,20.05,24.61,83.49,20.88,0.265,6.21,813.3,1250405,18.8,61.5,1746,139.71,Baixo
MUN_011,Goiânia,GO,7,25.27,32.34,98.78,24.59,0.276,2.58,813.3,1250405,18.8,61.5,2413,192.98,Medio
MUN_011,Goiânia,GO,8,25.31,33.8,64.17,6.63,0.465,0.0,813.3,1250405,18.8,61.5,1483,118.65,Baixo
MUN_011,Goiânia,GO,9,21.47,26.92,75.71,39.74,0.408,5.48,813.3,1250405,18.8,61.5,3109,248.71,Alto
MUN_011,Goiânia,GO,10,21.67,24.85,94.93,73.09,0.318,10.75,813.3,1250405,18.8,61.5,3391,271.26,Alto
MUN_011,Goiânia,GO,11,30.46,39.21,70.94,70.82,0.438,0.0,813.3,1250405,18.8,61.5,3969,317.45,Alto
MUN_011,Goiânia,GO,12,24.11,27.63,87.06,19.3,0.432,0.0,813.3,1250405,18.8,61.5,2403,192.2,Medio
MUN_011,Goiânia,GO,13,19.11,27.45,67.97,239.22,0.691,12.74,813.3,1250405,18.8,61.5,3662,292.94,Alto
MUN_011,Goiânia,GO,14,27.68,31.83,91.29,72.5,0.418,8.75,813.3,1250405,18.8,61.5,4006,320.39,Alto
MUN_011,Goiânia,GO,15,28.84,31.46,52.38,95.33,0.695,10.5,813.3,1250405,18.8,61.5,5468,437.32,Alto
MUN_011,Goiânia,GO,16,30.8,35.3,73.04,98.88,0.398,2.99,813.3,1250405,18.8,61.5,5497,439.62,Alto
MUN_011,Goiânia,GO,17,33.98,43.66,87.31,6.65,0.683,4.94,813.3,1250405,18.8,61.5,3520,281.56,Alto
MUN_011,Goiânia,GO,18,21.62,26.1,75.35,70.35,0.545,11.41,813.3,1250405,18.8,61.5,2714,217.1,Medio
MUN_011,Goiânia,GO,19,26.07,29.97,97.25,200.29,0.599,8.42,813.3,1250405,18.8,61.5,4766,381.16,Alto
MUN_011,Goiânia,GO,20,20.78,27.52,69.64,16.77,0.593,8.16,813.3,1250405,18.8,61.5,1716,137.27,Baixo
MUN_011,Goiânia,GO,21,29.21,38.91,69.01,213.15,0.506,17.78,813.3,1250405,18.8,61.5,3187,254.92,Alto
MUN_011,Goiânia,GO,22,29.02,34.87,64.78,175.15,0.497,2.09,813.3,1250405,18.8,61.5,2682,214.55,Medio
MUN_011,Goiânia,GO,23,26.35,33.03,79.59,97.57,0.314,2.72,813.3,1250405,18.8,61.5,2521,201.64,Medio
MUN_011,Goiânia,GO,24,22.04,28.52,69.46,2.14,0.463,0.0,813.3,1250405,18.8,61.5,3022,241.72,Medio
MUN_011,Goiânia,GO,25,17.04,21.73,60.77,42.01,0.328,3.2,813.3,1250405,18.8,61.5,2729,218.27,Medio
MUN_011,Goiânia,GO,26,24.21,34.42,69.54,16.03,0.36,0.0,813.3,1250405,18.8,61.5,2677,214.12,Medio
MUN_011,Goiânia,GO,27,21.86,31.67,55.6,57.44,0.561,0.0,813.3,1250405,18.8,61.5,1034,82.74,Baixo
MUN_011,Goiânia,GO,28,24.67,29.01,45.59,85.13,0.14,6.93,813.3,1250405,18.8,61.5,1583,126.64,Baixo
MUN_011,Goiânia,GO,29,19.91,22.61,70.11,16.81,0.309,6.97,813.3,1250405,18.8,61.5,1443,115.48,Baixo
MUN_011,Goiânia,GO,30,22.01,25.76,49.99,4.29,0.232,0.0,813.3,1250405,18.8,61.5,1070,85.64,Baixo
MUN_011,Goiânia,GO,31,18.34,27.96,28.72,8.3,0.207,0.0,813.3,1250405,18.8,61.5,195,15.61,Baixo
MUN_011,Goiânia,GO,32,14.33,16.77,70.31,4.05,0.293,6.45,813.3,1250405,18.8,61.5,1273,101.84,Baixo
MUN_011,Goiânia,GO,33,16.49,19.96,47.6,8.03,0.138,8.85,813.3,1250405,18.8,61.5,898,71.85,Baixo
MUN_011,Goiânia,GO,34,18.58,26.1,53.73,15.92,0.225,0.38,813.3,1250405,18.8,61.5,661,52.89,Baixo
MUN_011,Goiânia,GO,35,12.01,20.52,56.5,6.22,0.335,2.5,813.3,1250405,18.8,61.5,898,71.84,Baixo
MUN_011,Goiânia,GO,36,17.07,21.01,65.01,11.27,0.28,8.88,813.3,1250405,18.8,61.5,1377,110.14,Baixo
MUN_011,Goiânia,GO,37,21.1,28.86,32.3,21.14,0.03,4.71,813.3,1250405,18.8,61.5,1558,124.6,Baixo
MUN_011,Goiânia,GO,38,23.86,29.86,44.29,2.84,0.285,0.0,813.3,1250405,18.8,61.5,1047,83.77,Baixo
MUN_011,Goiânia,GO,39,20.72,23.05,68.04,2.58,0.242,4.67,813.3,1250405,18.8,61.5,0,0.0,Baixo
MUN_011,Goiânia,GO,40,16.18,18.89,49.8,33.07,0.377,4.28,813.3,1250405,18.8,61.5,1509,120.74,Baixo
MUN_011,Goiânia,GO,41,20.48,29.0,54.57,4.27,0.21,0.0,813.3,1250405,18.8,61.5,1637,130.93,Baixo
MUN_011,Goiânia,GO,42,19.0,28.36,41.93,1.66,0.455,0.0,813.3,1250405,18.8,61.5,2546,203.68,Medio
MUN_011,Goiânia,GO,43,20.55,26.74,76.91,0.73,0.173,0.0,813.3,1250405,18.8,61.5,1425,113.99,Baixo
MUN_011,Goiânia,GO,44,14.26,23.37,87.76,3.33,0.544,3.94,813.3,1250405,18.8,61.5,1885,150.78,Baixo
MUN_011,Goiânia,GO,45,24.01,26.18,50.39,2.6,0.309,5.8,813.3,1250405,18.8,61.5,2126,170.06,Medio
MUN_011,Goiânia,GO,46,19.67,23.77,56.57,38.71,0.304,6.34,813.3,1250405,18.8,61.5,2886,230.83,Medio
MUN_011,Goiânia,GO,47,17.43,23.66,61.21,1.24,0.182,0.0,813.3,1250405,18.8,61.5,1195,95.64,Baixo
MUN_011,Goiânia,GO,48,19.97,27.39,43.43,11.88,0.44,0.0,813.3,1250405,18.8,61.5,78,6.25,Baixo
MUN_011,Goiânia,GO,49,13.61,16.34,72.33,1.62,0.21,2.45,813.3,1250405,18.8,61.5,1035,82.85,Baixo
MUN_011,Goiânia,GO,50,13.88,16.45,68.93,0.23,0.274,5.2,813.3,1250405,18.8,61.5,1522,121.77,Baixo
MUN_012,Guarulhos,SP,1,21.19,30.03,60.49,0.95,0.403,1.95,790.2,1076797,170.9,79.9,0,0.0,Baixo
MUN_012,Guarulhos,SP,2,16.26,18.86,26.8,3.0,0.29,1.83,790.2,1076797,170.9,79.9,575,53.46,Baixo
MUN_012,Guarulhos,SP,3,24.05,33.42,58.73,13.48,0.342,0.0,790.2,1076797,170.9,79.9,644,59.82,Baixo
MUN_012,Guarulhos,SP,4,15.31,21.08,69.19,14.44,0.262,4.1,790.2,1076797,170.9,79.9,602,55.94,Baixo
MUN_012,Guarulhos,SP,5,21.68,29.88,39.75,12.86,0.462,6.71,790.2,1076797,170.9,79.9,1,0.11,Baixo
MUN_012,Guarulhos,SP,6,23.5,28.72,64.21,23.19,0.397,2.53,790.2,1076797,170.9,79.9,382,35.54,Baixo
MUN_012,Guarulhos,SP,7,19.18,27.81,48.42,40.91,0.419,7.07,790.2,1076797,170.9,79.9,0,0.0,Baixo
MUN_012,Guarulhos,SP,8,19.52,25.81,100.0,12.85,0.3,2.22,790.2,1076797,170.9,79.9,552,51.34,Baixo
MUN_012,Guarulhos,SP,9,19.07,29.01,71.98,8.36,0.253,0.0,790.2,1076797,170.9,79.9,538,50.04,Baixo
MUN_012,Guarulhos,SP,10,23.59,26.84,50.56,65.93,0.52,6.15,790.2,1076797,170.9,79.9,666,61.87,Baixo
MUN_012,Guarulhos,SP,11,23.67,25.75,82.94,20.41,0.267,4.5,790.2,1076797,170.9,79.9,2032,188.78,Medio
MUN_012,Guarulhos,SP,12,21.93,30.9,100.0,104.62,0.314,8.42,790.2,1076797,170.9,79.9,2152,199.9,Medio
MUN_012,Guarulhos,SP,13,26.51,35.76,72.17,149.45,0.514,13.4,790.2,1076797,170.9,79.9,1667,154.85,Baixo
MUN_012,Guarulhos,SP,14,24.01,28.19,100.0,21.85,0.523,0.0,790.2,1076797,170.9,79.9,357,33.22,Baixo
MUN_012,Guarulhos,SP,15,25.31,30.97,79.98,144.6,0.597,8.96,790.2,1076797,170.9,79.9,3169,294.39,Alto
MUN_012,Guarulhos,SP,16,27.17,30.94,66.95,67.36,0.592,5.57,790.2,1076797,170.9,79.9,2298,213.48,Medio
MUN_012,Guarulhos,SP,17,25.99,29.36,67.31,216.28,0.308,12.96,790.2,1076797,170.9,79.9,1632,151.64,Baixo
MUN_012,Guarulhos,SP,18,27.99,30.33,75.55,300.0,0.694,17.04,790.2,1076797,170.9,79.9,1333,123.8,Baixo
MUN_012,Guarulhos,SP,19,26.19,31.95,75.27,190.11,0.385,25.31,790.2,1076797,170.9,79.9,1864,173.18,Medio
MUN_012,Guarulhos,SP,20,27.97,31.58,67.83,50.14,0.3,5.14,790.2,1076797,170.9,79.9,1604,149.04,Baixo
MUN_012,Guarulhos,SP,21,24.65,32.55,85.39,56.42,0.508,0.0,790.2,1076797,170.9,79.9,2691,249.95,Alto
MUN_012,Guarulhos,SP,22,23.64,29.86,75.08,38.22,0.576,7.15,790.2,1076797,170.9,79.9,2216,205.83,Medio
MUN_012,Guarulhos,SP,23,15.97,22.16,70.28,40.27,0.545,7.08,790.2,1076797,170.9,79.9,696,64.69,Baixo
MUN_012,Guarulhos,SP,24,14.83,21.83,82.16,5.59,0.706,5.15,790.2,1076797,170.9,79.9,149,13.86,Baixo
MUN_012,Guarulhos,SP,25,20.5,28.02,49.59,1.93,0.247,2.17,790.2,1076797,170.9,79.9,396,36.79,Baixo
MUN_012,Guarulhos,SP,26,22.41,29.28,63.83,21.45,0.51,0.0,790.2,1076797,170.9,79.9,686,63.76,Baixo
MUN_012,Guarulhos,SP,27,23.41,29.53,60.0,24.47,0.292,5.17,790.2,1076797,170.9,79.9,647,60.17,Baixo
MUN_012,Guarulhos,SP,28,12.18,15.04,58.05,13.51,0.218,5.79,790.2,1076797,170.9,79.9,41,3.81,Baixo
MUN_012,Guarulhos,SP,29,16.71,21.09,53.34,3.34,0.171,6.24,790.2,1076797,170.9,79.9,662,61.54,Baixo
MUN_012,Guarulhos,SP,30,15.19,21.75,64.18,4.88,0.418,2.78,790.2,1076797,170.9,79.9,0,0.0,Baixo
MUN_012,Guarulhos,SP,31,10.12,19.89,55.44,4.53,0.432,0.0,790.2,1076797,170.9,79.9,1013,94.11,Baixo
MUN_012,Guarulhos,SP,32,18.18,23.57,74.19,9.4,0.061,0.0,790.2,1076797,170.9,79.9,0,0.0,Baixo
MUN_012,Guarulhos,SP,33,23.9,29.48,48.28,41.63,0.286,3.78,790.2,1076797,170.9,79.9,0,0.0,Baixo
MUN_012,Guarulhos,SP,34,20.31,26.92,45.71,11.86,0.32,0.0,790.2,1076797,170.9,79.9,196,18.23,Baixo
MUN_012,Guarulhos,SP,35,20.4,29.51,62.17,28.58,0.33,0.0,790.2,1076797,170.9,79.9,341,31.72,Baixo
MUN_012,Guarulhos,SP,36,18.41,25.17,29.92,12.54,0.463,10.2,790.2,1076797,170.9,79.9,1508,140.05,Baixo
MUN_012,Guarulhos,SP,37,18.05,27.19,39.92,18.44,0.168,0.0,790.2,1076797,170.9,79.9,36,3.35,Baixo
MUN_012,Guarulhos,SP,38,18.53,21.95,60.33,0.72,0.384,0.0,790.2,1076797,170.9,79.9,191,17.77,Baixo
MUN_012,Guarulhos,SP,39,16.49,23.85,86.7,4.45,0.689,6.36,790.2,1076797,170.9,79.9,1049,97.44,Baixo
MUN_012,Guarulhos,SP,40,19.23,25.48,52.3,38.08,0.287,1.44,790.2,1076797,170.9,79.9,345,32.12,Baixo
MUN_012,Guarulhos,SP,41,23.84,33.63,68.1,16.79,0.311,0.0,790.2,1076797,170.9,79.9,670,62.3,Baixo
MUN_012,Guarulhos,SP,42,15.26,18.89,60.53,26.43,0.413,0.0,790.2,1076797,170.9,79.9,78,7.29,Baixo
MUN_012,Guarulhos,SP,43,22.08,25.68,44.17,9.19,0.22,0.0,790.2,1076797,170.9,79.9,0,0.0,Baixo
MUN_012,Guarulhos,SP,44,22.04,32.3,49.12,9.33,0.159,2.05,790.2,1076797,170.9,79.9,789,73.34,Baixo
MUN_012,Guarulhos,SP,45,17.53,27.19,72.53,15.77,0.104,5.61,790.2,1076797,170.9,79.9,127,11.83,Baixo
MUN_012,Guarulhos,SP,46,11.17,16.9,52.37,2.18,0.318,9.92,790.2,1076797,170.9,79.9,0,0.0,Baixo
MUN_012,Guarulhos,SP,47,20.92,29.01,70.62,12.4,0.257,2.01,790.2,1076797,170.9,79.9,1205,111.96,Baixo
MUN_012,Guarulhos,SP,48,13.34,20.8,48.81,19.26,0.442,0.0,790.2,1076797,170.9,79.9,821,76.32,Baixo
MUN_012,Guarulhos,SP,49,27.3,35.67,67.78,19.92,0.579,5.65,790.2,1076797,170.9,79.9,643,59.78,Baixo
MUN_012,Guarulhos,SP,50,15.12,19.72,74.26,10.81,0.259,3.83,790.2,1076797,170.9,79.9,583,54.18,Baixo
MUN_013,Campinas,SP,1,14.2,18.56,76.93,84.26,0.14,11.49,808.9,1037293,62.2,35.4,2147,207.01,Medio
MUN_013,Campinas,SP,2,13.42,19.22,51.46,1.31,0.332,0.89,808.9,1037293,62.2,35.4,819,79.0,Baixo
MUN_013,Campinas,SP,3,19.35,22.54,63.19,1.06,0.309,4.31,808.9,1037293,62.2,35.4,109,10.54,Baixo
MUN_013,Campinas,SP,4,20.43,24.2,62.96,6.59,0.164,2.46,808.9,1037293,62.2,35.4,380,36.66,Baixo
MUN_013,Campinas,SP,5,14.81,23.11,67.02,9.05,0.391,0.0,808.9,1037293,62.2,35.4,8,0.83,Baixo
MUN_013,Campinas,SP,6,16.91,26.4,76.27,44.94,0.276,4.47,808.9,1037293,62.2,35.4,1487,143.36,Baixo
MUN_013,Campinas,SP,7,15.75,20.96,77.84,5.43,0.624,2.35,808.9,1037293,62.2,35.4,112,10.81,Baixo
MUN_013,Campinas,SP,8,21.77,28.17,69.58,13.96,0.428,5.2,808.9,1037293,62.2,35.4,1172,113.01,Baixo
MUN_013,Campinas,SP,9,27.15,31.01,100.0,37.58,0.366,0.0,808.9,1037293,62.2,35.4,2299,221.7,Medio
MUN_013,Campinas,SP,10,18.07,24.46,68.38,28.41,0.503,7.14,808.9,1037293,62.2,35.4,191,18.46,Baixo
MUN_013,Campinas,SP,11,22.67,31.95,97.21,168.57,0.404,11.92,808.9,1037293,62.2,35.4,1453,140.11,Baixo
MUN_013,Campinas,SP,12,32.37,40.25,64.25,53.22,0.323,12.95,808.9,1037293,62.2,35.4,2019,194.66,Medio
MUN_013,Campinas,SP,13,28.97,35.17,82.74,4.7,0.678,0.0,808.9,1037293,62.2,35.4,1783,171.97,Medio
MUN_013,Campinas,SP,14,19.15,23.12,58.12,8.36,0.496,0.0,808.9,1037293,62.2,35.4,2912,280.77,Alto
MUN_013,Campinas,SP,15,31.25,33.63,63.66,4.74,0.69,2.92,808.9,1037293,62.2,35.4,1274,122.83,Baixo
MUN_013,Campinas,SP,16,22.1,28.38,75.82,138.1,0.722,10.31,808.9,1037293,62.2,35.4,2762,266.27,Alto
MUN_013,Campinas,SP,17,26.63,30.51,92.54,38.73,0.615,2.53,808.9,1037293,62.2,35.4,1675,161.52,Medio
MUN_013,Campinas,SP,18,29.47,31.89,49.06,0.15,0.487,3.09,808.9,1037293,62.2,35.4,1073,103.5,Baixo
MUN_013,Campinas,SP,19,22.74,25.42,86.73,184.44,0.499,14.8,808.9,1037293,62.2,35.4,2819,271.82,Alto
MUN_013,Campinas,SP,20,21.15,24.19,67.78,67.82,0.515,0.0,808.9,1037293,62.2,35.4,2622,252.81,Alto
MUN_013,Campinas,SP,21,23.68,26.88,63.44,102.18,0.529,9.11,808.9,1037293,62.2,35.4,2437,235.02,Medio
MUN_013,Campinas,SP,22,31.66,40.73,81.12,6.06,0.487,5.16,808.9,1037293,62.2,35.4,1720,165.84,Medio
MUN_013,Campinas,SP,23,23.67,33.28,69.04,300.0,0.364,19.35,808.9,1037293,62.2,35.4,2546,245.45,Medio
MUN_013,Campinas,SP,24,20.05,23.84,81.59,51.67,0.66,3.66,808.9,1037293,62.2,35.4,2461,237.27,Medio
MUN_013,Campinas,SP,25,24.08,28.02,84.2,14.49,0.417,0.0,808.9,1037293,62.2,35.4,1319,127.24,Baixo
MUN_013,Campinas,SP,26,22.75,30.59,62.14,7.27,0.196,5.43,808.9,1037293,62.2,35.4,880,84.9,Baixo
MUN_013,Campinas,SP,27,28.05,31.93,56.87,59.2,0.678,3.21,808.9,1037293,62.2,35.4,2395,230.94,Medio
MUN_013,Campinas,SP,28,21.28,26.77,70.73,7.19,0.305,4.13,808.9,1037293,62.2,35.4,1990,191.85,Medio
MUN_013,Campinas,SP,29,14.43,17.36,71.73,18.33,0.417,0.35,808.9,1037293,62.2,35.4,1275,122.97,Baixo
MUN_013,Campinas,SP,30,16.44,19.3,83.5,6.65,0.283,0.51,808.9,1037293,62.2,35.4,934,90.13,Baixo
MUN_013,Campinas,SP,31,12.17,16.16,46.55,7.98,0.138,4.2,808.9,1037293,62.2,35.4,125,12.07,Baixo
MUN_013,Campinas,SP,32,11.89,17.42,84.71,18.36,0.238,4.89,808.9,1037293,62.2,35.4,1921,185.27,Medio
MUN_013,Campinas,SP,33,11.03,14.24,58.07,1.53,0.434,7.13,808.9,1037293,62.2,35.4,1066,102.86,Baixo
MUN_013,Campinas,SP,34,18.06,27.76,65.61,0.65,0.547,0.0,808.9,1037293,62.2,35.4,549,52.97,Baixo
MUN_013,Campinas,SP,35,13.52,19.73,65.7,20.36,0.067,1.41,808.9,1037293,62.2,35.4,0,0.0,Baixo
MUN_013,Campinas,SP,36,15.62,22.12,53.18,4.51,0.34,0.0,808.9,1037293,62.2,35.4,189,18.25,Baixo
MUN_013,Campinas,SP,37,19.21,24.39,61.08,6.66,0.353,1.02,808.9,1037293,62.2,35.4,127,12.32,Baixo
MUN_013,Campinas,SP,38,21.34,26.52,77.65,15.94,0.359,1.0,808.9,1037293,62.2,35.4,20,1.93,Baixo
MUN_013,Campinas,SP,39,19.96,25.23,48.81,7.81,0.225,0.0,808.9,1037293,62.2,35.4,0,0.0,Baixo
MUN_013,Campinas,SP,40,15.75,19.41,83.78,26.13,0.072,1.21,808.9,1037293,62.2,35.4,280,27.05,Baixo
MUN_013,Campinas,SP,41,16.42,26.38,52.26,7.15,0.267,5.6,808.9,1037293,62.2,35.4,0,0.0,Baixo
MUN_013,Campinas,SP,42,21.95,26.41,44.67,5.04,0.254,0.0,808.9,1037293,62.2,35.4,564,54.39,Baixo
MUN_013,Campinas,SP,43,15.98,18.48,55.18,2.57,0.364,0.0,808.9,1037293,62.2,35.4,298,28.77,Baixo
MUN_013,Campinas,SP,44,27.97,32.63,63.88,5.08,0.271,2.44,808.9,1037293,62.2,35.4,800,77.16,Baixo
MUN_013,Campinas,SP,45,18.79,25.25,47.05,2.47,0.348,7.14,808.9,1037293,62.2,35.4,424,40.95,Baixo
MUN_013,Campinas,SP,46,19.84,23.14,75.9,17.1,0.292,0.29,808.9,1037293,62.2,35.4,1106,106.65,Baixo
MUN_013,Campinas,SP,47,20.75,29.53,62.28,45.08,0.428,2.83,808.9,1037293,62.2,35.4,2043,197.05,Medio
MUN_013,Campinas,SP,48,19.94,22.13,50.95,8.8,0.153,7.4,808.9,1037293,62.2,35.4,1978,190.72,Medio
MUN_013,Campinas,SP,49,20.02,28.33,93.03,7.48,0.258,0.89,808.9,1037293,62.2,35.4,1317,126.97,Baixo
MUN_013,Campinas,SP,50,17.26,19.41,75.17,0.9,0.369,3.23,808.9,1037293,62.2,35.4,1899,183.09,Medio
MUN_014,São Luís,MA,1,21.64,29.66,70.66,1.87,0.237,0.0,191.2,1352905,418.2,34.8,530,39.21,Baixo
MUN_014,São Luís,MA,2,17.92,20.17,57.69,13.2,0.389,0.13,191.2,1352905,418.2,34.8,2401,177.53,Medio
MUN_014,São Luís,MA,3,25.43,29.18,50.28,4.76,0.283,1.68,191.2,1352905,418.2,34.8,3679,271.94,Alto
MUN_014,São Luís,MA,4,22.98,31.66,77.5,14.98,0.03,0.0,191.2,1352905,418.2,34.8,3484,257.57,Alto
MUN_014,São Luís,MA,5,24.54,34.77,45.24,56.11,0.33,2.06,191.2,1352905,418.2,34.8,3857,285.12,Alto
MUN_014,São Luís,MA,6,26.51,30.19,79.81,12.39,0.289,1.81,191.2,1352905,418.2,34.8,3067,226.72,Medio
MUN_014,São Luís,MA,7,25.94,32.34,47.03,76.05,0.461,11.65,191.2,1352905,418.2,34.8,2043,151.03,Baixo
MUN_014,São Luís,MA,8,21.32,24.77,86.56,19.12,0.493,0.0,191.2,1352905,418.2,34.8,2950,218.05,Medio
MUN_014,São Luís,MA,9,28.38,38.67,49.24,35.96,0.484,0.05,191.2,1352905,418.2,34.8,4439,328.16,Alto
MUN_014,São Luís,MA,10,25.06,34.36,100.0,285.16,0.502,21.79,191.2,1352905,418.2,34.8,3926,290.23,Alto
MUN_014,São Luís,MA,11,21.71,27.52,77.47,300.0,0.379,18.5,191.2,1352905,418.2,34.8,5272,389.74,Alto
MUN_014,São Luís,MA,12,25.14,29.08,82.4,0.73,0.446,0.0,191.2,1352905,418.2,34.8,3161,233.7,Medio
MUN_014,São Luís,MA,13,29.74,37.19,77.17,45.83,0.62,0.0,191.2,1352905,418.2,34.8,3131,231.48,Medio
MUN_014,São Luís,MA,14,35.4,38.4,81.31,223.8,0.603,12.15,191.2,1352905,418.2,34.8,5438,402.01,Alto
MUN_014,São Luís,MA,15,27.37,37.5,99.39,76.53,0.539,8.39,191.2,1352905,418.2,34.8,3946,291.7,Alto
MUN_014,São Luís,MA,16,29.47,35.24,67.84,34.15,0.518,4.71,191.2,1352905,418.2,34.8,5833,431.21,Alto
MUN_014,São Luís,MA,17,35.32,38.1,90.1,64.71,0.637,3.59,191.2,1352905,418.2,34.8,5194,383.98,Alto
MUN_014,São Luís,MA,18,32.04,35.49,81.72,44.47,0.445,0.0,191.2,1352905,418.2,34.8,4802,354.94,Alto
MUN_014,São Luís,MA,19,33.63,41.69,65.38,116.35,0.562,12.27,191.2,1352905,418.2,34.8,5599,413.86,Alto
MUN_014,São Luís,MA,20,30.65,37.22,63.58,2.59,0.644,6.9,191.2,1352905,418.2,34.8,3927,290.28,Alto
MUN_014,São Luís,MA,21,36.15,42.75,81.41,26.71,0.539,7.72,191.2,1352905,418.2,34.8,5231,386.67,Alto
MUN_014,São Luís,MA,22,32.62,38.0,90.58,105.34,0.365,0.39,191.2,1352905,418.2,34.8,4980,368.12,Alto
MUN_014,São Luís,MA,23,35.92,38.49,63.48,118.3,0.464,10.2,191.2,1352905,418.2,34.8,6325,467.55,Alto
MUN_014,São Luís,MA,24,39.62,46.0,59.9,196.82,0.4,6.23,191.2,1352905,418.2,34.8,3800,280.9,Alto
MUN_014,São Luís,MA,25,25.25,30.18,78.1,3.77,0.509,3.05,191.2,1352905,418.2,34.8,2497,184.57,Medio
MUN_014,São Luís,MA,26,28.97,35.33,75.69,105.94,0.43,7.59,191.2,1352905,418.2,34.8,4786,353.76,Alto
MUN_014,São Luís,MA,27,19.45,25.87,72.47,54.21,0.486,6.63,191.2,1352905,418.2,34.8,2959,218.73,Medio
MUN_014,São Luís,MA,28,22.12,29.56,75.47,82.06,0.337,4.28,191.2,1352905,418.2,34.8,3411,252.16,Alto
MUN_014,São Luís,MA,29,25.21,29.56,58.96,44.45,0.468,9.46,191.2,1352905,418.2,34.8,2369,175.13,Medio
MUN_014,São Luís,MA,30,23.34,30.5,78.19,20.44,0.103,0.0,191.2,1352905,418.2,34.8,2134,157.8,Medio
MUN_014,São Luís,MA,31,21.02,29.13,58.36,2.55,0.129,0.0,191.2,1352905,418.2,34.8,1187,87.81,Baixo
MUN_014,São Luís,MA,32,19.06,22.38,62.32,31.63,0.244,2.23,191.2,1352905,418.2,34.8,4326,319.81,Alto
MUN_014,São Luís,MA,33,21.01,25.15,67.24,40.35,0.299,0.0,191.2,1352905,418.2,34.8,2658,196.49,Medio
MUN_014,São Luís,MA,34,20.01,22.09,61.42,16.85,0.105,6.1,191.2,1352905,418.2,34.8,1177,87.06,Baixo
MUN_014,São Luís,MA,35,21.82,27.46,52.65,12.67,0.301,0.28,191.2,1352905,418.2,34.8,2475,182.96,Medio
MUN_014,São Luís,MA,36,32.9,42.79,47.08,22.7,0.205,0.0,191.2,1352905,418.2,34.8,4399,325.19,Alto
MUN_014,São Luís,MA,37,24.57,33.42,56.2,6.52,0.414,0.83,191.2,1352905,418.2,34.8,3832,283.31,Alto
MUN_014,São Luís,MA,38,24.0,28.66,73.4,15.42,0.419,0.82,191.2,1352905,418.2,34.8,3067,226.72,Medio
MUN_014,São Luís,MA,39,19.33,22.83,48.32,15.76,0.036,0.0,191.2,1352905,418.2,34.8,1848,136.65,Baixo
MUN_014,São Luís,MA,40,24.68,31.77,49.41,8.06,0.303,0.0,191.2,1352905,418.2,34.8,1318,97.43,Baixo
MUN_014,São Luís,MA,41,19.69,23.83,65.85,4.66,0.251,3.47,191.2,1352905,418.2,34.8,973,71.96,Baixo
MUN_014,São Luís,MA,42,27.36,30.76,60.72,34.91,0.268,0.0,191.2,1352905,418.2,34.8,2043,151.02,Baixo
MUN_014,São Luís,MA,43,16.66,26.72,77.41,3.34,0.388,0.0,191.2,1352905,418.2,34.8,1483,109.64,Baixo
MUN_014,São Luís,MA,44,27.78,34.59,43.28,10.23,0.251,2.4,191.2,1352905,418.2,34.8,2925,216.27,Medio
MUN_014,São Luís,MA,45,25.56,31.28,50.68,4.91,0.17,0.89,191.2,1352905,418.2,34.8,3452,255.21,Alto
MUN_014,São Luís,MA,46,24.91,32.75,59.87,26.79,0.27,0.99,191.2,1352905,418.2,34.8,3593,265.63,Alto
MUN_014,São Luís,MA,47,28.59,35.57,72.48,7.74,0.223,0.04,191.2,1352905,418.2,34.8,3231,238.87,Medio
MUN_014,São Luís,MA,48,18.92,23.84,51.31,10.64,0.383,1.87,191.2,1352905,418.2,34.8,2220,164.14,Medio
MUN_014,São Luís,MA,49,27.95,32.01,63.02,15.35,0.328,2.46,191.2,1352905,418.2,34.8,2950,218.1,Medio
MUN_014,São Luís,MA,50,23.84,26.09,70.74,18.46,0.265,0.18,191.2,1352905,418.2,34.8,2754,203.62,Medio
MUN_015,São Gonçalo,RJ,1,24.81,32.04,63.42,0.2,0.487,0.0,48.1,1008732,24.3,76.6,1065,105.62,Baixo
MUN_015,São Gonçalo,RJ,2,25.13,27.17,49.14,18.38,0.267,0.0,48.1,1008732,24.3,76.6,677,67.19,Baixo
MUN_015,São Gonçalo,RJ,3,22.01,26.73,59.2,25.55,0.414,7.61,48.1,1008732,24.3,76.6,1085,107.58,Baixo
MUN_015,São Gonçalo,RJ,4,22.78,25.97,59.95,5.35,0.386,0.43,48.1,1008732,24.3,76.6,2054,203.65,Medio
MUN_015,São Gonçalo,RJ,5,29.83,37.17,79.84,29.17,0.438,6.36,48.1,1008732,24.3,76.6,2216,219.71,Medio
MUN_015,São Gonçalo,RJ,6,33.53,42.58,29.35,21.44,0.3,2.33,48.1,1008732,24.3,76.6,2668,264.52,Alto
MUN_015,São Gonçalo,RJ,7,32.27,35.67,88.34,8.95,0.236,0.0,48.1,1008732,24.3,76.6,2480,245.89,Medio
MUN_015,São Gonçalo,RJ,8,25.04,34.64,72.45,20.93,0.156,0.0,48.1,1008732,24.3,76.6,2408,238.77,Medio
MUN_015,São Gonçalo,RJ,9,22.6,31.6,78.59,0.36,0.306,0.0,48.1,1008732,24.3,76.6,2450,242.96,Medio
MUN_015,São Gonçalo,RJ,10,27.49,33.91,82.02,19.14,0.72,6.4,48.1,1008732,24.3,76.6,3572,354.2,Alto
MUN_015,São Gonçalo,RJ,11,24.31,26.99,83.63,47.03,0.654,0.57,48.1,1008732,24.3,76.6,2609,258.66,Alto
MUN_015,São Gonçalo,RJ,12,34.86,41.56,94.61,1.2,0.597,1.16,48.1,1008732,24.3,76.6,3157,312.99,Alto
MUN_015,São Gonçalo,RJ,13,28.75,34.8,63.31,32.51,0.554,7.51,48.1,1008732,24.3,76.6,3001,297.52,Alto
MUN_015,São Gonçalo,RJ,14,26.76,33.67,65.35,71.72,0.457,0.0,48.1,1008732,24.3,76.6,2289,226.96,Medio
MUN_015,São Gonçalo,RJ,15,27.12,36.53,90.85,51.06,0.288,5.52,48.1,1008732,24.3,76.6,2379,235.9,Medio
MUN_015,São Gonçalo,RJ,16,25.16,33.2,67.93,62.63,0.788,4.48,48.1,1008732,24.3,76.6,2239,221.97,Medio
MUN_015,São Gonçalo,RJ,17,30.72,32.98,58.52,55.36,0.583,7.88,48.1,1008732,24.3,76.6,2983,295.76,Alto
MUN_015,São Gonçalo,RJ,18,34.24,44.32,56.8,136.56,0.5,6.94,48.1,1008732,24.3,76.6,3565,353.46,Alto
MUN_015,São Gonçalo,RJ,19,25.75,32.04,76.31,1.78,0.609,4.07,48.1,1008732,24.3,76.6,1780,176.46,Medio
MUN_015,São Gonçalo,RJ,20,34.14,42.63,87.82,81.51,0.516,0.0,48.1,1008732,24.3,76.6,3477,344.7,Alto
MUN_015,São Gonçalo,RJ,21,29.84,40.17,64.31,26.27,0.459,2.43,48.1,1008732,24.3,76.6,3612,358.17,Alto
MUN_015,São Gonçalo,RJ,22,28.98,31.71,85.39,203.38,0.695,15.91,48.1,1008732,24.3,76.6,3729,369.75,Alto
MUN_015,São Gonçalo,RJ,23,27.09,35.99,69.18,24.77,0.515,6.12,48.1,1008732,24.3,76.6,1958,194.11,Medio
MUN_015,São Gonçalo,RJ,24,37.56,46.0,65.79,279.31,0.476,22.65,48.1,1008732,24.3,76.6,4049,401.46,Alto
MUN_015,São Gonçalo,RJ,25,27.99,35.1,77.79,117.56,0.557,4.93,48.1,1008732,24.3,76.6,2751,272.76,Alto
MUN_015,São Gonçalo,RJ,26,34.41,39.15,77.65,40.0,0.275,1.39,48.1,1008732,24.3,76.6,3149,312.25,Alto
MUN_015,São Gonçalo,RJ,27,20.4,25.86,52.96,24.34,0.375,16.61,48.1,1008732,24.3,76.6,1433,142.08,Baixo
MUN_015,São Gonçalo,RJ,28,31.41,36.83,78.81,93.75,0.292,12.29,48.1,1008732,24.3,76.6,2849,282.5,Alto
MUN_015,São Gonçalo,RJ,29,21.23,30.5,50.28,0.39,0.231,0.0,48.1,1008732,24.3,76.6,1740,172.54,Medio
MUN_015,São Gonçalo,RJ,30,23.72,29.19,59.01,1.84,0.427,5.74,48.1,1008732,24.3,76.6,2781,275.72,Alto
MUN_015,São Gonçalo,RJ,31,31.13,37.18,44.27,17.79,0.538,2.73,48.1,1008732,24.3,76.6,3250,322.21,Alto
MUN_015,São Gonçalo,RJ,32,22.62,27.42,59.13,14.26,0.322,0.0,48.1,1008732,24.3,76.6,1397,138.55,Baixo
MUN_015,São Gonçalo,RJ,33,23.2,32.77,69.2,7.77,0.173,0.68,48.1,1008732,24.3,76.6,1747,173.23,Medio
MUN_015,São Gonçalo,RJ,34,23.48,26.33,59.71,10.54,0.45,0.0,48.1,1008732,24.3,76.6,2565,254.36,Alto
MUN_015,São Gonçalo,RJ,35,23.68,29.51,71.22,2.2,0.315,0.0,48.1,1008732,24.3,76.6,1214,120.42,Baixo
MUN_015,São Gonçalo,RJ,36,19.74,23.18,50.0,10.97,0.355,0.0,48.1,1008732,24.3,76.6,2306,228.68,Medio
MUN_015,São Gonçalo,RJ,37,23.61,27.99,58.78,1.52,0.327,0.0,48.1,1008732,24.3,76.6,1639,162.54,Medio
MUN_015,São Gonçalo,RJ,38,19.38,25.98,47.29,0.16,0.376,0.61,48.1,1008732,24.3,76.6,1175,116.58,Baixo
MUN_015,São Gonçalo,RJ,39,26.22,35.19,79.12,4.49,0.653,5.49,48.1,1008732,24.3,76.6,3789,375.65,Alto
MUN_015,São Gonçalo,RJ,40,22.81,29.02,53.97,23.85,0.228,3.97,48.1,1008732,24.3,76.6,1920,190.38,Medio
MUN_015,São Gonçalo,RJ,41,19.23,24.2,49.36,13.26,0.19,1.93,48.1,1008732,24.3,76.6,1461,144.89,Baixo
MUN_015,São Gonçalo,RJ,42,20.69,30.21,68.84,11.14,0.209,4.28,48.1,1008732,24.3,76.6,1916,190.04,Medio
MUN_015,São Gonçalo,RJ,43,22.58,30.67,79.8,4.16,0.325,1.49,48.1,1008732,24.3,76.6,999,99.06,Baixo
MUN_015,São Gonçalo,RJ,44,27.98,36.45,61.89,1.19,0.369,2.97,48.1,1008732,24.3,76.6,2187,216.88,Medio
MUN_015,São Gonçalo,RJ,45,26.72,30.43,55.55,1.37,0.262,2.28,48.1,1008732,24.3,76.6,2247,222.8,Medio
MUN_015,São Gonçalo,RJ,46,22.73,26.38,75.69,4.27,0.467,2.3,48.1,1008732,24.3,76.6,2622,260.01,Alto
MUN_015,São Gonçalo,RJ,47,26.62,32.1,46.24,20.4,0.075,6.76,48.1,1008732,24.3,76.6,2751,272.73,Alto
MUN_015,São Gonçalo,RJ,48,22.79,29.46,37.83,58.91,0.394,0.61,48.1,1008732,24.3,76.6,2021,200.44,Medio
MUN_015,São Gonçalo,RJ,49,25.56,30.12,37.03,2.07,0.324,0.0,48.1,1008732,24.3,76.6,941,93.37,Baixo
MUN_015,São Gonçalo,RJ,50,27.83,30.77,70.17,4.11,0.118,3.44,48.1,1008732,24.3,76.6,3487,345.7,Alto
MUN_016,Maceió,AL,1,18.2,28.27,79.54,14.39,0.272,6.94,114.5,2139818,24.2,48.2,2651,123.92,Baixo
MUN_016,Maceió,AL,2,20.71,25.24,73.28,5.58,0.201,3.36,114.5,2139818,24.2,48.2,1692,79.11,Baixo
MUN_016,Maceió,AL,3,22.31,32.56,59.58,12.74,0.235,0.0,114.5,2139818,24.2,48.2,1101,51.49,Baixo
MUN_016,Maceió,AL,4,22.95,28.18,68.08,30.72,0.455,0.0,114.5,2139818,24.2,48.2,4490,209.86,Medio
MUN_016,Maceió,AL,5,17.53,23.48,64.95,39.16,0.291,6.02,114.5,2139818,24.2,48.2,3358,156.96,Medio
MUN_016,Maceió,AL,6,27.22,29.27,75.3,3.82,0.37,0.0,114.5,2139818,24.2,48.2,2680,125.26,Baixo
MUN_016,Maceió,AL,7,25.46,31.67,94.71,37.26,0.41,0.0,114.5,2139818,24.2,48.2,5795,270.84,Alto
MUN_016,Maceió,AL,8,25.81,28.56,40.15,38.43,0.449,0.0,114.5,2139818,24.2,48.2,3331,155.68,Baixo
MUN_016,Maceió,AL,9,24.85,30.84,77.45,82.88,0.264,1.47,114.5,2139818,24.2,48.2,5473,255.8,Alto
MUN_016,Maceió,AL,10,29.48,39.05,62.98,11.0,0.463,4.7,114.5,2139818,24.2,48.2,4570,213.57,Medio
MUN_016,Maceió,AL,11,34.83,37.12,82.99,45.85,0.355,0.0,114.5,2139818,24.2,48.2,2368,110.71,Baixo
MUN_016,Maceió,AL,12,33.15,36.13,75.94,300.0,0.697,26.01,114.5,2139818,24.2,48.2,8745,408.71,Alto
MUN_016,Maceió,AL,13,32.71,37.93,100.0,43.05,0.547,8.69,114.5,2139818,24.2,48.2,6081,284.21,Alto
MUN_016,Maceió,AL,14,26.54,34.64,64.03,63.8,0.475,1.22,114.5,2139818,24.2,48.2,3249,151.87,Baixo
MUN_016,Maceió,AL,15,30.94,35.96,63.49,156.18,0.617,8.57,114.5,2139818,24.2,48.2,3701,172.98,Medio
MUN_016,Maceió,AL,16,24.83,28.89,79.45,23.33,0.505,5.19,114.5,2139818,24.2,48.2,4026,188.16,Medio
MUN_016,Maceió,AL,17,32.33,36.08,97.74,165.78,0.625,10.77,114.5,2139818,24.2,48.2,8304,388.11,Alto
MUN_016,Maceió,AL,18,29.41,35.17,87.76,6.53,0.497,8.34,114.5,2139818,24.2,48.2,5805,271.32,Alto
MUN_016,Maceió,AL,19,31.74,35.09,72.8,64.98,0.423,9.48,114.5,2139818,24.2,48.2,4869,227.58,Medio
MUN_016,Maceió,AL,20,32.73,37.46,30.75,11.64,0.693,5.79,114.5,2139818,24.2,48.2,7201,336.55,Alto
MUN_016,Maceió,AL,21,28.7,32.82,71.15,23.71,0.626,3.71,114.5,2139818,24.2,48.2,5525,258.2,Alto
MUN_016,Maceió,AL,22,25.39,29.62,81.59,2.67,0.616,0.0,114.5,2139818,24.2,48.2,4944,231.06,Medio
MUN_016,Maceió,AL,23,26.57,31.95,70.27,103.14,0.511,4.26,114.5,2139818,24.2,48.2,3877,181.2,Medio
MUN_016,Maceió,AL,24,33.04,39.75,66.08,32.38,0.381,0.0,114.5,2139818,24.2,48.2,1770,82.76,Baixo
MUN_016,Maceió,AL,25,34.29,38.25,43.6,88.75,0.528,9.74,114.5,2139818,24.2,48.2,5673,265.16,Alto
MUN_016,Maceió,AL,26,24.54,26.56,63.0,26.87,0.27,3.48,114.5,2139818,24.2,48.2,3288,153.67,Baixo
MUN_016,Maceió,AL,27,26.51,30.34,20.28,8.76,0.512,5.48,114.5,2139818,24.2,48.2,4772,223.04,Medio
MUN_016,Maceió,AL,28,24.59,28.17,71.85,2.69,0.343,8.63,114.5,2139818,24.2,48.2,4883,228.22,Medio
MUN_016,Maceió,AL,29,29.0,31.08,44.09,1.09,0.198,4.65,114.5,2139818,24.2,48.2,4550,212.64,Medio
MUN_016,Maceió,AL,30,21.76,27.94,56.1,12.68,0.191,0.0,114.5,2139818,24.2,48.2,3160,147.7,Baixo
MUN_016,Maceió,AL,31,23.56,30.95,64.33,28.04,0.366,0.0,114.5,2139818,24.2,48.2,1613,75.42,Baixo
MUN_016,Maceió,AL,32,23.83,30.4,78.7,59.74,0.114,9.89,114.5,2139818,24.2,48.2,5031,235.14,Medio
MUN_016,Maceió,AL,33,29.83,32.59,63.17,3.01,0.259,1.01,114.5,2139818,24.2,48.2,2776,129.77,Baixo
MUN_016,Maceió,AL,34,25.16,30.69,68.0,44.56,0.258,2.18,114.5,2139818,24.2,48.2,5695,266.18,Alto
MUN_016,Maceió,AL,35,26.98,37.36,78.09,5.43,0.236,4.2,114.5,2139818,24.2,48.2,5738,268.18,Alto
MUN_016,Maceió,AL,36,19.5,26.91,43.12,21.15,0.297,0.0,114.5,2139818,24.2,48.2,3563,166.51,Medio
MUN_016,Maceió,AL,37,26.86,32.34,75.16,17.67,0.399,0.0,114.5,2139818,24.2,48.2,4656,217.61,Medio
MUN_016,Maceió,AL,38,28.07,31.05,46.75,9.2,0.445,0.0,114.5,2139818,24.2,48.2,6563,306.73,Alto
MUN_016,Maceió,AL,39,24.8,34.14,51.71,4.35,0.071,3.57,114.5,2139818,24.2,48.2,3253,152.04,Baixo
MUN_016,Maceió,AL,40,19.74,29.48,55.84,1.84,0.093,0.94,114.5,2139818,24.2,48.2,1114,52.07,Baixo
MUN_016,Maceió,AL,41,23.87,32.0,52.78,9.34,0.063,5.09,114.5,2139818,24.2,48.2,3039,142.05,Baixo
MUN_016,Maceió,AL,42,22.4,30.49,48.35,1.51,0.417,5.53,114.5,2139818,24.2,48.2,2536,118.55,Baixo
MUN_016,Maceió,AL,43,24.22,27.48,57.13,15.22,0.43,0.67,114.5,2139818,24.2,48.2,3367,157.36,Medio
MUN_016,Maceió,AL,44,23.46,25.71,55.3,5.39,0.334,5.76,114.5,2139818,24.2,48.2,4575,213.81,Medio
MUN_016,Maceió,AL,45,22.15,28.17,55.75,20.36,0.148,6.02,114.5,2139818,24.2,48.2,953,44.58,Baixo
MUN_016,Maceió,AL,46,14.45,20.81,67.08,12.33,0.218,0.0,114.5,2139818,24.2,48.2,2246,105.0,Baixo
MUN_016,Maceió,AL,47,20.38,27.38,69.43,10.51,0.241,14.79,114.5,2139818,24.2,48.2,4581,214.12,Medio
MUN_016,Maceió,AL,48,22.39,24.96,65.19,71.62,0.289,2.06,114.5,2139818,24.2,48.2,3594,167.97,Medio
MUN_016,Maceió,AL,49,24.92,29.93,66.18,9.21,0.073,3.6,114.5,2139818,24.2,48.2,3254,152.07,Baixo
MUN_016,Maceió,AL,50,29.08,32.14,58.43,35.74,0.284,5.58,114.5,2139818,24.2,48.2,2302,107.58,Baixo
MUN_017,Duque de Caxias,RJ,1,21.27,30.63,91.28,0.48,0.393,4.73,179.1,1109111,86.6,60.1,1393,125.66,Baixo
MUN_017,Duque de Caxias,RJ,2,23.24,25.36,32.81,0.06,0.267,0.0,179.1,1109111,86.6,60.1,670,60.48,Baixo
MUN_017,Duque de Caxias,RJ,3,24.16,31.87,69.98,0.1,0.149,6.25,179.1,1109111,86.6,60.1,1006,90.78,Baixo
MUN_017,Duque de Caxias,RJ,4,21.76,28.5,53.48,20.74,0.279,8.2,179.1,1109111,86.6,60.1,1270,114.56,Baixo
MUN_017,Duque de Caxias,RJ,5,14.62,23.21,47.09,13.83,0.16,3.31,179.1,1109111,86.6,60.1,483,43.58,Baixo
MUN_017,Duque de Caxias,RJ,6,25.1,34.7,86.29,125.59,0.197,12.53,179.1,1109111,86.6,60.1,1575,142.09,Baixo
MUN_017,Duque de Caxias,RJ,7,26.15,32.88,71.31,46.82,0.41,2.33,179.1,1109111,86.6,60.1,2180,196.64,Medio
MUN_017,Duque de Caxias,RJ,8,24.33,27.7,60.23,34.85,0.382,8.33,179.1,1109111,86.6,60.1,2791,251.7,Alto
MUN_017,Duque de Caxias,RJ,9,28.29,33.16,71.94,52.46,0.469,0.0,179.1,1109111,86.6,60.1,1496,134.97,Baixo
MUN_017,Duque de Caxias,RJ,10,25.21,28.67,73.03,8.7,0.512,0.47,179.1,1109111,86.6,60.1,1729,155.94,Baixo
MUN_017,Duque de Caxias,RJ,11,28.99,38.19,92.26,87.37,0.425,16.46,179.1,1109111,86.6,60.1,2819,254.21,Alto
MUN_017,Duque de Caxias,RJ,12,27.99,33.98,77.18,195.51,0.684,16.35,179.1,1109111,86.6,60.1,4035,363.84,Alto
MUN_017,Duque de Caxias,RJ,13,33.31,37.35,74.47,14.82,0.503,8.45,179.1,1109111,86.6,60.1,2394,215.88,Medio
MUN_017,Duque de Caxias,RJ,14,31.28,38.52,94.75,53.86,0.344,0.0,179.1,1109111,86.6,60.1,706,63.7,Baixo
MUN_017,Duque de Caxias,RJ,15,31.02,35.08,64.55,10.21,0.522,8.94,179.1,1109111,86.6,60.1,2847,256.73,Alto
MUN_017,Duque de Caxias,RJ,16,22.86,28.06,71.85,102.14,0.554,6.97,179.1,1109111,86.6,60.1,1809,163.14,Medio
MUN_017,Duque de Caxias,RJ,17,30.19,40.09,84.82,165.88,0.504,8.28,179.1,1109111,86.6,60.1,2157,194.53,Medio
MUN_017,Duque de Caxias,RJ,18,27.87,31.61,73.66,97.46,0.587,6.31,179.1,1109111,86.6,60.1,2828,255.01,Alto
MUN_017,Duque de Caxias,RJ,19,32.79,37.47,95.96,41.42,0.712,8.79,179.1,1109111,86.6,60.1,3048,274.83,Alto
MUN_017,Duque de Caxias,RJ,20,28.49,32.71,86.06,55.46,0.552,10.1,179.1,1109111,86.6,60.1,3635,327.75,Alto
MUN_017,Duque de Caxias,RJ,21,33.6,37.93,71.32,48.67,0.31,2.65,179.1,1109111,86.6,60.1,3295,297.15,Alto
MUN_017,Duque de Caxias,RJ,22,32.0,34.1,74.54,75.93,0.669,11.79,179.1,1109111,86.6,60.1,3816,344.14,Alto
MUN_017,Duque de Caxias,RJ,23,28.96,34.34,67.37,27.69,0.371,0.0,179.1,1109111,86.6,60.1,2665,240.31,Medio
MUN_017,Duque de Caxias,RJ,24,26.84,32.5,87.08,32.27,0.379,2.35,179.1,1109111,86.6,60.1,1688,152.23,Baixo
MUN_017,Duque de Caxias,RJ,25,27.01,37.33,97.68,109.67,0.565,4.02,179.1,1109111,86.6,60.1,3019,272.28,Alto
MUN_017,Duque de Caxias,RJ,26,27.17,33.69,66.51,24.03,0.321,5.12,179.1,1109111,86.6,60.1,1503,135.54,Baixo
MUN_017,Duque de Caxias,RJ,27,24.21,28.19,47.83,42.32,0.475,11.46,179.1,1109111,86.6,60.1,1527,137.76,Baixo
MUN_017,Duque de Caxias,RJ,28,22.61,28.15,75.04,20.53,0.389,0.0,179.1,1109111,86.6,60.1,1569,141.54,Baixo
MUN_017,Duque de Caxias,RJ,29,22.29,32.17,26.07,16.93,0.543,5.9,179.1,1109111,86.6,60.1,751,67.73,Baixo
MUN_017,Duque de Caxias,RJ,30,20.28,27.67,56.76,38.6,0.244,8.09,179.1,1109111,86.6,60.1,2560,230.89,Medio
MUN_017,Duque de Caxias,RJ,31,23.13,29.08,71.97,75.3,0.306,0.0,179.1,1109111,86.6,60.1,2874,259.14,Alto
MUN_017,Duque de Caxias,RJ,32,19.56,28.89,71.14,18.53,0.313,6.54,179.1,1109111,86.6,60.1,2260,203.8,Medio
MUN_017,Duque de Caxias,RJ,33,23.23,30.74,81.92,8.75,0.235,0.0,179.1,1109111,86.6,60.1,1337,120.62,Baixo
MUN_017,Duque de Caxias,RJ,34,21.45,28.47,50.75,7.26,0.375,4.45,179.1,1109111,86.6,60.1,362,32.68,Baixo
MUN_017,Duque de Caxias,RJ,35,25.0,27.7,71.58,7.31,0.274,0.0,179.1,1109111,86.6,60.1,428,38.66,Baixo
MUN_017,Duque de Caxias,RJ,36,21.45,30.58,71.89,1.91,0.248,10.69,179.1,1109111,86.6,60.1,996,89.86,Baixo
MUN_017,Duque de Caxias,RJ,37,12.2,17.13,60.68,19.36,0.41,0.0,179.1,1109111,86.6,60.1,1349,121.68,Baixo
MUN_017,Duque de Caxias,RJ,38,17.38,22.53,56.5,0.27,0.705,5.18,179.1,1109111,86.6,60.1,344,31.1,Baixo
MUN_017,Duque de Caxias,RJ,39,27.2,33.65,52.89,15.02,0.261,2.89,179.1,1109111,86.6,60.1,1375,124.02,Baixo
MUN_017,Duque de Caxias,RJ,40,23.04,28.06,51.58,4.47,0.21,4.47,179.1,1109111,86.6,60.1,574,51.78,Baixo
MUN_017,Duque de Caxias,RJ,41,24.19,27.61,46.94,10.48,0.196,6.33,179.1,1109111,86.6,60.1,1169,105.44,Baixo
MUN_017,Duque de Caxias,RJ,42,29.55,33.87,61.45,1.74,0.224,0.0,179.1,1109111,86.6,60.1,2049,184.82,Medio
MUN_017,Duque de Caxias,RJ,43,28.94,36.94,63.99,11.62,0.278,6.18,179.1,1109111,86.6,60.1,2463,222.13,Medio
MUN_017,Duque de Caxias,RJ,44,23.55,29.19,52.31,2.73,0.192,12.88,179.1,1109111,86.6,60.1,1342,121.04,Baixo
MUN_017,Duque de Caxias,RJ,45,24.11,29.59,62.45,54.68,0.201,1.67,179.1,1109111,86.6,60.1,0,0.0,Baixo
MUN_017,Duque de Caxias,RJ,46,28.42,34.75,66.58,1.97,0.281,0.0,179.1,1109111,86.6,60.1,1074,96.91,Baixo
MUN_017,Duque de Caxias,RJ,47,25.72,32.74,58.51,17.49,0.184,0.0,179.1,1109111,86.6,60.1,1199,108.18,Baixo
MUN_017,Duque de Caxias,RJ,48,23.05,29.76,63.38,7.62,0.255,2.64,179.1,1109111,86.6,60.1,1826,164.66,Medio
MUN_017,Duque de Caxias,RJ,49,25.25,33.2,54.56,11.28,0.293,0.0,179.1,1109111,86.6,60.1,850,76.71,Baixo
MUN_017,Duque de Caxias,RJ,50,22.45,26.22,70.4,18.79,0.368,3.95,179.1,1109111,86.6,60.1,2188,197.35,Medio
MUN_018,Natal,RN,1,25.28,35.18,28.27,9.8,0.244,0.0,118.4,519570,122.4,74.2,159,30.64,Baixo
MUN_018,Natal,RN,2,24.76,33.88,63.98,4.02,0.618,7.45,118.4,519570,122.4,74.2,307,59.19,Baixo
MUN_018,Natal,RN,3,25.79,31.56,58.48,14.54,0.359,0.0,118.4,519570,122.4,74.2,569,109.62,Baixo
MUN_018,Natal,RN,4,25.23,30.48,75.14,20.26,0.03,8.78,118.4,519570,122.4,74.2,501,96.57,Baixo
MUN_018,Natal,RN,5,24.86,31.87,75.49,0.98,0.432,0.0,118.4,519570,122.4,74.2,130,25.18,Baixo
MUN_018,Natal,RN,6,27.33,30.93,77.05,7.04,0.315,8.84,118.4,519570,122.4,74.2,67,13.05,Baixo
MUN_018,Natal,RN,7,25.02,33.19,76.73,3.01,0.425,0.68,118.4,519570,122.4,74.2,824,158.75,Medio
MUN_018,Natal,RN,8,27.3,30.71,52.24,74.81,0.642,12.03,118.4,519570,122.4,74.2,1531,294.8,Alto
MUN_018,Natal,RN,9,22.81,32.8,77.26,88.24,0.552,1.9,118.4,519570,122.4,74.2,1003,193.1,Medio
MUN_018,Natal,RN,10,26.69,31.86,93.93,17.54,0.318,8.21,118.4,519570,122.4,74.2,1012,194.89,Medio
MUN_018,Natal,RN,11,26.17,34.77,67.61,23.05,0.454,0.83,118.4,519570,122.4,74.2,603,116.19,Baixo
MUN_018,Natal,RN,12,38.74,46.0,58.94,104.01,0.525,6.56,118.4,519570,122.4,74.2,1982,381.58,Alto
MUN_018,Natal,RN,13,32.95,36.5,64.91,65.82,0.536,5.77,118.4,519570,122.4,74.2,1504,289.63,Alto
MUN_018,Natal,RN,14,33.76,40.75,94.42,25.97,0.479,13.94,118.4,519570,122.4,74.2,1201,231.25,Medio
MUN_018,Natal,RN,15,35.84,44.59,68.52,21.57,0.674,3.34,118.4,519570,122.4,74.2,1376,264.9,Alto
MUN_018,Natal,RN,16,29.1,37.79,96.6,36.05,0.559,3.04,118.4,519570,122.4,74.2,463,89.21,Baixo
MUN_018,Natal,RN,17,31.27,36.26,82.75,59.66,0.549,2.95,118.4,519570,122.4,74.2,1242,239.22,Medio
MUN_018,Natal,RN,18,36.78,39.78,89.08,141.24,0.691,11.39,118.4,519570,122.4,74.2,1418,272.92,Alto
MUN_018,Natal,RN,19,29.78,39.89,79.3,10.57,0.517,2.21,118.4,519570,122.4,74.2,342,65.83,Baixo
MUN_018,Natal,RN,20,27.24,33.55,69.05,223.58,0.598,18.76,118.4,519570,122.4,74.2,1379,265.47,Alto
MUN_018,Natal,RN,21,30.09,33.18,86.93,123.09,0.548,6.0,118.4,519570,122.4,74.2,1645,316.62,Alto
MUN_018,Natal,RN,22,32.55,40.57,54.07,10.65,0.596,3.01,118.4,519570,122.4,74.2,686,132.08,Baixo
MUN_018,Natal,RN,23,22.5,25.06,80.57,53.6,0.567,3.78,118.4,519570,122.4,74.2,340,65.47,Baixo
MUN_018,Natal,RN,24,27.26,32.55,70.54,42.28,0.448,4.51,118.4,519570,122.4,74.2,789,151.91,Baixo
MUN_018,Natal,RN,25,27.43,34.63,84.99,3.39,0.41,0.03,118.4,519570,122.4,74.2,373,71.98,Baixo
MUN_018,Natal,RN,26,30.27,37.44,84.09,17.63,0.568,1.47,118.4,519570,122.4,74.2,539,103.74,Baixo
MUN_018,Natal,RN,27,27.2,34.38,54.38,11.22,0.197,5.38,118.4,519570,122.4,74.2,510,98.21,Baixo
MUN_018,Natal,RN,28,29.9,39.24,67.53,6.71,0.324,7.97,118.4,519570,122.4,74.2,597,115.05,Baixo
MUN_018,Natal,RN,29,21.48,26.37,47.23,8.47,0.247,4.43,118.4,519570,122.4,74.2,382,73.54,Baixo
MUN_018,Natal,RN,30,28.41,33.09,62.4,5.87,0.395,0.2,118.4,519570,122.4,74.2,373,71.94,Baixo
MUN_018,Natal,RN,31,20.6,25.92,67.3,16.83,0.444,6.12,118.4,519570,122.4,74.2,582,112.07,Baixo
MUN_018,Natal,RN,32,32.48,40.37,41.81,10.31,0.136,0.0,118.4,519570,122.4,74.2,1028,197.86,Medio
MUN_018,Natal,RN,33,24.17,33.57,75.52,5.32,0.173,4.73,118.4,519570,122.4,74.2,1158,223.01,Medio
MUN_018,Natal,RN,34,18.5,20.94,70.81,27.73,0.344,6.19,118.4,519570,122.4,74.2,291,56.1,Baixo
MUN_018,Natal,RN,35,26.19,31.57,62.62,30.26,0.03,0.0,118.4,519570,122.4,74.2,118,22.72,Baixo
MUN_018,Natal,RN,36,29.98,38.77,52.36,26.24,0.33,1.92,118.4,519570,122.4,74.2,847,163.06,Medio
MUN_018,Natal,RN,37,25.12,30.25,65.32,4.83,0.131,0.0,118.4,519570,122.4,74.2,446,86.03,Baixo
MUN_018,Natal,RN,38,26.66,30.08,61.9,13.11,0.314,0.0,118.4,519570,122.4,74.2,183,35.41,Baixo
MUN_018,Natal,RN,39,22.83,27.38,58.3,5.46,0.222,0.0,118.4,519570,122.4,74.2,0,0.0,Baixo
MUN_018,Natal,RN,40,21.78,31.47,79.76,6.24,0.351,2.04,118.4,519570,122.4,74.2,0,0.0,Baixo
MUN_018,Natal,RN,41,27.49,35.71,67.03,27.15,0.34,4.76,118.4,519570,122.4,74.2,742,142.86,Baixo
MUN_018,Natal,RN,42,24.98,29.46,79.0,9.96,0.523,0.0,118.4,519570,122.4,74.2,1052,202.51,Medio
MUN_018,Natal,RN,43,21.65,26.8,68.54,3.69,0.393,3.72,118.4,519570,122.4,74.2,0,0.0,Baixo
MUN_018,Natal,RN,44,21.84,26.59,72.43,9.8,0.241,0.0,118.4,519570,122.4,74.2,402,77.39,Baixo
MUN_018,Natal,RN,45,26.79,28.96,50.77,8.63,0.408,0.03,118.4,519570,122.4,74.2,287,55.36,Baixo
MUN_018,Natal,RN,46,22.61,32.63,71.67,1.89,0.16,4.24,118.4,519570,122.4,74.2,467,89.96,Baixo
MUN_018,Natal,RN,47,25.81,28.33,33.82,1.85,0.323,1.5,118.4,519570,122.4,74.2,408,78.64,Baixo
MUN_018,Natal,RN,48,25.5,32.96,60.85,0.32,0.512,5.44,118.4,519570,122.4,74.2,256,49.34,Baixo
MUN_018,Natal,RN,49,20.62,24.38,64.37,4.54,0.388,0.0,118.4,519570,122.4,74.2,0,0.0,Baixo
MUN_018,Natal,RN,50,22.5,29.65,42.45,16.48,0.305,2.21,118.4,519570,122.4,74.2,0,0.0,Baixo
MUN_019,Teresina,PI,1,22.83,30.51,39.71,6.02,0.282,0.0,138.6,169182,164.9,72.2,241,142.85,Baixo
MUN_019,Teresina,PI,2,30.3,40.31,51.61,3.33,0.357,6.99,138.6,169182,164.9,72.2,323,190.95,Medio
MUN_019,Teresina,PI,3,35.33,44.78,74.37,5.36,0.356,0.0,138.6,169182,164.9,72.2,330,195.51,Medio
MUN_019,Teresina,PI,4,23.8,28.78,80.05,7.2,0.509,3.89,138.6,169182,164.9,72.2,357,211.43,Medio
MUN_019,Teresina,PI,5,28.17,32.5,59.07,5.25,0.199,10.12,138.6,169182,164.9,72.2,448,265.24,Alto
MUN_019,Teresina,PI,6,23.83,26.59,58.81,14.36,0.316,0.0,138.6,169182,164.9,72.2,381,225.42,Medio
MUN_019,Teresina,PI,7,24.37,28.46,78.44,60.03,0.373,5.99,138.6,169182,164.9,72.2,462,273.24,Alto
MUN_019,Teresina,PI,8,30.46,35.16,90.7,49.77,0.3,3.33,138.6,169182,164.9,72.2,444,262.99,Alto
MUN_019,Teresina,PI,9,29.63,32.62,53.38,0.66,0.415,2.08,138.6,169182,164.9,72.2,342,202.4,Medio
MUN_019,Teresina,PI,10,31.34,37.21,90.85,43.01,0.655,12.83,138.6,169182,164.9,72.2,542,320.82,Alto
MUN_019,Teresina,PI,11,27.67,34.48,81.66,17.12,0.476,7.18,138.6,169182,164.9,72.2,337,199.25,Medio
MUN_019,Teresina,PI,12,29.72,39.81,88.24,136.11,0.561,8.82,138.6,169182,164.9,72.2,602,356.03,Alto
MUN_019,Teresina,PI,13,31.87,38.88,80.69,111.61,0.469,14.08,138.6,169182,164.9,72.2,678,401.13,Alto
MUN_019,Teresina,PI,14,34.36,40.04,70.41,204.3,0.535,21.36,138.6,169182,164.9,72.2,588,348.14,Alto
MUN_019,Teresina,PI,15,34.13,41.98,97.94,29.12,0.57,3.91,138.6,169182,164.9,72.2,814,481.67,Alto
MUN_019,Teresina,PI,16,35.17,43.02,69.71,37.47,0.559,0.0,138.6,169182,164.9,72.2,647,382.44,Alto
MUN_019,Teresina,PI,17,27.84,34.78,84.86,57.44,0.554,0.71,138.6,169182,164.9,72.2,423,250.04,Alto
MUN_019,Teresina,PI,18,36.96,43.47,71.42,81.13,0.584,9.75,138.6,169182,164.9,72.2,606,358.2,Alto
MUN_019,Teresina,PI,19,27.22,34.55,77.97,300.0,0.576,25.79,138.6,169182,164.9,72.2,776,459.16,Alto
MUN_019,Teresina,PI,20,29.37,36.0,91.29,20.6,0.715,3.11,138.6,169182,164.9,72.2,492,290.95,Alto
MUN_019,Teresina,PI,21,30.62,37.91,80.87,1.86,0.339,0.0,138.6,169182,164.9,72.2,433,256.11,Alto
MUN_019,Teresina,PI,22,35.27,37.54,61.0,13.48,0.585,0.91,138.6,169182,164.9,72.2,446,264.02,Alto
MUN_019,Teresina,PI,23,27.04,36.09,89.69,58.05,0.756,12.69,138.6,169182,164.9,72.2,452,267.63,Alto
MUN_019,Teresina,PI,24,34.61,40.71,66.22,140.23,0.651,8.55,138.6,169182,164.9,72.2,795,470.09,Alto
MUN_019,Teresina,PI,25,23.53,34.02,62.62,30.27,0.32,8.54,138.6,169182,164.9,72.2,607,358.8,Alto
MUN_019,Teresina,PI,26,26.43,31.28,56.72,2.33,0.389,5.91,138.6,169182,164.9,72.2,527,311.88,Alto
MUN_019,Teresina,PI,27,28.66,37.92,57.43,21.1,0.583,4.91,138.6,169182,164.9,72.2,718,424.6,Alto
MUN_019,Teresina,PI,28,25.26,34.5,52.26,73.35,0.561,9.37,138.6,169182,164.9,72.2,581,343.7,Alto
MUN_019,Teresina,PI,29,26.42,36.45,27.06,25.48,0.402,0.0,138.6,169182,164.9,72.2,512,303.21,Alto
MUN_019,Teresina,PI,30,28.14,37.12,62.56,2.09,0.117,0.0,138.6,169182,164.9,72.2,453,267.89,Alto
MUN_019,Teresina,PI,31,21.0,29.41,59.86,3.48,0.27,0.0,138.6,169182,164.9,72.2,304,180.2,Medio
MUN_019,Teresina,PI,32,25.16,34.05,67.37,0.95,0.338,3.65,138.6,169182,164.9,72.2,516,305.16,Alto
MUN_019,Teresina,PI,33,23.24,32.89,85.93,3.62,0.333,2.76,138.6,169182,164.9,72.2,259,153.27,Baixo
MUN_019,Teresina,PI,34,20.27,29.38,80.38,46.34,0.451,1.73,138.6,169182,164.9,72.2,230,136.25,Baixo
MUN_019,Teresina,PI,35,27.13,31.16,57.03,4.07,0.279,0.78,138.6,169182,164.9,72.2,159,94.03,Baixo
MUN_019,Teresina,PI,36,16.82,22.38,57.45,44.53,0.374,5.35,138.6,169182,164.9,72.2,125,74.4,Baixo
MUN_019,Teresina,PI,37,23.1,28.51,90.29,67.11,0.5,3.38,138.6,169182,164.9,72.2,361,213.53,Medio
MUN_019,Teresina,PI,38,23.5,32.43,59.4,5.58,0.33,5.31,138.6,169182,164.9,72.2,188,111.3,Baixo
MUN_019,Teresina,PI,39,26.49,31.51,68.48,13.52,0.192,0.0,138.6,169182,164.9,72.2,316,187.21,Medio
MUN_019,Teresina,PI,40,21.85,29.09,46.58,5.99,0.241,0.0,138.6,169182,164.9,72.2,151,89.67,Baixo
MUN_019,Teresina,PI,41,21.87,30.07,59.26,5.38,0.364,0.0,138.6,169182,164.9,72.2,126,74.67,Baixo
MUN_019,Teresina,PI,42,20.88,25.82,59.85,2.13,0.46,0.0,138.6,169182,164.9,72.2,258,152.69,Baixo
MUN_019,Teresina,PI,43,21.76,29.67,57.83,2.64,0.632,0.92,138.6,169182,164.9,72.2,191,113.37,Baixo
MUN_019,Teresina,PI,44,22.34,25.22,64.81,9.55,0.27,0.0,138.6,169182,164.9,72.2,427,252.5,Alto
MUN_019,Teresina,PI,45,29.02,33.51,71.82,4.16,0.249,2.79,138.6,169182,164.9,72.2,345,204.31,Medio
MUN_019,Teresina,PI,46,25.82,29.65,68.47,5.91,0.351,3.17,138.6,169182,164.9,72.2,424,251.18,Alto
MUN_019,Teresina,PI,47,24.87,28.98,47.46,7.48,0.209,0.0,138.6,169182,164.9,72.2,322,190.36,Medio
MUN_019,Teresina,PI,48,20.18,26.95,73.4,18.15,0.4,3.97,138.6,169182,164.9,72.2,403,238.22,Medio
MUN_019,Teresina,PI,49,28.15,30.2,66.36,35.62,0.429,3.04,138.6,169182,164.9,72.2,318,188.39,Medio
MUN_019,Teresina,PI,50,20.16,25.25,55.0,8.37,0.246,0.0,138.6,169182,164.9,72.2,206,122.31,Baixo
MUN_020,Campo Grande,MS,1,19.12,28.96,73.97,10.27,0.369,4.07,417.9,2742422,20.0,52.7,329,12.02,Baixo
MUN_020,Campo Grande,MS,2,26.78,35.34,57.24,27.06,0.323,0.0,417.9,2742422,20.0,52.7,3576,130.41,Baixo
MUN_020,Campo Grande,MS,3,22.02,31.56,57.9,17.76,0.231,6.11,417.9,2742422,20.0,52.7,5123,186.84,Medio
MUN_020,Campo Grande,MS,4,14.35,23.08,66.27,21.51,0.305,1.44,417.9,2742422,20.0,52.7,487,17.79,Baixo
MUN_020,Campo Grande,MS,5,21.74,29.14,79.77,36.63,0.266,0.81,417.9,2742422,20.0,52.7,2906,105.97,Baixo
MUN_020,Campo Grande,MS,6,16.6,24.33,80.67,0.91,0.113,0.35,417.9,2742422,20.0,52.7,1982,72.29,Baixo
MUN_020,Campo Grande,MS,7,22.22,24.77,71.86,159.96,0.602,8.3,417.9,2742422,20.0,52.7,8001,291.78,Alto
MUN_020,Campo Grande,MS,8,24.87,34.75,68.89,27.04,0.471,4.65,417.9,2742422,20.0,52.7,6185,225.55,Medio
MUN_020,Campo Grande,MS,9,28.96,31.0,66.25,1.05,0.552,0.0,417.9,2742422,20.0,52.7,3749,136.72,Baixo
MUN_020,Campo Grande,MS,10,23.02,31.75,67.72,16.98,0.378,2.0,417.9,2742422,20.0,52.7,3504,127.78,Baixo
MUN_020,Campo Grande,MS,11,23.61,30.28,63.36,128.72,0.616,11.9,417.9,2742422,20.0,52.7,8592,313.33,Alto
MUN_020,Campo Grande,MS,12,31.54,41.77,76.76,103.17,0.557,1.66,417.9,2742422,20.0,52.7,9527,347.43,Alto
MUN_020,Campo Grande,MS,13,32.01,34.82,66.92,25.14,0.42,4.49,417.9,2742422,20.0,52.7,8725,318.18,Alto
MUN_020,Campo Grande,MS,14,23.24,26.45,75.44,0.3,0.533,0.0,417.9,2742422,20.0,52.7,2689,98.07,Baixo
MUN_020,Campo Grande,MS,15,28.34,38.32,89.04,36.12,0.557,2.91,417.9,2742422,20.0,52.7,7668,279.64,Alto
MUN_020,Campo Grande,MS,16,33.51,39.33,77.24,300.0,0.668,18.5,417.9,2742422,20.0,52.7,9793,357.1,Alto
MUN_020,Campo Grande,MS,17,34.93,44.2,55.82,282.24,0.379,27.48,417.9,2742422,20.0,52.7,7789,284.05,Alto
MUN_020,Campo Grande,MS,18,30.8,40.25,100.0,45.43,0.6,9.71,417.9,2742422,20.0,52.7,7583,276.54,Alto
MUN_020,Campo Grande,MS,19,29.11,37.28,94.96,7.15,0.512,0.0,417.9,2742422,20.0,52.7,7445,271.48,Alto
MUN_020,Campo Grande,MS,20,29.62,38.51,100.0,25.79,0.633,3.83,417.9,2742422,20.0,52.7,9186,334.96,Alto
MUN_020,Campo Grande,MS,21,28.57,33.39,87.16,300.0,0.499,10.6,417.9,2742422,20.0,52.7,8285,302.13,Alto
MUN_020,Campo Grande,MS,22,31.92,35.53,73.21,25.65,0.585,9.92,417.9,2742422,20.0,52.7,6092,222.17,Medio
MUN_020,Campo Grande,MS,23,27.2,34.53,69.71,60.77,0.304,6.23,417.9,2742422,20.0,52.7,5779,210.73,Medio
MUN_020,Campo Grande,MS,24,23.05,26.56,79.01,153.58,0.365,18.07,417.9,2742422,20.0,52.7,7702,280.85,Alto
MUN_020,Campo Grande,MS,25,23.66,29.29,84.6,5.94,0.344,5.52,417.9,2742422,20.0,52.7,5064,184.68,Medio
MUN_020,Campo Grande,MS,26,27.98,32.95,78.99,29.48,0.408,4.51,417.9,2742422,20.0,52.7,8237,300.38,Alto
MUN_020,Campo Grande,MS,27,22.74,25.71,62.73,19.97,0.297,3.13,417.9,2742422,20.0,52.7,7240,264.02,Alto
MUN_020,Campo Grande,MS,28,20.37,26.4,71.51,13.51,0.314,0.0,417.9,2742422,20.0,52.7,2970,108.33,Baixo
MUN_020,Campo Grande,MS,29,17.24,19.36,72.2,1.35,0.289,0.0,417.9,2742422,20.0,52.7,5307,193.53,Medio
MUN_020,Campo Grande,MS,30,25.93,35.25,39.53,15.36,0.136,0.0,417.9,2742422,20.0,52.7,3779,137.81,Baixo
MUN_020,Campo Grande,MS,31,18.51,22.87,59.51,24.17,0.213,1.43,417.9,2742422,20.0,52.7,5629,205.29,Medio
MUN_020,Campo Grande,MS,32,12.1,19.14,65.65,4.12,0.097,4.12,417.9,2742422,20.0,52.7,3956,144.28,Baixo
MUN_020,Campo Grande,MS,33,25.46,30.14,44.77,9.48,0.081,5.32,417.9,2742422,20.0,52.7,3245,118.34,Baixo
MUN_020,Campo Grande,MS,34,18.89,25.06,86.52,6.53,0.234,0.1,417.9,2742422,20.0,52.7,5354,195.26,Medio
MUN_020,Campo Grande,MS,35,19.77,26.45,56.87,3.7,0.283,0.0,417.9,2742422,20.0,52.7,4044,147.48,Baixo
MUN_020,Campo Grande,MS,36,25.84,34.44,68.8,10.59,0.101,4.8,417.9,2742422,20.0,52.7,8426,307.26,Alto
MUN_020,Campo Grande,MS,37,21.73,30.22,63.66,1.43,0.251,0.33,417.9,2742422,20.0,52.7,4022,146.67,Baixo
MUN_020,Campo Grande,MS,38,22.57,27.37,65.05,6.52,0.498,6.28,417.9,2742422,20.0,52.7,2205,80.43,Baixo
MUN_020,Campo Grande,MS,39,20.52,25.0,42.0,19.47,0.244,0.86,417.9,2742422,20.0,52.7,2407,87.8,Baixo
MUN_020,Campo Grande,MS,40,21.85,26.03,63.81,22.73,0.2,2.88,417.9,2742422,20.0,52.7,4204,153.31,Baixo
MUN_020,Campo Grande,MS,41,26.12,35.86,40.64,3.33,0.393,8.07,417.9,2742422,20.0,52.7,3252,118.61,Baixo
MUN_020,Campo Grande,MS,42,18.25,23.82,68.81,0.96,0.292,2.95,417.9,2742422,20.0,52.7,1448,52.83,Baixo
MUN_020,Campo Grande,MS,43,20.77,30.52,63.09,2.53,0.285,2.59,417.9,2742422,20.0,52.7,4688,170.98,Medio
MUN_020,Campo Grande,MS,44,17.44,22.34,75.04,10.81,0.252,3.05,417.9,2742422,20.0,52.7,3674,133.99,Baixo
MUN_020,Campo Grande,MS,45,19.06,25.63,44.85,3.33,0.237,2.73,417.9,2742422,20.0,52.7,4410,160.81,Medio
MUN_020,Campo Grande,MS,46,20.21,27.38,61.86,2.36,0.139,0.0,417.9,2742422,20.0,52.7,0,0.0,Baixo
MUN_020,Campo Grande,MS,47,22.6,25.14,64.23,13.38,0.264,4.45,417.9,2742422,20.0,52.7,5254,191.61,Medio
MUN_020,Campo Grande,MS,48,16.92,25.34,57.24,9.43,0.404,0.0,417.9,2742422,20.0,52.7,4259,155.33,Baixo
MUN_020,Campo Grande,MS,49,20.31,27.41,73.93,1.83,0.391,0.0,417.9,2742422,20.0,52.7,1355,49.42,Baixo
MUN_020,Campo Grande,MS,50,24.79,28.61,64.36,22.07,0.471,4.41,417.9,2742422,20.0,52.7,4293,156.57,Baixo
MUN_021,São Bernardo do Campo,SP,1,24.93,34.0,55.12,7.81,0.399,0.0,796.3,2380770,18.8,36.6,4035,169.51,Medio
MUN_021,São Bernardo do Campo,SP,2,17.94,22.76,67.96,1.64,0.346,6.18,796.3,2380770,18.8,36.6,2920,122.66,Baixo
MUN_021,São Bernardo do Campo,SP,3,18.03,28.52,57.14,10.7,0.335,3.42,796.3,2380770,18.8,36.6,1450,60.92,Baixo
MUN_021,São Bernardo do Campo,SP,4,10.0,14.46,46.49,2.82,0.178,0.0,796.3,2380770,18.8,36.6,808,33.98,Baixo
MUN_021,São Bernardo do Campo,SP,5,24.46,32.24,72.84,5.93,0.201,6.96,796.3,2380770,18.8,36.6,1796,75.45,Baixo
MUN_021,São Bernardo do Campo,SP,6,18.53,21.08,71.34,27.83,0.29,1.84,796.3,2380770,18.8,36.6,3885,163.19,Medio
MUN_021,São Bernardo do Campo,SP,7,18.7,21.84,52.78,4.8,0.466,10.93,796.3,2380770,18.8,36.6,4868,204.5,Medio
MUN_021,São Bernardo do Campo,SP,8,17.53,27.88,88.79,81.18,0.476,4.9,796.3,2380770,18.8,36.6,5261,220.98,Medio
MUN_021,São Bernardo do Campo,SP,9,18.43,28.81,38.95,35.43,0.326,10.81,796.3,2380770,18.8,36.6,3207,134.73,Baixo
MUN_021,São Bernardo do Campo,SP,10,21.53,29.08,66.53,2.83,0.516,0.0,796.3,2380770,18.8,36.6,5707,239.72,Medio
MUN_021,São Bernardo do Campo,SP,11,26.2,30.05,73.62,11.68,0.703,7.07,796.3,2380770,18.8,36.6,7003,294.16,Alto
MUN_021,São Bernardo do Campo,SP,12,23.16,30.79,67.17,76.42,0.658,12.92,796.3,2380770,18.8,36.6,8316,349.3,Alto
MUN_021,São Bernardo do Campo,SP,13,27.92,37.59,62.95,53.07,0.525,5.19,796.3,2380770,18.8,36.6,6624,278.25,Alto
MUN_021,São Bernardo do Campo,SP,14,25.29,28.32,79.31,64.58,0.567,3.23,796.3,2380770,18.8,36.6,5909,248.2,Medio
MUN_021,São Bernardo do Campo,SP,15,26.36,35.35,82.87,16.03,0.651,0.0,796.3,2380770,18.8,36.6,6376,267.84,Alto
MUN_021,São Bernardo do Campo,SP,16,21.49,27.11,100.0,3.37,0.51,9.84,796.3,2380770,18.8,36.6,8749,367.51,Alto
MUN_021,São Bernardo do Campo,SP,17,17.34,22.64,53.43,149.38,0.684,12.04,796.3,2380770,18.8,36.6,5737,241.0,Medio
MUN_021,São Bernardo do Campo,SP,18,23.69,26.84,82.86,17.75,0.656,4.95,796.3,2380770,18.8,36.6,3325,139.67,Baixo
MUN_021,São Bernardo do Campo,SP,19,26.3,34.57,90.0,28.23,0.579,0.15,796.3,2380770,18.8,36.6,4889,205.37,Medio
MUN_021,São Bernardo do Campo,SP,20,24.24,32.58,95.24,53.96,0.44,0.0,796.3,2380770,18.8,36.6,5223,219.42,Medio
MUN_021,São Bernardo do Campo,SP,21,24.44,27.97,87.49,26.37,0.43,0.0,796.3,2380770,18.8,36.6,6906,290.11,Alto
MUN_021,São Bernardo do Campo,SP,22,30.35,37.92,89.52,37.94,0.59,6.95,796.3,2380770,18.8,36.6,5254,220.71,Medio
MUN_021,São Bernardo do Campo,SP,23,24.61,27.05,63.91,37.92,0.63,0.65,796.3,2380770,18.8,36.6,5212,218.93,Medio
MUN_021,São Bernardo do Campo,SP,24,21.21,25.0,92.23,70.56,0.357,7.37,796.3,2380770,18.8,36.6,6480,272.19,Alto
MUN_021,São Bernardo do Campo,SP,25,22.95,31.87,93.94,82.83,0.489,5.29,796.3,2380770,18.8,36.6,5106,214.51,Medio
MUN_021,São Bernardo do Campo,SP,26,19.28,28.73,74.92,13.05,0.193,0.0,796.3,2380770,18.8,36.6,3339,140.26,Baixo
MUN_021,São Bernardo do Campo,SP,27,17.24,20.2,68.88,3.83,0.368,1.89,796.3,2380770,18.8,36.6,2436,102.32,Baixo
MUN_021,São Bernardo do Campo,SP,28,20.9,30.77,72.15,70.39,0.154,7.55,796.3,2380770,18.8,36.6,3128,131.41,Baixo
MUN_021,São Bernardo do Campo,SP,29,17.09,23.07,52.9,6.19,0.351,2.5,796.3,2380770,18.8,36.6,5135,215.7,Medio
MUN_021,São Bernardo do Campo,SP,30,16.81,25.19,57.24,1.9,0.419,3.44,796.3,2380770,18.8,36.6,3841,161.35,Medio
MUN_021,São Bernardo do Campo,SP,31,14.91,22.18,54.22,7.06,0.333,8.47,796.3,2380770,18.8,36.6,3510,147.44,Baixo
MUN_021,São Bernardo do Campo,SP,32,22.78,29.98,48.56,1.94,0.03,0.0,796.3,2380770,18.8,36.6,4042,169.79,Medio
MUN_021,São Bernardo do Campo,SP,33,18.99,27.78,38.86,0.66,0.048,0.0,796.3,2380770,18.8,36.6,1164,48.91,Baixo
MUN_021,São Bernardo do Campo,SP,34,17.66,27.76,67.03,19.54,0.216,10.21,796.3,2380770,18.8,36.6,2213,92.96,Baixo
MUN_021,São Bernardo do Campo,SP,35,16.15,20.9,68.55,8.37,0.384,0.0,796.3,2380770,18.8,36.6,2016,84.68,Baixo
MUN_021,São Bernardo do Campo,SP,36,18.46,28.63,57.79,6.5,0.32,0.0,796.3,2380770,18.8,36.6,2551,107.17,Baixo
MUN_021,São Bernardo do Campo,SP,37,20.15,22.35,50.9,3.03,0.174,0.0,796.3,2380770,18.8,36.6,0,0.0,Baixo
MUN_021,São Bernardo do Campo,SP,38,20.21,25.62,63.04,1.82,0.327,6.12,796.3,2380770,18.8,36.6,1003,42.14,Baixo
MUN_021,São Bernardo do Campo,SP,39,18.62,28.13,58.89,1.03,0.245,0.0,796.3,2380770,18.8,36.6,3064,128.71,Baixo
MUN_021,São Bernardo do Campo,SP,40,20.13,27.44,52.38,4.94,0.334,0.84,796.3,2380770,18.8,36.6,1063,44.68,Baixo
MUN_021,São Bernardo do Campo,SP,41,15.71,19.23,74.99,12.0,0.377,3.45,796.3,2380770,18.8,36.6,1838,77.21,Baixo
MUN_021,São Bernardo do Campo,SP,42,25.02,32.68,46.29,6.06,0.388,4.31,796.3,2380770,18.8,36.6,4546,190.96,Medio
MUN_021,São Bernardo do Campo,SP,43,17.17,21.81,51.79,46.65,0.328,13.31,796.3,2380770,18.8,36.6,2930,123.09,Baixo
MUN_021,São Bernardo do Campo,SP,44,23.11,32.02,84.45,25.57,0.359,2.86,796.3,2380770,18.8,36.6,5251,220.6,Medio
MUN_021,São Bernardo do Campo,SP,45,16.01,22.31,61.9,15.92,0.38,1.59,796.3,2380770,18.8,36.6,414,17.4,Baixo
MUN_021,São Bernardo do Campo,SP,46,25.98,34.79,64.36,9.4,0.053,2.66,796.3,2380770,18.8,36.6,5423,227.81,Medio
MUN_021,São Bernardo do Campo,SP,47,14.52,22.24,47.18,0.27,0.193,0.0,796.3,2380770,18.8,36.6,1846,77.55,Baixo
MUN_021,São Bernardo do Campo,SP,48,17.63,26.85,49.12,8.42,0.502,0.0,796.3,2380770,18.8,36.6,2210,92.84,Baixo
MUN_021,São Bernardo do Campo,SP,49,16.54,24.75,40.53,7.92,0.396,1.69,796.3,2380770,18.8,36.6,2598,109.13,Baixo
MUN_021,São Bernardo do Campo,SP,50,16.91,19.21,61.97,2.67,0.306,0.0,796.3,2380770,18.8,36.6,3540,148.73,Baixo
MUN_022,João Pessoa,PB,1,21.99,31.71,59.57,3.49,0.269,0.0,96.8,1489933,33.0,82.5,2413,161.96,Medio
MUN_022,João Pessoa,PB,2,22.02,32.3,58.38,0.24,0.332,0.0,96.8,1489933,33.0,82.5,3874,260.04,Alto
MUN_022,João Pessoa,PB,3,23.93,33.13,65.09,6.45,0.307,2.9,96.8,1489933,33.0,82.5,4143,278.07,Alto
MUN_022,João Pessoa,PB,4,21.46,26.05,50.23,3.74,0.351,10.22,96.8,1489933,33.0,82.5,4730,317.47,Alto
MUN_022,João Pessoa,PB,5,31.16,41.27,49.71,28.45,0.205,4.49,96.8,1489933,33.0,82.5,4474,300.29,Alto
MUN_022,João Pessoa,PB,6,24.89,35.38,74.07,10.28,0.176,3.9,96.8,1489933,33.0,82.5,3757,252.21,Alto
MUN_022,João Pessoa,PB,7,30.63,37.81,45.4,38.68,0.288,10.74,96.8,1489933,33.0,82.5,4131,277.31,Alto
MUN_022,João Pessoa,PB,8,27.72,36.66,75.77,57.39,0.426,5.06,96.8,1489933,33.0,82.5,4222,283.42,Alto
MUN_022,João Pessoa,PB,9,28.76,36.67,70.49,15.33,0.333,0.0,96.8,1489933,33.0,82.5,3603,241.84,Medio
MUN_022,João Pessoa,PB,10,26.54,30.25,60.68,95.82,0.328,13.79,96.8,1489933,33.0,82.5,4184,280.86,Alto
MUN_022,João Pessoa,PB,11,29.04,35.99,63.78,34.28,0.578,4.03,96.8,1489933,33.0,82.5,3905,262.14,Alto
MUN_022,João Pessoa,PB,12,30.41,33.3,66.96,0.88,0.741,4.8,96.8,1489933,33.0,82.5,3887,260.89,Alto
MUN_022,João Pessoa,PB,13,25.81,33.37,100.0,300.0,0.452,12.73,96.8,1489933,33.0,82.5,5625,377.6,Alto
MUN_022,João Pessoa,PB,14,34.36,38.59,88.99,1.4,0.413,0.0,96.8,1489933,33.0,82.5,4413,296.19,Alto
MUN_022,João Pessoa,PB,15,28.06,32.77,80.72,3.33,0.603,0.0,96.8,1489933,33.0,82.5,5152,345.81,Alto
MUN_022,João Pessoa,PB,16,35.27,39.13,75.18,125.11,0.375,5.6,96.8,1489933,33.0,82.5,4675,313.83,Alto
MUN_022,João Pessoa,PB,17,31.29,37.58,78.98,97.61,0.505,6.47,96.8,1489933,33.0,82.5,7449,500.0,Alto
MUN_022,João Pessoa,PB,18,31.47,36.4,82.17,6.62,0.928,5.34,96.8,1489933,33.0,82.5,6136,411.86,Alto
MUN_022,João Pessoa,PB,19,34.98,38.24,84.59,166.13,0.52,9.46,96.8,1489933,33.0,82.5,4801,322.23,Alto
MUN_022,João Pessoa,PB,20,29.52,35.15,92.06,300.0,0.545,23.79,96.8,1489933,33.0,82.5,5332,357.89,Alto
MUN_022,João Pessoa,PB,21,29.49,31.89,70.67,51.38,0.675,9.36,96.8,1489933,33.0,82.5,4359,292.57,Alto
MUN_022,João Pessoa,PB,22,28.24,36.44,100.0,29.61,0.416,0.0,96.8,1489933,33.0,82.5,3901,261.87,Alto
MUN_022,João Pessoa,PB,23,26.64,34.32,90.03,79.09,0.488,7.08,96.8,1489933,33.0,82.5,4144,278.18,Alto
MUN_022,João Pessoa,PB,24,25.34,31.93,88.25,55.53,0.535,7.35,96.8,1489933,33.0,82.5,4284,287.56,Alto
MUN_022,João Pessoa,PB,25,30.05,39.52,72.29,18.14,0.482,0.0,96.8,1489933,33.0,82.5,3371,226.3,Medio
MUN_022,João Pessoa,PB,26,23.43,33.69,60.4,42.19,0.435,0.0,96.8,1489933,33.0,82.5,3445,231.27,Medio
MUN_022,João Pessoa,PB,27,31.75,38.35,84.43,124.96,0.167,8.57,96.8,1489933,33.0,82.5,4291,288.05,Alto
MUN_022,João Pessoa,PB,28,22.06,25.74,64.79,23.12,0.587,6.16,96.8,1489933,33.0,82.5,3554,238.6,Medio
MUN_022,João Pessoa,PB,29,23.04,29.23,64.3,4.78,0.346,0.0,96.8,1489933,33.0,82.5,3639,244.27,Medio
MUN_022,João Pessoa,PB,30,21.99,27.33,70.6,5.58,0.29,0.32,96.8,1489933,33.0,82.5,4416,296.45,Alto
MUN_022,João Pessoa,PB,31,18.64,24.3,62.39,9.31,0.373,0.0,96.8,1489933,33.0,82.5,1707,114.6,Baixo
MUN_022,João Pessoa,PB,32,18.97,23.68,40.99,5.54,0.343,3.13,96.8,1489933,33.0,82.5,2986,200.47,Medio
MUN_022,João Pessoa,PB,33,23.65,29.54,58.02,11.18,0.31,2.9,96.8,1489933,33.0,82.5,2738,183.82,Medio
MUN_022,João Pessoa,PB,34,21.84,27.63,81.18,3.81,0.356,0.0,96.8,1489933,33.0,82.5,2093,140.49,Baixo
MUN_022,João Pessoa,PB,35,19.71,22.1,96.42,0.1,0.155,6.9,96.8,1489933,33.0,82.5,1254,84.23,Baixo
MUN_022,João Pessoa,PB,36,26.41,29.98,64.18,9.66,0.203,0.84,96.8,1489933,33.0,82.5,3144,211.08,Medio
MUN_022,João Pessoa,PB,37,24.52,29.47,64.67,10.02,0.213,0.0,96.8,1489933,33.0,82.5,3168,212.66,Medio
MUN_022,João Pessoa,PB,38,25.13,29.98,58.58,19.44,0.059,0.0,96.8,1489933,33.0,82.5,3666,246.1,Medio
MUN_022,João Pessoa,PB,39,24.82,30.11,56.59,10.86,0.367,0.0,96.8,1489933,33.0,82.5,3825,256.77,Alto
MUN_022,João Pessoa,PB,40,27.71,29.87,56.29,1.7,0.242,0.0,96.8,1489933,33.0,82.5,4579,307.35,Alto
MUN_022,João Pessoa,PB,41,27.77,31.77,61.38,3.28,0.123,3.12,96.8,1489933,33.0,82.5,1813,121.72,Baixo
MUN_022,João Pessoa,PB,42,24.47,30.12,52.19,22.46,0.315,1.48,96.8,1489933,33.0,82.5,3169,212.73,Medio
MUN_022,João Pessoa,PB,43,22.25,31.53,40.14,1.24,0.511,0.0,96.8,1489933,33.0,82.5,2923,196.2,Medio
MUN_022,João Pessoa,PB,44,28.54,32.46,48.47,6.1,0.311,4.69,96.8,1489933,33.0,82.5,3388,227.4,Medio
MUN_022,João Pessoa,PB,45,25.89,34.24,59.9,5.88,0.106,11.6,96.8,1489933,33.0,82.5,3084,207.0,Medio
MUN_022,João Pessoa,PB,46,18.35,21.45,53.37,19.1,0.323,3.05,96.8,1489933,33.0,82.5,1964,131.83,Baixo
MUN_022,João Pessoa,PB,47,22.89,28.24,70.13,3.17,0.217,0.0,96.8,1489933,33.0,82.5,3193,214.32,Medio
MUN_022,João Pessoa,PB,48,27.26,29.71,58.85,13.81,0.397,9.91,96.8,1489933,33.0,82.5,4302,288.75,Alto
MUN_022,João Pessoa,PB,49,25.34,34.24,32.9,3.01,0.151,0.0,96.8,1489933,33.0,82.5,2809,188.54,Medio
MUN_022,João Pessoa,PB,50,22.88,29.99,52.79,6.67,0.124,0.0,96.8,1489933,33.0,82.5,3370,226.23,Medio
MUN_023,Nova Iguaçu,RJ,1,32.62,41.26,83.15,4.68,0.303,1.51,38.2,2051900,24.6,48.8,3337,162.65,Medio
MUN_023,Nova Iguaçu,RJ,2,21.12,26.71,50.1,45.73,0.03,0.0,38.2,2051900,24.6,48.8,584,28.49,Baixo
MUN_023,Nova Iguaçu,RJ,3,23.36,29.54,41.67,0.14,0.481,0.0,38.2,2051900,24.6,48.8,281,13.71,Baixo
MUN_023,Nova Iguaçu,RJ,4,22.66,25.8,69.52,10.87,0.278,0.0,38.2,2051900,24.6,48.8,0,0.0,Baixo
MUN_023,Nova Iguaçu,RJ,5,21.25,26.72,91.4,7.71,0.316,0.86,38.2,2051900,24.6,48.8,1889,92.09,Baixo
MUN_023,Nova Iguaçu,RJ,6,27.32,33.14,73.0,38.95,0.03,9.53,38.2,2051900,24.6,48.8,5414,263.9,Alto
MUN_023,Nova Iguaçu,RJ,7,31.88,39.34,77.1,38.95,0.211,1.59,38.2,2051900,24.6,48.8,4918,239.69,Medio
MUN_023,Nova Iguaçu,RJ,8,23.06,25.66,63.41,57.17,0.62,9.41,38.2,2051900,24.6,48.8,5374,261.95,Alto
MUN_023,Nova Iguaçu,RJ,9,30.34,39.66,67.36,5.24,0.428,0.0,38.2,2051900,24.6,48.8,4053,197.56,Medio
MUN_023,Nova Iguaçu,RJ,10,28.7,33.38,86.03,282.17,0.491,23.91,38.2,2051900,24.6,48.8,5856,285.44,Alto
MUN_023,Nova Iguaçu,RJ,11,29.63,31.97,93.88,71.07,0.424,6.55,38.2,2051900,24.6,48.8,5332,259.89,Alto
MUN_023,Nova Iguaçu,RJ,12,33.89,40.13,87.85,30.79,0.342,4.55,38.2,2051900,24.6,48.8,4060,197.9,Medio
MUN_023,Nova Iguaçu,RJ,13,30.24,34.04,74.75,98.17,0.481,6.2,38.2,2051900,24.6,48.8,7009,341.59,Alto
MUN_023,Nova Iguaçu,RJ,14,29.48,33.28,85.34,31.53,0.462,5.94,38.2,2051900,24.6,48.8,4841,235.97,Medio
MUN_023,Nova Iguaçu,RJ,15,29.1,33.81,82.91,300.0,0.468,22.52,38.2,2051900,24.6,48.8,5436,264.93,Alto
MUN_023,Nova Iguaçu,RJ,16,29.33,36.22,72.1,54.47,0.56,0.0,38.2,2051900,24.6,48.8,4126,201.1,Medio
MUN_023,Nova Iguaçu,RJ,17,28.76,35.8,79.73,93.59,0.736,9.09,38.2,2051900,24.6,48.8,7366,359.01,Alto
MUN_023,Nova Iguaçu,RJ,18,31.26,38.09,88.3,192.29,0.417,8.8,38.2,2051900,24.6,48.8,5680,276.85,Alto
MUN_023,Nova Iguaçu,RJ,19,32.28,40.17,74.93,20.52,0.73,6.33,38.2,2051900,24.6,48.8,6033,294.05,Alto
MUN_023,Nova Iguaçu,RJ,20,36.28,39.36,77.05,35.68,0.481,1.9,38.2,2051900,24.6,48.8,4308,209.99,Medio
MUN_023,Nova Iguaçu,RJ,21,27.9,34.05,66.37,55.07,0.483,1.62,38.2,2051900,24.6,48.8,4640,226.16,Medio
MUN_023,Nova Iguaçu,RJ,22,30.18,32.81,55.36,2.92,0.408,0.11,38.2,2051900,24.6,48.8,4931,240.34,Medio
MUN_023,Nova Iguaçu,RJ,23,29.31,37.58,91.41,10.97,0.417,0.0,38.2,2051900,24.6,48.8,3125,152.3,Baixo
MUN_023,Nova Iguaçu,RJ,24,35.18,38.42,41.62,11.76,0.568,0.62,38.2,2051900,24.6,48.8,1349,65.77,Baixo
MUN_023,Nova Iguaçu,RJ,25,24.68,34.2,57.1,96.53,0.382,10.51,38.2,2051900,24.6,48.8,4742,231.15,Medio
MUN_023,Nova Iguaçu,RJ,26,31.14,40.64,51.4,14.12,0.172,2.37,38.2,2051900,24.6,48.8,3955,192.75,Medio
MUN_023,Nova Iguaçu,RJ,27,33.98,36.86,61.13,18.98,0.476,0.0,38.2,2051900,24.6,48.8,4939,240.72,Medio
MUN_023,Nova Iguaçu,RJ,28,26.04,33.96,74.47,17.63,0.457,0.0,38.2,2051900,24.6,48.8,5145,250.77,Alto
MUN_023,Nova Iguaçu,RJ,29,27.19,29.5,59.79,31.46,0.447,4.11,38.2,2051900,24.6,48.8,6083,296.47,Alto
MUN_023,Nova Iguaçu,RJ,30,24.82,30.62,62.08,1.18,0.229,0.0,38.2,2051900,24.6,48.8,1072,52.29,Baixo
MUN_023,Nova Iguaçu,RJ,31,17.68,27.28,74.67,1.42,0.159,2.51,38.2,2051900,24.6,48.8,2984,145.47,Baixo
MUN_023,Nova Iguaçu,RJ,32,22.1,25.89,56.54,5.08,0.284,0.0,38.2,2051900,24.6,48.8,3561,173.57,Medio
MUN_023,Nova Iguaçu,RJ,33,22.21,27.63,62.93,10.94,0.367,0.0,38.2,2051900,24.6,48.8,4377,213.33,Medio
MUN_023,Nova Iguaçu,RJ,34,18.76,25.39,61.29,26.54,0.228,4.86,38.2,2051900,24.6,48.8,1057,51.54,Baixo
MUN_023,Nova Iguaçu,RJ,35,23.0,32.16,57.66,2.86,0.286,2.98,38.2,2051900,24.6,48.8,1464,71.35,Baixo
MUN_023,Nova Iguaçu,RJ,36,27.11,32.72,55.31,31.21,0.475,0.65,38.2,2051900,24.6,48.8,4266,207.94,Medio
MUN_023,Nova Iguaçu,RJ,37,23.11,30.18,69.68,13.57,0.399,0.0,38.2,2051900,24.6,48.8,2153,104.94,Baixo
MUN_023,Nova Iguaçu,RJ,38,24.89,29.24,55.59,3.71,0.085,5.01,38.2,2051900,24.6,48.8,3466,168.92,Medio
MUN_023,Nova Iguaçu,RJ,39,25.37,33.9,40.16,3.87,0.166,1.06,38.2,2051900,24.6,48.8,1323,64.51,Baixo
MUN_023,Nova Iguaçu,RJ,40,21.74,25.37,57.04,13.99,0.159,8.35,38.2,2051900,24.6,48.8,3860,188.15,Medio
MUN_023,Nova Iguaçu,RJ,41,23.71,32.7,75.69,10.2,0.03,7.92,38.2,2051900,24.6,48.8,3948,192.44,Medio
MUN_023,Nova Iguaçu,RJ,42,27.47,31.26,52.02,6.37,0.367,0.59,38.2,2051900,24.6,48.8,2868,139.79,Baixo
MUN_023,Nova Iguaçu,RJ,43,22.57,29.36,49.95,3.51,0.277,0.0,38.2,2051900,24.6,48.8,1320,64.37,Baixo
MUN_023,Nova Iguaçu,RJ,44,25.86,31.19,60.69,10.55,0.431,6.29,38.2,2051900,24.6,48.8,3177,154.86,Baixo
MUN_023,Nova Iguaçu,RJ,45,24.91,33.16,68.11,3.38,0.216,5.24,38.2,2051900,24.6,48.8,1425,69.46,Baixo
MUN_023,Nova Iguaçu,RJ,46,19.51,26.12,65.23,3.36,0.235,0.08,38.2,2051900,24.6,48.8,1277,62.28,Baixo
MUN_023,Nova Iguaçu,RJ,47,28.62,36.82,45.21,8.36,0.147,5.04,38.2,2051900,24.6,48.8,1925,93.85,Baixo
MUN_023,Nova Iguaçu,RJ,48,30.29,34.92,56.14,2.41,0.379,9.41,38.2,2051900,24.6,48.8,3901,190.13,Medio
MUN_023,Nova Iguaçu,RJ,49,27.8,35.21,19.72,10.39,0.287,0.98,38.2,2051900,24.6,48.8,3587,174.86,Medio
MUN_023,Nova Iguaçu,RJ,50,25.62,34.7,51.33,30.13,0.257,3.38,38.2,2051900,24.6,48.8,360,17.58,Baixo
MUN_024,Santo André,SP,1,15.56,24.14,46.46,0.42,0.256,4.24,962.4,2191196,57.1,62.9,226,10.34,Baixo
MUN_024,Santo André,SP,2,16.21,25.65,51.99,5.25,0.128,0.0,962.4,2191196,57.1,62.9,1246,56.9,Baixo
MUN_024,Santo André,SP,3,21.97,24.81,59.4,0.5,0.394,5.37,962.4,2191196,57.1,62.9,2043,93.27,Baixo
MUN_024,Santo André,SP,4,19.55,28.46,67.51,11.27,0.266,5.78,962.4,2191196,57.1,62.9,414,18.93,Baixo
MUN_024,Santo André,SP,5,21.16,27.6,26.44,16.77,0.22,4.62,962.4,2191196,57.1,62.9,0,0.0,Baixo
MUN_024,Santo André,SP,6,19.67,28.91,66.46,22.59,0.313,9.19,962.4,2191196,57.1,62.9,1993,91.0,Baixo
MUN_024,Santo André,SP,7,20.78,24.07,65.84,3.16,0.387,7.15,962.4,2191196,57.1,62.9,2514,114.75,Baixo
MUN_024,Santo André,SP,8,19.84,26.09,77.36,16.88,0.294,0.0,962.4,2191196,57.1,62.9,707,32.29,Baixo
MUN_024,Santo André,SP,9,22.84,32.43,89.12,70.32,0.388,14.21,962.4,2191196,57.1,62.9,3044,138.93,Baixo
MUN_024,Santo André,SP,10,19.98,28.51,83.45,0.56,0.571,4.36,962.4,2191196,57.1,62.9,2108,96.23,Baixo
MUN_024,Santo André,SP,11,24.67,27.38,62.23,13.96,0.398,3.85,962.4,2191196,57.1,62.9,983,44.88,Baixo
MUN_024,Santo André,SP,12,21.94,29.5,58.7,58.79,0.452,6.61,962.4,2191196,57.1,62.9,2450,111.83,Baixo
MUN_024,Santo André,SP,13,18.07,22.59,61.72,8.09,0.453,0.0,962.4,2191196,57.1,62.9,1989,90.79,Baixo
MUN_024,Santo André,SP,14,22.14,26.9,50.42,10.46,0.408,0.44,962.4,2191196,57.1,62.9,206,9.41,Baixo
MUN_024,Santo André,SP,15,21.98,24.78,62.41,77.48,0.667,5.03,962.4,2191196,57.1,62.9,4473,204.16,Medio
MUN_024,Santo André,SP,16,24.89,35.3,69.49,204.28,0.628,15.53,962.4,2191196,57.1,62.9,6777,309.3,Alto
MUN_024,Santo André,SP,17,26.8,31.39,91.88,4.98,0.38,4.64,962.4,2191196,57.1,62.9,4403,200.96,Medio
MUN_024,Santo André,SP,18,26.91,32.02,94.16,14.73,0.587,13.06,962.4,2191196,57.1,62.9,4316,197.0,Medio
MUN_024,Santo André,SP,19,24.68,27.22,72.72,144.23,0.719,12.84,962.4,2191196,57.1,62.9,6166,281.44,Alto
MUN_024,Santo André,SP,20,19.97,27.18,85.7,108.59,0.603,8.72,962.4,2191196,57.1,62.9,6945,316.97,Alto
MUN_024,Santo André,SP,21,28.93,36.94,70.05,3.57,0.708,0.0,962.4,2191196,57.1,62.9,5438,248.18,Medio
MUN_024,Santo André,SP,22,21.09,24.33,53.11,114.64,0.636,7.78,962.4,2191196,57.1,62.9,8472,386.64,Alto
MUN_024,Santo André,SP,23,24.85,30.02,74.62,21.84,0.549,0.6,962.4,2191196,57.1,62.9,2623,119.71,Baixo
MUN_024,Santo André,SP,24,24.61,31.58,69.62,22.6,0.449,7.25,962.4,2191196,57.1,62.9,3993,182.23,Medio
MUN_024,Santo André,SP,25,18.81,21.49,62.38,21.26,0.372,1.72,962.4,2191196,57.1,62.9,1603,73.16,Baixo
MUN_024,Santo André,SP,26,18.67,28.07,55.25,45.77,0.452,2.45,962.4,2191196,57.1,62.9,3049,139.19,Baixo
MUN_024,Santo André,SP,27,17.78,26.14,40.75,45.72,0.337,3.87,962.4,2191196,57.1,62.9,2727,124.49,Baixo
MUN_024,Santo André,SP,28,19.75,29.69,72.72,24.02,0.302,0.0,962.4,2191196,57.1,62.9,939,42.86,Baixo
MUN_024,Santo André,SP,29,17.87,26.55,69.74,86.05,0.331,0.0,962.4,2191196,57.1,62.9,10,0.49,Baixo
MUN_024,Santo André,SP,30,16.53,22.98,76.59,23.36,0.486,2.55,962.4,2191196,57.1,62.9,881,40.21,Baixo
MUN_024,Santo André,SP,31,15.83,20.63,70.73,6.73,0.224,0.0,962.4,2191196,57.1,62.9,0,0.0,Baixo
MUN_024,Santo André,SP,32,23.9,28.52,70.78,2.01,0.246,3.8,962.4,2191196,57.1,62.9,0,0.0,Baixo
MUN_024,Santo André,SP,33,16.05,24.18,61.47,0.71,0.277,6.58,962.4,2191196,57.1,62.9,808,36.88,Baixo
MUN_024,Santo André,SP,34,21.29,26.2,61.4,7.27,0.163,1.24,962.4,2191196,57.1,62.9,0,0.0,Baixo
MUN_024,Santo André,SP,35,10.0,18.62,45.68,7.79,0.342,0.0,962.4,2191196,57.1,62.9,0,0.0,Baixo
MUN_024,Santo André,SP,36,17.98,24.1,76.87,30.94,0.258,1.68,962.4,2191196,57.1,62.9,1748,79.78,Baixo
MUN_024,Santo André,SP,37,19.26,25.63,76.37,12.43,0.357,5.91,962.4,2191196,57.1,62.9,3391,154.76,Baixo
MUN_024,Santo André,SP,38,14.85,23.46,41.87,11.24,0.152,0.0,962.4,2191196,57.1,62.9,1428,65.17,Baixo
MUN_024,Santo André,SP,39,12.91,20.49,48.1,2.1,0.224,3.37,962.4,2191196,57.1,62.9,2048,93.51,Baixo
MUN_024,Santo André,SP,40,14.98,22.92,39.58,12.13,0.39,5.42,962.4,2191196,57.1,62.9,2322,105.98,Baixo
MUN_024,Santo André,SP,41,18.15,27.14,71.88,6.2,0.04,3.7,962.4,2191196,57.1,62.9,2117,96.65,Baixo
MUN_024,Santo André,SP,42,21.3,25.15,74.75,66.17,0.223,9.55,962.4,2191196,57.1,62.9,1666,76.05,Baixo
MUN_024,Santo André,SP,43,17.79,25.3,45.14,5.68,0.236,3.18,962.4,2191196,57.1,62.9,1468,67.01,Baixo
MUN_024,Santo André,SP,44,15.72,23.81,60.28,1.78,0.243,0.0,962.4,2191196,57.1,62.9,1234,56.34,Baixo
MUN_024,Santo André,SP,45,19.13,22.77,74.08,2.42,0.15,0.0,962.4,2191196,57.1,62.9,684,31.22,Baixo
MUN_024,Santo André,SP,46,17.23,23.85,71.28,5.42,0.285,0.0,962.4,2191196,57.1,62.9,287,13.13,Baixo
MUN_024,Santo André,SP,47,13.32,23.25,61.32,16.8,0.437,0.0,962.4,2191196,57.1,62.9,0,0.0,Baixo
MUN_024,Santo André,SP,48,19.51,29.42,93.83,47.43,0.355,12.73,962.4,2191196,57.1,62.9,3120,142.42,Baixo
MUN_024,Santo André,SP,49,16.09,19.05,77.23,6.22,0.186,1.48,962.4,2191196,57.1,62.9,348,15.9,Baixo
MUN_024,Santo André,SP,50,22.42,28.81,55.7,13.56,0.307,0.0,962.4,2191196,57.1,62.9,1838,83.92,Baixo
MUN_025,Osasco,SP,1,17.86,24.23,74.26,26.38,0.438,2.6,769.7,2153091,282.7,92.4,3108,144.37,Baixo
MUN_025,Osasco,SP,2,20.74,27.31,71.0,1.56,0.045,0.0,769.7,2153091,282.7,92.4,4255,197.63,Medio
MUN_025,Osasco,SP,3,16.37,19.96,70.59,7.56,0.312,0.0,769.7,2153091,282.7,92.4,3091,143.6,Baixo
MUN_025,Osasco,SP,4,19.3,23.33,18.0,9.6,0.053,0.0,769.7,2153091,282.7,92.4,882,41.01,Baixo
MUN_025,Osasco,SP,5,16.56,19.68,42.66,18.29,0.476,4.81,769.7,2153091,282.7,92.4,1157,53.77,Baixo
MUN_025,Osasco,SP,6,26.13,31.82,56.7,21.53,0.307,0.0,769.7,2153091,282.7,92.4,1158,53.79,Baixo
MUN_025,Osasco,SP,7,25.69,34.38,71.74,28.19,0.2,9.27,769.7,2153091,282.7,92.4,4310,200.19,Medio
MUN_025,Osasco,SP,8,21.36,30.69,51.14,41.41,0.567,5.5,769.7,2153091,282.7,92.4,2848,132.3,Baixo
MUN_025,Osasco,SP,9,26.56,28.92,83.14,58.24,0.433,0.28,769.7,2153091,282.7,92.4,3164,146.96,Baixo
MUN_025,Osasco,SP,10,26.44,33.6,82.9,2.21,0.426,3.8,769.7,2153091,282.7,92.4,3861,179.33,Medio
MUN_025,Osasco,SP,11,23.6,26.24,87.45,300.0,0.469,28.2,769.7,2153091,282.7,92.4,4182,194.24,Medio
MUN_025,Osasco,SP,12,20.99,24.35,73.51,4.15,0.635,4.89,769.7,2153091,282.7,92.4,1327,61.65,Baixo
MUN_025,Osasco,SP,13,24.87,31.49,75.27,124.59,0.437,7.61,769.7,2153091,282.7,92.4,5019,233.12,Medio
MUN_025,Osasco,SP,14,31.64,41.35,79.91,229.02,0.353,15.18,769.7,2153091,282.7,92.4,6506,302.19,Alto
MUN_025,Osasco,SP,15,22.29,28.56,76.99,60.32,0.641,7.64,769.7,2153091,282.7,92.4,6238,289.74,Alto
MUN_025,Osasco,SP,16,24.99,29.92,76.58,21.15,0.568,0.22,769.7,2153091,282.7,92.4,2132,99.05,Baixo
MUN_025,Osasco,SP,17,27.57,32.4,73.49,102.4,0.394,14.1,769.7,2153091,282.7,92.4,7408,344.07,Alto
MUN_025,Osasco,SP,18,25.24,33.84,68.91,41.85,0.785,0.0,769.7,2153091,282.7,92.4,4724,219.45,Medio
MUN_025,Osasco,SP,19,31.77,35.51,100.0,135.61,0.475,3.93,769.7,2153091,282.7,92.4,7783,361.49,Alto
MUN_025,Osasco,SP,20,28.13,37.4,93.59,264.96,0.496,11.02,769.7,2153091,282.7,92.4,8072,374.92,Alto
MUN_025,Osasco,SP,21,25.7,29.83,73.45,73.31,0.45,6.3,769.7,2153091,282.7,92.4,4267,198.22,Medio
MUN_025,Osasco,SP,22,25.34,29.07,100.0,3.42,0.528,3.34,769.7,2153091,282.7,92.4,5952,276.47,Alto
MUN_025,Osasco,SP,23,20.23,29.3,86.99,8.21,0.634,0.0,769.7,2153091,282.7,92.4,1418,65.86,Baixo
MUN_025,Osasco,SP,24,24.13,32.99,82.82,30.42,0.457,7.82,769.7,2153091,282.7,92.4,3000,139.34,Baixo
MUN_025,Osasco,SP,25,27.45,34.4,82.89,8.31,0.451,0.0,769.7,2153091,282.7,92.4,4031,187.22,Medio
MUN_025,Osasco,SP,26,21.62,29.94,82.13,8.8,0.387,0.0,769.7,2153091,282.7,92.4,2324,107.95,Baixo
MUN_025,Osasco,SP,27,17.47,27.5,71.37,74.7,0.36,5.92,769.7,2153091,282.7,92.4,3784,175.76,Medio
MUN_025,Osasco,SP,28,17.97,23.31,61.89,32.94,0.257,1.49,769.7,2153091,282.7,92.4,2379,110.52,Baixo
MUN_025,Osasco,SP,29,20.06,24.97,49.05,6.29,0.061,0.0,769.7,2153091,282.7,92.4,2878,133.7,Baixo
MUN_025,Osasco,SP,30,24.84,27.07,68.66,3.61,0.33,0.0,769.7,2153091,282.7,92.4,2306,107.13,Baixo
MUN_025,Osasco,SP,31,19.63,27.96,52.68,11.94,0.369,0.0,769.7,2153091,282.7,92.4,2852,132.47,Baixo
MUN_025,Osasco,SP,32,23.02,25.32,85.37,9.31,0.227,0.0,769.7,2153091,282.7,92.4,4007,186.15,Medio
MUN_025,Osasco,SP,33,13.76,24.13,48.97,13.02,0.255,2.72,769.7,2153091,282.7,92.4,2574,119.58,Baixo
MUN_025,Osasco,SP,34,24.1,34.6,50.92,18.45,0.394,4.36,769.7,2153091,282.7,92.4,5070,235.5,Medio
MUN_025,Osasco,SP,35,12.96,17.79,67.99,6.92,0.252,0.0,769.7,2153091,282.7,92.4,346,16.08,Baixo
MUN_025,Osasco,SP,36,19.39,28.07,42.93,1.19,0.2,5.47,769.7,2153091,282.7,92.4,1200,55.75,Baixo
MUN_025,Osasco,SP,37,18.88,21.55,36.05,0.91,0.309,7.93,769.7,2153091,282.7,92.4,0,0.0,Baixo
MUN_025,Osasco,SP,38,19.49,22.11,60.54,2.72,0.22,0.0,769.7,2153091,282.7,92.4,640,29.77,Baixo
MUN_025,Osasco,SP,39,10.0,14.0,71.48,6.84,0.377,4.78,769.7,2153091,282.7,92.4,2233,103.75,Baixo
MUN_025,Osasco,SP,40,18.3,24.89,50.94,12.36,0.237,0.0,769.7,2153091,282.7,92.4,845,39.29,Baixo
MUN_025,Osasco,SP,41,20.68,26.62,62.69,1.2,0.441,0.0,769.7,2153091,282.7,92.4,1624,75.45,Baixo
MUN_025,Osasco,SP,42,12.67,22.78,93.62,1.26,0.227,4.3,769.7,2153091,282.7,92.4,1408,65.44,Baixo
MUN_025,Osasco,SP,43,13.22,21.66,61.03,17.43,0.228,4.11,769.7,2153091,282.7,92.4,2957,137.38,Baixo
MUN_025,Osasco,SP,44,19.09,25.05,75.74,8.98,0.352,0.0,769.7,2153091,282.7,92.4,1910,88.71,Baixo
MUN_025,Osasco,SP,45,12.52,20.91,76.45,5.32,0.508,0.0,769.7,2153091,282.7,92.4,2416,112.24,Baixo
MUN_025,Osasco,SP,46,24.03,32.34,29.53,19.75,0.422,0.37,769.7,2153091,282.7,92.4,4310,200.19,Medio
MUN_025,Osasco,SP,47,18.88,22.74,61.94,9.92,0.299,2.77,769.7,2153091,282.7,92.4,1192,55.4,Baixo
MUN_025,Osasco,SP,48,18.76,28.68,50.68,11.17,0.342,0.18,769.7,2153091,282.7,92.4,3272,152.01,Baixo
MUN_025,Osasco,SP,49,17.31,24.01,64.52,7.43,0.299,3.32,769.7,2153091,282.7,92.4,4547,211.22,Medio
MUN_025,Osasco,SP,50,17.36,20.01,37.51,12.38,0.395,4.27,769.7,2153091,282.7,92.4,2027,94.15,Baixo
MUN_026,Jaboatão dos Guararapes,PE,1,24.02,31.5,55.95,22.43,0.363,8.81,191.1,2695702,299.8,82.0,2795,103.7,Baixo
MUN_026,Jaboatão dos Guararapes,PE,2,23.52,25.55,74.46,3.43,0.48,6.32,191.1,2695702,299.8,82.0,2187,81.15,Baixo
MUN_026,Jaboatão dos Guararapes,PE,3,25.77,34.82,69.92,3.33,0.157,3.79,191.1,2695702,299.8,82.0,1009,37.46,Baixo
MUN_026,Jaboatão dos Guararapes,PE,4,25.04,29.52,56.02,25.24,0.07,0.0,191.1,2695702,299.8,82.0,3462,128.45,Baixo
MUN_026,Jaboatão dos Guararapes,PE,5,21.36,30.54,67.21,6.19,0.435,0.0,191.1,2695702,299.8,82.0,0,0.0,Baixo
MUN_026,Jaboatão dos Guararapes,PE,6,27.24,36.75,85.62,12.38,0.292,3.66,191.1,2695702,299.8,82.0,274,10.2,Baixo
MUN_026,Jaboatão dos Guararapes,PE,7,31.0,34.83,52.48,66.44,0.64,11.19,191.1,2695702,299.8,82.0,4889,181.37,Medio
MUN_026,Jaboatão dos Guararapes,PE,8,33.22,39.01,77.9,3.66,0.436,0.0,191.1,2695702,299.8,82.0,4829,179.15,Medio
MUN_026,Jaboatão dos Guararapes,PE,9,21.83,27.55,67.07,24.61,0.291,2.37,191.1,2695702,299.8,82.0,4058,150.57,Baixo
MUN_026,Jaboatão dos Guararapes,PE,10,31.15,34.59,98.25,84.6,0.588,4.42,191.1,2695702,299.8,82.0,8363,310.27,Alto
MUN_026,Jaboatão dos Guararapes,PE,11,32.51,34.98,81.56,109.05,0.511,4.6,191.1,2695702,299.8,82.0,8079,299.73,Alto
MUN_026,Jaboatão dos Guararapes,PE,12,26.04,33.26,82.72,112.29,0.572,9.85,191.1,2695702,299.8,82.0,6830,253.39,Alto
MUN_026,Jaboatão dos Guararapes,PE,13,26.28,32.98,77.63,34.14,0.503,9.25,191.1,2695702,299.8,82.0,5598,207.69,Medio
MUN_026,Jaboatão dos Guararapes,PE,14,34.83,43.34,84.5,36.33,0.491,0.0,191.1,2695702,299.8,82.0,6958,258.15,Alto
MUN_026,Jaboatão dos Guararapes,PE,15,28.8,31.28,78.48,36.29,0.586,9.29,191.1,2695702,299.8,82.0,6245,231.68,Medio
MUN_026,Jaboatão dos Guararapes,PE,16,37.45,40.19,100.0,128.55,0.548,7.44,191.1,2695702,299.8,82.0,8993,333.61,Alto
MUN_026,Jaboatão dos Guararapes,PE,17,40.0,45.53,91.13,14.46,0.683,6.75,191.1,2695702,299.8,82.0,9812,364.0,Alto
MUN_026,Jaboatão dos Guararapes,PE,18,25.17,28.04,78.69,4.42,0.585,6.05,191.1,2695702,299.8,82.0,4680,173.64,Medio
MUN_026,Jaboatão dos Guararapes,PE,19,28.71,35.09,69.37,19.09,0.699,2.65,191.1,2695702,299.8,82.0,5839,216.62,Medio
MUN_026,Jaboatão dos Guararapes,PE,20,32.48,38.42,63.04,112.36,0.405,5.92,191.1,2695702,299.8,82.0,5302,196.69,Medio
MUN_026,Jaboatão dos Guararapes,PE,21,29.51,32.46,60.76,2.84,0.732,6.02,191.1,2695702,299.8,82.0,3292,122.14,Baixo
MUN_026,Jaboatão dos Guararapes,PE,22,27.9,32.8,84.83,263.21,0.454,20.83,191.1,2695702,299.8,82.0,7175,266.2,Alto
MUN_026,Jaboatão dos Guararapes,PE,23,31.96,38.75,99.63,63.59,0.615,4.09,191.1,2695702,299.8,82.0,6753,250.52,Alto
MUN_026,Jaboatão dos Guararapes,PE,24,33.44,42.29,70.07,73.5,0.604,0.0,191.1,2695702,299.8,82.0,5808,215.46,Medio
MUN_026,Jaboatão dos Guararapes,PE,25,27.31,34.12,70.43,7.17,0.429,9.0,191.1,2695702,299.8,82.0,5022,186.3,Medio
MUN_026,Jaboatão dos Guararapes,PE,26,29.47,33.13,75.43,3.16,0.521,0.0,191.1,2695702,299.8,82.0,4270,158.42,Medio
MUN_026,Jaboatão dos Guararapes,PE,27,27.61,31.69,66.51,13.19,0.396,0.0,191.1,2695702,299.8,82.0,5337,198.01,Medio
MUN_026,Jaboatão dos Guararapes,PE,28,24.22,31.48,65.4,1.79,0.247,3.61,191.1,2695702,299.8,82.0,2969,110.14,Baixo
MUN_026,Jaboatão dos Guararapes,PE,29,24.13,33.1,70.0,0.08,0.428,4.79,191.1,2695702,299.8,82.0,2270,84.24,Baixo
MUN_026,Jaboatão dos Guararapes,PE,30,25.93,32.44,47.61,0.68,0.441,1.67,191.1,2695702,299.8,82.0,4768,176.91,Medio
MUN_026,Jaboatão dos Guararapes,PE,31,21.65,27.13,55.31,0.2,0.07,0.0,191.1,2695702,299.8,82.0,1589,58.95,Baixo
MUN_026,Jaboatão dos Guararapes,PE,32,28.72,34.13,49.92,0.99,0.296,0.0,191.1,2695702,299.8,82.0,2439,90.5,Baixo
MUN_026,Jaboatão dos Guararapes,PE,33,26.69,36.53,68.97,4.92,0.14,0.0,191.1,2695702,299.8,82.0,2340,86.81,Baixo
MUN_026,Jaboatão dos Guararapes,PE,34,29.61,39.41,50.64,11.01,0.374,7.29,191.1,2695702,299.8,82.0,2935,108.91,Baixo
MUN_026,Jaboatão dos Guararapes,PE,35,20.7,30.43,39.97,22.27,0.232,0.49,191.1,2695702,299.8,82.0,628,23.33,Baixo
MUN_026,Jaboatão dos Guararapes,PE,36,23.21,30.58,56.45,10.47,0.216,0.0,191.1,2695702,299.8,82.0,1194,44.31,Baixo
MUN_026,Jaboatão dos Guararapes,PE,37,24.85,27.13,68.75,32.44,0.165,6.17,191.1,2695702,299.8,82.0,4193,155.58,Baixo
MUN_026,Jaboatão dos Guararapes,PE,38,21.27,26.17,44.49,44.33,0.132,2.18,191.1,2695702,299.8,82.0,2058,76.37,Baixo
MUN_026,Jaboatão dos Guararapes,PE,39,27.11,30.23,55.99,1.34,0.361,0.0,191.1,2695702,299.8,82.0,0,0.0,Baixo
MUN_026,Jaboatão dos Guararapes,PE,40,24.95,34.48,56.25,1.56,0.316,0.0,191.1,2695702,299.8,82.0,1588,58.91,Baixo
MUN_026,Jaboatão dos Guararapes,PE,41,25.16,27.71,62.02,1.13,0.337,2.83,191.1,2695702,299.8,82.0,1125,41.74,Baixo
MUN_026,Jaboatão dos Guararapes,PE,42,25.91,30.1,36.88,0.99,0.248,0.0,191.1,2695702,299.8,82.0,1649,61.19,Baixo
MUN_026,Jaboatão dos Guararapes,PE,43,24.01,34.01,72.17,25.01,0.277,4.45,191.1,2695702,299.8,82.0,2146,79.64,Baixo
MUN_026,Jaboatão dos Guararapes,PE,44,27.26,30.53,69.7,3.86,0.186,2.82,191.1,2695702,299.8,82.0,2518,93.43,Baixo
MUN_026,Jaboatão dos Guararapes,PE,45,23.56,25.76,75.21,3.75,0.305,2.17,191.1,2695702,299.8,82.0,1537,57.05,Baixo
MUN_026,Jaboatão dos Guararapes,PE,46,22.8,27.57,70.9,0.43,0.03,8.88,191.1,2695702,299.8,82.0,247,9.19,Baixo
MUN_026,Jaboatão dos Guararapes,PE,47,21.34,29.18,68.49,4.51,0.441,1.6,191.1,2695702,299.8,82.0,558,20.7,Baixo
MUN_026,Jaboatão dos Guararapes,PE,48,26.51,28.86,64.22,0.62,0.208,0.0,191.1,2695702,299.8,82.0,508,18.87,Baixo
MUN_026,Jaboatão dos Guararapes,PE,49,21.77,31.7,50.14,19.36,0.116,0.0,191.1,2695702,299.8,82.0,3373,125.13,Baixo
MUN_026,Jaboatão dos Guararapes,PE,50,22.52,24.64,40.56,13.34,0.252,5.41,191.1,2695702,299.8,82.0,1278,47.41,Baixo
MUN_027,Ribeirão Preto,SP,1,18.0,20.27,55.34,3.36,0.364,0.0,750.0,157948,251.6,65.1,0,0.0,Baixo
MUN_027,Ribeirão Preto,SP,2,16.75,23.39,51.7,3.75,0.487,1.47,750.0,157948,251.6,65.1,0,0.0,Baixo
MUN_027,Ribeirão Preto,SP,3,20.32,26.44,69.16,4.46,0.47,2.89,750.0,157948,251.6,65.1,25,16.34,Baixo
MUN_027,Ribeirão Preto,SP,4,20.65,26.79,32.53,6.88,0.302,4.71,750.0,157948,251.6,65.1,179,113.68,Baixo
MUN_027,Ribeirão Preto,SP,5,17.9,21.25,67.46,32.22,0.369,6.62,750.0,157948,251.6,65.1,76,48.52,Baixo
MUN_027,Ribeirão Preto,SP,6,24.14,30.66,53.88,25.38,0.376,4.85,750.0,157948,251.6,65.1,364,231.08,Medio
MUN_027,Ribeirão Preto,SP,7,20.56,23.08,47.35,25.55,0.385,1.18,750.0,157948,251.6,65.1,209,132.71,Baixo
MUN_027,Ribeirão Preto,SP,8,21.93,29.85,75.93,5.34,0.433,7.86,750.0,157948,251.6,65.1,326,206.88,Medio
MUN_027,Ribeirão Preto,SP,9,22.4,26.19,85.04,104.11,0.496,14.99,750.0,157948,251.6,65.1,493,312.47,Alto
MUN_027,Ribeirão Preto,SP,10,20.47,30.08,70.05,3.31,0.649,0.0,750.0,157948,251.6,65.1,436,276.32,Alto
MUN_027,Ribeirão Preto,SP,11,32.26,40.7,81.09,171.01,0.462,11.4,750.0,157948,251.6,65.1,368,233.18,Medio
MUN_027,Ribeirão Preto,SP,12,24.36,32.21,75.6,3.97,0.591,0.0,750.0,157948,251.6,65.1,241,153.03,Baixo
MUN_027,Ribeirão Preto,SP,13,25.68,29.79,68.0,35.9,0.626,6.25,750.0,157948,251.6,65.1,405,256.8,Alto
MUN_027,Ribeirão Preto,SP,14,25.49,32.55,80.55,89.36,0.267,5.53,750.0,157948,251.6,65.1,502,318.22,Alto
MUN_027,Ribeirão Preto,SP,15,26.21,28.36,71.67,108.93,0.743,8.16,750.0,157948,251.6,65.1,312,197.54,Medio
MUN_027,Ribeirão Preto,SP,16,21.71,25.7,66.8,194.93,0.503,7.21,750.0,157948,251.6,65.1,707,447.81,Alto
MUN_027,Ribeirão Preto,SP,17,28.95,34.7,77.07,187.6,0.566,6.44,750.0,157948,251.6,65.1,675,427.56,Alto
MUN_027,Ribeirão Preto,SP,18,25.76,29.4,67.03,300.0,0.463,19.16,750.0,157948,251.6,65.1,554,350.85,Alto
MUN_027,Ribeirão Preto,SP,19,32.95,37.48,100.0,73.37,0.523,5.14,750.0,157948,251.6,65.1,423,268.17,Alto
MUN_027,Ribeirão Preto,SP,20,31.36,36.66,98.27,65.38,0.599,5.65,750.0,157948,251.6,65.1,544,344.66,Alto
MUN_027,Ribeirão Preto,SP,21,28.64,38.65,83.07,300.0,0.376,28.99,750.0,157948,251.6,65.1,479,303.58,Alto
MUN_027,Ribeirão Preto,SP,22,24.46,28.84,87.77,14.25,0.601,1.45,750.0,157948,251.6,65.1,494,313.03,Alto
MUN_027,Ribeirão Preto,SP,23,30.6,33.08,79.17,93.12,0.594,10.62,750.0,157948,251.6,65.1,524,331.89,Alto
MUN_027,Ribeirão Preto,SP,24,24.22,27.08,72.41,41.05,0.623,0.0,750.0,157948,251.6,65.1,417,264.22,Alto
MUN_027,Ribeirão Preto,SP,25,24.09,29.15,75.42,22.92,0.342,6.79,750.0,157948,251.6,65.1,371,235.18,Medio
MUN_027,Ribeirão Preto,SP,26,21.68,29.92,78.96,38.01,0.315,0.37,750.0,157948,251.6,65.1,150,94.97,Baixo
MUN_027,Ribeirão Preto,SP,27,25.32,27.71,81.33,14.91,0.374,0.57,750.0,157948,251.6,65.1,189,120.04,Baixo
MUN_027,Ribeirão Preto,SP,28,18.5,27.19,87.02,87.95,0.434,3.81,750.0,157948,251.6,65.1,346,219.66,Medio
MUN_027,Ribeirão Preto,SP,29,15.28,23.52,42.36,63.84,0.268,6.8,750.0,157948,251.6,65.1,130,82.66,Baixo
MUN_027,Ribeirão Preto,SP,30,13.33,22.06,71.83,18.21,0.36,0.0,750.0,157948,251.6,65.1,26,16.61,Baixo
MUN_027,Ribeirão Preto,SP,31,16.58,21.35,68.84,4.53,0.559,2.11,750.0,157948,251.6,65.1,213,135.47,Baixo
MUN_027,Ribeirão Preto,SP,32,22.45,29.47,41.41,2.41,0.16,0.0,750.0,157948,251.6,65.1,179,113.9,Baixo
MUN_027,Ribeirão Preto,SP,33,15.71,21.98,52.09,8.13,0.364,0.0,750.0,157948,251.6,65.1,93,58.94,Baixo
MUN_027,Ribeirão Preto,SP,34,22.88,32.76,69.56,18.33,0.147,0.0,750.0,157948,251.6,65.1,48,30.44,Baixo
MUN_027,Ribeirão Preto,SP,35,21.42,29.77,70.85,4.99,0.177,1.6,750.0,157948,251.6,65.1,126,79.81,Baixo
MUN_027,Ribeirão Preto,SP,36,18.32,28.68,67.58,0.75,0.418,0.0,750.0,157948,251.6,65.1,3,1.96,Baixo
MUN_027,Ribeirão Preto,SP,37,17.97,23.29,59.73,8.83,0.222,0.75,750.0,157948,251.6,65.1,235,148.92,Baixo
MUN_027,Ribeirão Preto,SP,38,15.37,19.09,57.93,1.89,0.378,1.44,750.0,157948,251.6,65.1,102,64.71,Baixo
MUN_027,Ribeirão Preto,SP,39,22.03,25.78,60.61,0.57,0.2,0.0,750.0,157948,251.6,65.1,50,32.07,Baixo
MUN_027,Ribeirão Preto,SP,40,10.0,20.28,44.02,0.81,0.462,3.11,750.0,157948,251.6,65.1,0,0.0,Baixo
MUN_027,Ribeirão Preto,SP,41,17.37,21.06,64.98,11.45,0.436,0.0,750.0,157948,251.6,65.1,224,142.06,Baixo
MUN_027,Ribeirão Preto,SP,42,19.73,26.93,58.85,12.37,0.158,4.96,750.0,157948,251.6,65.1,180,114.51,Baixo
MUN_027,Ribeirão Preto,SP,43,14.26,21.35,71.77,7.49,0.423,0.0,750.0,157948,251.6,65.1,107,68.07,Baixo
MUN_027,Ribeirão Preto,SP,44,22.7,30.68,73.63,11.6,0.125,0.0,750.0,157948,251.6,65.1,149,94.69,Baixo
MUN_027,Ribeirão Preto,SP,45,22.15,25.49,56.18,0.33,0.438,4.89,750.0,157948,251.6,65.1,159,100.94,Baixo
MUN_027,Ribeirão Preto,SP,46,17.09,25.02,64.42,1.5,0.146,0.21,750.0,157948,251.6,65.1,67,42.45,Baixo
MUN_027,Ribeirão Preto,SP,47,12.29,17.5,66.95,12.39,0.271,0.0,750.0,157948,251.6,65.1,91,57.64,Baixo
MUN_027,Ribeirão Preto,SP,48,11.34,18.84,45.13,39.44,0.107,0.0,750.0,157948,251.6,65.1,38,24.31,Baixo
MUN_027,Ribeirão Preto,SP,49,16.95,26.48,51.04,5.14,0.15,9.43,750.0,157948,251.6,65.1,0,0.0,Baixo
MUN_027,Ribeirão Preto,SP,50,14.13,17.12,52.0,22.72,0.278,12.75,750.0,157948,251.6,65.1,159,100.69,Baixo
MUN_028,Uberlândia,MG,1,16.23,19.74,64.32,27.0,0.558,11.33,743.2,1868756,156.5,46.9,1871,100.14,Baixo
MUN_028,Uberlândia,MG,2,20.74,25.43,77.4,1.99,0.443,7.91,743.2,1868756,156.5,46.9,2670,142.92,Baixo
MUN_028,Uberlândia,MG,3,18.12,26.57,54.3,11.7,0.33,1.73,743.2,1868756,156.5,46.9,760,40.67,Baixo
MUN_028,Uberlândia,MG,4,16.98,20.3,45.89,63.13,0.443,0.0,743.2,1868756,156.5,46.9,3163,169.31,Medio
MUN_028,Uberlândia,MG,5,19.48,29.15,84.23,57.27,0.209,0.0,743.2,1868756,156.5,46.9,2791,149.4,Baixo
MUN_028,Uberlândia,MG,6,22.64,25.05,70.77,29.14,0.607,5.89,743.2,1868756,156.5,46.9,3250,173.92,Medio
MUN_028,Uberlândia,MG,7,19.34,21.71,57.37,17.25,0.466,7.4,743.2,1868756,156.5,46.9,3194,170.93,Medio
MUN_028,Uberlândia,MG,8,23.58,31.03,54.52,71.27,0.543,11.05,743.2,1868756,156.5,46.9,6692,358.12,Alto
MUN_028,Uberlândia,MG,9,23.22,28.16,52.82,32.76,0.47,0.75,743.2,1868756,156.5,46.9,1665,89.12,Baixo
MUN_028,Uberlândia,MG,10,28.04,33.64,77.52,163.6,0.449,23.51,743.2,1868756,156.5,46.9,5877,314.49,Alto
MUN_028,Uberlândia,MG,11,25.37,31.53,61.3,7.02,0.666,2.68,743.2,1868756,156.5,46.9,3181,170.24,Medio
MUN_028,Uberlândia,MG,12,20.21,29.4,88.69,58.03,0.417,3.06,743.2,1868756,156.5,46.9,3287,175.94,Medio
MUN_028,Uberlândia,MG,13,25.49,32.29,91.87,0.37,0.399,4.17,743.2,1868756,156.5,46.9,2892,154.78,Baixo
MUN_028,Uberlândia,MG,14,22.59,29.58,95.69,55.57,0.64,11.6,743.2,1868756,156.5,46.9,4862,260.2,Alto
MUN_028,Uberlândia,MG,15,25.77,35.68,74.65,51.42,0.531,7.21,743.2,1868756,156.5,46.9,2688,143.85,Baixo
MUN_028,Uberlândia,MG,16,24.18,32.28,100.0,50.47,0.639,2.32,743.2,1868756,156.5,46.9,5551,297.06,Alto
MUN_028,Uberlândia,MG,17,24.22,33.46,83.04,3.49,0.769,4.8,743.2,1868756,156.5,46.9,3717,198.95,Medio
MUN_028,Uberlândia,MG,18,23.29,29.48,95.19,300.0,0.56,20.87,743.2,1868756,156.5,46.9,3518,188.28,Medio
MUN_028,Uberlândia,MG,19,22.54,29.82,60.15,179.55,0.866,18.04,743.2,1868756,156.5,46.9,6069,324.78,Alto
MUN_028,Uberlândia,MG,20,36.6,45.68,79.07,75.03,0.57,6.66,743.2,1868756,156.5,46.9,5836,312.32,Alto
MUN_028,Uberlândia,MG,21,23.42,32.29,84.43,56.31,0.785,4.43,743.2,1868756,156.5,46.9,5015,268.4,Alto
MUN_028,Uberlândia,MG,22,28.52,31.05,100.0,138.63,0.699,11.0,743.2,1868756,156.5,46.9,4706,251.86,Alto
MUN_028,Uberlândia,MG,23,25.6,34.88,94.93,207.42,0.555,21.84,743.2,1868756,156.5,46.9,6707,358.94,Alto
MUN_028,Uberlândia,MG,24,17.53,22.83,63.16,21.13,0.03,0.0,743.2,1868756,156.5,46.9,2299,123.05,Baixo
MUN_028,Uberlândia,MG,25,20.97,31.21,72.62,62.75,0.47,9.3,743.2,1868756,156.5,46.9,4398,235.37,Medio
MUN_028,Uberlândia,MG,26,24.15,32.3,68.22,4.75,0.503,3.06,743.2,1868756,156.5,46.9,2357,126.15,Baixo
MUN_028,Uberlândia,MG,27,19.46,25.9,64.73,50.06,0.227,4.28,743.2,1868756,156.5,46.9,1427,76.39,Baixo
MUN_028,Uberlândia,MG,28,18.7,21.61,65.83,29.81,0.375,0.97,743.2,1868756,156.5,46.9,2509,134.31,Baixo
MUN_028,Uberlândia,MG,29,25.22,27.54,74.33,65.8,0.369,6.47,743.2,1868756,156.5,46.9,5032,269.28,Alto
MUN_028,Uberlândia,MG,30,20.27,25.06,73.89,8.64,0.304,1.73,743.2,1868756,156.5,46.9,719,38.48,Baixo
MUN_028,Uberlândia,MG,31,16.59,21.81,38.73,17.18,0.183,0.0,743.2,1868756,156.5,46.9,2486,133.03,Baixo
MUN_028,Uberlândia,MG,32,26.45,29.23,65.25,4.96,0.303,0.0,743.2,1868756,156.5,46.9,3263,174.62,Medio
MUN_028,Uberlândia,MG,33,10.03,20.3,76.63,7.5,0.367,0.0,743.2,1868756,156.5,46.9,1537,82.26,Baixo
MUN_028,Uberlândia,MG,34,21.8,24.38,76.45,8.48,0.249,4.46,743.2,1868756,156.5,46.9,863,46.22,Baixo
MUN_028,Uberlândia,MG,35,16.32,25.95,57.72,0.74,0.355,1.87,743.2,1868756,156.5,46.9,0,0.0,Baixo
MUN_028,Uberlândia,MG,36,14.88,23.12,66.06,15.03,0.279,1.31,743.2,1868756,156.5,46.9,1877,100.48,Baixo
MUN_028,Uberlândia,MG,37,17.67,21.77,43.8,5.4,0.511,2.38,743.2,1868756,156.5,46.9,844,45.21,Baixo
MUN_028,Uberlândia,MG,38,17.62,27.02,57.97,18.58,0.343,1.61,743.2,1868756,156.5,46.9,1101,58.92,Baixo
MUN_028,Uberlândia,MG,39,18.2,21.58,65.36,4.11,0.324,4.71,743.2,1868756,156.5,46.9,2457,131.5,Baixo
MUN_028,Uberlândia,MG,40,20.12,26.66,72.07,4.36,0.076,0.0,743.2,1868756,156.5,46.9,2827,151.29,Baixo
MUN_028,Uberlândia,MG,41,19.87,23.95,46.76,16.19,0.436,5.02,743.2,1868756,156.5,46.9,2372,126.95,Baixo
MUN_028,Uberlândia,MG,42,14.6,24.16,47.29,22.22,0.605,0.0,743.2,1868756,156.5,46.9,615,32.96,Baixo
MUN_028,Uberlândia,MG,43,25.47,33.45,65.97,2.52,0.386,2.79,743.2,1868756,156.5,46.9,2720,145.57,Baixo
MUN_028,Uberlândia,MG,44,11.15,21.08,46.27,23.58,0.356,8.2,743.2,1868756,156.5,46.9,985,52.73,Baixo
MUN_028,Uberlândia,MG,45,16.1,24.11,56.4,12.69,0.266,0.0,743.2,1868756,156.5,46.9,1462,78.24,Baixo
MUN_028,Uberlândia,MG,46,13.85,20.24,75.17,6.09,0.293,6.65,743.2,1868756,156.5,46.9,2871,153.68,Baixo
MUN_028,Uberlândia,MG,47,20.74,23.46,48.13,11.64,0.307,5.5,743.2,1868756,156.5,46.9,1014,54.29,Baixo
MUN_028,Uberlândia,MG,48,15.28,21.27,60.36,42.68,0.385,5.11,743.2,1868756,156.5,46.9,4483,239.94,Medio
MUN_028,Uberlândia,MG,49,20.52,25.53,65.88,11.56,0.386,0.0,743.2,1868756,156.5,46.9,1333,71.35,Baixo
MUN_028,Uberlândia,MG,50,19.51,25.4,62.61,7.18,0.318,5.33,743.2,1868756,156.5,46.9,2291,122.62,Baixo
MUN_029,Contagem,MG,1,18.92,23.47,60.72,37.26,0.201,6.26,714.7,91087,102.8,46.1,119,131.68,Baixo
MUN_029,Contagem,MG,2,19.77,24.77,73.1,1.3,0.352,2.2,714.7,91087,102.8,46.1,199,219.48,Medio
MUN_029,Contagem,MG,3,14.68,24.35,84.92,11.79,0.271,0.0,714.7,91087,102.8,46.1,57,62.83,Baixo
MUN_029,Contagem,MG,4,13.95,22.75,61.38,9.08,0.248,0.0,714.7,91087,102.8,46.1,149,164.48,Medio
MUN_029,Contagem,MG,5,21.32,25.39,45.3,156.61,0.548,13.59,714.7,91087,102.8,46.1,301,330.74,Alto
MUN_029,Contagem,MG,6,20.71,28.12,71.27,76.33,0.261,8.86,714.7,91087,102.8,46.1,190,209.28,Medio
MUN_029,Contagem,MG,7,21.55,28.75,67.0,55.25,0.446,9.71,714.7,91087,102.8,46.1,196,215.49,Medio
MUN_029,Contagem,MG,8,26.27,36.05,92.35,188.43,0.367,15.83,714.7,91087,102.8,46.1,190,208.81,Medio
MUN_029,Contagem,MG,9,21.0,25.66,92.93,124.23,0.465,9.62,714.7,91087,102.8,46.1,156,171.92,Medio
MUN_029,Contagem,MG,10,22.23,32.66,55.61,0.04,0.558,0.0,714.7,91087,102.8,46.1,56,61.61,Baixo
MUN_029,Contagem,MG,11,21.35,27.88,72.24,10.81,0.71,5.02,714.7,91087,102.8,46.1,33,36.56,Baixo
MUN_029,Contagem,MG,12,31.19,37.17,100.0,158.75,0.458,12.82,714.7,91087,102.8,46.1,266,292.27,Alto
MUN_029,Contagem,MG,13,22.12,31.45,73.66,72.45,0.553,3.8,714.7,91087,102.8,46.1,316,346.93,Alto
MUN_029,Contagem,MG,14,26.62,35.4,64.67,38.27,0.78,10.7,714.7,91087,102.8,46.1,360,395.95,Alto
MUN_029,Contagem,MG,15,22.25,27.69,87.84,223.28,0.58,11.46,714.7,91087,102.8,46.1,240,263.79,Alto
MUN_029,Contagem,MG,16,28.49,38.7,86.75,22.18,0.357,0.0,714.7,91087,102.8,46.1,285,312.95,Alto
MUN_029,Contagem,MG,17,29.29,34.6,90.27,122.91,0.633,1.22,714.7,91087,102.8,46.1,245,269.95,Alto
MUN_029,Contagem,MG,18,26.63,31.71,94.91,25.67,0.779,4.36,714.7,91087,102.8,46.1,229,251.81,Alto
MUN_029,Contagem,MG,19,21.82,30.56,58.46,38.72,0.414,6.31,714.7,91087,102.8,46.1,266,292.72,Alto
MUN_029,Contagem,MG,20,23.82,33.33,88.04,88.29,0.582,7.95,714.7,91087,102.8,46.1,374,411.63,Alto
MUN_029,Contagem,MG,21,23.03,25.79,78.7,80.88,0.603,4.34,714.7,91087,102.8,46.1,435,478.45,Alto
MUN_029,Contagem,MG,22,36.56,44.73,100.0,66.29,0.505,9.39,714.7,91087,102.8,46.1,339,373.23,Alto
MUN_029,Contagem,MG,23,25.2,29.49,92.81,90.06,0.593,13.8,714.7,91087,102.8,46.1,420,461.28,Alto
MUN_029,Contagem,MG,24,22.43,30.03,52.14,50.58,0.383,5.52,714.7,91087,102.8,46.1,301,331.17,Alto
MUN_029,Contagem,MG,25,21.29,26.63,62.09,14.31,0.522,7.61,714.7,91087,102.8,46.1,176,193.27,Medio
MUN_029,Contagem,MG,26,24.06,34.28,61.83,108.79,0.289,10.23,714.7,91087,102.8,46.1,172,189.21,Medio
MUN_029,Contagem,MG,27,17.25,26.18,78.79,19.16,0.513,6.38,714.7,91087,102.8,46.1,123,135.68,Baixo
MUN_029,Contagem,MG,28,22.41,28.46,81.83,35.83,0.434,5.21,714.7,91087,102.8,46.1,217,238.62,Medio
MUN_029,Contagem,MG,29,19.25,26.68,64.49,6.32,0.456,5.45,714.7,91087,102.8,46.1,219,241.47,Medio
MUN_029,Contagem,MG,30,14.93,20.94,59.66,2.93,0.243,0.0,714.7,91087,102.8,46.1,70,77.45,Baixo
MUN_029,Contagem,MG,31,20.8,24.32,62.68,6.82,0.276,0.99,714.7,91087,102.8,46.1,101,111.39,Baixo
MUN_029,Contagem,MG,32,10.0,17.15,53.56,10.9,0.528,3.77,714.7,91087,102.8,46.1,85,93.52,Baixo
MUN_029,Contagem,MG,33,11.35,16.95,61.85,31.31,0.189,2.87,714.7,91087,102.8,46.1,89,97.76,Baixo
MUN_029,Contagem,MG,34,16.19,21.49,57.92,1.38,0.224,1.54,714.7,91087,102.8,46.1,188,206.83,Medio
MUN_029,Contagem,MG,35,22.81,27.58,52.23,7.12,0.398,0.3,714.7,91087,102.8,46.1,138,151.79,Baixo
MUN_029,Contagem,MG,36,19.56,22.82,68.26,19.86,0.478,0.0,714.7,91087,102.8,46.1,117,128.96,Baixo
MUN_029,Contagem,MG,37,16.75,26.69,91.71,2.59,0.49,5.93,714.7,91087,102.8,46.1,236,259.51,Alto
MUN_029,Contagem,MG,38,15.91,22.54,57.81,21.01,0.335,9.8,714.7,91087,102.8,46.1,183,200.97,Medio
MUN_029,Contagem,MG,39,12.9,22.03,81.92,2.75,0.36,2.48,714.7,91087,102.8,46.1,175,192.69,Medio
MUN_029,Contagem,MG,40,15.95,25.65,29.4,48.86,0.282,5.94,714.7,91087,102.8,46.1,223,245.02,Medio
MUN_029,Contagem,MG,41,18.37,26.44,62.47,19.77,0.318,7.26,714.7,91087,102.8,46.1,112,123.64,Baixo
MUN_029,Contagem,MG,42,19.6,23.74,62.43,3.38,0.314,1.35,714.7,91087,102.8,46.1,235,258.43,Alto
MUN_029,Contagem,MG,43,19.26,26.38,54.47,19.88,0.38,5.36,714.7,91087,102.8,46.1,129,141.85,Baixo
MUN_029,Contagem,MG,44,18.46,23.6,82.84,1.78,0.161,0.0,714.7,91087,102.8,46.1,217,239.27,Medio
MUN_029,Contagem,MG,45,13.74,22.5,70.77,2.02,0.385,5.59,714.7,91087,102.8,46.1,155,170.31,Medio
MUN_029,Contagem,MG,46,16.0,23.59,74.42,1.69,0.294,0.0,714.7,91087,102.8,46.1,99,108.92,Baixo
MUN_029,Contagem,MG,47,16.37,21.44,59.07,15.22,0.197,7.88,714.7,91087,102.8,46.1,155,170.73,Medio
MUN_029,Contagem,MG,48,20.34,30.75,61.71,8.07,0.393,10.75,714.7,91087,102.8,46.1,221,243.64,Medio
MUN_029,Contagem,MG,49,10.0,17.44,56.6,7.33,0.459,1.61,714.7,91087,102.8,46.1,90,99.26,Baixo
MUN_029,Contagem,MG,50,15.27,25.73,76.9,3.21,0.445,2.63,714.7,91087,102.8,46.1,116,128.32,Baixo
MUN_030,Sorocaba,SP,1,10.0,20.27,53.2,62.48,0.302,0.0,1035.4,2320227,49.0,86.7,6403,276.0,Alto
MUN_030,Sorocaba,SP,2,14.62,21.47,64.52,11.65,0.326,0.0,1035.4,2320227,49.0,86.7,2166,93.38,Baixo
MUN_030,Sorocaba,SP,3,14.49,21.52,64.68,24.47,0.354,6.07,1035.4,2320227,49.0,86.7,2048,88.31,Baixo
MUN_030,Sorocaba,SP,4,15.93,18.47,69.58,6.08,0.367,6.72,1035.4,2320227,49.0,86.7,2691,115.99,Baixo
MUN_030,Sorocaba,SP,5,22.39,27.94,55.01,96.37,0.41,8.85,1035.4,2320227,49.0,86.7,2833,122.12,Baixo
MUN_030,Sorocaba,SP,6,14.22,18.28,49.57,41.95,0.254,0.67,1035.4,2320227,49.0,86.7,3822,164.75,Medio
MUN_030,Sorocaba,SP,7,18.87,25.47,64.35,37.31,0.254,4.69,1035.4,2320227,49.0,86.7,5743,247.55,Medio
MUN_030,Sorocaba,SP,8,18.71,23.55,94.25,15.92,0.38,6.55,1035.4,2320227,49.0,86.7,2898,124.94,Baixo
MUN_030,Sorocaba,SP,9,18.26,25.14,84.72,17.46,0.604,0.0,1035.4,2320227,49.0,86.7,2185,94.2,Baixo
MUN_030,Sorocaba,SP,10,26.04,31.01,79.79,36.84,0.424,9.79,1035.4,2320227,49.0,86.7,6021,259.53,Alto
MUN_030,Sorocaba,SP,11,19.79,30.05,67.34,124.89,0.476,9.65,1035.4,2320227,49.0,86.7,3997,172.31,Medio
MUN_030,Sorocaba,SP,12,20.67,23.62,63.97,55.02,0.594,3.75,1035.4,2320227,49.0,86.7,1282,55.29,Baixo
MUN_030,Sorocaba,SP,13,31.43,36.14,64.65,187.83,0.375,11.48,1035.4,2320227,49.0,86.7,5361,231.09,Medio
MUN_030,Sorocaba,SP,14,23.91,31.07,75.97,11.03,0.685,4.4,1035.4,2320227,49.0,86.7,4622,199.21,Medio
MUN_030,Sorocaba,SP,15,22.08,25.05,100.0,76.48,0.515,1.27,1035.4,2320227,49.0,86.7,4299,185.29,Medio
MUN_030,Sorocaba,SP,16,24.71,30.35,76.33,12.07,0.746,1.41,1035.4,2320227,49.0,86.7,5108,220.18,Medio
MUN_030,Sorocaba,SP,17,24.55,34.97,83.0,25.93,0.421,0.0,1035.4,2320227,49.0,86.7,6251,269.43,Alto
MUN_030,Sorocaba,SP,18,22.18,24.95,100.0,300.0,0.487,26.83,1035.4,2320227,49.0,86.7,7522,324.23,Alto
MUN_030,Sorocaba,SP,19,21.83,30.56,73.31,3.03,0.588,0.0,1035.4,2320227,49.0,86.7,4465,192.44,Medio
MUN_030,Sorocaba,SP,20,26.21,30.23,99.53,26.12,0.361,0.0,1035.4,2320227,49.0,86.7,5874,253.18,Alto
MUN_030,Sorocaba,SP,21,24.42,29.12,59.99,81.51,0.468,11.84,1035.4,2320227,49.0,86.7,6570,283.2,Alto
MUN_030,Sorocaba,SP,22,24.95,27.84,65.21,162.91,0.461,10.49,1035.4,2320227,49.0,86.7,6545,282.09,Alto
MUN_030,Sorocaba,SP,23,25.48,30.84,74.39,43.67,0.358,3.06,1035.4,2320227,49.0,86.7,5815,250.64,Alto
MUN_030,Sorocaba,SP,24,21.49,26.64,70.05,79.33,0.497,9.29,1035.4,2320227,49.0,86.7,5508,237.43,Medio
MUN_030,Sorocaba,SP,25,25.07,33.49,67.3,45.06,0.534,9.46,1035.4,2320227,49.0,86.7,6383,275.11,Alto
MUN_030,Sorocaba,SP,26,16.01,23.26,88.26,36.89,0.334,0.0,1035.4,2320227,49.0,86.7,2718,117.16,Baixo
MUN_030,Sorocaba,SP,27,20.33,22.91,87.79,26.4,0.305,7.61,1035.4,2320227,49.0,86.7,3374,145.44,Baixo
MUN_030,Sorocaba,SP,28,23.71,32.87,67.22,14.53,0.299,2.59,1035.4,2320227,49.0,86.7,4735,204.11,Medio
MUN_030,Sorocaba,SP,29,13.14,18.87,64.56,32.61,0.389,0.0,1035.4,2320227,49.0,86.7,3238,139.56,Baixo
MUN_030,Sorocaba,SP,30,20.89,28.91,58.01,0.3,0.506,3.07,1035.4,2320227,49.0,86.7,5179,223.25,Medio
MUN_030,Sorocaba,SP,31,20.05,27.54,67.17,5.73,0.378,3.16,1035.4,2320227,49.0,86.7,1937,83.49,Baixo
MUN_030,Sorocaba,SP,32,12.45,20.09,63.97,73.57,0.205,8.04,1035.4,2320227,49.0,86.7,4274,184.24,Medio
MUN_030,Sorocaba,SP,33,15.2,21.25,57.65,4.5,0.309,2.0,1035.4,2320227,49.0,86.7,3053,131.59,Baixo
MUN_030,Sorocaba,SP,34,18.53,24.85,70.31,13.87,0.391,0.0,1035.4,2320227,49.0,86.7,3372,145.37,Baixo
MUN_030,Sorocaba,SP,35,19.77,26.42,75.97,23.13,0.407,4.61,1035.4,2320227,49.0,86.7,4585,197.61,Medio
MUN_030,Sorocaba,SP,36,18.15,27.71,49.13,5.75,0.202,0.45,1035.4,2320227,49.0,86.7,2049,88.32,Baixo
MUN_030,Sorocaba,SP,37,19.4,28.46,63.58,45.43,0.34,8.62,1035.4,2320227,49.0,86.7,2708,116.75,Baixo
MUN_030,Sorocaba,SP,38,15.5,23.29,33.8,38.19,0.04,0.0,1035.4,2320227,49.0,86.7,0,0.0,Baixo
MUN_030,Sorocaba,SP,39,17.06,20.15,65.59,5.27,0.236,1.19,1035.4,2320227,49.0,86.7,376,16.23,Baixo
MUN_030,Sorocaba,SP,40,21.99,24.94,41.19,3.92,0.303,0.0,1035.4,2320227,49.0,86.7,136,5.9,Baixo
MUN_030,Sorocaba,SP,41,19.66,27.82,58.07,27.62,0.107,7.8,1035.4,2320227,49.0,86.7,2260,97.41,Baixo
MUN_030,Sorocaba,SP,42,22.99,29.2,56.65,5.84,0.03,0.8,1035.4,2320227,49.0,86.7,3481,150.03,Baixo
MUN_030,Sorocaba,SP,43,17.97,22.87,57.06,5.35,0.265,0.55,1035.4,2320227,49.0,86.7,3340,143.98,Baixo
MUN_030,Sorocaba,SP,44,21.95,30.19,75.4,24.16,0.24,0.0,1035.4,2320227,49.0,86.7,4755,204.94,Medio
MUN_030,Sorocaba,SP,45,20.52,28.22,50.95,20.47,0.382,7.13,1035.4,2320227,49.0,86.7,3878,167.17,Medio
MUN_030,Sorocaba,SP,46,14.55,22.45,47.89,18.94,0.273,3.87,1035.4,2320227,49.0,86.7,3136,135.17,Baixo
MUN_030,Sorocaba,SP,47,14.68,17.24,55.59,10.05,0.273,4.64,1035.4,2320227,49.0,86.7,987,42.55,Baixo
MUN_030,Sorocaba,SP,48,22.49,31.02,85.91,19.45,0.416,1.85,1035.4,2320227,49.0,86.7,3024,130.34,Baixo
MUN_030,Sorocaba,SP,49,21.9,26.3,63.32,1.16,0.513,4.71,1035.4,2320227,49.0,86.7,2969,127.98,Baixo
MUN_030,Sorocaba,SP,50,17.86,22.99,52.35,17.59,0.268,3.14,1035.4,2320227,49.0,86.7,4692,202.24,Medio
MUN_031,Aracaju,SE,1,22.56,29.58,52.35,13.6,0.337,0.0,22.8,2908391,19.5,66.2,3133,107.74,Baixo
MUN_031,Aracaju,SE,2,27.83,32.88,38.17,0.14,0.416,0.0,22.8,2908391,19.5,66.2,4893,168.25,Medio
MUN_031,Aracaju,SE,3,22.95,25.52,53.68,13.49,0.247,0.0,22.8,2908391,19.5,66.2,5443,187.17,Medio
MUN_031,Aracaju,SE,4,23.16,33.15,56.98,13.33,0.323,11.36,22.8,2908391,19.5,66.2,5828,200.42,Medio
MUN_031,Aracaju,SE,5,32.17,40.82,46.86,32.17,0.284,0.0,22.8,2908391,19.5,66.2,7546,259.47,Alto
MUN_031,Aracaju,SE,6,24.69,34.97,65.68,34.84,0.356,6.77,22.8,2908391,19.5,66.2,5598,192.5,Medio
MUN_031,Aracaju,SE,7,26.05,36.19,69.34,9.0,0.263,3.55,22.8,2908391,19.5,66.2,6825,234.69,Medio
MUN_031,Aracaju,SE,8,28.8,36.98,97.45,26.67,0.545,1.59,22.8,2908391,19.5,66.2,7342,252.46,Alto
MUN_031,Aracaju,SE,9,27.76,35.65,63.35,67.15,0.356,0.23,22.8,2908391,19.5,66.2,6702,230.45,Medio
MUN_031,Aracaju,SE,10,33.97,40.23,82.26,29.8,0.54,2.91,22.8,2908391,19.5,66.2,8855,304.48,Alto
MUN_031,Aracaju,SE,11,38.64,44.62,86.2,170.81,0.65,12.28,22.8,2908391,19.5,66.2,14541,500.0,Alto
MUN_031,Aracaju,SE,12,28.28,37.84,64.55,187.53,0.551,10.26,22.8,2908391,19.5,66.2,9326,320.66,Alto
MUN_031,Aracaju,SE,13,26.94,29.83,94.97,22.21,0.528,4.73,22.8,2908391,19.5,66.2,10607,364.72,Alto
MUN_031,Aracaju,SE,14,35.53,45.57,96.86,34.37,0.6,9.2,22.8,2908391,19.5,66.2,13278,456.57,Alto
MUN_031,Aracaju,SE,15,24.75,33.23,87.71,32.97,0.68,8.14,22.8,2908391,19.5,66.2,6882,236.65,Medio
MUN_031,Aracaju,SE,16,27.1,32.1,97.48,78.6,0.617,12.69,22.8,2908391,19.5,66.2,10103,347.39,Alto
MUN_031,Aracaju,SE,17,31.34,38.59,92.74,104.0,0.648,6.01,22.8,2908391,19.5,66.2,11411,392.35,Alto
MUN_031,Aracaju,SE,18,29.16,34.51,88.94,78.7,0.463,4.65,22.8,2908391,19.5,66.2,11505,395.58,Alto
MUN_031,Aracaju,SE,19,31.31,34.62,98.08,261.8,0.485,19.15,22.8,2908391,19.5,66.2,9129,313.89,Alto
MUN_031,Aracaju,SE,20,28.17,34.92,76.43,52.57,0.536,5.89,22.8,2908391,19.5,66.2,9761,335.62,Alto
MUN_031,Aracaju,SE,21,28.16,37.01,77.69,51.38,0.689,3.01,22.8,2908391,19.5,66.2,8461,290.94,Alto
MUN_031,Aracaju,SE,22,31.86,41.03,55.35,45.33,0.55,8.25,22.8,2908391,19.5,66.2,7768,267.09,Alto
MUN_031,Aracaju,SE,23,24.29,34.71,92.96,216.18,0.254,23.18,22.8,2908391,19.5,66.2,9412,323.64,Alto
MUN_031,Aracaju,SE,24,33.74,37.0,71.67,59.09,0.605,5.55,22.8,2908391,19.5,66.2,11119,382.31,Alto
MUN_031,Aracaju,SE,25,35.45,43.99,54.79,52.25,0.438,0.81,22.8,2908391,19.5,66.2,10437,358.87,Alto
MUN_031,Aracaju,SE,26,33.65,39.01,58.54,11.71,0.405,0.0,22.8,2908391,19.5,66.2,9394,323.03,Alto
MUN_031,Aracaju,SE,27,27.05,30.67,70.82,38.53,0.161,0.45,22.8,2908391,19.5,66.2,9349,321.46,Alto
MUN_031,Aracaju,SE,28,25.7,33.91,72.61,78.05,0.657,6.51,22.8,2908391,19.5,66.2,11104,381.8,Alto
MUN_031,Aracaju,SE,29,29.79,32.22,59.85,69.67,0.03,13.77,22.8,2908391,19.5,66.2,9761,335.64,Alto
MUN_031,Aracaju,SE,30,21.95,27.13,64.09,2.71,0.399,4.97,22.8,2908391,19.5,66.2,8320,286.08,Alto
MUN_031,Aracaju,SE,31,21.91,30.07,54.81,2.71,0.252,9.43,22.8,2908391,19.5,66.2,4781,164.4,Medio
MUN_031,Aracaju,SE,32,22.57,31.62,64.46,11.69,0.413,7.43,22.8,2908391,19.5,66.2,5395,185.53,Medio
MUN_031,Aracaju,SE,33,22.58,31.33,43.21,25.09,0.172,6.37,22.8,2908391,19.5,66.2,4631,159.24,Medio
MUN_031,Aracaju,SE,34,20.05,27.43,74.66,14.27,0.307,5.21,22.8,2908391,19.5,66.2,5475,188.25,Medio
MUN_031,Aracaju,SE,35,24.44,34.2,92.33,4.09,0.491,7.95,22.8,2908391,19.5,66.2,4658,160.17,Medio
MUN_031,Aracaju,SE,36,23.01,26.81,64.16,58.98,0.27,6.73,22.8,2908391,19.5,66.2,9451,324.96,Alto
MUN_031,Aracaju,SE,37,32.28,38.37,70.95,30.56,0.343,4.73,22.8,2908391,19.5,66.2,6323,217.43,Medio
MUN_031,Aracaju,SE,38,19.13,25.44,59.17,2.35,0.154,0.0,22.8,2908391,19.5,66.2,7701,264.8,Alto
MUN_031,Aracaju,SE,39,26.8,36.97,78.65,4.04,0.384,0.0,22.8,2908391,19.5,66.2,7055,242.58,Medio
MUN_031,Aracaju,SE,40,24.59,35.02,63.44,10.75,0.304,0.0,22.8,2908391,19.5,66.2,8352,287.19,Alto
MUN_031,Aracaju,SE,41,27.62,30.4,79.04,0.85,0.217,2.66,22.8,2908391,19.5,66.2,3921,134.85,Baixo
MUN_031,Aracaju,SE,42,28.47,34.85,74.89,6.98,0.252,5.04,22.8,2908391,19.5,66.2,7385,253.95,Alto
MUN_031,Aracaju,SE,43,23.31,31.28,71.77,0.51,0.427,0.0,22.8,2908391,19.5,66.2,7771,267.22,Alto
MUN_031,Aracaju,SE,44,25.94,28.08,83.48,5.41,0.302,0.0,22.8,2908391,19.5,66.2,8661,297.81,Alto
MUN_031,Aracaju,SE,45,24.48,28.84,72.75,27.42,0.052,1.99,22.8,2908391,19.5,66.2,6684,229.84,Medio
MUN_031,Aracaju,SE,46,18.61,21.75,66.08,12.72,0.212,0.0,22.8,2908391,19.5,66.2,8519,292.94,Alto
MUN_031,Aracaju,SE,47,23.45,28.27,40.12,36.14,0.121,7.74,22.8,2908391,19.5,66.2,8954,307.87,Alto
MUN_031,Aracaju,SE,48,27.32,34.18,70.34,6.05,0.376,0.0,22.8,2908391,19.5,66.2,8934,307.21,Alto
MUN_031,Aracaju,SE,49,26.67,34.2,64.18,2.94,0.296,2.08,22.8,2908391,19.5,66.2,10490,360.7,Alto
MUN_031,Aracaju,SE,50,30.93,40.5,69.43,40.38,0.454,4.0,22.8,2908391,19.5,66.2,4858,167.05,Medio
MUN_032,Feira de Santana,BA,1,25.26,29.4,61.49,0.84,0.275,0.0,54.2,1430804,65.8,93.7,1358,94.92,Baixo
MUN_032,Feira de Santana,BA,2,26.96,34.72,58.31,13.64,0.397,3.34,54.2,1430804,65.8,93.7,1356,94.81,Baixo
MUN_032,Feira de Santana,BA,3,26.86,29.2,61.19,8.78,0.535,5.95,54.2,1430804,65.8,93.7,3060,213.87,Medio
MUN_032,Feira de Santana,BA,4,23.2,28.47,45.5,10.82,0.102,0.0,54.2,1430804,65.8,93.7,1364,95.39,Baixo
MUN_032,Feira de Santana,BA,5,22.07,26.07,70.06,18.04,0.287,1.71,54.2,1430804,65.8,93.7,2574,179.96,Medio
MUN_032,Feira de Santana,BA,6,23.89,25.93,61.61,18.53,0.482,0.42,54.2,1430804,65.8,93.7,2635,184.18,Medio
MUN_032,Feira de Santana,BA,7,25.31,31.54,42.46,24.24,0.541,9.21,54.2,1430804,65.8,93.7,2124,148.47,Baixo
MUN_032,Feira de Santana,BA,8,26.96,36.8,40.35,14.43,0.584,1.52,54.2,1430804,65.8,93.7,3135,219.11,Medio
MUN_032,Feira de Santana,BA,9,36.8,46.0,54.01,72.12,0.193,4.32,54.2,1430804,65.8,93.7,5121,357.92,Alto
MUN_032,Feira de Santana,BA,10,26.42,34.22,72.3,2.22,0.641,0.0,54.2,1430804,65.8,93.7,3153,220.39,Medio
MUN_032,Feira de Santana,BA,11,32.36,38.61,72.91,60.42,0.605,9.67,54.2,1430804,65.8,93.7,5192,362.89,Alto
MUN_032,Feira de Santana,BA,12,32.51,38.22,74.81,164.01,0.604,19.04,54.2,1430804,65.8,93.7,5321,371.9,Alto
MUN_032,Feira de Santana,BA,13,31.9,36.1,86.1,176.65,0.497,17.49,54.2,1430804,65.8,93.7,5647,394.68,Alto
MUN_032,Feira de Santana,BA,14,27.34,32.84,85.66,7.45,0.584,0.0,54.2,1430804,65.8,93.7,1970,137.71,Baixo
MUN_032,Feira de Santana,BA,15,35.5,40.54,92.89,222.08,0.451,19.01,54.2,1430804,65.8,93.7,4910,343.22,Alto
MUN_032,Feira de Santana,BA,16,36.0,45.31,96.91,12.72,0.551,0.0,54.2,1430804,65.8,93.7,4820,336.89,Alto
MUN_032,Feira de Santana,BA,17,29.11,34.4,69.0,130.24,0.593,8.78,54.2,1430804,65.8,93.7,6213,434.28,Alto
MUN_032,Feira de Santana,BA,18,34.54,39.75,92.16,3.3,0.526,0.0,54.2,1430804,65.8,93.7,5208,364.0,Alto
MUN_032,Feira de Santana,BA,19,36.09,39.83,64.58,50.2,0.664,5.45,54.2,1430804,65.8,93.7,3184,222.55,Medio
MUN_032,Feira de Santana,BA,20,33.16,43.03,100.0,2.76,0.441,0.0,54.2,1430804,65.8,93.7,6129,428.42,Alto
MUN_032,Feira de Santana,BA,21,29.4,34.87,60.64,19.06,0.545,5.88,54.2,1430804,65.8,93.7,4613,322.41,Alto
MUN_032,Feira de Santana,BA,22,29.89,32.3,88.52,8.27,0.487,0.0,54.2,1430804,65.8,93.7,1857,129.79,Baixo
MUN_032,Feira de Santana,BA,23,36.41,46.0,62.78,4.48,0.512,7.12,54.2,1430804,65.8,93.7,3252,227.35,Medio
MUN_032,Feira de Santana,BA,24,29.76,32.66,81.72,194.82,0.439,14.44,54.2,1430804,65.8,93.7,4173,291.71,Alto
MUN_032,Feira de Santana,BA,25,32.06,34.98,92.37,90.34,0.498,1.8,54.2,1430804,65.8,93.7,3399,237.58,Medio
MUN_032,Feira de Santana,BA,26,26.66,37.0,68.39,47.98,0.521,0.0,54.2,1430804,65.8,93.7,1748,122.23,Baixo
MUN_032,Feira de Santana,BA,27,23.72,30.45,59.68,45.01,0.483,4.85,54.2,1430804,65.8,93.7,2954,206.48,Medio
MUN_032,Feira de Santana,BA,28,28.04,33.25,48.06,23.61,0.192,5.45,54.2,1430804,65.8,93.7,4052,283.23,Alto
MUN_032,Feira de Santana,BA,29,23.95,28.41,59.08,29.52,0.339,6.45,54.2,1430804,65.8,93.7,2496,174.5,Medio
MUN_032,Feira de Santana,BA,30,20.46,23.56,51.84,3.55,0.559,0.0,54.2,1430804,65.8,93.7,2317,161.94,Medio
MUN_032,Feira de Santana,BA,31,23.52,26.1,56.87,22.91,0.274,3.69,54.2,1430804,65.8,93.7,1246,87.14,Baixo
MUN_032,Feira de Santana,BA,32,21.39,29.47,60.43,12.36,0.358,0.59,54.2,1430804,65.8,93.7,2677,187.1,Medio
MUN_032,Feira de Santana,BA,33,25.75,33.81,46.89,50.86,0.41,0.0,54.2,1430804,65.8,93.7,2268,158.52,Medio
MUN_032,Feira de Santana,BA,34,29.01,39.11,54.69,44.37,0.391,9.68,54.2,1430804,65.8,93.7,2378,166.24,Medio
MUN_032,Feira de Santana,BA,35,22.53,29.85,71.61,1.33,0.301,0.0,54.2,1430804,65.8,93.7,1325,92.66,Baixo
MUN_032,Feira de Santana,BA,36,19.79,24.61,53.56,11.98,0.626,0.0,54.2,1430804,65.8,93.7,2164,151.25,Baixo
MUN_032,Feira de Santana,BA,37,31.44,41.89,68.22,89.44,0.449,8.81,54.2,1430804,65.8,93.7,2516,175.88,Medio
MUN_032,Feira de Santana,BA,38,22.36,31.65,47.43,0.27,0.27,0.0,54.2,1430804,65.8,93.7,3188,222.82,Medio
MUN_032,Feira de Santana,BA,39,24.65,27.02,59.96,2.71,0.397,0.92,54.2,1430804,65.8,93.7,2039,142.54,Baixo
MUN_032,Feira de Santana,BA,40,25.35,32.44,58.92,14.41,0.376,7.71,54.2,1430804,65.8,93.7,2890,202.02,Medio
MUN_032,Feira de Santana,BA,41,25.45,35.54,65.89,1.88,0.086,4.16,54.2,1430804,65.8,93.7,3156,220.61,Medio
MUN_032,Feira de Santana,BA,42,25.0,29.66,81.7,2.91,0.444,3.09,54.2,1430804,65.8,93.7,1696,118.59,Baixo
MUN_032,Feira de Santana,BA,43,24.81,26.86,59.0,75.33,0.299,6.15,54.2,1430804,65.8,93.7,3049,213.14,Medio
MUN_032,Feira de Santana,BA,44,23.83,26.47,56.04,2.07,0.332,5.89,54.2,1430804,65.8,93.7,3251,227.25,Medio
MUN_032,Feira de Santana,BA,45,31.63,38.53,62.09,10.59,0.437,4.42,54.2,1430804,65.8,93.7,3182,222.42,Medio
MUN_032,Feira de Santana,BA,46,25.02,32.78,42.78,31.79,0.444,1.54,54.2,1430804,65.8,93.7,3771,263.59,Alto
MUN_032,Feira de Santana,BA,47,21.61,24.1,56.61,27.71,0.176,7.93,54.2,1430804,65.8,93.7,2521,176.25,Medio
MUN_032,Feira de Santana,BA,48,21.18,23.51,73.59,12.62,0.416,6.64,54.2,1430804,65.8,93.7,3774,263.81,Alto
MUN_032,Feira de Santana,BA,49,27.22,34.23,48.17,0.21,0.43,1.91,54.2,1430804,65.8,93.7,3059,213.84,Medio
MUN_032,Feira de Santana,BA,50,19.13,28.74,31.56,10.31,0.462,4.03,54.2,1430804,65.8,93.7,1874,130.98,Baixo
MUN_033,Cuiabá,MT,1,33.49,41.55,59.99,15.39,0.246,0.0,260.6,2252809,524.3,80.3,537,23.85,Baixo
MUN_033,Cuiabá,MT,2,23.75,28.88,51.27,9.63,0.363,0.41,260.6,2252809,524.3,80.3,1796,79.74,Baixo
MUN_033,Cuiabá,MT,3,27.37,30.43,61.4,8.94,0.297,0.54,260.6,2252809,524.3,80.3,3704,164.43,Medio
MUN_033,Cuiabá,MT,4,22.81,28.58,52.1,10.98,0.247,1.16,260.6,2252809,524.3,80.3,3247,144.15,Baixo
MUN_033,Cuiabá,MT,5,20.54,24.42,66.09,6.29,0.339,4.92,260.6,2252809,524.3,80.3,840,37.32,Baixo
MUN_033,Cuiabá,MT,6,22.13,27.47,91.38,21.75,0.324,1.29,260.6,2252809,524.3,80.3,3467,153.91,Baixo
MUN_033,Cuiabá,MT,7,30.21,34.61,71.38,92.12,0.211,0.0,260.6,2252809,524.3,80.3,3766,167.21,Medio
MUN_033,Cuiabá,MT,8,26.09,29.14,80.53,95.09,0.338,2.52,260.6,2252809,524.3,80.3,3530,156.71,Medio
MUN_033,Cuiabá,MT,9,25.22,29.28,49.82,223.32,0.677,11.2,260.6,2252809,524.3,80.3,4085,181.35,Medio
MUN_033,Cuiabá,MT,10,23.53,25.54,56.91,182.89,0.282,13.43,260.6,2252809,524.3,80.3,7182,318.82,Alto
MUN_033,Cuiabá,MT,11,32.22,40.05,78.92,38.75,0.616,8.12,260.6,2252809,524.3,80.3,5266,233.76,Medio
MUN_033,Cuiabá,MT,12,35.28,39.1,79.78,56.0,0.533,2.04,260.6,2252809,524.3,80.3,7481,332.11,Alto
MUN_033,Cuiabá,MT,13,27.56,31.2,79.88,300.0,0.388,27.48,260.6,2252809,524.3,80.3,7652,339.68,Alto
MUN_033,Cuiabá,MT,14,33.77,39.98,77.47,63.31,0.465,10.67,260.6,2252809,524.3,80.3,4566,202.71,Medio
MUN_033,Cuiabá,MT,15,29.52,39.1,66.24,61.95,0.592,2.0,260.6,2252809,524.3,80.3,5877,260.89,Alto
MUN_033,Cuiabá,MT,16,36.92,40.56,76.64,47.06,0.434,1.14,260.6,2252809,524.3,80.3,7315,324.71,Alto
MUN_033,Cuiabá,MT,17,28.65,36.9,80.42,287.94,0.765,21.54,260.6,2252809,524.3,80.3,6160,273.47,Alto
MUN_033,Cuiabá,MT,18,30.91,36.93,73.43,300.0,0.69,25.0,260.6,2252809,524.3,80.3,10362,459.97,Alto
MUN_033,Cuiabá,MT,19,34.2,39.45,75.79,139.78,0.567,9.34,260.6,2252809,524.3,80.3,7102,315.29,Alto
MUN_033,Cuiabá,MT,20,34.39,43.18,70.23,159.87,0.666,8.86,260.6,2252809,524.3,80.3,5393,239.42,Medio
MUN_033,Cuiabá,MT,21,34.98,42.53,92.28,29.24,0.55,7.38,260.6,2252809,524.3,80.3,6055,268.8,Alto
MUN_033,Cuiabá,MT,22,29.37,33.3,63.23,37.73,0.345,16.23,260.6,2252809,524.3,80.3,4594,203.94,Medio
MUN_033,Cuiabá,MT,23,30.73,33.97,90.39,29.76,0.381,6.51,260.6,2252809,524.3,80.3,7250,321.83,Alto
MUN_033,Cuiabá,MT,24,30.62,33.26,72.89,0.23,0.685,7.92,260.6,2252809,524.3,80.3,2913,129.32,Baixo
MUN_033,Cuiabá,MT,25,32.37,39.45,87.59,14.31,0.502,10.84,260.6,2252809,524.3,80.3,4422,196.32,Medio
MUN_033,Cuiabá,MT,26,16.52,22.01,72.1,91.67,0.418,4.42,260.6,2252809,524.3,80.3,3482,154.59,Baixo
MUN_033,Cuiabá,MT,27,22.66,29.76,78.08,53.4,0.534,0.0,260.6,2252809,524.3,80.3,3910,173.58,Medio
MUN_033,Cuiabá,MT,28,22.81,29.51,63.91,8.42,0.351,1.52,260.6,2252809,524.3,80.3,902,40.05,Baixo
MUN_033,Cuiabá,MT,29,25.34,29.7,43.69,16.07,0.444,0.0,260.6,2252809,524.3,80.3,3734,165.77,Medio
MUN_033,Cuiabá,MT,30,22.77,28.48,18.0,6.88,0.531,3.29,260.6,2252809,524.3,80.3,1879,83.45,Baixo
MUN_033,Cuiabá,MT,31,25.95,31.8,31.13,37.16,0.336,5.82,260.6,2252809,524.3,80.3,3104,137.82,Baixo
MUN_033,Cuiabá,MT,32,24.68,30.23,60.6,3.37,0.139,5.49,260.6,2252809,524.3,80.3,2175,96.57,Baixo
MUN_033,Cuiabá,MT,33,19.04,21.89,38.91,16.79,0.322,10.29,260.6,2252809,524.3,80.3,413,18.35,Baixo
MUN_033,Cuiabá,MT,34,21.0,28.28,63.02,2.02,0.557,8.27,260.6,2252809,524.3,80.3,920,40.85,Baixo
MUN_033,Cuiabá,MT,35,20.52,26.86,63.42,4.77,0.448,3.56,260.6,2252809,524.3,80.3,1314,58.33,Baixo
MUN_033,Cuiabá,MT,36,25.24,27.85,57.98,10.2,0.396,0.0,260.6,2252809,524.3,80.3,2159,95.85,Baixo
MUN_033,Cuiabá,MT,37,18.76,29.22,59.49,24.03,0.068,3.59,260.6,2252809,524.3,80.3,2639,117.18,Baixo
MUN_033,Cuiabá,MT,38,25.9,32.24,58.07,10.39,0.197,0.0,260.6,2252809,524.3,80.3,3142,139.49,Baixo
MUN_033,Cuiabá,MT,39,24.85,35.11,37.69,3.26,0.03,1.35,260.6,2252809,524.3,80.3,2050,91.03,Baixo
MUN_033,Cuiabá,MT,40,25.21,27.59,70.02,1.22,0.131,0.0,260.6,2252809,524.3,80.3,1528,67.86,Baixo
MUN_033,Cuiabá,MT,41,27.15,37.09,71.87,5.05,0.39,5.53,260.6,2252809,524.3,80.3,2242,99.53,Baixo
MUN_033,Cuiabá,MT,42,28.9,31.6,71.35,5.61,0.211,0.0,260.6,2252809,524.3,80.3,1705,75.72,Baixo
MUN_033,Cuiabá,MT,43,26.42,29.89,71.64,13.21,0.435,3.19,260.6,2252809,524.3,80.3,2182,96.89,Baixo
MUN_033,Cuiabá,MT,44,20.67,28.01,71.98,27.28,0.265,1.5,260.6,2252809,524.3,80.3,1517,67.36,Baixo
MUN_033,Cuiabá,MT,45,26.18,34.85,65.14,5.75,0.191,7.18,260.6,2252809,524.3,80.3,674,29.93,Baixo
MUN_033,Cuiabá,MT,46,22.71,27.73,69.14,15.12,0.317,0.0,260.6,2252809,524.3,80.3,2468,109.57,Baixo
MUN_033,Cuiabá,MT,47,26.55,30.65,68.47,23.49,0.174,0.0,260.6,2252809,524.3,80.3,2731,121.26,Baixo
MUN_033,Cuiabá,MT,48,22.82,29.38,76.48,2.8,0.03,0.0,260.6,2252809,524.3,80.3,2802,124.41,Baixo
MUN_033,Cuiabá,MT,49,20.28,30.75,63.6,29.17,0.308,0.0,260.6,2252809,524.3,80.3,881,39.11,Baixo
MUN_033,Cuiabá,MT,50,24.45,28.77,55.15,16.48,0.419,0.0,260.6,2252809,524.3,80.3,3602,159.9,Medio
MUN_034,Joinville,SC,1,19.9,29.46,48.82,11.12,0.158,0.0,134.7,1459626,48.3,62.3,1936,132.67,Baixo
MUN_034,Joinville,SC,2,25.61,28.37,65.64,12.48,0.237,0.0,134.7,1459626,48.3,62.3,2597,177.95,Medio
MUN_034,Joinville,SC,3,24.9,31.0,44.05,25.82,0.342,0.0,134.7,1459626,48.3,62.3,1498,102.69,Baixo
MUN_034,Joinville,SC,4,18.91,23.82,49.38,37.02,0.309,4.81,134.7,1459626,48.3,62.3,1165,79.88,Baixo
MUN_034,Joinville,SC,5,25.46,31.97,46.86,6.85,0.358,0.23,134.7,1459626,48.3,62.3,2276,155.99,Baixo
MUN_034,Joinville,SC,6,17.07,26.67,70.57,1.04,0.467,5.96,134.7,1459626,48.3,62.3,2173,148.91,Baixo
MUN_034,Joinville,SC,7,19.7,26.09,59.21,51.39,0.448,11.13,134.7,1459626,48.3,62.3,4321,296.1,Alto
MUN_034,Joinville,SC,8,22.19,31.95,64.06,55.31,0.618,7.28,134.7,1459626,48.3,62.3,2479,169.88,Medio
MUN_034,Joinville,SC,9,31.0,36.57,51.1,10.09,0.577,5.17,134.7,1459626,48.3,62.3,2332,159.82,Medio
MUN_034,Joinville,SC,10,24.17,32.09,91.08,35.73,0.31,3.64,134.7,1459626,48.3,62.3,3026,207.35,Medio
MUN_034,Joinville,SC,11,29.88,38.07,86.16,47.78,0.299,11.52,134.7,1459626,48.3,62.3,4450,304.89,Alto
MUN_034,Joinville,SC,12,23.03,30.35,63.41,17.23,0.588,7.44,134.7,1459626,48.3,62.3,4395,301.11,Alto
MUN_034,Joinville,SC,13,34.08,40.9,77.63,65.31,0.451,4.94,134.7,1459626,48.3,62.3,6098,417.82,Alto
MUN_034,Joinville,SC,14,28.03,35.19,85.51,23.94,0.54,1.44,134.7,1459626,48.3,62.3,3164,216.78,Medio
MUN_034,Joinville,SC,15,26.29,28.83,91.12,5.52,0.636,0.0,134.7,1459626,48.3,62.3,3790,259.68,Alto
MUN_034,Joinville,SC,16,35.18,42.72,78.88,136.81,0.574,2.9,134.7,1459626,48.3,62.3,4449,304.82,Alto
MUN_034,Joinville,SC,17,36.17,40.28,69.44,40.84,0.598,5.99,134.7,1459626,48.3,62.3,4704,322.29,Alto
MUN_034,Joinville,SC,18,33.05,38.93,77.21,292.79,0.537,14.47,134.7,1459626,48.3,62.3,6796,465.65,Alto
MUN_034,Joinville,SC,19,22.53,26.18,79.19,30.74,0.766,9.67,134.7,1459626,48.3,62.3,4277,293.05,Alto
MUN_034,Joinville,SC,20,24.44,33.22,79.77,146.76,0.528,0.0,134.7,1459626,48.3,62.3,5260,360.4,Alto
MUN_034,Joinville,SC,21,23.0,26.88,82.92,3.12,0.669,0.09,134.7,1459626,48.3,62.3,4249,291.13,Alto
MUN_034,Joinville,SC,22,28.83,36.12,71.34,170.29,0.356,9.45,134.7,1459626,48.3,62.3,5149,352.82,Alto
MUN_034,Joinville,SC,23,23.32,32.35,90.3,87.11,0.384,1.89,134.7,1459626,48.3,62.3,5277,361.55,Alto
MUN_034,Joinville,SC,24,20.12,28.99,75.24,48.1,0.623,2.87,134.7,1459626,48.3,62.3,2675,183.29,Medio
MUN_034,Joinville,SC,25,25.89,35.02,100.0,129.6,0.487,5.08,134.7,1459626,48.3,62.3,3237,221.78,Medio
MUN_034,Joinville,SC,26,28.27,35.31,64.66,300.0,0.317,14.88,134.7,1459626,48.3,62.3,4775,327.19,Alto
MUN_034,Joinville,SC,27,24.12,31.56,64.71,7.74,0.339,0.0,134.7,1459626,48.3,62.3,4218,288.98,Alto
MUN_034,Joinville,SC,28,25.32,30.09,65.3,7.13,0.506,2.52,134.7,1459626,48.3,62.3,3049,208.91,Medio
MUN_034,Joinville,SC,29,26.59,31.72,72.35,5.9,0.274,5.4,134.7,1459626,48.3,62.3,2359,161.63,Medio
MUN_034,Joinville,SC,30,22.79,25.88,72.93,59.53,0.03,3.73,134.7,1459626,48.3,62.3,2987,204.69,Medio
MUN_034,Joinville,SC,31,21.5,28.56,53.65,8.1,0.446,4.95,134.7,1459626,48.3,62.3,3190,218.55,Medio
MUN_034,Joinville,SC,32,21.99,32.33,60.67,3.91,0.063,5.72,134.7,1459626,48.3,62.3,1038,71.14,Baixo
MUN_034,Joinville,SC,33,22.69,32.59,40.27,23.48,0.265,7.74,134.7,1459626,48.3,62.3,1025,70.25,Baixo
MUN_034,Joinville,SC,34,21.65,31.6,53.07,3.97,0.197,0.0,134.7,1459626,48.3,62.3,2740,187.75,Medio
MUN_034,Joinville,SC,35,26.22,33.16,33.74,19.22,0.331,7.86,134.7,1459626,48.3,62.3,1450,99.39,Baixo
MUN_034,Joinville,SC,36,15.71,25.53,67.81,15.96,0.284,0.1,134.7,1459626,48.3,62.3,1025,70.24,Baixo
MUN_034,Joinville,SC,37,21.69,29.95,73.98,8.16,0.225,8.73,134.7,1459626,48.3,62.3,2896,198.43,Medio
MUN_034,Joinville,SC,38,17.98,21.88,81.71,18.25,0.583,2.96,134.7,1459626,48.3,62.3,3416,234.04,Medio
MUN_034,Joinville,SC,39,19.2,24.65,69.19,23.15,0.393,2.96,134.7,1459626,48.3,62.3,4711,322.82,Alto
MUN_034,Joinville,SC,40,19.71,25.69,70.36,26.53,0.114,5.68,134.7,1459626,48.3,62.3,2420,165.82,Medio
MUN_034,Joinville,SC,41,18.19,22.59,49.44,9.56,0.225,2.46,134.7,1459626,48.3,62.3,1772,121.41,Baixo
MUN_034,Joinville,SC,42,24.99,32.3,74.84,7.41,0.034,4.38,134.7,1459626,48.3,62.3,2035,139.42,Baixo
MUN_034,Joinville,SC,43,18.37,28.7,57.66,1.16,0.295,5.4,134.7,1459626,48.3,62.3,1150,78.84,Baixo
MUN_034,Joinville,SC,44,25.03,32.01,56.48,7.8,0.415,0.0,134.7,1459626,48.3,62.3,3323,227.69,Medio
MUN_034,Joinville,SC,45,24.56,33.23,49.94,5.06,0.488,4.79,134.7,1459626,48.3,62.3,2649,181.52,Medio
MUN_034,Joinville,SC,46,14.85,20.53,69.95,4.31,0.03,0.0,134.7,1459626,48.3,62.3,2865,196.32,Medio
MUN_034,Joinville,SC,47,18.01,21.53,49.87,21.11,0.437,9.91,134.7,1459626,48.3,62.3,1177,80.7,Baixo
MUN_034,Joinville,SC,48,20.31,24.78,66.58,10.87,0.38,4.28,134.7,1459626,48.3,62.3,995,68.23,Baixo
MUN_034,Joinville,SC,49,15.57,21.17,55.19,7.1,0.388,7.44,134.7,1459626,48.3,62.3,1703,116.73,Baixo
MUN_034,Joinville,SC,50,17.51,19.89,95.79,9.37,0.241,7.57,134.7,1459626,48.3,62.3,1869,128.05,Baixo
MUN_035,Juiz de Fora,MG,1,17.05,25.8,52.17,12.94,0.164,7.01,1028.0,1691909,107.1,45.2,0,0.0,Baixo
MUN_035,Juiz de Fora,MG,2,19.02,26.2,61.74,23.1,0.518,2.84,1028.0,1691909,107.1,45.2,1151,68.07,Baixo
MUN_035,Juiz de Fora,MG,3,15.95,25.47,40.52,4.6,0.306,6.33,1028.0,1691909,107.1,45.2,1662,98.28,Baixo
MUN_035,Juiz de Fora,MG,4,14.83,18.35,63.3,6.52,0.246,4.96,1028.0,1691909,107.1,45.2,1647,97.39,Baixo
MUN_035,Juiz de Fora,MG,5,18.69,26.18,58.94,10.57,0.363,5.15,1028.0,1691909,107.1,45.2,247,14.61,Baixo
MUN_035,Juiz de Fora,MG,6,18.6,24.61,69.66,33.51,0.559,7.55,1028.0,1691909,107.1,45.2,1381,81.64,Baixo
MUN_035,Juiz de Fora,MG,7,22.76,29.86,73.19,5.57,0.392,2.43,1028.0,1691909,107.1,45.2,0,0.0,Baixo
MUN_035,Juiz de Fora,MG,8,19.93,29.05,66.29,2.72,0.613,7.68,1028.0,1691909,107.1,45.2,0,0.0,Baixo
MUN_035,Juiz de Fora,MG,9,20.25,26.39,75.05,11.25,0.492,9.82,1028.0,1691909,107.1,45.2,372,22.01,Baixo
MUN_035,Juiz de Fora,MG,10,29.89,35.09,63.99,5.13,0.294,4.37,1028.0,1691909,107.1,45.2,1855,109.67,Baixo
MUN_035,Juiz de Fora,MG,11,21.98,24.32,62.21,22.3,0.837,0.0,1028.0,1691909,107.1,45.2,1510,89.28,Baixo
MUN_035,Juiz de Fora,MG,12,26.68,33.32,69.77,52.01,0.416,11.11,1028.0,1691909,107.1,45.2,3326,196.62,Medio
MUN_035,Juiz de Fora,MG,13,27.04,31.84,81.53,69.43,0.514,12.45,1028.0,1691909,107.1,45.2,4841,286.13,Alto
MUN_035,Juiz de Fora,MG,14,22.87,29.26,57.94,12.38,0.535,0.0,1028.0,1691909,107.1,45.2,3482,205.81,Medio
MUN_035,Juiz de Fora,MG,15,25.81,29.59,77.9,5.47,0.475,5.17,1028.0,1691909,107.1,45.2,3213,189.96,Medio
MUN_035,Juiz de Fora,MG,16,13.14,18.96,87.6,42.57,0.514,3.85,1028.0,1691909,107.1,45.2,1517,89.67,Baixo
MUN_035,Juiz de Fora,MG,17,29.83,39.96,86.92,161.56,0.465,8.5,1028.0,1691909,107.1,45.2,2449,144.78,Baixo
MUN_035,Juiz de Fora,MG,18,18.64,26.95,86.45,43.81,0.677,5.36,1028.0,1691909,107.1,45.2,3427,202.6,Medio
MUN_035,Juiz de Fora,MG,19,24.4,32.79,68.16,30.88,0.459,4.84,1028.0,1691909,107.1,45.2,2372,140.2,Baixo
MUN_035,Juiz de Fora,MG,20,30.59,40.56,73.62,107.12,0.624,5.27,1028.0,1691909,107.1,45.2,3873,228.97,Medio
MUN_035,Juiz de Fora,MG,21,21.57,30.98,86.51,6.54,0.363,5.83,1028.0,1691909,107.1,45.2,3977,235.09,Medio
MUN_035,Juiz de Fora,MG,22,28.5,35.62,63.12,91.82,0.373,7.33,1028.0,1691909,107.1,45.2,4647,274.67,Alto
MUN_035,Juiz de Fora,MG,23,22.12,28.87,92.22,0.18,0.56,0.0,1028.0,1691909,107.1,45.2,905,53.54,Baixo
MUN_035,Juiz de Fora,MG,24,30.5,35.07,76.22,182.93,0.497,17.1,1028.0,1691909,107.1,45.2,3058,180.78,Medio
MUN_035,Juiz de Fora,MG,25,25.65,32.62,61.93,3.49,0.391,4.21,1028.0,1691909,107.1,45.2,733,43.34,Baixo
MUN_035,Juiz de Fora,MG,26,18.96,29.2,70.75,116.81,0.078,13.25,1028.0,1691909,107.1,45.2,3179,187.94,Medio
MUN_035,Juiz de Fora,MG,27,12.33,22.48,46.61,4.55,0.403,6.38,1028.0,1691909,107.1,45.2,2455,145.11,Baixo
MUN_035,Juiz de Fora,MG,28,18.14,22.9,65.25,70.94,0.489,0.0,1028.0,1691909,107.1,45.2,3544,209.52,Medio
MUN_035,Juiz de Fora,MG,29,18.61,24.02,60.09,49.8,0.237,0.07,1028.0,1691909,107.1,45.2,1672,98.84,Baixo
MUN_035,Juiz de Fora,MG,30,17.41,25.46,44.97,37.2,0.375,8.6,1028.0,1691909,107.1,45.2,646,38.19,Baixo
MUN_035,Juiz de Fora,MG,31,16.85,24.07,55.21,18.48,0.123,2.87,1028.0,1691909,107.1,45.2,980,57.97,Baixo
MUN_035,Juiz de Fora,MG,32,18.78,28.32,57.0,3.14,0.442,9.69,1028.0,1691909,107.1,45.2,2767,163.59,Medio
MUN_035,Juiz de Fora,MG,33,15.87,19.19,49.71,1.15,0.369,4.42,1028.0,1691909,107.1,45.2,2206,130.41,Baixo
MUN_035,Juiz de Fora,MG,34,14.99,19.45,52.3,72.68,0.364,10.92,1028.0,1691909,107.1,45.2,2645,156.34,Baixo
MUN_035,Juiz de Fora,MG,35,16.34,21.18,64.72,14.74,0.301,4.83,1028.0,1691909,107.1,45.2,1634,96.6,Baixo
MUN_035,Juiz de Fora,MG,36,24.96,31.25,55.94,52.58,0.342,3.22,1028.0,1691909,107.1,45.2,724,42.83,Baixo
MUN_035,Juiz de Fora,MG,37,15.83,20.03,67.16,43.04,0.347,1.26,1028.0,1691909,107.1,45.2,2218,131.11,Baixo
MUN_035,Juiz de Fora,MG,38,23.59,25.88,59.1,8.6,0.159,0.32,1028.0,1691909,107.1,45.2,1534,90.67,Baixo
MUN_035,Juiz de Fora,MG,39,21.99,28.08,55.02,10.19,0.327,0.0,1028.0,1691909,107.1,45.2,1319,77.97,Baixo
MUN_035,Juiz de Fora,MG,40,20.1,27.92,41.01,2.52,0.453,0.0,1028.0,1691909,107.1,45.2,478,28.29,Baixo
MUN_035,Juiz de Fora,MG,41,15.48,22.48,75.65,4.58,0.403,0.0,1028.0,1691909,107.1,45.2,0,0.0,Baixo
MUN_035,Juiz de Fora,MG,42,19.1,23.15,50.63,16.9,0.344,4.39,1028.0,1691909,107.1,45.2,1880,111.13,Baixo
MUN_035,Juiz de Fora,MG,43,16.98,20.83,54.52,9.93,0.475,11.76,1028.0,1691909,107.1,45.2,1873,110.73,Baixo
MUN_035,Juiz de Fora,MG,44,14.63,20.63,35.85,3.57,0.477,9.82,1028.0,1691909,107.1,45.2,990,58.57,Baixo
MUN_035,Juiz de Fora,MG,45,13.41,17.56,63.89,0.28,0.39,0.0,1028.0,1691909,107.1,45.2,335,19.83,Baixo
MUN_035,Juiz de Fora,MG,46,14.54,24.4,72.9,2.61,0.544,0.0,1028.0,1691909,107.1,45.2,346,20.48,Baixo
MUN_035,Juiz de Fora,MG,47,19.92,22.0,59.16,9.65,0.568,0.7,1028.0,1691909,107.1,45.2,970,57.36,Baixo
MUN_035,Juiz de Fora,MG,48,14.45,17.6,61.73,14.12,0.315,0.0,1028.0,1691909,107.1,45.2,207,12.28,Baixo
MUN_035,Juiz de Fora,MG,49,15.99,24.81,45.31,4.78,0.127,0.0,1028.0,1691909,107.1,45.2,1506,89.06,Baixo
MUN_035,Juiz de Fora,MG,50,15.33,24.07,72.21,3.83,0.538,0.0,1028.0,1691909,107.1,45.2,795,47.04,Baixo
MUN_036,Londrina,PR,1,17.28,24.41,45.82,11.75,0.412,0.0,903.3,341955,62.3,79.4,153,44.81,Baixo
MUN_036,Londrina,PR,2,17.16,23.94,40.27,21.63,0.319,0.99,903.3,341955,62.3,79.4,30,9.04,Baixo
MUN_036,Londrina,PR,3,11.33,20.69,57.13,15.24,0.179,2.35,903.3,341955,62.3,79.4,175,51.26,Baixo
MUN_036,Londrina,PR,4,17.34,19.88,56.76,3.07,0.304,0.0,903.3,341955,62.3,79.4,77,22.65,Baixo
MUN_036,Londrina,PR,5,26.54,35.41,47.72,6.36,0.431,5.9,903.3,341955,62.3,79.4,461,134.92,Baixo
MUN_036,Londrina,PR,6,18.32,26.27,64.58,24.79,0.358,0.81,903.3,341955,62.3,79.4,657,192.2,Medio
MUN_036,Londrina,PR,7,16.22,24.02,70.36,242.17,0.353,18.88,903.3,341955,62.3,79.4,758,221.86,Medio
MUN_036,Londrina,PR,8,16.45,19.38,67.44,47.41,0.46,2.35,903.3,341955,62.3,79.4,533,156.13,Baixo
MUN_036,Londrina,PR,9,18.1,27.2,50.43,12.68,0.457,0.0,903.3,341955,62.3,79.4,26,7.88,Baixo
MUN_036,Londrina,PR,10,22.17,26.27,59.37,5.29,0.496,0.0,903.3,341955,62.3,79.4,266,78.03,Baixo
MUN_036,Londrina,PR,11,27.99,30.74,64.08,137.27,0.494,24.19,903.3,341955,62.3,79.4,704,206.12,Medio
MUN_036,Londrina,PR,12,22.61,29.27,77.0,47.03,0.449,0.21,903.3,341955,62.3,79.4,858,251.14,Alto
MUN_036,Londrina,PR,13,25.38,33.7,74.37,22.57,0.416,0.0,903.3,341955,62.3,79.4,485,141.93,Baixo
MUN_036,Londrina,PR,14,20.86,26.55,55.88,46.17,0.618,6.71,903.3,341955,62.3,79.4,442,129.41,Baixo
MUN_036,Londrina,PR,15,27.91,38.32,81.32,95.37,0.476,10.56,903.3,341955,62.3,79.4,749,219.24,Medio
MUN_036,Londrina,PR,16,23.01,28.06,69.47,300.0,0.638,20.06,903.3,341955,62.3,79.4,947,277.22,Alto
MUN_036,Londrina,PR,17,19.55,23.53,73.5,100.0,0.734,13.14,903.3,341955,62.3,79.4,553,161.92,Medio
MUN_036,Londrina,PR,18,32.0,36.57,96.98,128.12,0.416,10.07,903.3,341955,62.3,79.4,938,274.53,Alto
MUN_036,Londrina,PR,19,21.98,30.24,73.54,23.66,0.591,7.87,903.3,341955,62.3,79.4,114,33.36,Baixo
MUN_036,Londrina,PR,20,16.93,23.59,71.56,154.27,0.593,2.68,903.3,341955,62.3,79.4,391,114.6,Baixo
MUN_036,Londrina,PR,21,25.96,33.45,67.27,133.01,0.514,10.3,903.3,341955,62.3,79.4,1185,346.79,Alto
MUN_036,Londrina,PR,22,17.81,26.13,77.85,4.71,0.569,3.46,903.3,341955,62.3,79.4,245,71.9,Baixo
MUN_036,Londrina,PR,23,24.12,30.63,84.52,50.95,0.289,5.06,903.3,341955,62.3,79.4,483,141.26,Baixo
MUN_036,Londrina,PR,24,20.76,28.99,81.99,39.41,0.659,5.3,903.3,341955,62.3,79.4,316,92.66,Baixo
MUN_036,Londrina,PR,25,22.62,27.16,64.13,14.46,0.55,1.79,903.3,341955,62.3,79.4,389,113.88,Baixo
MUN_036,Londrina,PR,26,16.08,22.71,57.8,62.85,0.417,0.0,903.3,341955,62.3,79.4,295,86.45,Baixo
MUN_036,Londrina,PR,27,12.61,22.3,66.64,5.39,0.507,0.53,903.3,341955,62.3,79.4,121,35.6,Baixo
MUN_036,Londrina,PR,28,19.61,27.24,52.67,52.76,0.509,7.89,903.3,341955,62.3,79.4,90,26.61,Baixo
MUN_036,Londrina,PR,29,17.42,25.62,62.1,5.47,0.357,0.0,903.3,341955,62.3,79.4,141,41.51,Baixo
MUN_036,Londrina,PR,30,12.52,14.7,49.01,3.45,0.368,2.71,903.3,341955,62.3,79.4,94,27.73,Baixo
MUN_036,Londrina,PR,31,14.73,22.42,64.03,21.82,0.17,5.78,903.3,341955,62.3,79.4,79,23.13,Baixo
MUN_036,Londrina,PR,32,14.65,24.17,69.51,16.06,0.234,0.91,903.3,341955,62.3,79.4,53,15.72,Baixo
MUN_036,Londrina,PR,33,14.95,18.64,92.29,1.0,0.322,0.0,903.3,341955,62.3,79.4,45,13.34,Baixo
MUN_036,Londrina,PR,34,12.59,16.09,55.52,16.16,0.316,6.83,903.3,341955,62.3,79.4,0,0.0,Baixo
MUN_036,Londrina,PR,35,16.17,25.48,83.11,2.16,0.357,4.76,903.3,341955,62.3,79.4,265,77.76,Baixo
MUN_036,Londrina,PR,36,10.0,16.84,70.82,3.19,0.223,0.0,903.3,341955,62.3,79.4,168,49.28,Baixo
MUN_036,Londrina,PR,37,13.98,19.59,67.09,0.83,0.473,8.57,903.3,341955,62.3,79.4,0,0.0,Baixo
MUN_036,Londrina,PR,38,14.88,25.21,62.02,10.46,0.519,0.0,903.3,341955,62.3,79.4,47,13.76,Baixo
MUN_036,Londrina,PR,39,21.55,28.51,76.53,2.6,0.317,0.0,903.3,341955,62.3,79.4,602,176.32,Medio
MUN_036,Londrina,PR,40,15.29,17.71,62.37,20.66,0.231,6.25,903.3,341955,62.3,79.4,470,137.62,Baixo
MUN_036,Londrina,PR,41,14.22,19.24,73.34,0.25,0.19,0.35,903.3,341955,62.3,79.4,148,43.41,Baixo
MUN_036,Londrina,PR,42,12.48,21.52,66.35,23.9,0.41,6.76,903.3,341955,62.3,79.4,26,7.79,Baixo
MUN_036,Londrina,PR,43,15.36,25.61,66.12,7.35,0.118,0.73,903.3,341955,62.3,79.4,29,8.76,Baixo
MUN_036,Londrina,PR,44,12.3,20.75,68.12,1.04,0.221,2.9,903.3,341955,62.3,79.4,0,0.0,Baixo
MUN_036,Londrina,PR,45,17.06,20.87,65.34,5.0,0.496,6.35,903.3,341955,62.3,79.4,75,22.04,Baixo
MUN_036,Londrina,PR,46,16.25,24.84,49.18,0.89,0.362,5.79,903.3,341955,62.3,79.4,0,0.0,Baixo
MUN_036,Londrina,PR,47,11.86,21.76,72.82,11.74,0.153,0.0,903.3,341955,62.3,79.4,74,21.9,Baixo
MUN_036,Londrina,PR,48,19.66,22.12,54.98,67.8,0.45,2.62,903.3,341955,62.3,79.4,412,120.62,Baixo
MUN_036,Londrina,PR,49,20.37,28.99,58.64,8.0,0.22,0.0,903.3,341955,62.3,79.4,53,15.62,Baixo
MUN_036,Londrina,PR,50,10.0,14.0,66.86,14.92,0.567,3.0,903.3,341955,62.3,79.4,215,63.0,Baixo
MUN_037,Aparecida de Goiânia,GO,1,18.53,28.77,63.67,8.7,0.444,0.0,882.6,172483,139.3,75.7,29,17.32,Baixo
MUN_037,Aparecida de Goiânia,GO,2,15.84,22.53,39.66,6.16,0.24,0.0,882.6,172483,139.3,75.7,0,0.0,Baixo
MUN_037,Aparecida de Goiânia,GO,3,24.13,27.79,64.88,2.39,0.355,3.69,882.6,172483,139.3,75.7,62,36.5,Baixo
MUN_037,Aparecida de Goiânia,GO,4,20.61,25.63,29.01,16.06,0.282,0.0,882.6,172483,139.3,75.7,99,57.44,Baixo
MUN_037,Aparecida de Goiânia,GO,5,20.8,27.25,62.61,1.96,0.413,0.33,882.6,172483,139.3,75.7,224,130.02,Baixo
MUN_037,Aparecida de Goiânia,GO,6,26.9,32.46,69.26,19.48,0.455,0.24,882.6,172483,139.3,75.7,249,144.7,Baixo
MUN_037,Aparecida de Goiânia,GO,7,22.14,27.66,72.69,33.63,0.519,3.17,882.6,172483,139.3,75.7,127,73.93,Baixo
MUN_037,Aparecida de Goiânia,GO,8,19.86,22.13,54.49,49.35,0.454,0.52,882.6,172483,139.3,75.7,96,55.82,Baixo
MUN_037,Aparecida de Goiânia,GO,9,24.05,31.67,45.29,56.39,0.318,0.0,882.6,172483,139.3,75.7,187,108.82,Baixo
MUN_037,Aparecida de Goiânia,GO,10,14.63,23.67,68.54,31.21,0.548,5.33,882.6,172483,139.3,75.7,239,138.92,Baixo
MUN_037,Aparecida de Goiânia,GO,11,22.45,24.7,75.48,52.96,0.565,6.15,882.6,172483,139.3,75.7,270,156.85,Medio
MUN_037,Aparecida de Goiânia,GO,12,26.26,33.44,66.1,83.54,0.563,6.75,882.6,172483,139.3,75.7,249,144.8,Baixo
MUN_037,Aparecida de Goiânia,GO,13,26.98,34.87,61.81,28.52,0.448,2.77,882.6,172483,139.3,75.7,393,228.32,Medio
MUN_037,Aparecida de Goiânia,GO,14,26.45,33.27,63.41,253.81,0.538,11.77,882.6,172483,139.3,75.7,611,354.35,Alto
MUN_037,Aparecida de Goiânia,GO,15,27.77,36.02,91.12,3.26,0.396,2.48,882.6,172483,139.3,75.7,387,224.52,Medio
MUN_037,Aparecida de Goiânia,GO,16,21.91,25.98,94.42,51.18,0.395,6.65,882.6,172483,139.3,75.7,365,211.78,Medio
MUN_037,Aparecida de Goiânia,GO,17,26.93,32.69,82.2,20.27,0.485,2.34,882.6,172483,139.3,75.7,200,116.0,Baixo
MUN_037,Aparecida de Goiânia,GO,18,26.39,30.78,91.91,165.45,0.492,14.37,882.6,172483,139.3,75.7,326,189.5,Medio
MUN_037,Aparecida de Goiânia,GO,19,28.3,33.25,87.82,45.7,0.582,7.83,882.6,172483,139.3,75.7,552,320.04,Alto
MUN_037,Aparecida de Goiânia,GO,20,27.18,36.9,92.14,47.59,0.593,7.26,882.6,172483,139.3,75.7,310,180.15,Medio
MUN_037,Aparecida de Goiânia,GO,21,29.77,39.98,84.18,66.42,0.577,8.23,882.6,172483,139.3,75.7,404,234.57,Medio
MUN_037,Aparecida de Goiânia,GO,22,24.54,28.63,79.46,139.59,0.49,4.0,882.6,172483,139.3,75.7,603,350.17,Alto
MUN_037,Aparecida de Goiânia,GO,23,20.31,28.28,48.92,67.66,0.295,0.41,882.6,172483,139.3,75.7,204,118.28,Baixo
MUN_037,Aparecida de Goiânia,GO,24,26.8,31.99,82.65,41.5,0.66,3.96,882.6,172483,139.3,75.7,377,218.82,Medio
MUN_037,Aparecida de Goiânia,GO,25,23.63,32.43,82.63,278.58,0.398,18.27,882.6,172483,139.3,75.7,417,242.18,Medio
MUN_037,Aparecida de Goiânia,GO,26,24.2,28.51,68.35,60.64,0.6,5.14,882.6,172483,139.3,75.7,261,151.59,Baixo
MUN_037,Aparecida de Goiânia,GO,27,26.43,36.66,68.89,2.51,0.413,2.49,882.6,172483,139.3,75.7,80,46.44,Baixo
MUN_037,Aparecida de Goiânia,GO,28,26.1,33.5,72.65,35.44,0.284,4.96,882.6,172483,139.3,75.7,166,96.38,Baixo
MUN_037,Aparecida de Goiânia,GO,29,18.9,28.69,42.04,12.57,0.384,0.93,882.6,172483,139.3,75.7,170,98.96,Baixo
MUN_037,Aparecida de Goiânia,GO,30,14.04,21.87,52.58,10.86,0.356,3.42,882.6,172483,139.3,75.7,97,56.26,Baixo
MUN_037,Aparecida de Goiânia,GO,31,15.57,21.36,37.27,17.71,0.331,5.91,882.6,172483,139.3,75.7,31,18.52,Baixo
MUN_037,Aparecida de Goiânia,GO,32,15.43,25.17,87.35,7.88,0.464,0.09,882.6,172483,139.3,75.7,0,0.0,Baixo
MUN_037,Aparecida de Goiânia,GO,33,24.12,31.31,81.73,11.51,0.347,0.0,882.6,172483,139.3,75.7,81,47.11,Baixo
MUN_037,Aparecida de Goiânia,GO,34,26.09,29.55,64.04,7.94,0.464,0.7,882.6,172483,139.3,75.7,173,100.64,Baixo
MUN_037,Aparecida de Goiânia,GO,35,20.08,22.21,65.13,46.62,0.284,4.03,882.6,172483,139.3,75.7,54,31.7,Baixo
MUN_037,Aparecida de Goiânia,GO,36,18.01,23.2,49.43,3.87,0.234,0.0,882.6,172483,139.3,75.7,100,58.43,Baixo
MUN_037,Aparecida de Goiânia,GO,37,15.68,24.74,53.61,33.94,0.392,0.0,882.6,172483,139.3,75.7,144,83.72,Baixo
MUN_037,Aparecida de Goiânia,GO,38,23.87,30.74,50.53,9.39,0.184,0.0,882.6,172483,139.3,75.7,299,173.67,Medio
MUN_037,Aparecida de Goiânia,GO,39,14.65,21.2,56.16,4.18,0.374,6.87,882.6,172483,139.3,75.7,87,50.89,Baixo
MUN_037,Aparecida de Goiânia,GO,40,11.2,19.5,56.32,20.56,0.129,0.0,882.6,172483,139.3,75.7,73,42.84,Baixo
MUN_037,Aparecida de Goiânia,GO,41,16.62,20.86,51.45,3.55,0.268,0.0,882.6,172483,139.3,75.7,53,31.09,Baixo
MUN_037,Aparecida de Goiânia,GO,42,20.21,22.76,72.85,4.28,0.391,13.07,882.6,172483,139.3,75.7,0,0.0,Baixo
MUN_037,Aparecida de Goiânia,GO,43,20.49,30.52,64.51,0.88,0.402,0.0,882.6,172483,139.3,75.7,57,33.24,Baixo
MUN_037,Aparecida de Goiânia,GO,44,20.37,25.47,64.91,4.87,0.081,0.0,882.6,172483,139.3,75.7,46,27.05,Baixo
MUN_037,Aparecida de Goiânia,GO,45,20.12,24.47,54.2,36.34,0.449,4.97,882.6,172483,139.3,75.7,317,183.96,Medio
MUN_037,Aparecida de Goiânia,GO,46,15.59,24.07,56.73,23.9,0.355,10.7,882.6,172483,139.3,75.7,259,150.53,Baixo
MUN_037,Aparecida de Goiânia,GO,47,26.28,36.21,71.22,33.36,0.197,10.22,882.6,172483,139.3,75.7,158,92.14,Baixo
MUN_037,Aparecida de Goiânia,GO,48,23.19,32.33,59.07,25.02,0.261,6.94,882.6,172483,139.3,75.7,45,26.48,Baixo
MUN_037,Aparecida de Goiânia,GO,49,20.28,28.32,51.45,3.65,0.408,0.0,882.6,172483,139.3,75.7,221,128.35,Baixo
MUN_037,Aparecida de Goiânia,GO,50,22.03,24.33,54.27,49.39,0.536,0.0,882.6,172483,139.3,75.7,185,107.77,Baixo
MUN_038,Ananindeua,PA,1,23.93,31.48,81.89,4.59,0.426,10.05,69.1,917121,233.2,88.4,2756,300.52,Alto
MUN_038,Ananindeua,PA,2,24.26,29.77,65.21,47.01,0.265,7.71,69.1,917121,233.2,88.4,1269,138.37,Baixo
MUN_038,Ananindeua,PA,3,25.0,29.4,45.53,16.63,0.328,3.78,69.1,917121,233.2,88.4,1066,116.3,Baixo
MUN_038,Ananindeua,PA,4,30.56,40.39,65.57,34.91,0.58,0.44,69.1,917121,233.2,88.4,1986,216.56,Medio
MUN_038,Ananindeua,PA,5,30.48,39.76,61.99,32.55,0.396,1.56,69.1,917121,233.2,88.4,2385,260.08,Alto
MUN_038,Ananindeua,PA,6,25.45,33.07,57.49,23.05,0.03,7.98,69.1,917121,233.2,88.4,1403,153.04,Baixo
MUN_038,Ananindeua,PA,7,28.71,32.0,70.24,3.6,0.307,0.0,69.1,917121,233.2,88.4,1776,193.66,Medio
MUN_038,Ananindeua,PA,8,29.55,38.28,58.67,10.74,0.501,2.61,69.1,917121,233.2,88.4,2955,322.24,Alto
MUN_038,Ananindeua,PA,9,27.7,29.88,74.64,6.03,0.458,12.68,69.1,917121,233.2,88.4,1937,211.25,Medio
MUN_038,Ananindeua,PA,10,33.42,40.55,68.48,48.38,0.538,5.67,69.1,917121,233.2,88.4,2261,246.62,Medio
MUN_038,Ananindeua,PA,11,29.49,34.76,53.48,300.0,0.319,21.78,69.1,917121,233.2,88.4,3381,368.73,Alto
MUN_038,Ananindeua,PA,12,36.6,45.51,80.5,87.79,0.521,7.87,69.1,917121,233.2,88.4,4585,500.0,Alto
MUN_038,Ananindeua,PA,13,33.73,42.67,90.8,38.67,0.767,1.41,69.1,917121,233.2,88.4,3005,327.72,Alto
MUN_038,Ananindeua,PA,14,37.3,46.0,96.04,260.53,0.596,20.35,69.1,917121,233.2,88.4,4238,462.1,Alto
MUN_038,Ananindeua,PA,15,39.33,46.0,71.54,300.0,0.476,11.38,69.1,917121,233.2,88.4,3723,405.95,Alto
MUN_038,Ananindeua,PA,16,38.18,45.84,60.21,160.69,0.519,2.91,69.1,917121,233.2,88.4,4100,447.11,Alto
MUN_038,Ananindeua,PA,17,37.72,41.62,71.94,233.0,0.542,13.17,69.1,917121,233.2,88.4,3705,404.08,Alto
MUN_038,Ananindeua,PA,18,38.04,45.6,92.03,149.68,0.655,11.51,69.1,917121,233.2,88.4,4585,500.0,Alto
MUN_038,Ananindeua,PA,19,37.76,46.0,66.0,2.51,0.544,0.0,69.1,917121,233.2,88.4,3212,350.27,Alto
MUN_038,Ananindeua,PA,20,32.85,40.43,87.63,64.27,0.753,4.1,69.1,917121,233.2,88.4,4116,448.89,Alto
MUN_038,Ananindeua,PA,21,32.88,38.59,75.73,123.6,0.668,9.97,69.1,917121,233.2,88.4,4386,478.34,Alto
MUN_038,Ananindeua,PA,22,31.81,35.81,65.82,300.0,0.381,23.27,69.1,917121,233.2,88.4,2598,283.28,Alto
MUN_038,Ananindeua,PA,23,38.13,45.16,39.14,101.57,0.55,14.34,69.1,917121,233.2,88.4,3005,327.66,Alto
MUN_038,Ananindeua,PA,24,31.58,37.74,73.25,29.22,0.555,7.07,69.1,917121,233.2,88.4,4214,459.49,Alto
MUN_038,Ananindeua,PA,25,33.38,40.32,61.98,300.0,0.461,12.86,69.1,917121,233.2,88.4,3605,393.08,Alto
MUN_038,Ananindeua,PA,26,23.79,33.23,69.69,17.36,0.333,0.0,69.1,917121,233.2,88.4,3009,328.15,Alto
MUN_038,Ananindeua,PA,27,27.14,36.43,69.26,189.34,0.377,14.97,69.1,917121,233.2,88.4,3288,358.57,Alto
MUN_038,Ananindeua,PA,28,25.02,30.89,60.17,29.95,0.447,0.0,69.1,917121,233.2,88.4,1812,197.66,Medio
MUN_038,Ananindeua,PA,29,30.71,38.93,63.13,2.12,0.248,0.0,69.1,917121,233.2,88.4,1999,218.04,Medio
MUN_038,Ananindeua,PA,30,28.64,37.86,74.66,6.47,0.324,1.07,69.1,917121,233.2,88.4,1884,205.43,Medio
MUN_038,Ananindeua,PA,31,24.72,29.74,26.8,8.12,0.351,2.96,69.1,917121,233.2,88.4,1390,151.65,Baixo
MUN_038,Ananindeua,PA,32,28.76,34.62,57.91,2.8,0.491,0.91,69.1,917121,233.2,88.4,2210,241.06,Medio
MUN_038,Ananindeua,PA,33,28.21,30.85,57.67,32.93,0.422,0.0,69.1,917121,233.2,88.4,1264,137.89,Baixo
MUN_038,Ananindeua,PA,34,26.57,36.27,40.64,25.07,0.284,1.34,69.1,917121,233.2,88.4,1283,139.98,Baixo
MUN_038,Ananindeua,PA,35,31.26,37.88,83.36,10.56,0.242,6.01,69.1,917121,233.2,88.4,1637,178.6,Medio
MUN_038,Ananindeua,PA,36,21.42,27.35,58.51,6.56,0.306,0.0,69.1,917121,233.2,88.4,1629,177.72,Medio
MUN_038,Ananindeua,PA,37,29.44,35.46,80.66,16.17,0.231,0.0,69.1,917121,233.2,88.4,2491,271.62,Alto
MUN_038,Ananindeua,PA,38,26.98,37.37,65.77,31.74,0.462,6.71,69.1,917121,233.2,88.4,1851,201.91,Medio
MUN_038,Ananindeua,PA,39,17.82,23.66,80.08,15.59,0.415,0.47,69.1,917121,233.2,88.4,1772,193.22,Medio
MUN_038,Ananindeua,PA,40,28.43,33.22,72.93,1.64,0.252,0.0,69.1,917121,233.2,88.4,1995,217.58,Medio
MUN_038,Ananindeua,PA,41,27.38,36.05,62.78,24.32,0.408,0.64,69.1,917121,233.2,88.4,1939,211.53,Medio
MUN_038,Ananindeua,PA,42,23.31,25.39,71.86,34.5,0.368,4.31,69.1,917121,233.2,88.4,2827,308.33,Alto
MUN_038,Ananindeua,PA,43,29.08,34.9,51.64,2.0,0.03,0.0,69.1,917121,233.2,88.4,1928,210.31,Medio
MUN_038,Ananindeua,PA,44,28.83,32.19,60.23,26.8,0.223,4.32,69.1,917121,233.2,88.4,2390,260.67,Alto
MUN_038,Ananindeua,PA,45,28.54,37.18,48.65,9.11,0.217,2.4,69.1,917121,233.2,88.4,1570,171.29,Medio
MUN_038,Ananindeua,PA,46,29.65,39.19,65.87,8.67,0.256,0.0,69.1,917121,233.2,88.4,2605,284.12,Alto
MUN_038,Ananindeua,PA,47,28.44,33.48,39.99,36.17,0.233,0.98,69.1,917121,233.2,88.4,2002,218.32,Medio
MUN_038,Ananindeua,PA,48,21.44,24.36,46.2,21.27,0.448,3.9,69.1,917121,233.2,88.4,1294,141.17,Baixo
MUN_038,Ananindeua,PA,49,29.82,38.02,73.92,11.81,0.43,6.25,69.1,917121,233.2,88.4,2731,297.81,Alto
MUN_038,Ananindeua,PA,50,23.15,31.33,62.49,33.47,0.342,0.0,69.1,917121,233.2,88.4,2081,226.92,Medio
MUN_039,Porto Velho,RO,1,21.19,28.79,63.8,68.6,0.383,2.61,168.8,1886926,266.8,81.3,2933,155.45,Baixo
MUN_039,Porto Velho,RO,2,23.6,28.47,50.6,23.84,0.408,9.96,168.8,1886926,266.8,81.3,3901,206.75,Medio
MUN_039,Porto Velho,RO,3,20.43,26.12,44.77,3.19,0.296,10.6,168.8,1886926,266.8,81.3,1621,85.93,Baixo
MUN_039,Porto Velho,RO,4,24.72,34.21,67.75,3.25,0.272,0.0,168.8,1886926,266.8,81.3,1444,76.53,Baixo
MUN_039,Porto Velho,RO,5,20.35,29.67,80.76,21.67,0.445,0.66,168.8,1886926,266.8,81.3,1369,72.56,Baixo
MUN_039,Porto Velho,RO,6,21.47,27.51,52.15,8.44,0.347,0.0,168.8,1886926,266.8,81.3,1395,73.94,Baixo
MUN_039,Porto Velho,RO,7,22.85,28.29,73.25,64.52,0.416,2.27,168.8,1886926,266.8,81.3,2690,142.57,Baixo
MUN_039,Porto Velho,RO,8,30.63,39.6,81.02,93.77,0.446,6.17,168.8,1886926,266.8,81.3,5308,281.34,Alto
MUN_039,Porto Velho,RO,9,27.64,30.35,61.07,226.61,0.363,18.28,168.8,1886926,266.8,81.3,3237,171.6,Medio
MUN_039,Porto Velho,RO,10,35.52,38.32,74.8,50.77,0.567,4.26,168.8,1886926,266.8,81.3,4416,234.08,Medio
MUN_039,Porto Velho,RO,11,28.38,32.52,80.57,152.98,0.578,5.82,168.8,1886926,266.8,81.3,4316,228.76,Medio
MUN_039,Porto Velho,RO,12,28.78,37.27,59.59,172.67,0.442,7.68,168.8,1886926,266.8,81.3,3211,170.18,Medio
MUN_039,Porto Velho,RO,13,33.99,40.87,86.59,16.82,0.646,5.15,168.8,1886926,266.8,81.3,2220,117.7,Baixo
MUN_039,Porto Velho,RO,14,22.83,32.73,82.74,125.44,0.767,13.32,168.8,1886926,266.8,81.3,3609,191.31,Medio
MUN_039,Porto Velho,RO,15,26.91,29.95,83.84,103.51,0.71,1.77,168.8,1886926,266.8,81.3,4407,233.58,Medio
MUN_039,Porto Velho,RO,16,33.56,38.89,68.68,90.96,0.792,7.81,168.8,1886926,266.8,81.3,8385,444.42,Alto
MUN_039,Porto Velho,RO,17,37.67,46.0,99.0,300.0,0.482,20.13,168.8,1886926,266.8,81.3,5265,279.04,Alto
MUN_039,Porto Velho,RO,18,38.23,40.39,81.17,124.49,0.788,7.27,168.8,1886926,266.8,81.3,3461,183.44,Medio
MUN_039,Porto Velho,RO,19,34.89,38.19,68.66,79.7,0.629,9.09,168.8,1886926,266.8,81.3,4570,242.22,Medio
MUN_039,Porto Velho,RO,20,33.19,42.48,74.21,205.17,0.815,17.11,168.8,1886926,266.8,81.3,7871,417.15,Alto
MUN_039,Porto Velho,RO,21,27.41,31.15,71.48,1.24,0.515,0.0,168.8,1886926,266.8,81.3,4869,258.08,Alto
MUN_039,Porto Velho,RO,22,28.7,32.34,71.33,300.0,0.577,18.1,168.8,1886926,266.8,81.3,5639,298.88,Alto
MUN_039,Porto Velho,RO,23,30.55,40.14,42.71,236.94,0.452,9.39,168.8,1886926,266.8,81.3,5482,290.57,Alto
MUN_039,Porto Velho,RO,24,34.96,40.61,41.29,165.06,0.085,15.94,168.8,1886926,266.8,81.3,4252,225.39,Medio
MUN_039,Porto Velho,RO,25,32.23,40.31,63.34,200.68,0.557,14.85,168.8,1886926,266.8,81.3,5309,281.36,Alto
MUN_039,Porto Velho,RO,26,31.13,39.75,57.84,102.91,0.291,11.9,168.8,1886926,266.8,81.3,5742,304.32,Alto
MUN_039,Porto Velho,RO,27,22.91,26.42,63.32,5.5,0.391,0.0,168.8,1886926,266.8,81.3,1753,92.94,Baixo
MUN_039,Porto Velho,RO,28,24.23,28.14,46.62,25.25,0.279,3.22,168.8,1886926,266.8,81.3,2870,152.11,Baixo
MUN_039,Porto Velho,RO,29,28.67,36.88,50.12,11.59,0.577,1.98,168.8,1886926,266.8,81.3,1850,98.07,Baixo
MUN_039,Porto Velho,RO,30,24.14,29.32,33.79,17.39,0.08,0.0,168.8,1886926,266.8,81.3,827,43.88,Baixo
MUN_039,Porto Velho,RO,31,23.77,26.13,69.14,1.35,0.149,2.14,168.8,1886926,266.8,81.3,234,12.43,Baixo
MUN_039,Porto Velho,RO,32,22.57,30.7,34.7,13.05,0.184,9.19,168.8,1886926,266.8,81.3,1456,77.17,Baixo
MUN_039,Porto Velho,RO,33,27.29,32.03,59.52,32.23,0.285,6.85,168.8,1886926,266.8,81.3,2478,131.37,Baixo
MUN_039,Porto Velho,RO,34,23.82,27.36,47.13,13.4,0.214,0.0,168.8,1886926,266.8,81.3,2728,144.58,Baixo
MUN_039,Porto Velho,RO,35,24.49,33.27,51.32,1.26,0.371,0.0,168.8,1886926,266.8,81.3,3895,206.43,Medio
MUN_039,Porto Velho,RO,36,24.8,28.85,59.13,43.65,0.289,0.0,168.8,1886926,266.8,81.3,3354,177.75,Medio
MUN_039,Porto Velho,RO,37,25.77,34.94,39.44,43.02,0.197,0.0,168.8,1886926,266.8,81.3,1658,87.87,Baixo
MUN_039,Porto Velho,RO,38,24.3,29.92,61.48,46.43,0.561,2.88,168.8,1886926,266.8,81.3,2469,130.9,Baixo
MUN_039,Porto Velho,RO,39,23.68,33.58,58.14,23.31,0.087,3.8,168.8,1886926,266.8,81.3,1332,70.6,Baixo
MUN_039,Porto Velho,RO,40,21.49,25.11,65.08,34.68,0.162,10.84,168.8,1886926,266.8,81.3,3074,162.93,Medio
MUN_039,Porto Velho,RO,41,25.92,36.04,60.14,12.5,0.398,15.43,168.8,1886926,266.8,81.3,2665,141.25,Baixo
MUN_039,Porto Velho,RO,42,26.51,29.87,68.56,5.35,0.391,0.0,168.8,1886926,266.8,81.3,1978,104.83,Baixo
MUN_039,Porto Velho,RO,43,22.31,31.89,56.38,0.09,0.334,6.97,168.8,1886926,266.8,81.3,1173,62.17,Baixo
MUN_039,Porto Velho,RO,44,21.4,27.99,66.25,1.89,0.203,1.47,168.8,1886926,266.8,81.3,2085,110.55,Baixo
MUN_039,Porto Velho,RO,45,24.13,28.15,64.07,18.58,0.39,4.57,168.8,1886926,266.8,81.3,1881,99.7,Baixo
MUN_039,Porto Velho,RO,46,23.23,26.65,25.81,10.52,0.459,2.6,168.8,1886926,266.8,81.3,557,29.53,Baixo
MUN_039,Porto Velho,RO,47,21.97,29.46,73.38,2.25,0.506,4.53,168.8,1886926,266.8,81.3,4135,219.14,Medio
MUN_039,Porto Velho,RO,48,23.69,32.41,50.45,40.69,0.305,0.42,168.8,1886926,266.8,81.3,2737,145.07,Baixo
MUN_039,Porto Velho,RO,49,29.84,32.39,59.74,11.13,0.253,0.0,168.8,1886926,266.8,81.3,2631,139.47,Baixo
MUN_039,Porto Velho,RO,50,24.63,31.54,61.71,11.26,0.245,3.48,168.8,1886926,266.8,81.3,1880,99.64,Baixo
MUN_040,Serra,ES,1,25.85,34.69,50.31,1.91,0.229,0.0,186.0,2234664,102.2,66.3,2495,111.68,Baixo
MUN_040,Serra,ES,2,21.94,27.79,66.52,20.06,0.03,3.3,186.0,2234664,102.2,66.3,2715,121.52,Baixo
MUN_040,Serra,ES,3,28.14,30.4,56.37,13.47,0.278,3.32,186.0,2234664,102.2,66.3,1943,86.99,Baixo
MUN_040,Serra,ES,4,25.85,34.3,77.21,34.98,0.334,2.92,186.0,2234664,102.2,66.3,4365,195.37,Medio
MUN_040,Serra,ES,5,23.69,32.35,79.87,85.51,0.403,14.49,186.0,2234664,102.2,66.3,5121,229.18,Medio
MUN_040,Serra,ES,6,19.79,23.26,64.71,28.76,0.426,0.0,186.0,2234664,102.2,66.3,4851,217.1,Medio
MUN_040,Serra,ES,7,25.72,32.72,55.17,21.44,0.307,0.0,186.0,2234664,102.2,66.3,5539,247.91,Medio
MUN_040,Serra,ES,8,28.2,37.79,67.73,36.17,0.571,3.12,186.0,2234664,102.2,66.3,2837,126.99,Baixo
MUN_040,Serra,ES,9,29.75,36.09,56.63,16.07,0.419,6.91,186.0,2234664,102.2,66.3,4535,202.96,Medio
MUN_040,Serra,ES,10,28.05,35.83,78.46,20.1,0.527,3.03,186.0,2234664,102.2,66.3,6213,278.04,Alto
MUN_040,Serra,ES,11,26.99,34.46,55.73,34.14,0.753,0.0,186.0,2234664,102.2,66.3,5385,240.99,Medio
MUN_040,Serra,ES,12,28.61,35.13,85.9,91.35,0.532,3.72,186.0,2234664,102.2,66.3,6508,291.23,Alto
MUN_040,Serra,ES,13,23.76,28.11,82.44,121.05,0.623,9.1,186.0,2234664,102.2,66.3,9006,403.02,Alto
MUN_040,Serra,ES,14,27.62,33.55,82.39,171.37,0.31,1.76,186.0,2234664,102.2,66.3,8397,375.78,Alto
MUN_040,Serra,ES,15,28.64,33.61,76.85,150.61,0.566,13.06,186.0,2234664,102.2,66.3,9194,411.43,Alto
MUN_040,Serra,ES,16,38.74,46.0,55.01,77.26,0.387,6.97,186.0,2234664,102.2,66.3,6918,309.58,Alto
MUN_040,Serra,ES,17,30.91,41.31,74.95,158.39,0.571,6.56,186.0,2234664,102.2,66.3,7464,334.04,Alto
MUN_040,Serra,ES,18,39.12,45.49,65.73,135.48,0.727,7.96,186.0,2234664,102.2,66.3,5416,242.4,Medio
MUN_040,Serra,ES,19,34.37,40.76,83.85,12.79,0.56,12.22,186.0,2234664,102.2,66.3,8276,370.35,Alto
MUN_040,Serra,ES,20,20.95,25.39,83.75,95.9,0.427,3.96,186.0,2234664,102.2,66.3,5953,266.41,Alto
MUN_040,Serra,ES,21,25.95,32.58,71.06,300.0,0.732,19.99,186.0,2234664,102.2,66.3,7562,338.42,Alto
MUN_040,Serra,ES,22,28.15,38.15,86.57,45.64,0.496,0.0,186.0,2234664,102.2,66.3,6428,287.65,Alto
MUN_040,Serra,ES,23,26.69,31.27,83.99,10.29,0.441,0.0,186.0,2234664,102.2,66.3,5135,229.8,Medio
MUN_040,Serra,ES,24,25.9,30.98,71.05,59.09,0.36,0.0,186.0,2234664,102.2,66.3,6931,310.16,Alto
MUN_040,Serra,ES,25,31.88,38.2,66.81,17.36,0.397,0.43,186.0,2234664,102.2,66.3,6478,289.93,Alto
MUN_040,Serra,ES,26,26.84,29.41,81.46,7.01,0.421,0.82,186.0,2234664,102.2,66.3,3710,166.06,Medio
MUN_040,Serra,ES,27,24.79,34.23,80.29,13.14,0.523,0.0,186.0,2234664,102.2,66.3,4916,220.03,Medio
MUN_040,Serra,ES,28,21.48,27.35,81.91,36.46,0.443,1.3,186.0,2234664,102.2,66.3,4495,201.19,Medio
MUN_040,Serra,ES,29,22.03,25.37,88.25,12.04,0.104,0.0,186.0,2234664,102.2,66.3,3366,150.67,Baixo
MUN_040,Serra,ES,30,20.92,29.48,35.17,10.61,0.115,0.0,186.0,2234664,102.2,66.3,1593,71.3,Baixo
MUN_040,Serra,ES,31,19.21,23.85,63.23,3.03,0.471,16.79,186.0,2234664,102.2,66.3,2607,116.7,Baixo
MUN_040,Serra,ES,32,18.54,26.36,46.78,19.49,0.361,3.73,186.0,2234664,102.2,66.3,3764,168.47,Medio
MUN_040,Serra,ES,33,20.56,26.48,58.52,0.5,0.096,3.81,186.0,2234664,102.2,66.3,4030,180.37,Medio
MUN_040,Serra,ES,34,24.22,28.96,64.41,3.82,0.354,3.18,186.0,2234664,102.2,66.3,3189,142.72,Baixo
MUN_040,Serra,ES,35,23.22,26.57,59.97,55.6,0.403,10.55,186.0,2234664,102.2,66.3,4572,204.63,Medio
MUN_040,Serra,ES,36,22.28,25.05,46.24,3.6,0.346,3.31,186.0,2234664,102.2,66.3,4973,222.58,Medio
MUN_040,Serra,ES,37,27.48,35.29,48.47,15.1,0.183,8.42,186.0,2234664,102.2,66.3,3741,167.43,Medio
MUN_040,Serra,ES,38,17.24,26.17,77.46,9.26,0.179,0.0,186.0,2234664,102.2,66.3,3605,161.34,Medio
MUN_040,Serra,ES,39,23.81,31.68,60.44,21.02,0.28,0.33,186.0,2234664,102.2,66.3,2928,131.07,Baixo
MUN_040,Serra,ES,40,28.54,38.8,66.22,16.52,0.154,0.0,186.0,2234664,102.2,66.3,3201,143.27,Baixo
MUN_040,Serra,ES,41,25.68,33.91,47.51,0.26,0.306,5.4,186.0,2234664,102.2,66.3,993,44.47,Baixo
MUN_040,Serra,ES,42,22.19,24.58,53.52,10.05,0.381,0.0,186.0,2234664,102.2,66.3,163,7.3,Baixo
MUN_040,Serra,ES,43,21.92,24.23,58.59,20.81,0.383,6.89,186.0,2234664,102.2,66.3,3654,163.52,Medio
MUN_040,Serra,ES,44,27.14,34.33,100.0,3.34,0.564,0.0,186.0,2234664,102.2,66.3,2893,129.49,Baixo
MUN_040,Serra,ES,45,22.95,26.86,73.91,0.7,0.081,1.59,186.0,2234664,102.2,66.3,2219,99.33,Baixo
MUN_040,Serra,ES,46,26.91,29.53,64.35,7.5,0.169,3.46,186.0,2234664,102.2,66.3,1316,58.93,Baixo
MUN_040,Serra,ES,47,18.5,22.26,46.18,4.76,0.283,4.85,186.0,2234664,102.2,66.3,33,1.5,Baixo
MUN_040,Serra,ES,48,21.88,24.35,85.31,53.39,0.536,0.0,186.0,2234664,102.2,66.3,1289,57.7,Baixo
MUN_040,Serra,ES,49,27.68,29.82,57.64,17.22,0.227,0.0,186.0,2234664,102.2,66.3,2877,128.77,Baixo
MUN_040,Serra,ES,50,18.17,27.6,39.32,11.88,0.373,2.04,186.0,2234664,102.2,66.3,2243,100.38,Baixo
MUN_041,Caxias do Sul,RS,1,17.84,23.42,56.44,0.62,0.371,1.06,221.4,1020198,64.7,91.0,0,0.0,Baixo
MUN_041,Caxias do Sul,RS,2,11.0,16.28,67.52,2.28,0.1,0.0,221.4,1020198,64.7,91.0,0,0.0,Baixo
MUN_041,Caxias do Sul,RS,3,19.11,21.65,68.43,6.17,0.405,5.36,221.4,1020198,64.7,91.0,1473,144.4,Baixo
MUN_041,Caxias do Sul,RS,4,16.56,21.45,65.42,29.7,0.213,2.25,221.4,1020198,64.7,91.0,336,33.03,Baixo
MUN_041,Caxias do Sul,RS,5,22.9,26.29,51.45,20.89,0.322,0.29,221.4,1020198,64.7,91.0,699,68.52,Baixo
MUN_041,Caxias do Sul,RS,6,17.7,23.61,73.14,8.07,0.457,5.3,221.4,1020198,64.7,91.0,1075,105.39,Baixo
MUN_041,Caxias do Sul,RS,7,23.85,31.13,49.16,1.93,0.564,0.0,221.4,1020198,64.7,91.0,1264,123.99,Baixo
MUN_041,Caxias do Sul,RS,8,27.23,31.35,78.7,41.98,0.311,0.19,221.4,1020198,64.7,91.0,1407,137.96,Baixo
MUN_041,Caxias do Sul,RS,9,17.96,25.39,82.61,56.03,0.508,0.21,221.4,1020198,64.7,91.0,1169,114.66,Baixo
MUN_041,Caxias do Sul,RS,10,22.26,26.59,77.6,54.58,0.552,10.89,221.4,1020198,64.7,91.0,2094,205.33,Medio
MUN_041,Caxias do Sul,RS,11,22.87,28.27,68.89,38.9,0.331,5.54,221.4,1020198,64.7,91.0,1415,138.76,Baixo
MUN_041,Caxias do Sul,RS,12,28.42,31.25,52.97,156.17,0.428,11.06,221.4,1020198,64.7,91.0,2500,245.07,Medio
MUN_041,Caxias do Sul,RS,13,27.7,34.11,100.0,35.11,0.619,4.8,221.4,1020198,64.7,91.0,3068,300.76,Alto
MUN_041,Caxias do Sul,RS,14,18.83,26.27,82.16,24.29,0.574,2.16,221.4,1020198,64.7,91.0,2124,208.25,Medio
MUN_041,Caxias do Sul,RS,15,24.61,27.39,100.0,244.42,0.618,25.75,221.4,1020198,64.7,91.0,2884,282.75,Alto
MUN_041,Caxias do Sul,RS,16,26.14,33.34,100.0,9.92,0.588,0.0,221.4,1020198,64.7,91.0,2650,259.79,Alto
MUN_041,Caxias do Sul,RS,17,28.54,35.41,76.05,48.31,0.673,3.01,221.4,1020198,64.7,91.0,1622,159.03,Medio
MUN_041,Caxias do Sul,RS,18,22.82,25.05,92.73,16.26,0.526,0.45,221.4,1020198,64.7,91.0,1699,166.59,Medio
MUN_041,Caxias do Sul,RS,19,27.75,35.24,77.81,47.29,0.399,1.87,221.4,1020198,64.7,91.0,1389,136.23,Baixo
MUN_041,Caxias do Sul,RS,20,23.98,32.07,95.19,102.57,0.66,7.08,221.4,1020198,64.7,91.0,2990,293.1,Alto
MUN_041,Caxias do Sul,RS,21,26.51,31.32,65.46,47.07,0.537,8.4,221.4,1020198,64.7,91.0,1873,183.66,Medio
MUN_041,Caxias do Sul,RS,22,27.6,30.03,65.17,27.59,0.719,1.93,221.4,1020198,64.7,91.0,884,86.69,Baixo
MUN_041,Caxias do Sul,RS,23,22.72,29.69,72.5,30.51,0.326,0.0,221.4,1020198,64.7,91.0,804,78.83,Baixo
MUN_041,Caxias do Sul,RS,24,28.87,32.25,68.38,56.72,0.616,1.06,221.4,1020198,64.7,91.0,1985,194.63,Medio
MUN_041,Caxias do Sul,RS,25,26.63,28.64,75.46,26.36,0.468,0.0,221.4,1020198,64.7,91.0,1847,181.13,Medio
MUN_041,Caxias do Sul,RS,26,12.7,17.17,63.28,17.62,0.331,3.47,221.4,1020198,64.7,91.0,671,65.79,Baixo
MUN_041,Caxias do Sul,RS,27,17.71,23.2,64.09,80.95,0.361,6.61,221.4,1020198,64.7,91.0,817,80.14,Baixo
MUN_041,Caxias do Sul,RS,28,22.9,30.41,56.23,31.18,0.328,0.0,221.4,1020198,64.7,91.0,2182,213.97,Medio
MUN_041,Caxias do Sul,RS,29,23.22,28.96,52.58,20.11,0.428,10.58,221.4,1020198,64.7,91.0,1010,99.09,Baixo
MUN_041,Caxias do Sul,RS,30,20.8,27.34,40.57,24.25,0.244,4.62,221.4,1020198,64.7,91.0,407,39.93,Baixo
MUN_041,Caxias do Sul,RS,31,22.97,28.2,63.55,0.59,0.321,2.56,221.4,1020198,64.7,91.0,171,16.85,Baixo
MUN_041,Caxias do Sul,RS,32,15.26,24.55,69.75,6.73,0.394,4.79,221.4,1020198,64.7,91.0,718,70.43,Baixo
MUN_041,Caxias do Sul,RS,33,22.39,25.27,76.34,1.45,0.278,0.0,221.4,1020198,64.7,91.0,1012,99.23,Baixo
MUN_041,Caxias do Sul,RS,34,18.66,22.79,64.51,11.37,0.318,7.86,221.4,1020198,64.7,91.0,623,61.14,Baixo
MUN_041,Caxias do Sul,RS,35,21.2,25.47,61.24,38.41,0.403,6.63,221.4,1020198,64.7,91.0,387,37.98,Baixo
MUN_041,Caxias do Sul,RS,36,20.32,24.13,68.6,9.3,0.314,0.0,221.4,1020198,64.7,91.0,221,21.68,Baixo
MUN_041,Caxias do Sul,RS,37,16.96,22.38,61.43,1.45,0.36,0.0,221.4,1020198,64.7,91.0,0,0.0,Baixo
MUN_041,Caxias do Sul,RS,38,22.21,27.31,51.64,1.61,0.245,1.08,221.4,1020198,64.7,91.0,497,48.78,Baixo
MUN_041,Caxias do Sul,RS,39,23.09,30.44,72.75,4.48,0.484,0.0,221.4,1020198,64.7,91.0,490,48.12,Baixo
MUN_041,Caxias do Sul,RS,40,15.36,24.8,78.98,12.13,0.284,5.58,221.4,1020198,64.7,91.0,1125,110.36,Baixo
MUN_041,Caxias do Sul,RS,41,21.58,25.54,57.57,2.59,0.356,0.0,221.4,1020198,64.7,91.0,728,71.36,Baixo
MUN_041,Caxias do Sul,RS,42,19.19,27.08,63.81,3.67,0.402,3.19,221.4,1020198,64.7,91.0,1025,100.48,Baixo
MUN_041,Caxias do Sul,RS,43,14.27,18.3,73.48,4.71,0.372,1.3,221.4,1020198,64.7,91.0,655,64.24,Baixo
MUN_041,Caxias do Sul,RS,44,15.25,17.59,68.59,2.52,0.439,0.91,221.4,1020198,64.7,91.0,1296,127.07,Baixo
MUN_041,Caxias do Sul,RS,45,17.49,24.85,39.51,2.53,0.434,0.0,221.4,1020198,64.7,91.0,312,30.62,Baixo
MUN_041,Caxias do Sul,RS,46,17.38,25.04,77.0,12.91,0.139,5.47,221.4,1020198,64.7,91.0,122,11.98,Baixo
MUN_041,Caxias do Sul,RS,47,23.09,29.17,56.47,13.0,0.433,0.0,221.4,1020198,64.7,91.0,628,61.64,Baixo
MUN_041,Caxias do Sul,RS,48,16.52,22.27,40.28,14.49,0.408,0.13,221.4,1020198,64.7,91.0,126,12.41,Baixo
MUN_041,Caxias do Sul,RS,49,18.0,26.0,65.08,1.81,0.447,2.38,221.4,1020198,64.7,91.0,958,93.95,Baixo
MUN_041,Caxias do Sul,RS,50,16.79,25.02,67.39,9.22,0.17,0.99,221.4,1020198,64.7,91.0,1128,110.63,Baixo
MUN_042,Macapá,AP,1,24.6,30.47,72.36,13.62,0.317,3.72,201.9,1609159,77.2,82.1,2204,137.01,Baixo
MUN_042,Macapá,AP,2,28.84,32.35,83.45,0.51,0.219,0.18,201.9,1609159,77.2,82.1,3640,226.24,Medio
MUN_042,Macapá,AP,3,20.18,30.15,58.98,0.17,0.278,3.89,201.9,1609159,77.2,82.1,2231,138.7,Baixo
MUN_042,Macapá,AP,4,24.49,33.6,42.52,18.6,0.24,0.0,201.9,1609159,77.2,82.1,2048,127.32,Baixo
MUN_042,Macapá,AP,5,24.05,31.36,66.24,2.94,0.284,0.0,201.9,1609159,77.2,82.1,4542,282.27,Alto
MUN_042,Macapá,AP,6,26.81,29.64,66.98,6.92,0.373,3.12,201.9,1609159,77.2,82.1,3950,245.49,Medio
MUN_042,Macapá,AP,7,34.58,39.7,67.09,59.79,0.462,0.0,201.9,1609159,77.2,82.1,4107,255.27,Alto
MUN_042,Macapá,AP,8,35.62,44.2,67.17,86.0,0.335,3.36,201.9,1609159,77.2,82.1,4605,286.2,Alto
MUN_042,Macapá,AP,9,31.35,35.66,76.7,62.22,0.498,2.12,201.9,1609159,77.2,82.1,5317,330.43,Alto
MUN_042,Macapá,AP,10,29.11,37.77,77.06,300.0,0.579,25.15,201.9,1609159,77.2,82.1,7345,456.51,Alto
MUN_042,Macapá,AP,11,35.19,41.0,81.91,15.83,0.424,0.0,201.9,1609159,77.2,82.1,5379,334.32,Alto
MUN_042,Macapá,AP,12,30.69,36.68,76.75,41.77,0.612,3.66,201.9,1609159,77.2,82.1,5611,348.72,Alto
MUN_042,Macapá,AP,13,29.99,36.23,78.24,24.54,0.552,0.0,201.9,1609159,77.2,82.1,5443,338.28,Alto
MUN_042,Macapá,AP,14,29.04,32.13,68.28,238.42,0.506,16.32,201.9,1609159,77.2,82.1,7740,481.02,Alto
MUN_042,Macapá,AP,15,26.88,32.12,89.14,34.73,0.461,6.35,201.9,1609159,77.2,82.1,4618,287.04,Alto
MUN_042,Macapá,AP,16,30.71,38.78,58.88,191.77,0.45,18.94,201.9,1609159,77.2,82.1,5241,325.72,Alto
MUN_042,Macapá,AP,17,33.21,41.43,78.09,109.07,0.843,11.98,201.9,1609159,77.2,82.1,7376,458.4,Alto
MUN_042,Macapá,AP,18,31.42,37.21,58.23,185.14,0.518,9.62,201.9,1609159,77.2,82.1,6073,377.46,Alto
MUN_042,Macapá,AP,19,30.43,39.99,100.0,300.0,0.575,24.8,201.9,1609159,77.2,82.1,7254,450.83,Alto
MUN_042,Macapá,AP,20,35.21,37.69,74.94,106.37,0.67,7.2,201.9,1609159,77.2,82.1,7010,435.69,Alto
MUN_042,Macapá,AP,21,23.36,28.37,69.04,15.07,0.672,0.0,201.9,1609159,77.2,82.1,1998,124.2,Baixo
MUN_042,Macapá,AP,22,31.59,33.8,79.63,137.52,0.619,14.63,201.9,1609159,77.2,82.1,5607,348.48,Alto
MUN_042,Macapá,AP,23,34.24,38.59,77.21,45.13,0.622,2.84,201.9,1609159,77.2,82.1,6407,398.19,Alto
MUN_042,Macapá,AP,24,40.0,44.82,86.03,39.34,0.482,0.0,201.9,1609159,77.2,82.1,5390,334.98,Alto
MUN_042,Macapá,AP,25,35.01,39.01,77.87,34.29,0.421,2.68,201.9,1609159,77.2,82.1,4805,298.62,Alto
MUN_042,Macapá,AP,26,28.25,36.31,69.51,9.99,0.569,0.0,201.9,1609159,77.2,82.1,3199,198.82,Medio
MUN_042,Macapá,AP,27,28.12,36.24,72.58,40.37,0.278,4.43,201.9,1609159,77.2,82.1,4364,271.23,Alto
MUN_042,Macapá,AP,28,29.18,31.88,75.95,9.69,0.357,0.0,201.9,1609159,77.2,82.1,3499,217.49,Medio
MUN_042,Macapá,AP,29,25.75,33.0,87.72,91.22,0.374,6.48,201.9,1609159,77.2,82.1,4541,282.23,Alto
MUN_042,Macapá,AP,30,25.14,29.77,54.75,13.74,0.341,0.0,201.9,1609159,77.2,82.1,3111,193.39,Medio
MUN_042,Macapá,AP,31,27.74,35.9,52.63,23.64,0.314,0.0,201.9,1609159,77.2,82.1,3917,243.42,Medio
MUN_042,Macapá,AP,32,22.77,28.94,47.47,10.49,0.309,3.0,201.9,1609159,77.2,82.1,2907,180.69,Medio
MUN_042,Macapá,AP,33,28.48,33.78,58.45,14.5,0.214,0.0,201.9,1609159,77.2,82.1,1720,106.92,Baixo
MUN_042,Macapá,AP,34,25.35,31.62,50.74,13.48,0.415,0.0,201.9,1609159,77.2,82.1,1263,78.49,Baixo
MUN_042,Macapá,AP,35,22.53,31.73,79.54,48.47,0.443,0.16,201.9,1609159,77.2,82.1,4095,254.51,Alto
MUN_042,Macapá,AP,36,26.45,32.72,61.21,0.67,0.209,0.0,201.9,1609159,77.2,82.1,4699,292.03,Alto
MUN_042,Macapá,AP,37,25.4,34.94,52.09,19.74,0.37,0.0,201.9,1609159,77.2,82.1,1814,112.73,Baixo
MUN_042,Macapá,AP,38,28.0,30.88,58.51,6.29,0.414,8.1,201.9,1609159,77.2,82.1,2168,134.78,Baixo
MUN_042,Macapá,AP,39,28.03,38.19,66.46,17.63,0.099,0.0,201.9,1609159,77.2,82.1,4786,297.45,Alto
MUN_042,Macapá,AP,40,18.77,28.87,57.09,2.49,0.316,0.0,201.9,1609159,77.2,82.1,3722,231.36,Medio
MUN_042,Macapá,AP,41,19.05,24.35,66.21,61.13,0.108,4.43,201.9,1609159,77.2,82.1,3603,223.96,Medio
MUN_042,Macapá,AP,42,29.51,39.68,41.85,84.9,0.347,13.15,201.9,1609159,77.2,82.1,5473,340.13,Alto
MUN_042,Macapá,AP,43,27.44,34.22,89.18,33.99,0.274,0.0,201.9,1609159,77.2,82.1,4411,274.13,Alto
MUN_042,Macapá,AP,44,28.57,31.98,64.39,47.42,0.311,2.36,201.9,1609159,77.2,82.1,4620,287.16,Alto
MUN_042,Macapá,AP,45,23.48,28.43,89.36,8.98,0.305,0.0,201.9,1609159,77.2,82.1,2352,146.17,Baixo
MUN_042,Macapá,AP,46,28.57,38.4,60.78,7.31,0.294,0.0,201.9,1609159,77.2,82.1,3730,231.83,Medio
MUN_042,Macapá,AP,47,27.19,32.26,59.36,22.05,0.47,10.13,201.9,1609159,77.2,82.1,3608,224.22,Medio
MUN_042,Macapá,AP,48,31.93,41.1,91.1,57.09,0.319,5.76,201.9,1609159,77.2,82.1,5349,332.46,Alto
MUN_042,Macapá,AP,49,31.04,36.45,49.28,2.78,0.367,4.8,201.9,1609159,77.2,82.1,5425,337.14,Alto
MUN_042,Macapá,AP,50,31.17,40.34,56.79,15.23,0.03,0.0,201.9,1609159,77.2,82.1,6161,382.9,Alto
MUN_043,Florianópolis,SC,1,23.67,33.97,61.91,2.13,0.199,8.56,57.3,2951944,145.7,99.0,3134,106.18,Baixo
MUN_043,Florianópolis,SC,2,20.62,26.64,78.73,7.48,0.265,1.31,57.3,2951944,145.7,99.0,567,19.24,Baixo
MUN_043,Florianópolis,SC,3,16.13,18.19,79.77,4.23,0.451,4.86,57.3,2951944,145.7,99.0,850,28.81,Baixo
MUN_043,Florianópolis,SC,4,20.23,29.11,64.12,17.53,0.485,1.94,57.3,2951944,145.7,99.0,4879,165.31,Medio
MUN_043,Florianópolis,SC,5,19.7,25.31,57.76,67.13,0.496,12.15,57.3,2951944,145.7,99.0,4719,159.88,Medio
MUN_043,Florianópolis,SC,6,19.67,23.73,62.36,16.74,0.279,0.0,57.3,2951944,145.7,99.0,4348,147.3,Baixo
MUN_043,Florianópolis,SC,7,24.29,33.11,73.91,2.48,0.177,1.79,57.3,2951944,145.7,99.0,3821,129.46,Baixo
MUN_043,Florianópolis,SC,8,24.67,28.12,63.08,9.27,0.361,0.0,57.3,2951944,145.7,99.0,5275,178.7,Medio
MUN_043,Florianópolis,SC,9,24.91,33.2,75.48,18.91,0.226,4.5,57.3,2951944,145.7,99.0,1454,49.27,Baixo
MUN_043,Florianópolis,SC,10,28.45,37.0,60.45,21.03,0.547,8.94,57.3,2951944,145.7,99.0,3573,121.06,Baixo
MUN_043,Florianópolis,SC,11,24.51,32.16,60.67,62.13,0.488,6.33,57.3,2951944,145.7,99.0,5447,184.53,Medio
MUN_043,Florianópolis,SC,12,26.87,35.03,90.44,86.43,0.586,7.97,57.3,2951944,145.7,99.0,6079,205.96,Medio
MUN_043,Florianópolis,SC,13,26.15,32.51,74.0,4.52,0.412,0.0,57.3,2951944,145.7,99.0,7783,263.66,Alto
MUN_043,Florianópolis,SC,14,26.32,34.66,77.53,36.04,0.217,0.0,57.3,2951944,145.7,99.0,8412,284.98,Alto
MUN_043,Florianópolis,SC,15,28.05,36.92,88.4,65.2,0.466,0.78,57.3,2951944,145.7,99.0,6473,219.29,Medio
MUN_043,Florianópolis,SC,16,32.43,41.99,64.57,154.71,0.488,11.09,57.3,2951944,145.7,99.0,8256,279.69,Alto
MUN_043,Florianópolis,SC,17,28.08,35.75,60.43,66.02,0.687,10.08,57.3,2951944,145.7,99.0,10168,344.48,Alto
MUN_043,Florianópolis,SC,18,27.25,34.27,97.57,8.92,0.62,3.67,57.3,2951944,145.7,99.0,5293,179.31,Medio
MUN_043,Florianópolis,SC,19,27.47,31.71,92.58,74.07,0.544,15.83,57.3,2951944,145.7,99.0,9539,323.15,Alto
MUN_043,Florianópolis,SC,20,25.75,35.93,54.18,37.56,0.447,11.79,57.3,2951944,145.7,99.0,9435,319.65,Alto
MUN_043,Florianópolis,SC,21,31.61,36.66,91.09,33.19,0.773,0.29,57.3,2951944,145.7,99.0,8839,299.46,Alto
MUN_043,Florianópolis,SC,22,32.45,36.23,55.59,68.35,0.638,6.68,57.3,2951944,145.7,99.0,9092,308.03,Alto
MUN_043,Florianópolis,SC,23,26.62,32.38,69.09,83.81,0.425,2.62,57.3,2951944,145.7,99.0,7903,267.74,Alto
MUN_043,Florianópolis,SC,24,21.99,27.14,53.86,178.89,0.554,16.34,57.3,2951944,145.7,99.0,9907,335.62,Alto
MUN_043,Florianópolis,SC,25,19.62,21.92,76.05,164.83,0.513,9.05,57.3,2951944,145.7,99.0,7276,246.49,Medio
MUN_043,Florianópolis,SC,26,29.68,38.8,63.5,5.74,0.519,4.96,57.3,2951944,145.7,99.0,5936,201.12,Medio
MUN_043,Florianópolis,SC,27,20.97,29.81,43.85,5.8,0.369,0.73,57.3,2951944,145.7,99.0,3191,108.11,Baixo
MUN_043,Florianópolis,SC,28,22.73,28.64,74.48,23.48,0.239,1.51,57.3,2951944,145.7,99.0,4574,154.95,Baixo
MUN_043,Florianópolis,SC,29,29.21,33.55,67.98,44.79,0.218,11.61,57.3,2951944,145.7,99.0,4541,153.86,Baixo
MUN_043,Florianópolis,SC,30,19.74,24.64,77.13,14.53,0.234,0.0,57.3,2951944,145.7,99.0,4411,149.44,Baixo
MUN_043,Florianópolis,SC,31,21.13,25.18,78.37,2.59,0.336,0.2,57.3,2951944,145.7,99.0,3369,114.14,Baixo
MUN_043,Florianópolis,SC,32,15.14,18.0,78.75,13.33,0.429,8.46,57.3,2951944,145.7,99.0,9349,316.71,Alto
MUN_043,Florianópolis,SC,33,24.44,31.43,77.01,1.44,0.338,0.28,57.3,2951944,145.7,99.0,6875,232.93,Medio
MUN_043,Florianópolis,SC,34,19.84,24.59,78.17,19.19,0.161,0.0,57.3,2951944,145.7,99.0,2326,78.8,Baixo
MUN_043,Florianópolis,SC,35,13.5,21.75,48.74,13.73,0.222,0.0,57.3,2951944,145.7,99.0,1664,56.38,Baixo
MUN_043,Florianópolis,SC,36,20.42,28.11,60.92,18.97,0.259,0.0,57.3,2951944,145.7,99.0,2337,79.19,Baixo
MUN_043,Florianópolis,SC,37,23.21,29.74,71.73,25.64,0.328,1.45,57.3,2951944,145.7,99.0,3896,132.0,Baixo
MUN_043,Florianópolis,SC,38,26.05,30.26,80.2,21.51,0.319,5.7,57.3,2951944,145.7,99.0,6932,234.86,Medio
MUN_043,Florianópolis,SC,39,19.94,22.1,34.66,4.33,0.507,0.55,57.3,2951944,145.7,99.0,5071,171.8,Medio
MUN_043,Florianópolis,SC,40,16.46,19.71,54.05,19.07,0.381,6.6,57.3,2951944,145.7,99.0,2353,79.74,Baixo
MUN_043,Florianópolis,SC,41,25.23,35.58,30.01,30.88,0.275,1.02,57.3,2951944,145.7,99.0,6208,210.32,Medio
MUN_043,Florianópolis,SC,42,21.52,27.61,57.16,10.1,0.396,3.43,57.3,2951944,145.7,99.0,3953,133.94,Baixo
MUN_043,Florianópolis,SC,43,18.98,21.86,47.8,16.46,0.289,0.0,57.3,2951944,145.7,99.0,0,0.0,Baixo
MUN_043,Florianópolis,SC,44,25.85,34.78,59.16,1.62,0.103,0.0,57.3,2951944,145.7,99.0,1429,48.41,Baixo
MUN_043,Florianópolis,SC,45,27.19,31.51,48.22,0.57,0.299,6.18,57.3,2951944,145.7,99.0,4080,138.23,Baixo
MUN_043,Florianópolis,SC,46,22.83,29.39,47.59,15.1,0.318,8.16,57.3,2951944,145.7,99.0,3391,114.88,Baixo
MUN_043,Florianópolis,SC,47,19.79,24.64,45.5,2.94,0.266,0.0,57.3,2951944,145.7,99.0,3516,119.11,Baixo
MUN_043,Florianópolis,SC,48,14.69,23.38,50.05,0.43,0.17,1.49,57.3,2951944,145.7,99.0,0,0.0,Baixo
MUN_043,Florianópolis,SC,49,20.64,28.01,78.75,5.4,0.197,0.0,57.3,2951944,145.7,99.0,1639,55.55,Baixo
MUN_043,Florianópolis,SC,50,24.81,31.57,39.2,1.72,0.316,5.28,57.3,2951944,145.7,99.0,4332,146.77,Baixo
MUN_044,Mogi das Cruzes,SP,1,19.21,24.27,75.76,9.24,0.221,0.05,834.4,2763736,38.2,64.9,1880,68.05,Baixo
MUN_044,Mogi das Cruzes,SP,2,18.37,22.22,58.49,16.65,0.51,0.0,834.4,2763736,38.2,64.9,3333,120.6,Baixo
MUN_044,Mogi das Cruzes,SP,3,16.52,25.51,45.12,3.75,0.03,0.14,834.4,2763736,38.2,64.9,1677,60.68,Baixo
MUN_044,Mogi das Cruzes,SP,4,14.68,18.39,74.35,25.5,0.709,2.27,834.4,2763736,38.2,64.9,4188,151.54,Baixo
MUN_044,Mogi das Cruzes,SP,5,22.06,29.9,65.33,36.77,0.419,1.4,834.4,2763736,38.2,64.9,4964,179.64,Medio
MUN_044,Mogi das Cruzes,SP,6,20.81,25.09,85.41,25.66,0.188,3.1,834.4,2763736,38.2,64.9,2914,105.46,Baixo
MUN_044,Mogi das Cruzes,SP,7,27.68,37.58,62.84,5.39,0.614,0.13,834.4,2763736,38.2,64.9,4627,167.44,Medio
MUN_044,Mogi das Cruzes,SP,8,27.08,34.18,70.4,1.76,0.306,0.0,834.4,2763736,38.2,64.9,7349,265.94,Alto
MUN_044,Mogi das Cruzes,SP,9,18.3,24.85,44.48,42.15,0.441,9.1,834.4,2763736,38.2,64.9,2248,81.36,Baixo
MUN_044,Mogi das Cruzes,SP,10,24.84,31.77,66.55,141.24,0.537,10.03,834.4,2763736,38.2,64.9,7013,253.77,Alto
MUN_044,Mogi das Cruzes,SP,11,21.43,27.94,90.64,75.75,0.616,12.0,834.4,2763736,38.2,64.9,5943,215.06,Medio
MUN_044,Mogi das Cruzes,SP,12,20.77,23.83,61.72,65.37,0.562,0.0,834.4,2763736,38.2,64.9,5623,203.49,Medio
MUN_044,Mogi das Cruzes,SP,13,20.92,30.13,60.69,1.08,0.57,0.83,834.4,2763736,38.2,64.9,3944,142.72,Baixo
MUN_044,Mogi das Cruzes,SP,14,21.72,25.34,83.92,132.97,0.588,13.83,834.4,2763736,38.2,64.9,6315,228.53,Medio
MUN_044,Mogi das Cruzes,SP,15,28.52,32.51,77.3,10.6,0.543,0.0,834.4,2763736,38.2,64.9,5841,211.37,Medio
MUN_044,Mogi das Cruzes,SP,16,23.77,26.89,63.18,107.53,0.381,7.08,834.4,2763736,38.2,64.9,8411,304.34,Alto
MUN_044,Mogi das Cruzes,SP,17,21.01,31.36,53.98,220.22,0.618,17.44,834.4,2763736,38.2,64.9,8986,325.15,Alto
MUN_044,Mogi das Cruzes,SP,18,24.02,28.72,66.58,22.78,0.718,3.74,834.4,2763736,38.2,64.9,7608,275.29,Alto
MUN_044,Mogi das Cruzes,SP,19,19.3,21.79,66.69,121.73,0.487,15.07,834.4,2763736,38.2,64.9,7145,258.55,Alto
MUN_044,Mogi das Cruzes,SP,20,21.87,28.93,64.88,300.0,0.526,25.81,834.4,2763736,38.2,64.9,5491,198.71,Medio
MUN_044,Mogi das Cruzes,SP,21,21.34,31.74,67.1,7.91,0.424,0.0,834.4,2763736,38.2,64.9,3956,143.17,Baixo
MUN_044,Mogi das Cruzes,SP,22,27.23,29.74,86.84,17.49,0.387,0.0,834.4,2763736,38.2,64.9,3871,140.07,Baixo
MUN_044,Mogi das Cruzes,SP,23,24.43,32.2,60.19,18.97,0.513,6.65,834.4,2763736,38.2,64.9,3522,127.47,Baixo
MUN_044,Mogi das Cruzes,SP,24,22.02,27.18,51.68,161.79,0.495,15.96,834.4,2763736,38.2,64.9,4850,175.49,Medio
MUN_044,Mogi das Cruzes,SP,25,18.75,23.35,50.71,5.97,0.342,8.39,834.4,2763736,38.2,64.9,5128,185.57,Medio
MUN_044,Mogi das Cruzes,SP,26,22.04,24.24,47.87,29.91,0.361,0.0,834.4,2763736,38.2,64.9,845,30.59,Baixo
MUN_044,Mogi das Cruzes,SP,27,22.21,31.5,68.98,95.55,0.469,1.12,834.4,2763736,38.2,64.9,5827,210.85,Medio
MUN_044,Mogi das Cruzes,SP,28,19.26,29.57,52.93,18.66,0.347,4.98,834.4,2763736,38.2,64.9,3294,119.21,Baixo
MUN_044,Mogi das Cruzes,SP,29,18.02,22.58,64.76,33.03,0.331,5.67,834.4,2763736,38.2,64.9,5006,181.14,Medio
MUN_044,Mogi das Cruzes,SP,30,12.97,17.75,53.23,21.98,0.376,0.0,834.4,2763736,38.2,64.9,2183,79.02,Baixo
MUN_044,Mogi das Cruzes,SP,31,23.21,25.84,52.7,0.39,0.127,0.0,834.4,2763736,38.2,64.9,1913,69.22,Baixo
MUN_044,Mogi das Cruzes,SP,32,10.51,14.0,77.81,0.62,0.318,0.0,834.4,2763736,38.2,64.9,1294,46.84,Baixo
MUN_044,Mogi das Cruzes,SP,33,15.91,18.92,68.13,9.32,0.489,5.32,834.4,2763736,38.2,64.9,965,34.94,Baixo
MUN_044,Mogi das Cruzes,SP,34,19.61,24.0,64.61,0.83,0.263,0.0,834.4,2763736,38.2,64.9,2074,75.05,Baixo
MUN_044,Mogi das Cruzes,SP,35,15.83,19.3,53.77,3.19,0.624,8.3,834.4,2763736,38.2,64.9,2909,105.26,Baixo
MUN_044,Mogi das Cruzes,SP,36,13.66,23.53,48.72,3.67,0.219,0.0,834.4,2763736,38.2,64.9,380,13.75,Baixo
MUN_044,Mogi das Cruzes,SP,37,22.62,30.65,54.1,2.63,0.389,7.39,834.4,2763736,38.2,64.9,4635,167.71,Medio
MUN_044,Mogi das Cruzes,SP,38,14.6,21.46,72.2,4.41,0.565,0.61,834.4,2763736,38.2,64.9,2974,107.61,Baixo
MUN_044,Mogi das Cruzes,SP,39,18.04,25.3,59.2,15.96,0.202,0.0,834.4,2763736,38.2,64.9,4269,154.49,Baixo
MUN_044,Mogi das Cruzes,SP,40,15.2,22.39,87.49,12.69,0.42,5.07,834.4,2763736,38.2,64.9,0,0.0,Baixo
MUN_044,Mogi das Cruzes,SP,41,15.68,20.72,73.79,4.7,0.42,4.89,834.4,2763736,38.2,64.9,2793,101.08,Baixo
MUN_044,Mogi das Cruzes,SP,42,15.83,25.43,56.27,15.18,0.438,3.21,834.4,2763736,38.2,64.9,1831,66.27,Baixo
MUN_044,Mogi das Cruzes,SP,43,17.08,26.03,47.93,6.04,0.24,0.6,834.4,2763736,38.2,64.9,896,32.44,Baixo
MUN_044,Mogi das Cruzes,SP,44,10.65,19.18,76.47,19.05,0.373,11.26,834.4,2763736,38.2,64.9,0,0.0,Baixo
MUN_044,Mogi das Cruzes,SP,45,19.09,21.68,54.8,0.94,0.292,0.0,834.4,2763736,38.2,64.9,2649,95.87,Baixo
MUN_044,Mogi das Cruzes,SP,46,15.36,25.31,67.24,5.56,0.103,0.0,834.4,2763736,38.2,64.9,1283,46.44,Baixo
MUN_044,Mogi das Cruzes,SP,47,20.39,28.97,51.69,4.87,0.365,9.33,834.4,2763736,38.2,64.9,5358,193.88,Medio
MUN_044,Mogi das Cruzes,SP,48,16.57,22.3,86.38,10.42,0.237,0.0,834.4,2763736,38.2,64.9,1860,67.33,Baixo
MUN_044,Mogi das Cruzes,SP,49,11.92,19.65,70.2,13.47,0.07,0.0,834.4,2763736,38.2,64.9,1719,62.2,Baixo
MUN_044,Mogi das Cruzes,SP,50,21.54,25.4,38.57,3.07,0.103,0.0,834.4,2763736,38.2,64.9,743,26.9,Baixo
MUN_045,Betim,MG,1,20.28,29.55,41.63,9.89,0.29,1.97,715.8,1137447,140.9,73.5,390,34.32,Baixo
MUN_045,Betim,MG,2,18.85,25.65,52.44,7.2,0.13,0.0,715.8,1137447,140.9,73.5,69,6.07,Baixo
MUN_045,Betim,MG,3,12.78,21.81,46.66,16.74,0.412,0.0,715.8,1137447,140.9,73.5,511,44.98,Baixo
MUN_045,Betim,MG,4,16.76,22.37,53.95,24.6,0.383,0.0,715.8,1137447,140.9,73.5,236,20.83,Baixo
MUN_045,Betim,MG,5,17.5,21.01,40.64,43.22,0.523,1.89,715.8,1137447,140.9,73.5,908,79.83,Baixo
MUN_045,Betim,MG,6,28.23,34.84,67.58,20.28,0.03,0.97,715.8,1137447,140.9,73.5,2484,218.4,Medio
MUN_045,Betim,MG,7,23.64,31.11,87.32,17.69,0.295,0.91,715.8,1137447,140.9,73.5,2172,191.03,Medio
MUN_045,Betim,MG,8,19.9,24.08,80.31,17.61,0.406,8.25,715.8,1137447,140.9,73.5,1958,172.2,Medio
MUN_045,Betim,MG,9,13.97,16.8,66.48,9.18,0.492,6.29,715.8,1137447,140.9,73.5,2061,181.24,Medio
MUN_045,Betim,MG,10,25.66,28.44,76.8,35.46,0.348,5.5,715.8,1137447,140.9,73.5,1734,152.53,Baixo
MUN_045,Betim,MG,11,25.46,32.77,68.25,5.93,0.548,0.0,715.8,1137447,140.9,73.5,2116,186.09,Medio
MUN_045,Betim,MG,12,20.55,24.44,66.16,23.14,0.441,0.0,715.8,1137447,140.9,73.5,2340,205.77,Medio
MUN_045,Betim,MG,13,26.43,30.37,83.18,138.85,0.757,10.48,715.8,1137447,140.9,73.5,3346,294.21,Alto
MUN_045,Betim,MG,14,22.29,30.25,49.0,61.46,0.582,2.14,715.8,1137447,140.9,73.5,3056,268.7,Alto
MUN_045,Betim,MG,15,26.88,36.88,76.4,61.0,0.58,0.0,715.8,1137447,140.9,73.5,2098,184.48,Medio
MUN_045,Betim,MG,16,25.65,32.7,80.66,39.94,0.63,1.34,715.8,1137447,140.9,73.5,3015,265.09,Alto
MUN_045,Betim,MG,17,30.26,32.49,100.0,14.51,0.538,0.0,715.8,1137447,140.9,73.5,2918,256.54,Alto
MUN_045,Betim,MG,18,26.34,29.15,99.05,71.88,0.491,0.87,715.8,1137447,140.9,73.5,4387,385.71,Alto
MUN_045,Betim,MG,19,27.29,33.26,47.96,300.0,0.553,20.3,715.8,1137447,140.9,73.5,3496,307.39,Alto
MUN_045,Betim,MG,20,26.5,31.66,73.19,244.56,0.522,10.35,715.8,1137447,140.9,73.5,4237,372.56,Alto
MUN_045,Betim,MG,21,27.5,33.02,85.79,77.64,0.458,9.68,715.8,1137447,140.9,73.5,3916,344.3,Alto
MUN_045,Betim,MG,22,30.89,34.21,72.42,14.71,0.481,5.65,715.8,1137447,140.9,73.5,4129,363.08,Alto
MUN_045,Betim,MG,23,26.62,34.82,64.47,0.46,0.187,0.0,715.8,1137447,140.9,73.5,2797,245.96,Medio
MUN_045,Betim,MG,24,25.57,33.84,72.66,69.82,0.356,6.43,715.8,1137447,140.9,73.5,3119,274.25,Alto
MUN_045,Betim,MG,25,23.1,29.91,64.05,5.17,0.438,2.0,715.8,1137447,140.9,73.5,3134,275.57,Alto
MUN_045,Betim,MG,26,24.11,26.91,63.11,18.37,0.475,5.64,715.8,1137447,140.9,73.5,1854,163.0,Medio
MUN_045,Betim,MG,27,22.85,32.94,69.29,20.9,0.424,0.0,715.8,1137447,140.9,73.5,3696,325.02,Alto
MUN_045,Betim,MG,28,22.93,31.94,58.01,13.74,0.33,10.95,715.8,1137447,140.9,73.5,2534,222.79,Medio
MUN_045,Betim,MG,29,21.23,29.53,51.35,34.9,0.534,8.51,715.8,1137447,140.9,73.5,1096,96.41,Baixo
MUN_045,Betim,MG,30,18.26,21.35,88.9,0.05,0.268,1.28,715.8,1137447,140.9,73.5,1390,122.24,Baixo
MUN_045,Betim,MG,31,12.53,20.14,66.77,16.73,0.467,1.69,715.8,1137447,140.9,73.5,1222,107.51,Baixo
MUN_045,Betim,MG,32,12.81,15.89,55.14,9.39,0.294,0.06,715.8,1137447,140.9,73.5,0,0.0,Baixo
MUN_045,Betim,MG,33,22.17,32.14,80.2,8.94,0.382,0.0,715.8,1137447,140.9,73.5,1046,91.97,Baixo
MUN_045,Betim,MG,34,20.62,30.67,63.1,1.7,0.31,7.2,715.8,1137447,140.9,73.5,2389,210.09,Medio
MUN_045,Betim,MG,35,18.68,24.64,65.41,13.35,0.49,7.73,715.8,1137447,140.9,73.5,1954,171.84,Medio
MUN_045,Betim,MG,36,22.16,24.28,76.67,10.16,0.483,2.04,715.8,1137447,140.9,73.5,2058,181.0,Medio
MUN_045,Betim,MG,37,17.91,24.51,48.86,3.85,0.171,7.54,715.8,1137447,140.9,73.5,2390,210.2,Medio
MUN_045,Betim,MG,38,22.18,28.0,34.38,36.97,0.218,1.69,715.8,1137447,140.9,73.5,1215,106.87,Baixo
MUN_045,Betim,MG,39,13.91,21.58,75.59,41.16,0.332,0.0,715.8,1137447,140.9,73.5,2203,193.75,Medio
MUN_045,Betim,MG,40,24.91,31.37,41.17,7.72,0.178,1.76,715.8,1137447,140.9,73.5,1706,150.03,Baixo
MUN_045,Betim,MG,41,22.32,29.85,46.38,1.31,0.247,0.0,715.8,1137447,140.9,73.5,973,85.62,Baixo
MUN_045,Betim,MG,42,20.07,29.12,52.71,60.43,0.29,0.0,715.8,1137447,140.9,73.5,1701,149.62,Baixo
MUN_045,Betim,MG,43,20.5,22.82,52.34,9.65,0.227,2.28,715.8,1137447,140.9,73.5,1526,134.22,Baixo
MUN_045,Betim,MG,44,21.43,23.85,60.3,10.72,0.484,0.0,715.8,1137447,140.9,73.5,1682,147.95,Baixo
MUN_045,Betim,MG,45,23.6,32.24,55.31,2.1,0.248,0.0,715.8,1137447,140.9,73.5,305,26.85,Baixo
MUN_045,Betim,MG,46,14.55,19.58,68.17,22.44,0.442,0.0,715.8,1137447,140.9,73.5,1937,170.3,Medio
MUN_045,Betim,MG,47,20.35,23.0,71.71,15.17,0.15,0.0,715.8,1137447,140.9,73.5,2246,197.47,Medio
MUN_045,Betim,MG,48,24.39,31.51,75.02,15.25,0.257,0.0,715.8,1137447,140.9,73.5,2028,178.38,Medio
MUN_045,Betim,MG,49,14.32,21.4,69.66,7.05,0.406,1.28,715.8,1137447,140.9,73.5,1952,171.65,Medio
MUN_045,Betim,MG,50,16.17,20.1,75.51,10.91,0.249,0.0,715.8,1137447,140.9,73.5,1285,112.98,Baixo
MUN_046,Santos,SP,1,18.64,25.48,62.42,12.72,0.331,8.29,817.2,137450,70.0,47.2,83,61.02,Baixo
MUN_046,Santos,SP,2,16.26,20.57,66.35,4.07,0.263,0.0,817.2,137450,70.0,47.2,0,0.0,Baixo
MUN_046,Santos,SP,3,16.15,18.87,60.93,17.78,0.287,8.02,817.2,137450,70.0,47.2,52,38.48,Baixo
MUN_046,Santos,SP,4,18.99,22.93,55.1,2.21,0.368,9.3,817.2,137450,70.0,47.2,0,0.0,Baixo
MUN_046,Santos,SP,5,25.61,31.46,62.64,8.82,0.207,2.0,817.2,137450,70.0,47.2,0,0.0,Baixo
MUN_046,Santos,SP,6,17.88,26.36,50.03,7.94,0.488,7.84,817.2,137450,70.0,47.2,181,131.91,Baixo
MUN_046,Santos,SP,7,23.67,25.86,62.7,6.67,0.31,2.6,817.2,137450,70.0,47.2,185,134.99,Baixo
MUN_046,Santos,SP,8,24.13,31.75,74.8,2.13,0.341,7.56,817.2,137450,70.0,47.2,71,52.19,Baixo
MUN_046,Santos,SP,9,20.97,30.32,67.94,2.23,0.469,0.0,817.2,137450,70.0,47.2,124,90.26,Baixo
MUN_046,Santos,SP,10,21.21,27.35,61.02,89.87,0.667,3.5,817.2,137450,70.0,47.2,270,197.04,Medio
MUN_046,Santos,SP,11,20.41,22.64,58.82,300.0,0.636,21.32,817.2,137450,70.0,47.2,271,197.29,Medio
MUN_046,Santos,SP,12,24.4,30.16,63.75,14.65,0.553,0.0,817.2,137450,70.0,47.2,330,240.38,Medio
MUN_046,Santos,SP,13,24.64,33.22,71.99,217.22,0.532,12.08,817.2,137450,70.0,47.2,298,217.42,Medio
MUN_046,Santos,SP,14,24.22,30.15,62.2,43.39,0.457,10.36,817.2,137450,70.0,47.2,107,77.99,Baixo
MUN_046,Santos,SP,15,24.97,33.12,100.0,99.02,0.517,0.0,817.2,137450,70.0,47.2,239,173.94,Medio
MUN_046,Santos,SP,16,24.77,30.48,80.92,127.61,0.533,12.13,817.2,137450,70.0,47.2,258,188.35,Medio
MUN_046,Santos,SP,17,24.42,28.61,84.05,300.0,0.634,21.48,817.2,137450,70.0,47.2,328,239.19,Medio
MUN_046,Santos,SP,18,19.37,28.46,72.75,28.68,0.469,0.0,817.2,137450,70.0,47.2,244,178.22,Medio
MUN_046,Santos,SP,19,33.35,41.77,80.68,108.38,0.632,9.29,817.2,137450,70.0,47.2,482,350.82,Alto
MUN_046,Santos,SP,20,21.42,26.26,74.66,88.31,0.882,3.95,817.2,137450,70.0,47.2,421,306.53,Alto
MUN_046,Santos,SP,21,26.38,35.47,95.71,17.03,0.573,4.84,817.2,137450,70.0,47.2,322,234.97,Medio
MUN_046,Santos,SP,22,20.93,26.8,78.4,49.29,0.581,5.26,817.2,137450,70.0,47.2,319,232.78,Medio
MUN_046,Santos,SP,23,21.69,24.82,77.4,54.86,0.534,11.22,817.2,137450,70.0,47.2,204,149.02,Baixo
MUN_046,Santos,SP,24,19.42,28.34,61.49,300.0,0.165,23.44,817.2,137450,70.0,47.2,186,135.47,Baixo
MUN_046,Santos,SP,25,25.24,35.31,85.9,10.08,0.381,2.27,817.2,137450,70.0,47.2,85,62.54,Baixo
MUN_046,Santos,SP,26,24.89,29.43,67.82,36.08,0.472,0.0,817.2,137450,70.0,47.2,241,175.96,Medio
MUN_046,Santos,SP,27,26.99,32.45,59.78,2.98,0.363,1.28,817.2,137450,70.0,47.2,205,149.46,Baixo
MUN_046,Santos,SP,28,25.31,27.91,72.86,0.68,0.306,2.92,817.2,137450,70.0,47.2,222,161.69,Medio
MUN_046,Santos,SP,29,20.74,24.58,62.65,16.74,0.285,1.6,817.2,137450,70.0,47.2,63,46.56,Baixo
MUN_046,Santos,SP,30,17.4,23.62,68.04,1.41,0.273,0.0,817.2,137450,70.0,47.2,23,16.74,Baixo
MUN_046,Santos,SP,31,11.72,17.17,73.11,1.87,0.1,6.02,817.2,137450,70.0,47.2,7,5.5,Baixo
MUN_046,Santos,SP,32,20.26,30.67,46.34,0.12,0.279,0.0,817.2,137450,70.0,47.2,87,63.49,Baixo
MUN_046,Santos,SP,33,16.13,25.03,77.61,3.97,0.416,2.61,817.2,137450,70.0,47.2,61,44.6,Baixo
MUN_046,Santos,SP,34,21.28,29.28,46.11,19.39,0.352,2.82,817.2,137450,70.0,47.2,139,101.55,Baixo
MUN_046,Santos,SP,35,18.73,23.38,67.81,17.89,0.452,0.0,817.2,137450,70.0,47.2,51,37.11,Baixo
MUN_046,Santos,SP,36,18.13,27.92,50.02,23.36,0.353,0.0,817.2,137450,70.0,47.2,51,37.19,Baixo
MUN_046,Santos,SP,37,13.29,19.43,63.32,33.1,0.19,8.14,817.2,137450,70.0,47.2,1,0.84,Baixo
MUN_046,Santos,SP,38,19.09,27.11,37.1,9.47,0.396,6.98,817.2,137450,70.0,47.2,64,46.71,Baixo
MUN_046,Santos,SP,39,20.36,27.62,60.57,11.22,0.171,2.4,817.2,137450,70.0,47.2,37,27.5,Baixo
MUN_046,Santos,SP,40,17.27,26.44,50.99,7.51,0.316,11.07,817.2,137450,70.0,47.2,60,43.75,Baixo
MUN_046,Santos,SP,41,21.3,27.05,79.58,2.91,0.281,2.62,817.2,137450,70.0,47.2,91,66.4,Baixo
MUN_046,Santos,SP,42,14.59,24.31,38.04,9.24,0.299,0.0,817.2,137450,70.0,47.2,61,44.47,Baixo
MUN_046,Santos,SP,43,17.72,24.59,57.97,0.56,0.48,2.03,817.2,137450,70.0,47.2,36,26.23,Baixo
MUN_046,Santos,SP,44,18.43,23.16,44.12,9.13,0.331,0.0,817.2,137450,70.0,47.2,161,117.77,Baixo
MUN_046,Santos,SP,45,21.36,24.52,42.72,6.53,0.411,0.0,817.2,137450,70.0,47.2,210,152.79,Baixo
MUN_046,Santos,SP,46,18.51,28.84,84.1,15.21,0.403,1.25,817.2,137450,70.0,47.2,115,84.16,Baixo
MUN_046,Santos,SP,47,19.61,23.05,73.55,17.97,0.03,2.1,817.2,137450,70.0,47.2,86,62.74,Baixo
MUN_046,Santos,SP,48,21.7,29.29,47.12,1.34,0.452,6.65,817.2,137450,70.0,47.2,163,118.78,Baixo
MUN_046,Santos,SP,49,19.16,21.21,42.27,12.97,0.373,0.0,817.2,137450,70.0,47.2,63,46.05,Baixo
MUN_046,Santos,SP,50,21.87,30.61,40.63,9.91,0.316,7.92,817.2,137450,70.0,47.2,216,157.85,Medio
MUN_047,Olinda,PE,1,21.4,30.37,55.05,4.55,0.262,4.33,299.0,2261660,95.0,62.2,2356,104.21,Baixo
MUN_047,Olinda,PE,2,23.83,32.8,47.34,4.09,0.371,0.35,299.0,2261660,95.0,62.2,2455,108.59,Baixo
MUN_047,Olinda,PE,3,17.59,27.14,39.13,2.92,0.508,7.45,299.0,2261660,95.0,62.2,0,0.0,Baixo
MUN_047,Olinda,PE,4,25.31,30.37,61.53,13.4,0.278,4.06,299.0,2261660,95.0,62.2,798,35.29,Baixo
MUN_047,Olinda,PE,5,23.88,30.33,85.83,0.45,0.424,0.0,299.0,2261660,95.0,62.2,5889,260.4,Alto
MUN_047,Olinda,PE,6,28.06,30.23,55.18,19.18,0.392,10.18,299.0,2261660,95.0,62.2,6214,274.76,Alto
MUN_047,Olinda,PE,7,28.28,37.48,49.97,12.58,0.68,4.41,299.0,2261660,95.0,62.2,6317,279.32,Alto
MUN_047,Olinda,PE,8,33.66,37.53,63.33,130.88,0.384,9.12,299.0,2261660,95.0,62.2,7673,339.27,Alto
MUN_047,Olinda,PE,9,27.38,35.26,77.24,112.0,0.577,2.09,299.0,2261660,95.0,62.2,8177,361.57,Alto
MUN_047,Olinda,PE,10,23.94,26.1,67.05,19.39,0.706,5.53,299.0,2261660,95.0,62.2,5500,243.22,Medio
MUN_047,Olinda,PE,11,28.89,37.25,90.9,15.67,0.449,0.0,299.0,2261660,95.0,62.2,7362,325.54,Alto
MUN_047,Olinda,PE,12,32.04,36.75,54.3,46.99,0.516,6.32,299.0,2261660,95.0,62.2,7929,350.61,Alto
MUN_047,Olinda,PE,13,32.88,42.21,71.09,29.85,0.451,7.7,299.0,2261660,95.0,62.2,5677,251.02,Alto
MUN_047,Olinda,PE,14,30.88,39.17,70.12,29.06,0.772,1.8,299.0,2261660,95.0,62.2,5010,221.55,Medio
MUN_047,Olinda,PE,15,25.47,33.46,87.66,22.15,0.654,0.0,299.0,2261660,95.0,62.2,4412,195.09,Medio
MUN_047,Olinda,PE,16,33.37,40.86,90.61,102.27,0.541,2.42,299.0,2261660,95.0,62.2,4710,208.28,Medio
MUN_047,Olinda,PE,17,31.61,41.5,64.52,19.93,0.455,7.18,299.0,2261660,95.0,62.2,4008,177.23,Medio
MUN_047,Olinda,PE,18,32.64,37.38,95.96,17.6,0.6,5.5,299.0,2261660,95.0,62.2,6889,304.63,Alto
MUN_047,Olinda,PE,19,33.16,39.29,68.96,20.46,0.515,2.99,299.0,2261660,95.0,62.2,8110,358.59,Alto
MUN_047,Olinda,PE,20,34.54,37.72,55.46,69.68,0.838,9.12,299.0,2261660,95.0,62.2,6151,271.97,Alto
MUN_047,Olinda,PE,21,30.02,32.35,73.58,0.87,0.473,0.0,299.0,2261660,95.0,62.2,5420,239.69,Medio
MUN_047,Olinda,PE,22,25.94,32.59,91.99,23.85,0.548,6.95,299.0,2261660,95.0,62.2,5125,226.63,Medio
MUN_047,Olinda,PE,23,27.93,36.99,70.19,132.16,0.5,9.29,299.0,2261660,95.0,62.2,7995,353.51,Alto
MUN_047,Olinda,PE,24,22.64,26.53,60.13,104.96,0.317,2.33,299.0,2261660,95.0,62.2,8180,361.71,Alto
MUN_047,Olinda,PE,25,28.1,33.37,88.27,12.34,0.357,2.53,299.0,2261660,95.0,62.2,6526,288.58,Alto
MUN_047,Olinda,PE,26,27.85,36.07,79.05,2.74,0.428,8.83,299.0,2261660,95.0,62.2,6011,265.81,Alto
MUN_047,Olinda,PE,27,27.37,36.36,59.05,79.46,0.461,10.01,299.0,2261660,95.0,62.2,5997,265.17,Alto
MUN_047,Olinda,PE,28,23.46,28.13,46.61,6.73,0.554,1.36,299.0,2261660,95.0,62.2,4528,200.22,Medio
MUN_047,Olinda,PE,29,21.23,23.7,75.49,25.12,0.391,8.23,299.0,2261660,95.0,62.2,4653,205.75,Medio
MUN_047,Olinda,PE,30,25.55,30.08,68.54,0.51,0.275,0.0,299.0,2261660,95.0,62.2,5428,240.04,Medio
MUN_047,Olinda,PE,31,28.01,31.11,45.45,24.55,0.462,0.0,299.0,2261660,95.0,62.2,4121,182.23,Medio
MUN_047,Olinda,PE,32,25.14,33.19,49.92,10.34,0.433,5.1,299.0,2261660,95.0,62.2,5551,245.45,Medio
MUN_047,Olinda,PE,33,25.21,32.43,66.68,2.78,0.202,0.0,299.0,2261660,95.0,62.2,4440,196.34,Medio
MUN_047,Olinda,PE,34,15.54,25.96,64.23,19.07,0.3,2.18,299.0,2261660,95.0,62.2,2230,98.64,Baixo
MUN_047,Olinda,PE,35,25.48,34.16,62.29,2.54,0.279,0.0,299.0,2261660,95.0,62.2,2868,126.83,Baixo
MUN_047,Olinda,PE,36,19.06,21.95,47.53,3.6,0.403,2.78,299.0,2261660,95.0,62.2,4244,187.69,Medio
MUN_047,Olinda,PE,37,23.36,27.99,59.59,12.91,0.239,7.12,299.0,2261660,95.0,62.2,7272,321.57,Alto
MUN_047,Olinda,PE,38,25.16,32.85,80.99,8.3,0.375,0.0,299.0,2261660,95.0,62.2,6304,278.75,Alto
MUN_047,Olinda,PE,39,22.08,27.3,41.93,20.88,0.137,1.09,299.0,2261660,95.0,62.2,4873,215.48,Medio
MUN_047,Olinda,PE,40,23.73,27.9,58.63,2.22,0.204,7.79,299.0,2261660,95.0,62.2,3294,145.68,Baixo
MUN_047,Olinda,PE,41,23.39,29.83,58.8,5.05,0.213,5.43,299.0,2261660,95.0,62.2,1785,78.94,Baixo
MUN_047,Olinda,PE,42,25.43,31.05,44.26,0.08,0.139,0.0,299.0,2261660,95.0,62.2,1797,79.46,Baixo
MUN_047,Olinda,PE,43,23.64,32.33,68.12,21.38,0.368,0.17,299.0,2261660,95.0,62.2,3865,170.9,Medio
MUN_047,Olinda,PE,44,23.98,29.22,66.26,12.65,0.321,0.0,299.0,2261660,95.0,62.2,5524,244.25,Medio
MUN_047,Olinda,PE,45,21.5,28.39,72.41,2.11,0.255,3.01,299.0,2261660,95.0,62.2,3053,135.03,Baixo
MUN_047,Olinda,PE,46,24.57,28.8,53.74,13.46,0.259,0.0,299.0,2261660,95.0,62.2,3974,175.72,Medio
MUN_047,Olinda,PE,47,21.83,29.52,45.37,18.3,0.257,4.77,299.0,2261660,95.0,62.2,5621,248.54,Alto
MUN_047,Olinda,PE,48,21.17,30.82,34.58,4.49,0.207,0.0,299.0,2261660,95.0,62.2,4442,196.44,Medio
MUN_047,Olinda,PE,49,23.2,25.29,80.1,10.83,0.456,9.3,299.0,2261660,95.0,62.2,4797,212.13,Medio
MUN_047,Olinda,PE,50,21.1,29.17,81.06,5.2,0.195,0.0,299.0,2261660,95.0,62.2,3487,154.2,Baixo
MUN_048,Campina Grande,PB,1,25.31,33.43,40.28,4.13,0.181,6.12,74.5,2487184,118.2,36.9,1900,76.43,Baixo
MUN_048,Campina Grande,PB,2,23.8,30.81,47.87,8.76,0.494,1.98,74.5,2487184,118.2,36.9,2179,87.61,Baixo
MUN_048,Campina Grande,PB,3,25.85,30.27,43.56,6.55,0.264,2.19,74.5,2487184,118.2,36.9,2485,99.95,Baixo
MUN_048,Campina Grande,PB,4,24.16,28.49,44.4,2.51,0.182,0.0,74.5,2487184,118.2,36.9,1233,49.59,Baixo
MUN_048,Campina Grande,PB,5,25.47,31.18,51.68,6.16,0.478,0.0,74.5,2487184,118.2,36.9,3808,153.13,Baixo
MUN_048,Campina Grande,PB,6,26.32,34.12,63.23,24.69,0.425,6.25,74.5,2487184,118.2,36.9,4393,176.65,Medio
MUN_048,Campina Grande,PB,7,26.56,31.42,53.3,13.07,0.45,0.0,74.5,2487184,118.2,36.9,3067,123.34,Baixo
MUN_048,Campina Grande,PB,8,27.15,32.78,64.38,10.61,0.383,2.11,74.5,2487184,118.2,36.9,1695,68.15,Baixo
MUN_048,Campina Grande,PB,9,24.3,27.19,70.8,41.58,0.459,0.0,74.5,2487184,118.2,36.9,4053,162.97,Medio
MUN_048,Campina Grande,PB,10,28.05,35.29,76.35,223.09,0.464,12.84,74.5,2487184,118.2,36.9,8458,340.08,Alto
MUN_048,Campina Grande,PB,11,32.68,42.36,72.46,5.22,0.675,0.3,74.5,2487184,118.2,36.9,8889,357.42,Alto
MUN_048,Campina Grande,PB,12,30.03,40.46,64.5,5.89,0.573,0.0,74.5,2487184,118.2,36.9,10331,415.38,Alto
MUN_048,Campina Grande,PB,13,31.97,34.06,46.2,75.15,0.478,9.48,74.5,2487184,118.2,36.9,7467,300.23,Alto
MUN_048,Campina Grande,PB,14,31.46,34.66,59.37,43.32,0.544,1.37,74.5,2487184,118.2,36.9,4794,192.77,Medio
MUN_048,Campina Grande,PB,15,37.62,40.97,95.08,16.21,0.326,11.54,74.5,2487184,118.2,36.9,7285,292.94,Alto
MUN_048,Campina Grande,PB,16,29.42,38.77,96.42,4.84,0.65,12.18,74.5,2487184,118.2,36.9,6819,274.19,Alto
MUN_048,Campina Grande,PB,17,27.94,31.77,78.27,23.28,0.514,0.0,74.5,2487184,118.2,36.9,3686,148.2,Baixo
MUN_048,Campina Grande,PB,18,31.05,39.48,82.37,30.54,0.701,0.0,74.5,2487184,118.2,36.9,5696,229.02,Medio
MUN_048,Campina Grande,PB,19,27.87,35.31,87.21,8.08,0.45,1.99,74.5,2487184,118.2,36.9,5449,219.09,Medio
MUN_048,Campina Grande,PB,20,30.69,33.47,49.96,260.47,0.671,10.12,74.5,2487184,118.2,36.9,8422,338.65,Alto
MUN_048,Campina Grande,PB,21,25.23,29.39,81.8,19.14,0.7,0.0,74.5,2487184,118.2,36.9,5530,222.35,Medio
MUN_048,Campina Grande,PB,22,28.88,36.79,75.52,43.39,0.72,12.42,74.5,2487184,118.2,36.9,7870,316.43,Alto
MUN_048,Campina Grande,PB,23,30.3,34.41,100.0,67.88,0.501,6.89,74.5,2487184,118.2,36.9,7951,319.69,Alto
MUN_048,Campina Grande,PB,24,25.87,34.97,68.36,110.36,0.456,7.05,74.5,2487184,118.2,36.9,10017,402.77,Alto
MUN_048,Campina Grande,PB,25,25.31,27.49,50.18,39.38,0.486,6.79,74.5,2487184,118.2,36.9,4251,170.94,Medio
MUN_048,Campina Grande,PB,26,27.92,34.45,75.46,12.26,0.352,0.0,74.5,2487184,118.2,36.9,4293,172.61,Medio
MUN_048,Campina Grande,PB,27,32.28,42.39,83.09,3.71,0.423,12.9,74.5,2487184,118.2,36.9,4617,185.67,Medio
MUN_048,Campina Grande,PB,28,22.02,25.91,52.45,8.3,0.382,4.84,74.5,2487184,118.2,36.9,1610,64.77,Baixo
MUN_048,Campina Grande,PB,29,20.02,27.88,68.84,3.2,0.245,0.0,74.5,2487184,118.2,36.9,1514,60.89,Baixo
MUN_048,Campina Grande,PB,30,24.24,27.47,60.26,0.9,0.089,2.75,74.5,2487184,118.2,36.9,477,19.21,Baixo
MUN_048,Campina Grande,PB,31,26.03,35.12,52.31,1.67,0.169,4.79,74.5,2487184,118.2,36.9,0,0.0,Baixo
MUN_048,Campina Grande,PB,32,25.88,34.9,38.23,3.44,0.559,0.0,74.5,2487184,118.2,36.9,2637,106.04,Baixo
MUN_048,Campina Grande,PB,33,28.92,32.32,49.95,2.5,0.321,5.38,74.5,2487184,118.2,36.9,0,0.0,Baixo
MUN_048,Campina Grande,PB,34,25.07,32.77,64.9,14.23,0.434,0.4,74.5,2487184,118.2,36.9,3897,156.7,Medio
MUN_048,Campina Grande,PB,35,19.89,26.88,55.0,1.92,0.31,0.0,74.5,2487184,118.2,36.9,277,11.15,Baixo
MUN_048,Campina Grande,PB,36,23.0,28.62,63.27,45.01,0.303,0.0,74.5,2487184,118.2,36.9,5598,225.08,Medio
MUN_048,Campina Grande,PB,37,19.1,25.05,57.79,10.78,0.419,0.0,74.5,2487184,118.2,36.9,1586,63.78,Baixo
MUN_048,Campina Grande,PB,38,18.34,28.15,88.69,3.64,0.27,0.0,74.5,2487184,118.2,36.9,2208,88.78,Baixo
MUN_048,Campina Grande,PB,39,30.71,33.67,63.49,15.86,0.272,0.43,74.5,2487184,118.2,36.9,5311,213.56,Medio
MUN_048,Campina Grande,PB,40,23.14,26.56,66.35,2.08,0.076,0.3,74.5,2487184,118.2,36.9,6735,270.79,Alto
MUN_048,Campina Grande,PB,41,20.39,23.38,68.59,4.74,0.307,0.0,74.5,2487184,118.2,36.9,4490,180.54,Medio
MUN_048,Campina Grande,PB,42,23.68,30.46,50.91,10.91,0.03,0.0,74.5,2487184,118.2,36.9,2124,85.4,Baixo
MUN_048,Campina Grande,PB,43,24.54,33.16,74.01,20.78,0.145,2.59,74.5,2487184,118.2,36.9,3084,124.01,Baixo
MUN_048,Campina Grande,PB,44,23.36,30.48,98.14,0.14,0.197,3.38,74.5,2487184,118.2,36.9,6550,263.38,Alto
MUN_048,Campina Grande,PB,45,22.56,29.8,75.24,1.0,0.389,7.59,74.5,2487184,118.2,36.9,3177,127.77,Baixo
MUN_048,Campina Grande,PB,46,26.44,33.64,52.61,2.06,0.347,0.0,74.5,2487184,118.2,36.9,4873,195.95,Medio
MUN_048,Campina Grande,PB,47,21.91,29.39,87.73,4.67,0.176,6.31,74.5,2487184,118.2,36.9,4486,180.39,Medio
MUN_048,Campina Grande,PB,48,24.41,33.76,53.87,17.82,0.411,0.48,74.5,2487184,118.2,36.9,5222,209.96,Medio
MUN_048,Campina Grande,PB,49,28.44,32.79,62.51,14.7,0.265,6.96,74.5,2487184,118.2,36.9,6065,243.89,Medio
MUN_048,Campina Grande,PB,50,22.48,31.3,77.07,1.13,0.371,2.54,74.5,2487184,118.2,36.9,3790,152.42,Baixo
MUN_049,São José dos Campos,SP,1,19.48,24.73,68.75,10.67,0.414,3.33,852.5,2172866,116.8,64.8,2247,103.42,Baixo
MUN_049,São José dos Campos,SP,2,21.86,28.37,56.73,8.72,0.447,11.74,852.5,2172866,116.8,64.8,5313,244.53,Medio
MUN_049,São José dos Campos,SP,3,15.42,24.44,68.75,1.7,0.345,3.12,852.5,2172866,116.8,64.8,1095,50.4,Baixo
MUN_049,São José dos Campos,SP,4,14.95,18.8,61.98,12.87,0.3,3.2,852.5,2172866,116.8,64.8,942,43.36,Baixo
MUN_049,São José dos Campos,SP,5,19.23,24.59,45.65,13.23,0.221,3.44,852.5,2172866,116.8,64.8,3224,148.42,Baixo
MUN_049,São José dos Campos,SP,6,17.89,21.7,53.06,3.56,0.274,1.37,852.5,2172866,116.8,64.8,903,41.57,Baixo
MUN_049,São José dos Campos,SP,7,22.26,30.68,74.63,46.33,0.299,9.63,852.5,2172866,116.8,64.8,2607,119.99,Baixo
MUN_049,São José dos Campos,SP,8,15.44,24.3,61.88,30.85,0.325,9.02,852.5,2172866,116.8,64.8,3518,161.91,Medio
MUN_049,São José dos Campos,SP,9,20.16,24.64,56.1,86.63,0.492,0.67,852.5,2172866,116.8,64.8,2841,130.76,Baixo
MUN_049,São José dos Campos,SP,10,22.92,25.66,73.84,56.36,0.27,6.58,852.5,2172866,116.8,64.8,3496,160.93,Medio
MUN_049,São José dos Campos,SP,11,11.68,17.54,59.78,77.54,0.518,6.63,852.5,2172866,116.8,64.8,1861,85.68,Baixo
MUN_049,São José dos Campos,SP,12,26.62,29.01,51.36,104.39,0.462,6.19,852.5,2172866,116.8,64.8,5304,244.14,Medio
MUN_049,São José dos Campos,SP,13,26.43,35.24,73.33,161.55,0.551,22.11,852.5,2172866,116.8,64.8,4584,210.97,Medio
MUN_049,São José dos Campos,SP,14,25.99,35.81,90.59,46.76,0.723,10.24,852.5,2172866,116.8,64.8,3929,180.83,Medio
MUN_049,São José dos Campos,SP,15,16.85,21.91,65.57,174.45,0.547,15.78,852.5,2172866,116.8,64.8,6354,292.46,Alto
MUN_049,São José dos Campos,SP,16,26.91,35.25,84.23,34.76,0.517,0.0,852.5,2172866,116.8,64.8,5293,243.62,Medio
MUN_049,São José dos Campos,SP,17,19.2,26.84,93.56,113.15,0.557,7.24,852.5,2172866,116.8,64.8,5192,238.97,Medio
MUN_049,São José dos Campos,SP,18,33.31,35.69,80.47,42.54,0.513,4.2,852.5,2172866,116.8,64.8,5382,247.71,Medio
MUN_049,São José dos Campos,SP,19,27.31,33.32,91.86,194.57,0.658,8.34,852.5,2172866,116.8,64.8,4800,220.91,Medio
MUN_049,São José dos Campos,SP,20,19.71,27.75,68.73,85.31,0.363,0.55,852.5,2172866,116.8,64.8,3410,156.96,Medio
MUN_049,São José dos Campos,SP,21,26.62,35.2,52.66,62.66,0.583,9.71,852.5,2172866,116.8,64.8,3847,177.08,Medio
MUN_049,São José dos Campos,SP,22,24.93,32.82,100.0,46.88,0.717,1.7,852.5,2172866,116.8,64.8,5368,247.06,Medio
MUN_049,São José dos Campos,SP,23,22.78,31.15,57.28,66.39,0.573,14.35,852.5,2172866,116.8,64.8,4619,212.61,Medio
MUN_049,São José dos Campos,SP,24,15.32,19.9,87.4,54.77,0.465,12.84,852.5,2172866,116.8,64.8,3267,150.39,Baixo
MUN_049,São José dos Campos,SP,25,21.05,26.97,85.07,13.52,0.478,0.0,852.5,2172866,116.8,64.8,5006,230.43,Medio
MUN_049,São José dos Campos,SP,26,23.7,32.26,79.2,28.24,0.399,0.0,852.5,2172866,116.8,64.8,5589,257.23,Alto
MUN_049,São José dos Campos,SP,27,22.92,26.3,32.86,3.51,0.482,9.02,852.5,2172866,116.8,64.8,5736,264.0,Alto
MUN_049,São José dos Campos,SP,28,17.53,27.15,61.0,34.48,0.56,2.73,852.5,2172866,116.8,64.8,3425,157.67,Medio
MUN_049,São José dos Campos,SP,29,15.97,18.72,56.97,33.26,0.395,4.29,852.5,2172866,116.8,64.8,2278,104.86,Baixo
MUN_049,São José dos Campos,SP,30,20.02,28.96,76.84,0.18,0.318,0.0,852.5,2172866,116.8,64.8,3282,151.05,Baixo
MUN_049,São José dos Campos,SP,31,16.69,20.69,59.29,15.51,0.423,7.77,852.5,2172866,116.8,64.8,2556,117.65,Baixo
MUN_049,São José dos Campos,SP,32,16.91,20.51,51.98,10.43,0.555,1.75,852.5,2172866,116.8,64.8,2009,92.48,Baixo
MUN_049,São José dos Campos,SP,33,25.04,28.66,49.79,10.3,0.248,0.0,852.5,2172866,116.8,64.8,2123,97.75,Baixo
MUN_049,São José dos Campos,SP,34,20.86,25.21,71.67,28.73,0.194,0.0,852.5,2172866,116.8,64.8,2032,93.56,Baixo
MUN_049,São José dos Campos,SP,35,19.61,26.78,86.99,6.0,0.404,0.0,852.5,2172866,116.8,64.8,3982,183.28,Medio
MUN_049,São José dos Campos,SP,36,15.62,19.56,45.44,5.41,0.233,0.0,852.5,2172866,116.8,64.8,2995,137.84,Baixo
MUN_049,São José dos Campos,SP,37,18.66,20.92,43.26,5.76,0.159,0.17,852.5,2172866,116.8,64.8,413,19.01,Baixo
MUN_049,São José dos Campos,SP,38,10.1,20.06,57.71,13.19,0.388,7.31,852.5,2172866,116.8,64.8,1283,59.06,Baixo
MUN_049,São José dos Campos,SP,39,14.79,20.57,55.88,23.28,0.389,0.0,852.5,2172866,116.8,64.8,1599,73.63,Baixo
MUN_049,São José dos Campos,SP,40,19.63,22.98,56.16,4.41,0.386,0.87,852.5,2172866,116.8,64.8,1562,71.91,Baixo
MUN_049,São José dos Campos,SP,41,12.97,19.12,60.55,24.08,0.325,7.26,852.5,2172866,116.8,64.8,2668,122.79,Baixo
MUN_049,São José dos Campos,SP,42,16.21,18.84,79.66,5.65,0.253,0.0,852.5,2172866,116.8,64.8,1263,58.14,Baixo
MUN_049,São José dos Campos,SP,43,20.65,22.82,66.29,4.6,0.373,0.68,852.5,2172866,116.8,64.8,481,22.15,Baixo
MUN_049,São José dos Campos,SP,44,18.27,25.89,62.0,13.49,0.49,0.0,852.5,2172866,116.8,64.8,2841,130.79,Baixo
MUN_049,São José dos Campos,SP,45,24.05,34.38,57.19,2.84,0.564,3.41,852.5,2172866,116.8,64.8,3238,149.04,Baixo
MUN_049,São José dos Campos,SP,46,16.39,22.61,60.28,5.87,0.29,0.0,852.5,2172866,116.8,64.8,3574,164.52,Medio
MUN_049,São José dos Campos,SP,47,15.17,23.85,56.9,5.35,0.235,0.0,852.5,2172866,116.8,64.8,3119,143.56,Baixo
MUN_049,São José dos Campos,SP,48,14.26,16.9,56.47,6.92,0.167,1.38,852.5,2172866,116.8,64.8,3720,171.21,Medio
MUN_049,São José dos Campos,SP,49,19.03,24.47,47.24,9.64,0.192,0.0,852.5,2172866,116.8,64.8,1692,77.9,Baixo
MUN_049,São José dos Campos,SP,50,21.32,30.12,74.97,1.95,0.314,0.0,852.5,2172866,116.8,64.8,2480,114.15,Baixo
MUN_050,Caruaru,PE,1,26.74,36.31,58.95,47.99,0.289,2.78,36.2,2957109,70.5,74.5,3387,114.57,Baixo
MUN_050,Caruaru,PE,2,24.68,28.46,51.1,0.89,0.364,0.0,36.2,2957109,70.5,74.5,3115,105.35,Baixo
MUN_050,Caruaru,PE,3,24.64,31.63,54.41,35.29,0.308,0.0,36.2,2957109,70.5,74.5,1029,34.81,Baixo
MUN_050,Caruaru,PE,4,20.64,28.96,60.04,4.88,0.331,5.21,36.2,2957109,70.5,74.5,2135,72.2,Baixo
MUN_050,Caruaru,PE,5,28.44,30.74,59.34,1.15,0.222,4.0,36.2,2957109,70.5,74.5,5036,170.32,Medio
MUN_050,Caruaru,PE,6,24.52,30.71,77.05,42.68,0.34,3.43,36.2,2957109,70.5,74.5,4364,147.6,Baixo
MUN_050,Caruaru,PE,7,30.59,38.08,51.92,25.45,0.477,1.09,36.2,2957109,70.5,74.5,7497,253.54,Alto
MUN_050,Caruaru,PE,8,31.12,33.67,95.04,57.98,0.316,12.42,36.2,2957109,70.5,74.5,6411,216.81,Medio
MUN_050,Caruaru,PE,9,28.95,34.0,41.99,29.2,0.577,5.18,36.2,2957109,70.5,74.5,4729,159.92,Medio
MUN_050,Caruaru,PE,10,23.18,30.64,85.66,1.43,0.438,1.52,36.2,2957109,70.5,74.5,8190,276.98,Alto
MUN_050,Caruaru,PE,11,25.11,29.23,91.38,78.65,0.762,8.21,36.2,2957109,70.5,74.5,4633,156.69,Medio
MUN_050,Caruaru,PE,12,28.1,31.72,94.36,45.17,0.429,9.45,36.2,2957109,70.5,74.5,10039,339.49,Alto
MUN_050,Caruaru,PE,13,35.69,39.45,88.03,79.1,0.568,4.24,36.2,2957109,70.5,74.5,9655,326.53,Alto
MUN_050,Caruaru,PE,14,31.99,34.82,71.45,154.67,0.65,5.05,36.2,2957109,70.5,74.5,8586,290.37,Alto
MUN_050,Caruaru,PE,15,34.88,37.99,63.43,188.71,0.611,13.87,36.2,2957109,70.5,74.5,10651,360.21,Alto
MUN_050,Caruaru,PE,16,37.11,43.68,67.51,156.57,0.445,5.57,36.2,2957109,70.5,74.5,4320,146.1,Baixo
MUN_050,Caruaru,PE,17,34.18,36.73,46.35,89.69,0.583,8.95,36.2,2957109,70.5,74.5,5769,195.1,Medio
MUN_050,Caruaru,PE,18,31.5,33.52,57.47,18.22,0.626,10.21,36.2,2957109,70.5,74.5,4641,156.96,Medio
MUN_050,Caruaru,PE,19,34.96,38.95,82.86,65.55,0.419,3.83,36.2,2957109,70.5,74.5,8283,280.12,Alto
MUN_050,Caruaru,PE,20,26.18,31.44,88.96,41.34,0.701,7.78,36.2,2957109,70.5,74.5,9030,305.37,Alto
MUN_050,Caruaru,PE,21,38.39,42.75,57.78,26.88,0.41,4.43,36.2,2957109,70.5,74.5,8728,295.17,Alto
MUN_050,Caruaru,PE,22,28.92,34.9,80.83,6.24,0.419,0.0,36.2,2957109,70.5,74.5,8605,291.01,Alto
MUN_050,Caruaru,PE,23,35.5,44.63,74.67,59.54,0.395,8.48,36.2,2957109,70.5,74.5,8133,275.04,Alto
MUN_050,Caruaru,PE,24,31.75,38.89,78.02,45.47,0.553,11.62,36.2,2957109,70.5,74.5,5723,193.56,Medio
MUN_050,Caruaru,PE,25,26.03,32.41,54.92,12.84,0.452,0.0,36.2,2957109,70.5,74.5,5776,195.35,Medio
MUN_050,Caruaru,PE,26,32.71,43.13,68.18,58.47,0.441,7.39,36.2,2957109,70.5,74.5,8735,295.41,Alto
MUN_050,Caruaru,PE,27,28.7,35.62,81.14,54.4,0.297,7.24,36.2,2957109,70.5,74.5,8131,274.98,Alto
MUN_050,Caruaru,PE,28,22.52,27.11,82.03,26.38,0.443,6.18,36.2,2957109,70.5,74.5,6631,224.24,Medio
MUN_050,Caruaru,PE,29,22.8,32.41,39.9,6.46,0.192,0.0,36.2,2957109,70.5,74.5,2227,75.32,Baixo
MUN_050,Caruaru,PE,30,26.55,29.61,42.01,37.68,0.364,6.25,36.2,2957109,70.5,74.5,5939,200.85,Medio
MUN_050,Caruaru,PE,31,20.77,29.45,71.47,47.3,0.265,0.0,36.2,2957109,70.5,74.5,2587,87.5,Baixo
MUN_050,Caruaru,PE,32,31.69,37.69,74.45,17.04,0.219,2.3,36.2,2957109,70.5,74.5,5367,181.51,Medio
MUN_050,Caruaru,PE,33,21.68,24.88,62.78,16.64,0.192,0.0,36.2,2957109,70.5,74.5,4301,145.47,Baixo
MUN_050,Caruaru,PE,34,22.78,26.99,65.51,1.98,0.269,5.71,36.2,2957109,70.5,74.5,7502,253.7,Alto
MUN_050,Caruaru,PE,35,30.3,37.67,100.0,10.39,0.156,0.0,36.2,2957109,70.5,74.5,3611,122.13,Baixo
MUN_050,Caruaru,PE,36,28.85,31.47,55.82,9.54,0.148,0.0,36.2,2957109,70.5,74.5,4138,139.95,Baixo
MUN_050,Caruaru,PE,37,25.83,34.4,69.87,10.1,0.243,0.0,36.2,2957109,70.5,74.5,3104,104.99,Baixo
MUN_050,Caruaru,PE,38,28.69,32.81,56.35,1.95,0.292,0.0,36.2,2957109,70.5,74.5,4331,146.48,Baixo
MUN_050,Caruaru,PE,39,22.8,29.08,58.8,1.01,0.221,6.89,36.2,2957109,70.5,74.5,2611,88.31,Baixo
MUN_050,Caruaru,PE,40,26.32,30.74,65.61,3.25,0.447,0.0,36.2,2957109,70.5,74.5,4178,141.32,Baixo
MUN_050,Caruaru,PE,41,21.84,25.53,43.6,10.16,0.173,1.48,36.2,2957109,70.5,74.5,2202,74.47,Baixo
MUN_050,Caruaru,PE,42,22.14,30.55,61.81,25.15,0.354,3.65,36.2,2957109,70.5,74.5,6980,236.07,Medio
MUN_050,Caruaru,PE,43,26.7,35.86,39.74,5.27,0.155,9.27,36.2,2957109,70.5,74.5,4260,144.09,Baixo
MUN_050,Caruaru,PE,44,28.09,34.42,59.46,17.47,0.354,0.0,36.2,2957109,70.5,74.5,4890,165.37,Medio
MUN_050,Caruaru,PE,45,26.39,29.82,92.18,1.54,0.369,3.97,36.2,2957109,70.5,74.5,5102,172.56,Medio
MUN_050,Caruaru,PE,46,21.73,29.46,55.12,5.92,0.545,0.2,36.2,2957109,70.5,74.5,7373,249.34,Alto
MUN_050,Caruaru,PE,47,28.19,37.45,80.03,20.89,0.351,0.35,36.2,2957109,70.5,74.5,8415,284.58,Alto
MUN_050,Caruaru,PE,48,24.58,32.32,69.03,17.13,0.386,10.79,36.2,2957109,70.5,74.5,7341,248.27,Alto
MUN_050,Caruaru,PE,49,24.69,31.92,29.48,26.54,0.323,9.73,36.2,2957109,70.5,74.5,5236,177.09,Medio
MUN_050,Caruaru,PE,50,24.89,27.33,46.11,4.56,0.359,4.64,36.2,2957109,70.5,74.5,4987,168.66,Medio
MUN_051,Diadema,SP,1,20.23,29.01,59.2,18.04,0.444,6.22,1015.1,2050320,24.4,46.0,2597,126.67,Baixo
MUN_051,Diadema,SP,2,13.92,23.16,44.92,11.69,0.134,0.0,1015.1,2050320,24.4,46.0,1351,65.92,Baixo
MUN_051,Diadema,SP,3,13.51,18.76,67.3,3.83,0.344,4.73,1015.1,2050320,24.4,46.0,0,0.0,Baixo
MUN_051,Diadema,SP,4,18.22,22.58,32.34,12.48,0.349,1.02,1015.1,2050320,24.4,46.0,0,0.0,Baixo
MUN_051,Diadema,SP,5,15.23,19.8,53.35,55.12,0.279,12.85,1015.1,2050320,24.4,46.0,35,1.74,Baixo
MUN_051,Diadema,SP,6,18.65,21.14,37.72,2.08,0.211,0.0,1015.1,2050320,24.4,46.0,0,0.0,Baixo
MUN_051,Diadema,SP,7,19.07,21.68,60.69,42.41,0.303,1.78,1015.1,2050320,24.4,46.0,300,14.65,Baixo
MUN_051,Diadema,SP,8,15.7,18.59,78.09,34.9,0.677,0.19,1015.1,2050320,24.4,46.0,2256,110.06,Baixo
MUN_051,Diadema,SP,9,19.21,21.28,87.27,118.74,0.484,8.4,1015.1,2050320,24.4,46.0,2788,135.98,Baixo
MUN_051,Diadema,SP,10,27.25,32.15,71.7,161.35,0.662,10.87,1015.1,2050320,24.4,46.0,4796,233.94,Medio
MUN_051,Diadema,SP,11,25.39,35.06,54.73,72.41,0.422,9.39,1015.1,2050320,24.4,46.0,4117,200.81,Medio
MUN_051,Diadema,SP,12,19.13,23.07,66.85,16.51,0.633,10.97,1015.1,2050320,24.4,46.0,2284,111.4,Baixo
MUN_051,Diadema,SP,13,24.71,29.05,64.15,49.7,0.579,5.58,1015.1,2050320,24.4,46.0,2679,130.69,Baixo
MUN_051,Diadema,SP,14,23.98,33.98,89.14,65.32,0.588,8.27,1015.1,2050320,24.4,46.0,3064,149.48,Baixo
MUN_051,Diadema,SP,15,28.67,37.7,82.74,121.07,0.567,12.29,1015.1,2050320,24.4,46.0,4649,226.75,Medio
MUN_051,Diadema,SP,16,26.99,34.85,90.23,2.96,0.646,0.0,1015.1,2050320,24.4,46.0,3594,175.33,Medio
MUN_051,Diadema,SP,17,24.66,33.9,77.88,6.68,0.72,1.4,1015.1,2050320,24.4,46.0,388,18.95,Baixo
MUN_051,Diadema,SP,18,20.95,28.3,90.06,20.16,0.63,6.02,1015.1,2050320,24.4,46.0,2069,100.95,Baixo
MUN_051,Diadema,SP,19,24.43,28.65,67.94,74.12,0.393,2.89,1015.1,2050320,24.4,46.0,4300,209.74,Medio
MUN_051,Diadema,SP,20,25.92,33.87,60.64,135.58,0.426,14.26,1015.1,2050320,24.4,46.0,6160,300.47,Alto
MUN_051,Diadema,SP,21,21.13,30.1,96.36,1.2,0.396,5.66,1015.1,2050320,24.4,46.0,3304,161.18,Medio
MUN_051,Diadema,SP,22,27.38,33.42,86.04,24.51,0.416,0.34,1015.1,2050320,24.4,46.0,3085,150.49,Baixo
MUN_051,Diadema,SP,23,23.33,26.57,74.44,1.41,0.409,0.99,1015.1,2050320,24.4,46.0,656,32.03,Baixo
MUN_051,Diadema,SP,24,18.56,27.08,78.75,83.15,0.534,6.88,1015.1,2050320,24.4,46.0,4736,231.02,Medio
MUN_051,Diadema,SP,25,22.08,24.6,66.22,47.06,0.409,1.0,1015.1,2050320,24.4,46.0,3018,147.2,Baixo
MUN_051,Diadema,SP,26,19.38,28.49,56.54,24.59,0.235,4.05,1015.1,2050320,24.4,46.0,300,14.66,Baixo
MUN_051,Diadema,SP,27,20.03,25.76,68.7,16.19,0.469,9.06,1015.1,2050320,24.4,46.0,3211,156.65,Medio
MUN_051,Diadema,SP,28,20.81,30.62,67.68,19.14,0.41,6.2,1015.1,2050320,24.4,46.0,646,31.55,Baixo
MUN_051,Diadema,SP,29,16.43,19.87,30.31,0.62,0.266,1.93,1015.1,2050320,24.4,46.0,205,10.04,Baixo
MUN_051,Diadema,SP,30,13.97,17.44,57.06,3.99,0.275,1.61,1015.1,2050320,24.4,46.0,833,40.65,Baixo
MUN_051,Diadema,SP,31,20.16,23.71,52.91,0.74,0.28,2.57,1015.1,2050320,24.4,46.0,1035,50.49,Baixo
MUN_051,Diadema,SP,32,20.83,30.91,59.85,4.1,0.183,5.61,1015.1,2050320,24.4,46.0,1079,52.67,Baixo
MUN_051,Diadema,SP,33,15.62,19.82,51.18,13.72,0.366,4.53,1015.1,2050320,24.4,46.0,165,8.05,Baixo
MUN_051,Diadema,SP,34,16.06,22.58,59.77,21.4,0.361,2.73,1015.1,2050320,24.4,46.0,922,44.98,Baixo
MUN_051,Diadema,SP,35,16.9,21.91,69.18,5.0,0.363,0.0,1015.1,2050320,24.4,46.0,1579,77.03,Baixo
MUN_051,Diadema,SP,36,15.08,18.05,66.26,9.93,0.279,0.0,1015.1,2050320,24.4,46.0,2263,110.39,Baixo
MUN_051,Diadema,SP,37,18.67,28.21,44.88,16.18,0.517,3.33,1015.1,2050320,24.4,46.0,2230,108.78,Baixo
MUN_051,Diadema,SP,38,20.0,27.28,58.06,11.25,0.413,3.84,1015.1,2050320,24.4,46.0,1806,88.1,Baixo
MUN_051,Diadema,SP,39,14.42,21.26,39.21,4.03,0.194,0.0,1015.1,2050320,24.4,46.0,1898,92.59,Baixo
MUN_051,Diadema,SP,40,16.83,21.58,49.94,26.94,0.338,10.56,1015.1,2050320,24.4,46.0,2365,115.36,Baixo
MUN_051,Diadema,SP,41,17.44,21.76,54.94,0.12,0.286,2.48,1015.1,2050320,24.4,46.0,827,40.38,Baixo
MUN_051,Diadema,SP,42,16.25,19.09,89.25,13.94,0.336,6.38,1015.1,2050320,24.4,46.0,1416,69.1,Baixo
MUN_051,Diadema,SP,43,23.89,29.57,51.06,2.91,0.216,0.0,1015.1,2050320,24.4,46.0,1954,95.32,Baixo
MUN_051,Diadema,SP,44,13.95,23.63,56.76,9.31,0.42,0.0,1015.1,2050320,24.4,46.0,353,17.24,Baixo
MUN_051,Diadema,SP,45,11.34,17.11,71.68,14.04,0.402,0.0,1015.1,2050320,24.4,46.0,2286,111.51,Baixo
MUN_051,Diadema,SP,46,12.89,22.68,55.43,40.41,0.446,2.08,1015.1,2050320,24.4,46.0,0,0.0,Baixo
MUN_051,Diadema,SP,47,15.1,19.78,52.19,15.28,0.133,0.0,1015.1,2050320,24.4,46.0,1858,90.66,Baixo
MUN_051,Diadema,SP,48,15.53,22.0,61.33,2.67,0.394,1.07,1015.1,2050320,24.4,46.0,1445,70.5,Baixo
MUN_051,Diadema,SP,49,17.83,28.17,69.49,1.5,0.13,0.0,1015.1,2050320,24.4,46.0,0,0.0,Baixo
MUN_051,Diadema,SP,50,15.1,23.12,56.95,7.52,0.417,1.2,1015.1,2050320,24.4,46.0,1445,70.49,Baixo
MUN_052,Jundiaí,SP,1,19.3,25.8,31.5,9.21,0.439,4.84,775.0,2381231,71.0,86.9,2137,89.75,Baixo
MUN_052,Jundiaí,SP,2,15.0,23.98,57.19,3.4,0.254,0.0,775.0,2381231,71.0,86.9,662,27.81,Baixo
MUN_052,Jundiaí,SP,3,20.4,29.55,67.19,8.88,0.03,10.12,775.0,2381231,71.0,86.9,757,31.81,Baixo
MUN_052,Jundiaí,SP,4,14.51,17.52,57.46,2.99,0.185,0.0,775.0,2381231,71.0,86.9,646,27.16,Baixo
MUN_052,Jundiaí,SP,5,21.58,28.29,66.3,28.24,0.375,4.34,775.0,2381231,71.0,86.9,5397,226.68,Medio
MUN_052,Jundiaí,SP,6,20.76,22.83,71.78,4.77,0.429,0.0,775.0,2381231,71.0,86.9,1257,52.81,Baixo
MUN_052,Jundiaí,SP,7,24.96,33.69,74.03,73.24,0.364,4.53,775.0,2381231,71.0,86.9,5699,239.33,Medio
MUN_052,Jundiaí,SP,8,20.67,23.59,71.28,49.51,0.403,5.59,775.0,2381231,71.0,86.9,4275,179.55,Medio
MUN_052,Jundiaí,SP,9,19.39,22.03,93.44,60.62,0.389,8.71,775.0,2381231,71.0,86.9,4073,171.07,Medio
MUN_052,Jundiaí,SP,10,24.41,34.37,45.19,93.72,0.457,5.96,775.0,2381231,71.0,86.9,7066,296.76,Alto
MUN_052,Jundiaí,SP,11,23.1,28.37,72.39,188.82,0.37,7.12,775.0,2381231,71.0,86.9,5233,219.79,Medio
MUN_052,Jundiaí,SP,12,24.71,28.13,83.09,115.24,0.518,14.24,775.0,2381231,71.0,86.9,8756,367.73,Alto
MUN_052,Jundiaí,SP,13,26.93,32.67,69.26,85.4,0.695,3.69,775.0,2381231,71.0,86.9,2695,113.18,Baixo
MUN_052,Jundiaí,SP,14,23.74,26.39,84.13,36.46,0.386,6.78,775.0,2381231,71.0,86.9,1233,51.82,Baixo
MUN_052,Jundiaí,SP,15,18.34,24.95,82.53,156.7,0.792,10.29,775.0,2381231,71.0,86.9,6192,260.06,Alto
MUN_052,Jundiaí,SP,16,22.67,29.87,60.48,21.94,0.384,4.84,775.0,2381231,71.0,86.9,3367,141.43,Baixo
MUN_052,Jundiaí,SP,17,25.29,32.72,61.98,32.65,0.684,5.48,775.0,2381231,71.0,86.9,4552,191.18,Medio
MUN_052,Jundiaí,SP,18,27.27,30.05,77.16,249.42,0.58,17.67,775.0,2381231,71.0,86.9,8703,365.51,Alto
MUN_052,Jundiaí,SP,19,24.93,30.49,64.4,9.18,0.499,6.25,775.0,2381231,71.0,86.9,3794,159.37,Medio
MUN_052,Jundiaí,SP,20,30.9,39.37,86.1,137.16,0.568,6.79,775.0,2381231,71.0,86.9,5775,242.53,Medio
MUN_052,Jundiaí,SP,21,27.26,32.76,89.03,300.0,0.744,19.69,775.0,2381231,71.0,86.9,9097,382.07,Alto
MUN_052,Jundiaí,SP,22,23.15,27.41,68.9,179.29,0.854,12.62,775.0,2381231,71.0,86.9,5685,238.77,Medio
MUN_052,Jundiaí,SP,23,27.15,35.87,74.5,16.65,0.636,4.85,775.0,2381231,71.0,86.9,4058,170.44,Medio
MUN_052,Jundiaí,SP,24,22.57,26.48,79.14,169.57,0.626,18.79,775.0,2381231,71.0,86.9,4805,201.82,Medio
MUN_052,Jundiaí,SP,25,22.21,28.65,73.47,45.88,0.555,2.75,775.0,2381231,71.0,86.9,6059,254.45,Alto
MUN_052,Jundiaí,SP,26,22.84,29.52,57.73,160.14,0.624,16.86,775.0,2381231,71.0,86.9,4200,176.39,Medio
MUN_052,Jundiaí,SP,27,21.48,26.86,56.26,11.02,0.351,0.0,775.0,2381231,71.0,86.9,2053,86.23,Baixo
MUN_052,Jundiaí,SP,28,22.12,25.3,68.17,4.3,0.271,0.0,775.0,2381231,71.0,86.9,1336,56.12,Baixo
MUN_052,Jundiaí,SP,29,21.19,31.56,43.89,14.16,0.482,0.0,775.0,2381231,71.0,86.9,0,0.0,Baixo
MUN_052,Jundiaí,SP,30,18.76,20.92,67.29,12.92,0.169,0.0,775.0,2381231,71.0,86.9,3267,137.21,Baixo
MUN_052,Jundiaí,SP,31,18.79,28.01,52.61,45.82,0.522,13.15,775.0,2381231,71.0,86.9,3044,127.84,Baixo
MUN_052,Jundiaí,SP,32,13.85,20.33,66.86,12.42,0.365,1.27,775.0,2381231,71.0,86.9,2910,122.21,Baixo
MUN_052,Jundiaí,SP,33,23.2,32.17,54.86,3.82,0.12,1.78,775.0,2381231,71.0,86.9,1790,75.2,Baixo
MUN_052,Jundiaí,SP,34,20.24,28.44,74.2,3.09,0.146,2.56,775.0,2381231,71.0,86.9,2529,106.24,Baixo
MUN_052,Jundiaí,SP,35,20.01,22.71,61.97,1.85,0.245,0.0,775.0,2381231,71.0,86.9,4146,174.15,Medio
MUN_052,Jundiaí,SP,36,15.13,25.25,59.37,0.06,0.281,3.63,775.0,2381231,71.0,86.9,402,16.89,Baixo
MUN_052,Jundiaí,SP,37,19.9,25.03,47.47,4.29,0.164,1.36,775.0,2381231,71.0,86.9,1800,75.61,Baixo
MUN_052,Jundiaí,SP,38,20.07,23.63,51.15,0.55,0.221,0.0,775.0,2381231,71.0,86.9,1886,79.21,Baixo
MUN_052,Jundiaí,SP,39,19.94,23.33,64.02,13.95,0.399,6.44,775.0,2381231,71.0,86.9,2878,120.89,Baixo
MUN_052,Jundiaí,SP,40,20.79,28.87,80.31,16.23,0.358,0.0,775.0,2381231,71.0,86.9,4296,180.43,Medio
MUN_052,Jundiaí,SP,41,20.4,23.98,45.52,12.35,0.116,0.0,775.0,2381231,71.0,86.9,2278,95.69,Baixo
MUN_052,Jundiaí,SP,42,18.64,28.78,65.58,1.8,0.426,0.0,775.0,2381231,71.0,86.9,1479,62.13,Baixo
MUN_052,Jundiaí,SP,43,16.37,24.79,63.67,1.98,0.367,0.0,775.0,2381231,71.0,86.9,138,5.81,Baixo
MUN_052,Jundiaí,SP,44,17.55,24.0,79.97,3.01,0.151,1.25,775.0,2381231,71.0,86.9,1027,43.14,Baixo
MUN_052,Jundiaí,SP,45,15.09,21.98,55.18,5.78,0.365,8.39,775.0,2381231,71.0,86.9,0,0.0,Baixo
MUN_052,Jundiaí,SP,46,18.84,25.03,64.03,40.75,0.221,1.85,775.0,2381231,71.0,86.9,3220,135.24,Baixo
MUN_052,Jundiaí,SP,47,12.63,20.16,80.02,14.86,0.539,1.33,775.0,2381231,71.0,86.9,2293,96.32,Baixo
MUN_052,Jundiaí,SP,48,16.81,23.78,74.62,39.81,0.221,5.93,775.0,2381231,71.0,86.9,2037,85.57,Baixo
MUN_052,Jundiaí,SP,49,19.62,26.81,48.03,18.26,0.317,0.68,775.0,2381231,71.0,86.9,0,0.0,Baixo
MUN_052,Jundiaí,SP,50,23.81,30.28,69.05,21.72,0.519,1.26,775.0,2381231,71.0,86.9,2625,110.24,Baixo
MUN_053,Belford Roxo,RJ,1,22.62,28.75,57.76,0.03,0.181,0.0,232.8,475101,27.3,66.2,187,39.48,Baixo
MUN_053,Belford Roxo,RJ,2,24.6,33.25,67.2,0.62,0.03,0.17,232.8,475101,27.3,66.2,114,24.02,Baixo
MUN_053,Belford Roxo,RJ,3,19.11,26.63,52.5,19.43,0.346,5.34,232.8,475101,27.3,66.2,159,33.6,Baixo
MUN_053,Belford Roxo,RJ,4,20.82,25.84,68.75,1.3,0.212,4.55,232.8,475101,27.3,66.2,18,3.91,Baixo
MUN_053,Belford Roxo,RJ,5,20.93,29.6,80.03,7.79,0.301,0.55,232.8,475101,27.3,66.2,77,16.38,Baixo
MUN_053,Belford Roxo,RJ,6,21.55,31.23,41.89,11.3,0.391,2.59,232.8,475101,27.3,66.2,250,52.74,Baixo
MUN_053,Belford Roxo,RJ,7,27.34,37.27,30.2,10.09,0.449,8.7,232.8,475101,27.3,66.2,175,36.98,Baixo
MUN_053,Belford Roxo,RJ,8,24.0,31.33,54.25,7.06,0.482,0.26,232.8,475101,27.3,66.2,254,53.67,Baixo
MUN_053,Belford Roxo,RJ,9,28.95,38.62,78.47,34.44,0.663,0.0,232.8,475101,27.3,66.2,46,9.76,Baixo
MUN_053,Belford Roxo,RJ,10,32.24,39.63,65.76,58.13,0.492,5.71,232.8,475101,27.3,66.2,860,181.03,Medio
MUN_053,Belford Roxo,RJ,11,28.99,35.69,65.49,13.7,0.499,3.14,232.8,475101,27.3,66.2,754,158.84,Medio
MUN_053,Belford Roxo,RJ,12,21.86,32.03,88.83,53.11,0.695,0.0,232.8,475101,27.3,66.2,158,33.42,Baixo
MUN_053,Belford Roxo,RJ,13,34.93,38.54,100.0,109.05,0.528,16.36,232.8,475101,27.3,66.2,1413,297.57,Alto
MUN_053,Belford Roxo,RJ,14,25.73,34.25,81.24,274.79,0.329,10.23,232.8,475101,27.3,66.2,1349,284.15,Alto
MUN_053,Belford Roxo,RJ,15,35.6,38.26,59.76,55.93,0.682,5.17,232.8,475101,27.3,66.2,1576,331.75,Alto
MUN_053,Belford Roxo,RJ,16,38.52,46.0,59.51,35.48,0.766,7.31,232.8,475101,27.3,66.2,1205,253.8,Alto
MUN_053,Belford Roxo,RJ,17,30.98,35.31,98.25,300.0,0.723,27.33,232.8,475101,27.3,66.2,1431,301.34,Alto
MUN_053,Belford Roxo,RJ,18,30.23,40.4,90.79,37.73,0.699,7.61,232.8,475101,27.3,66.2,1334,280.8,Alto
MUN_053,Belford Roxo,RJ,19,28.4,35.77,83.08,132.58,0.477,8.07,232.8,475101,27.3,66.2,1218,256.47,Alto
MUN_053,Belford Roxo,RJ,20,29.6,31.76,55.93,2.29,0.686,11.43,232.8,475101,27.3,66.2,927,195.26,Medio
MUN_053,Belford Roxo,RJ,21,32.67,40.3,70.86,2.69,0.758,2.7,232.8,475101,27.3,66.2,717,150.96,Baixo
MUN_053,Belford Roxo,RJ,22,29.24,35.44,59.04,156.77,0.58,5.29,232.8,475101,27.3,66.2,1060,223.17,Medio
MUN_053,Belford Roxo,RJ,23,32.82,43.12,70.52,44.16,0.653,6.33,232.8,475101,27.3,66.2,1533,322.74,Alto
MUN_053,Belford Roxo,RJ,24,26.54,35.95,82.21,57.76,0.625,6.47,232.8,475101,27.3,66.2,620,130.5,Baixo
MUN_053,Belford Roxo,RJ,25,24.94,28.75,100.0,39.94,0.44,0.99,232.8,475101,27.3,66.2,174,36.72,Baixo
MUN_053,Belford Roxo,RJ,26,23.14,28.57,63.22,87.04,0.331,8.13,232.8,475101,27.3,66.2,213,45.0,Baixo
MUN_053,Belford Roxo,RJ,27,31.88,39.0,58.38,10.02,0.354,1.09,232.8,475101,27.3,66.2,84,17.75,Baixo
MUN_053,Belford Roxo,RJ,28,19.4,26.75,80.36,0.35,0.425,0.0,232.8,475101,27.3,66.2,113,23.91,Baixo
MUN_053,Belford Roxo,RJ,29,22.2,25.63,54.24,23.8,0.26,2.44,232.8,475101,27.3,66.2,281,59.23,Baixo
MUN_053,Belford Roxo,RJ,30,27.2,34.95,73.96,15.36,0.03,2.92,232.8,475101,27.3,66.2,313,65.92,Baixo
MUN_053,Belford Roxo,RJ,31,23.73,27.48,34.41,36.05,0.409,1.28,232.8,475101,27.3,66.2,583,122.91,Baixo
MUN_053,Belford Roxo,RJ,32,27.96,36.26,71.59,4.09,0.132,0.0,232.8,475101,27.3,66.2,853,179.67,Medio
MUN_053,Belford Roxo,RJ,33,21.99,26.87,49.27,2.19,0.45,3.68,232.8,475101,27.3,66.2,0,0.0,Baixo
MUN_053,Belford Roxo,RJ,34,30.0,36.19,45.15,33.43,0.108,1.49,232.8,475101,27.3,66.2,877,184.73,Medio
MUN_053,Belford Roxo,RJ,35,21.96,25.3,45.55,26.54,0.226,1.42,232.8,475101,27.3,66.2,282,59.56,Baixo
MUN_053,Belford Roxo,RJ,36,23.54,26.81,78.03,15.31,0.281,0.0,232.8,475101,27.3,66.2,457,96.3,Baixo
MUN_053,Belford Roxo,RJ,37,19.57,24.26,67.79,1.5,0.416,0.0,232.8,475101,27.3,66.2,362,76.2,Baixo
MUN_053,Belford Roxo,RJ,38,26.66,36.17,74.23,3.44,0.199,4.19,232.8,475101,27.3,66.2,574,120.86,Baixo
MUN_053,Belford Roxo,RJ,39,20.33,30.52,73.67,61.25,0.261,2.05,232.8,475101,27.3,66.2,853,179.65,Medio
MUN_053,Belford Roxo,RJ,40,26.42,28.78,60.24,3.68,0.355,3.46,232.8,475101,27.3,66.2,462,97.36,Baixo
MUN_053,Belford Roxo,RJ,41,28.33,38.42,69.99,4.46,0.332,1.7,232.8,475101,27.3,66.2,847,178.4,Medio
MUN_053,Belford Roxo,RJ,42,22.82,24.92,64.88,39.23,0.321,8.85,232.8,475101,27.3,66.2,688,144.91,Baixo
MUN_053,Belford Roxo,RJ,43,20.88,26.05,41.91,29.12,0.457,2.14,232.8,475101,27.3,66.2,709,149.31,Baixo
MUN_053,Belford Roxo,RJ,44,25.1,29.6,52.34,24.92,0.297,0.0,232.8,475101,27.3,66.2,69,14.65,Baixo
MUN_053,Belford Roxo,RJ,45,22.11,27.46,35.61,2.01,0.419,6.74,232.8,475101,27.3,66.2,0,0.0,Baixo
MUN_053,Belford Roxo,RJ,46,22.56,26.22,72.81,1.86,0.198,5.69,232.8,475101,27.3,66.2,368,77.62,Baixo
MUN_053,Belford Roxo,RJ,47,29.16,34.53,63.85,0.36,0.306,5.12,232.8,475101,27.3,66.2,784,165.12,Medio
MUN_053,Belford Roxo,RJ,48,22.71,27.42,71.61,13.95,0.459,2.18,232.8,475101,27.3,66.2,295,62.24,Baixo
MUN_053,Belford Roxo,RJ,49,21.53,31.72,39.57,18.75,0.415,6.66,232.8,475101,27.3,66.2,106,22.52,Baixo
MUN_053,Belford Roxo,RJ,50,19.75,27.05,50.09,4.15,0.328,0.0,232.8,475101,27.3,66.2,15,3.25,Baixo
MUN_054,Niterói,RJ,1,21.52,31.77,58.25,14.47,0.426,0.96,187.9,2324544,241.6,73.4,1712,73.66,Baixo
MUN_054,Niterói,RJ,2,28.98,35.0,44.44,0.37,0.289,0.0,187.9,2324544,241.6,73.4,4940,212.53,Medio
MUN_054,Niterói,RJ,3,20.9,28.45,65.12,31.9,0.09,5.52,187.9,2324544,241.6,73.4,1861,80.1,Baixo
MUN_054,Niterói,RJ,4,28.02,32.11,63.94,8.39,0.356,0.0,187.9,2324544,241.6,73.4,1147,49.36,Baixo
MUN_054,Niterói,RJ,5,23.24,32.89,65.71,2.08,0.193,7.78,187.9,2324544,241.6,73.4,4868,209.43,Medio
MUN_054,Niterói,RJ,6,23.77,28.04,41.04,0.91,0.312,0.0,187.9,2324544,241.6,73.4,2815,121.11,Baixo
MUN_054,Niterói,RJ,7,25.97,36.1,82.29,9.91,0.471,1.66,187.9,2324544,241.6,73.4,4175,179.64,Medio
MUN_054,Niterói,RJ,8,29.51,35.05,88.21,127.46,0.433,8.39,187.9,2324544,241.6,73.4,7735,332.77,Alto
MUN_054,Niterói,RJ,9,28.57,36.66,77.0,297.16,0.499,12.36,187.9,2324544,241.6,73.4,5727,246.41,Medio
MUN_054,Niterói,RJ,10,32.06,41.52,63.69,150.34,0.334,2.23,187.9,2324544,241.6,73.4,7160,308.03,Alto
MUN_054,Niterói,RJ,11,28.89,32.8,70.25,2.23,0.482,0.0,187.9,2324544,241.6,73.4,5095,219.22,Medio
MUN_054,Niterói,RJ,12,36.87,46.0,85.09,24.96,0.446,0.0,187.9,2324544,241.6,73.4,5253,225.98,Medio
MUN_054,Niterói,RJ,13,29.07,33.85,86.34,102.25,0.508,1.75,187.9,2324544,241.6,73.4,8813,379.13,Alto
MUN_054,Niterói,RJ,14,36.74,44.15,80.96,25.78,0.465,1.45,187.9,2324544,241.6,73.4,5104,219.61,Medio
MUN_054,Niterói,RJ,15,29.82,36.17,92.0,300.0,0.571,24.82,187.9,2324544,241.6,73.4,7988,343.65,Alto
MUN_054,Niterói,RJ,16,32.47,36.1,68.98,37.47,0.406,1.44,187.9,2324544,241.6,73.4,5557,239.07,Medio
MUN_054,Niterói,RJ,17,28.67,33.2,60.69,57.39,0.331,3.2,187.9,2324544,241.6,73.4,4124,177.43,Medio
MUN_054,Niterói,RJ,18,30.53,36.96,78.54,211.48,0.307,10.14,187.9,2324544,241.6,73.4,4162,179.05,Medio
MUN_054,Niterói,RJ,19,28.5,34.07,61.14,19.38,0.53,0.0,187.9,2324544,241.6,73.4,4044,174.0,Medio
MUN_054,Niterói,RJ,20,32.78,38.42,74.13,27.86,0.593,0.0,187.9,2324544,241.6,73.4,3721,160.11,Medio
MUN_054,Niterói,RJ,21,31.21,41.49,81.83,30.29,0.476,9.29,187.9,2324544,241.6,73.4,4281,184.19,Medio
MUN_054,Niterói,RJ,22,30.7,36.25,72.78,17.54,0.426,0.0,187.9,2324544,241.6,73.4,4391,188.93,Medio
MUN_054,Niterói,RJ,23,31.9,41.7,70.14,173.34,0.536,13.75,187.9,2324544,241.6,73.4,5792,249.21,Alto
MUN_054,Niterói,RJ,24,31.94,40.65,85.11,15.48,0.408,3.42,187.9,2324544,241.6,73.4,4914,211.43,Medio
MUN_054,Niterói,RJ,25,24.45,32.04,83.99,12.87,0.474,4.14,187.9,2324544,241.6,73.4,4017,172.81,Medio
MUN_054,Niterói,RJ,26,23.73,27.24,62.07,149.5,0.316,9.54,187.9,2324544,241.6,73.4,5615,241.57,Medio
MUN_054,Niterói,RJ,27,19.8,26.27,51.55,39.32,0.362,6.46,187.9,2324544,241.6,73.4,2095,90.15,Baixo
MUN_054,Niterói,RJ,28,23.12,30.44,71.35,122.02,0.299,3.75,187.9,2324544,241.6,73.4,4747,204.24,Medio
MUN_054,Niterói,RJ,29,24.05,32.71,82.37,9.05,0.225,3.52,187.9,2324544,241.6,73.4,3723,160.18,Medio
MUN_054,Niterói,RJ,30,28.13,34.23,59.57,34.15,0.191,0.0,187.9,2324544,241.6,73.4,4444,191.21,Medio
MUN_054,Niterói,RJ,31,19.42,23.8,60.52,7.66,0.385,2.9,187.9,2324544,241.6,73.4,2372,102.06,Baixo
MUN_054,Niterói,RJ,32,25.76,29.48,57.94,35.39,0.286,0.0,187.9,2324544,241.6,73.4,1043,44.89,Baixo
MUN_054,Niterói,RJ,33,14.06,16.81,29.59,20.08,0.352,4.17,187.9,2324544,241.6,73.4,1205,51.85,Baixo
MUN_054,Niterói,RJ,34,23.15,25.97,53.88,60.94,0.236,5.19,187.9,2324544,241.6,73.4,743,32.0,Baixo
MUN_054,Niterói,RJ,35,24.05,29.75,44.28,55.59,0.534,8.92,187.9,2324544,241.6,73.4,2605,112.1,Baixo
MUN_054,Niterói,RJ,36,19.81,26.66,67.74,28.49,0.03,0.0,187.9,2324544,241.6,73.4,2824,121.52,Baixo
MUN_054,Niterói,RJ,37,21.65,27.45,58.92,1.5,0.2,0.0,187.9,2324544,241.6,73.4,536,23.08,Baixo
MUN_054,Niterói,RJ,38,23.37,31.94,49.49,46.42,0.196,6.53,187.9,2324544,241.6,73.4,3098,133.28,Baixo
MUN_054,Niterói,RJ,39,27.97,33.02,68.94,61.43,0.108,6.99,187.9,2324544,241.6,73.4,3708,159.54,Medio
MUN_054,Niterói,RJ,40,28.15,34.76,86.81,1.55,0.231,5.17,187.9,2324544,241.6,73.4,1499,64.51,Baixo
MUN_054,Niterói,RJ,41,20.51,29.86,63.69,29.04,0.493,2.27,187.9,2324544,241.6,73.4,4775,205.43,Medio
MUN_054,Niterói,RJ,42,22.66,31.96,72.66,0.74,0.545,4.6,187.9,2324544,241.6,73.4,1864,80.23,Baixo
MUN_054,Niterói,RJ,43,26.76,35.03,63.95,9.37,0.425,4.26,187.9,2324544,241.6,73.4,3978,171.17,Medio
MUN_054,Niterói,RJ,44,26.01,33.36,82.1,4.89,0.445,2.56,187.9,2324544,241.6,73.4,3013,129.63,Baixo
MUN_054,Niterói,RJ,45,25.4,35.09,52.01,6.74,0.315,1.61,187.9,2324544,241.6,73.4,4913,211.36,Medio
MUN_054,Niterói,RJ,46,22.52,33.01,74.96,0.0,0.38,0.0,187.9,2324544,241.6,73.4,3851,165.69,Medio
MUN_054,Niterói,RJ,47,18.84,27.66,83.63,3.26,0.165,7.92,187.9,2324544,241.6,73.4,3922,168.75,Medio
MUN_054,Niterói,RJ,48,22.36,30.4,71.57,42.02,0.541,4.7,187.9,2324544,241.6,73.4,5171,222.47,Medio
MUN_054,Niterói,RJ,49,18.14,20.46,55.9,15.86,0.542,0.4,187.9,2324544,241.6,73.4,3857,165.95,Medio
MUN_054,Niterói,RJ,50,27.7,30.81,44.14,3.54,0.03,0.0,187.9,2324544,241.6,73.4,4540,195.35,Medio
MUN_055,Piracicaba,SP,1,13.37,18.36,36.94,13.52,0.261,7.2,814.4,2657241,213.9,71.1,2245,84.49,Baixo
MUN_055,Piracicaba,SP,2,21.22,27.74,78.2,1.34,0.152,0.3,814.4,2657241,213.9,71.1,6173,232.34,Medio
MUN_055,Piracicaba,SP,3,17.21,24.61,58.77,7.69,0.29,0.0,814.4,2657241,213.9,71.1,1425,53.63,Baixo
MUN_055,Piracicaba,SP,4,17.23,22.87,47.98,10.24,0.268,0.57,814.4,2657241,213.9,71.1,496,18.7,Baixo
MUN_055,Piracicaba,SP,5,13.89,18.96,57.55,3.44,0.282,1.3,814.4,2657241,213.9,71.1,1425,53.64,Baixo
MUN_055,Piracicaba,SP,6,17.73,26.09,75.83,38.89,0.448,0.62,814.4,2657241,213.9,71.1,3622,136.31,Baixo
MUN_055,Piracicaba,SP,7,20.65,30.9,74.59,14.47,0.661,3.76,814.4,2657241,213.9,71.1,6111,230.0,Medio
MUN_055,Piracicaba,SP,8,23.84,30.09,69.74,18.45,0.555,0.37,814.4,2657241,213.9,71.1,3640,137.0,Baixo
MUN_055,Piracicaba,SP,9,23.33,28.61,62.98,119.59,0.584,4.57,814.4,2657241,213.9,71.1,8465,318.59,Alto
MUN_055,Piracicaba,SP,10,24.95,30.28,60.79,59.59,0.637,0.0,814.4,2657241,213.9,71.1,5094,191.74,Medio
MUN_055,Piracicaba,SP,11,18.38,23.7,96.56,57.7,0.618,2.64,814.4,2657241,213.9,71.1,6369,239.69,Medio
MUN_055,Piracicaba,SP,12,22.4,31.59,67.97,124.7,0.635,5.82,814.4,2657241,213.9,71.1,3316,124.82,Baixo
MUN_055,Piracicaba,SP,13,26.62,30.43,80.43,184.26,0.555,23.93,814.4,2657241,213.9,71.1,5538,208.42,Medio
MUN_055,Piracicaba,SP,14,22.98,28.12,59.61,51.93,0.49,1.95,814.4,2657241,213.9,71.1,4840,182.16,Medio
MUN_055,Piracicaba,SP,15,28.7,34.74,95.6,7.33,0.631,0.0,814.4,2657241,213.9,71.1,6044,227.46,Medio
MUN_055,Piracicaba,SP,16,31.16,39.33,99.48,1.37,0.501,3.5,814.4,2657241,213.9,71.1,6726,253.13,Alto
MUN_055,Piracicaba,SP,17,24.07,27.53,85.65,184.25,0.522,23.59,814.4,2657241,213.9,71.1,12544,472.07,Alto
MUN_055,Piracicaba,SP,18,23.47,25.96,71.19,103.57,0.543,4.1,814.4,2657241,213.9,71.1,7103,267.34,Alto
MUN_055,Piracicaba,SP,19,24.79,35.24,100.0,121.0,0.646,13.35,814.4,2657241,213.9,71.1,7376,277.59,Alto
MUN_055,Piracicaba,SP,20,20.86,24.76,76.13,12.78,0.591,5.02,814.4,2657241,213.9,71.1,7601,286.08,Alto
MUN_055,Piracicaba,SP,21,24.85,32.91,80.15,51.65,0.531,0.0,814.4,2657241,213.9,71.1,4289,161.43,Medio
MUN_055,Piracicaba,SP,22,26.93,30.44,70.63,40.5,0.443,4.57,814.4,2657241,213.9,71.1,7086,266.69,Alto
MUN_055,Piracicaba,SP,23,24.39,34.13,89.1,205.48,0.546,15.46,814.4,2657241,213.9,71.1,6449,242.7,Medio
MUN_055,Piracicaba,SP,24,19.86,24.76,86.02,73.29,0.387,10.84,814.4,2657241,213.9,71.1,8737,328.83,Alto
MUN_055,Piracicaba,SP,25,27.8,31.07,78.82,37.76,0.451,6.63,814.4,2657241,213.9,71.1,5596,210.63,Medio
MUN_055,Piracicaba,SP,26,21.51,28.47,48.34,9.21,0.594,9.91,814.4,2657241,213.9,71.1,3741,140.79,Baixo
MUN_055,Piracicaba,SP,27,26.63,30.56,100.0,22.56,0.348,10.91,814.4,2657241,213.9,71.1,7067,265.96,Alto
MUN_055,Piracicaba,SP,28,20.49,26.35,59.06,70.52,0.306,7.75,814.4,2657241,213.9,71.1,7241,272.52,Alto
MUN_055,Piracicaba,SP,29,19.97,30.33,51.82,23.68,0.507,4.35,814.4,2657241,213.9,71.1,4594,172.91,Medio
MUN_055,Piracicaba,SP,30,18.69,27.43,46.61,7.87,0.147,4.78,814.4,2657241,213.9,71.1,4445,167.28,Medio
MUN_055,Piracicaba,SP,31,21.38,25.82,65.74,12.85,0.167,3.11,814.4,2657241,213.9,71.1,1343,50.56,Baixo
MUN_055,Piracicaba,SP,32,15.35,17.66,46.64,8.07,0.284,2.29,814.4,2657241,213.9,71.1,0,0.0,Baixo
MUN_055,Piracicaba,SP,33,19.83,28.51,74.64,7.3,0.363,3.43,814.4,2657241,213.9,71.1,1572,59.16,Baixo
MUN_055,Piracicaba,SP,34,19.88,23.18,72.76,2.23,0.255,0.0,814.4,2657241,213.9,71.1,1944,73.17,Baixo
MUN_055,Piracicaba,SP,35,10.95,16.46,55.54,14.49,0.364,16.43,814.4,2657241,213.9,71.1,3112,117.15,Baixo
MUN_055,Piracicaba,SP,36,16.11,23.91,57.75,1.87,0.278,10.35,814.4,2657241,213.9,71.1,2190,82.42,Baixo
MUN_055,Piracicaba,SP,37,15.92,24.38,56.58,6.68,0.263,0.92,814.4,2657241,213.9,71.1,1752,65.95,Baixo
MUN_055,Piracicaba,SP,38,23.06,31.8,76.17,10.42,0.189,0.0,814.4,2657241,213.9,71.1,4608,173.42,Medio
MUN_055,Piracicaba,SP,39,18.83,24.9,73.64,0.18,0.214,1.75,814.4,2657241,213.9,71.1,3466,130.47,Baixo
MUN_055,Piracicaba,SP,40,23.86,26.23,91.27,53.83,0.222,5.22,814.4,2657241,213.9,71.1,3967,149.32,Baixo
MUN_055,Piracicaba,SP,41,20.24,26.87,47.19,0.26,0.356,0.0,814.4,2657241,213.9,71.1,0,0.0,Baixo
MUN_055,Piracicaba,SP,42,14.88,22.82,57.83,5.93,0.185,0.0,814.4,2657241,213.9,71.1,1285,48.39,Baixo
MUN_055,Piracicaba,SP,43,10.0,16.97,54.12,14.64,0.35,0.0,814.4,2657241,213.9,71.1,0,0.0,Baixo
MUN_055,Piracicaba,SP,44,17.96,20.75,45.26,25.29,0.323,1.82,814.4,2657241,213.9,71.1,1100,41.4,Baixo
MUN_055,Piracicaba,SP,45,14.24,17.7,62.71,23.66,0.193,8.53,814.4,2657241,213.9,71.1,2703,101.73,Baixo
MUN_055,Piracicaba,SP,46,14.56,17.59,66.68,24.45,0.188,4.1,814.4,2657241,213.9,71.1,2571,96.78,Baixo
MUN_055,Piracicaba,SP,47,15.92,25.91,71.09,13.68,0.226,3.76,814.4,2657241,213.9,71.1,1014,38.16,Baixo
MUN_055,Piracicaba,SP,48,20.66,24.11,36.52,0.28,0.535,2.43,814.4,2657241,213.9,71.1,3444,129.61,Baixo
MUN_055,Piracicaba,SP,49,18.8,26.66,86.34,2.71,0.157,4.09,814.4,2657241,213.9,71.1,0,0.0,Baixo
MUN_055,Piracicaba,SP,50,16.57,26.98,61.06,13.27,0.155,6.38,814.4,2657241,213.9,71.1,0,0.0,Baixo
MUN_056,Cariacica,ES,1,25.99,29.85,64.78,7.67,0.567,7.88,245.6,2607913,15.6,41.3,2476,94.95,Baixo
MUN_056,Cariacica,ES,2,22.03,31.96,45.2,12.14,0.243,3.82,245.6,2607913,15.6,41.3,3652,140.06,Baixo
MUN_056,Cariacica,ES,3,22.17,27.56,54.46,22.22,0.38,7.53,245.6,2607913,15.6,41.3,3168,121.5,Baixo
MUN_056,Cariacica,ES,4,17.9,25.75,43.23,11.05,0.17,0.0,245.6,2607913,15.6,41.3,3491,133.87,Baixo
MUN_056,Cariacica,ES,5,22.08,31.97,45.76,2.43,0.391,0.0,245.6,2607913,15.6,41.3,2176,83.46,Baixo
MUN_056,Cariacica,ES,6,25.46,31.77,53.93,12.84,0.252,10.26,245.6,2607913,15.6,41.3,5106,195.82,Medio
MUN_056,Cariacica,ES,7,28.25,35.15,52.6,86.63,0.357,10.85,245.6,2607913,15.6,41.3,7563,290.03,Alto
MUN_056,Cariacica,ES,8,21.66,31.43,67.01,20.76,0.302,5.77,245.6,2607913,15.6,41.3,5502,210.99,Medio
MUN_056,Cariacica,ES,9,31.14,40.76,64.21,148.46,0.573,12.06,245.6,2607913,15.6,41.3,7491,287.27,Alto
MUN_056,Cariacica,ES,10,29.02,34.5,65.93,19.75,0.566,7.42,245.6,2607913,15.6,41.3,6324,242.51,Medio
MUN_056,Cariacica,ES,11,29.94,39.82,81.69,65.24,0.505,7.69,245.6,2607913,15.6,41.3,7106,272.5,Alto
MUN_056,Cariacica,ES,12,32.2,38.57,95.14,38.71,0.557,6.62,245.6,2607913,15.6,41.3,8268,317.04,Alto
MUN_056,Cariacica,ES,13,28.09,33.33,83.35,48.16,0.467,3.36,245.6,2607913,15.6,41.3,6157,236.1,Medio
MUN_056,Cariacica,ES,14,28.45,31.0,64.86,95.46,0.589,8.67,245.6,2607913,15.6,41.3,6020,230.84,Medio
MUN_056,Cariacica,ES,15,30.57,32.93,79.7,15.57,0.643,0.28,245.6,2607913,15.6,41.3,9952,381.62,Alto
MUN_056,Cariacica,ES,16,32.66,40.75,60.1,51.13,0.552,5.67,245.6,2607913,15.6,41.3,5917,226.9,Medio
MUN_056,Cariacica,ES,17,33.73,43.34,97.58,83.7,0.459,11.74,245.6,2607913,15.6,41.3,7519,288.34,Alto
MUN_056,Cariacica,ES,18,31.86,41.35,60.49,69.18,0.55,1.06,245.6,2607913,15.6,41.3,5252,201.39,Medio
MUN_056,Cariacica,ES,19,36.92,40.51,85.04,163.59,0.469,8.98,245.6,2607913,15.6,41.3,8692,333.3,Alto
MUN_056,Cariacica,ES,20,33.28,40.82,83.89,14.34,0.366,0.0,245.6,2607913,15.6,41.3,8016,307.4,Alto
MUN_056,Cariacica,ES,21,29.6,34.3,63.28,300.0,0.415,13.17,245.6,2607913,15.6,41.3,9031,346.33,Alto
MUN_056,Cariacica,ES,22,24.93,32.49,92.35,55.38,0.544,14.34,245.6,2607913,15.6,41.3,7791,298.78,Alto
MUN_056,Cariacica,ES,23,26.78,29.32,65.75,90.96,0.45,15.38,245.6,2607913,15.6,41.3,6585,252.51,Alto
MUN_056,Cariacica,ES,24,27.66,34.49,75.19,293.33,0.693,17.53,245.6,2607913,15.6,41.3,10595,406.28,Alto
MUN_056,Cariacica,ES,25,31.82,41.91,72.1,53.44,0.618,7.38,245.6,2607913,15.6,41.3,10348,396.81,Alto
MUN_056,Cariacica,ES,26,31.04,40.98,66.22,16.67,0.504,5.87,245.6,2607913,15.6,41.3,7135,273.62,Alto
MUN_056,Cariacica,ES,27,28.22,36.73,79.0,42.21,0.45,10.42,245.6,2607913,15.6,41.3,8344,319.97,Alto
MUN_056,Cariacica,ES,28,20.6,26.96,54.34,22.64,0.38,6.06,245.6,2607913,15.6,41.3,1792,68.72,Baixo
MUN_056,Cariacica,ES,29,22.51,29.97,71.94,26.06,0.174,2.57,245.6,2607913,15.6,41.3,2755,105.65,Baixo
MUN_056,Cariacica,ES,30,17.96,20.71,55.89,13.71,0.344,0.0,245.6,2607913,15.6,41.3,1694,64.99,Baixo
MUN_056,Cariacica,ES,31,24.59,29.3,58.82,11.32,0.333,0.0,245.6,2607913,15.6,41.3,4152,159.24,Medio
MUN_056,Cariacica,ES,32,17.89,25.12,83.26,3.57,0.431,0.73,245.6,2607913,15.6,41.3,4012,153.85,Baixo
MUN_056,Cariacica,ES,33,25.44,33.92,43.47,6.96,0.415,6.67,245.6,2607913,15.6,41.3,5063,194.15,Medio
MUN_056,Cariacica,ES,34,19.28,24.6,42.42,0.63,0.325,0.0,245.6,2607913,15.6,41.3,4457,170.91,Medio
MUN_056,Cariacica,ES,35,19.47,27.81,74.01,8.45,0.241,0.0,245.6,2607913,15.6,41.3,5995,229.91,Medio
MUN_056,Cariacica,ES,36,21.17,25.75,55.17,9.53,0.524,0.0,245.6,2607913,15.6,41.3,4669,179.06,Medio
MUN_056,Cariacica,ES,37,27.57,31.96,80.37,6.21,0.289,0.0,245.6,2607913,15.6,41.3,2901,111.24,Baixo
MUN_056,Cariacica,ES,38,19.13,22.25,57.13,17.75,0.572,5.46,245.6,2607913,15.6,41.3,5331,204.44,Medio
MUN_056,Cariacica,ES,39,22.48,24.64,57.87,28.97,0.073,4.41,245.6,2607913,15.6,41.3,2780,106.6,Baixo
MUN_056,Cariacica,ES,40,23.94,30.68,61.06,4.98,0.31,5.27,245.6,2607913,15.6,41.3,2850,109.31,Baixo
MUN_056,Cariacica,ES,41,18.98,21.98,48.08,6.72,0.317,1.76,245.6,2607913,15.6,41.3,1670,64.04,Baixo
MUN_056,Cariacica,ES,42,23.33,32.74,77.41,16.69,0.131,0.0,245.6,2607913,15.6,41.3,3971,152.28,Baixo
MUN_056,Cariacica,ES,43,25.85,34.1,69.71,5.7,0.565,7.03,245.6,2607913,15.6,41.3,4867,186.66,Medio
MUN_056,Cariacica,ES,44,21.66,25.43,56.41,16.4,0.157,0.0,245.6,2607913,15.6,41.3,2282,87.54,Baixo
MUN_056,Cariacica,ES,45,22.12,28.65,29.26,22.54,0.241,0.55,245.6,2607913,15.6,41.3,5373,206.03,Medio
MUN_056,Cariacica,ES,46,20.52,28.71,67.77,0.29,0.213,0.0,245.6,2607913,15.6,41.3,1746,66.98,Baixo
MUN_056,Cariacica,ES,47,28.38,32.26,85.05,4.17,0.211,6.08,245.6,2607913,15.6,41.3,4770,182.93,Medio
MUN_056,Cariacica,ES,48,24.68,32.18,61.48,1.29,0.349,0.0,245.6,2607913,15.6,41.3,5618,215.45,Medio
MUN_056,Cariacica,ES,49,23.11,30.93,48.65,22.29,0.273,5.21,245.6,2607913,15.6,41.3,4117,157.89,Medio
MUN_056,Cariacica,ES,50,24.89,28.76,52.74,0.14,0.196,6.45,245.6,2607913,15.6,41.3,4114,157.78,Medio
MUN_057,Bauru,SP,1,15.36,25.12,79.6,7.41,0.194,0.0,755.9,1316125,205.6,58.7,2876,218.58,Medio
MUN_057,Bauru,SP,2,15.97,18.8,48.04,3.7,0.311,2.45,755.9,1316125,205.6,58.7,1231,93.58,Baixo
MUN_057,Bauru,SP,3,15.19,22.15,48.77,6.75,0.419,7.46,755.9,1316125,205.6,58.7,1380,104.86,Baixo
MUN_057,Bauru,SP,4,15.71,25.06,32.2,0.86,0.228,0.14,755.9,1316125,205.6,58.7,2071,157.38,Medio
MUN_057,Bauru,SP,5,20.32,28.68,64.89,38.08,0.36,3.36,755.9,1316125,205.6,58.7,2708,205.83,Medio
MUN_057,Bauru,SP,6,21.5,24.95,74.3,0.58,0.397,3.98,755.9,1316125,205.6,58.7,2731,207.57,Medio
MUN_057,Bauru,SP,7,16.06,19.35,64.77,165.39,0.472,9.85,755.9,1316125,205.6,58.7,5107,388.08,Alto
MUN_057,Bauru,SP,8,26.31,31.06,69.91,96.77,0.538,13.06,755.9,1316125,205.6,58.7,3291,250.1,Alto
MUN_057,Bauru,SP,9,23.39,33.84,60.32,49.33,0.5,4.5,755.9,1316125,205.6,58.7,3098,235.4,Medio
MUN_057,Bauru,SP,10,30.1,37.95,80.21,46.85,0.586,4.36,755.9,1316125,205.6,58.7,2906,220.84,Medio
MUN_057,Bauru,SP,11,21.33,26.93,77.01,38.84,0.549,0.83,755.9,1316125,205.6,58.7,3009,228.68,Medio
MUN_057,Bauru,SP,12,30.39,32.99,89.53,190.45,0.549,10.19,755.9,1316125,205.6,58.7,4206,319.59,Alto
MUN_057,Bauru,SP,13,25.5,35.43,83.89,43.51,0.572,2.6,755.9,1316125,205.6,58.7,2972,225.84,Medio
MUN_057,Bauru,SP,14,27.79,31.88,88.2,39.62,0.522,7.16,755.9,1316125,205.6,58.7,3091,234.87,Medio
MUN_057,Bauru,SP,15,26.85,31.05,93.76,227.22,0.605,12.02,755.9,1316125,205.6,58.7,5548,421.61,Alto
MUN_057,Bauru,SP,16,24.36,33.54,67.9,156.85,0.397,5.7,755.9,1316125,205.6,58.7,2427,184.43,Medio
MUN_057,Bauru,SP,17,23.46,33.72,81.62,300.0,0.621,23.52,755.9,1316125,205.6,58.7,3509,266.64,Alto
MUN_057,Bauru,SP,18,26.1,32.56,81.69,69.4,0.584,9.3,755.9,1316125,205.6,58.7,4047,307.53,Alto
MUN_057,Bauru,SP,19,35.22,43.58,72.44,21.26,0.581,5.44,755.9,1316125,205.6,58.7,4456,338.62,Alto
MUN_057,Bauru,SP,20,31.98,38.41,68.71,13.71,0.728,4.36,755.9,1316125,205.6,58.7,3587,272.59,Alto
MUN_057,Bauru,SP,21,23.92,33.04,85.12,10.11,0.601,0.0,755.9,1316125,205.6,58.7,3155,239.76,Medio
MUN_057,Bauru,SP,22,22.99,26.13,66.83,45.2,0.622,2.43,755.9,1316125,205.6,58.7,2109,160.26,Medio
MUN_057,Bauru,SP,23,25.05,27.4,83.2,0.71,0.489,0.0,755.9,1316125,205.6,58.7,2349,178.54,Medio
MUN_057,Bauru,SP,24,21.12,27.29,68.14,95.78,0.439,6.85,755.9,1316125,205.6,58.7,4298,326.57,Alto
MUN_057,Bauru,SP,25,25.9,31.38,70.57,50.42,0.294,4.32,755.9,1316125,205.6,58.7,2733,207.72,Medio
MUN_057,Bauru,SP,26,18.7,26.06,72.74,89.21,0.468,5.74,755.9,1316125,205.6,58.7,2731,207.57,Medio
MUN_057,Bauru,SP,27,23.77,31.03,90.65,44.83,0.54,0.0,755.9,1316125,205.6,58.7,2783,211.49,Medio
MUN_057,Bauru,SP,28,19.82,25.24,45.21,19.92,0.344,0.0,755.9,1316125,205.6,58.7,4263,323.94,Alto
MUN_057,Bauru,SP,29,13.61,22.11,66.38,1.28,0.227,5.1,755.9,1316125,205.6,58.7,936,71.12,Baixo
MUN_057,Bauru,SP,30,22.79,32.34,40.96,12.55,0.283,14.24,755.9,1316125,205.6,58.7,2356,179.06,Medio
MUN_057,Bauru,SP,31,19.48,25.02,51.94,15.05,0.307,0.0,755.9,1316125,205.6,58.7,1586,120.52,Baixo
MUN_057,Bauru,SP,32,18.33,25.58,49.08,6.09,0.139,1.17,755.9,1316125,205.6,58.7,934,71.0,Baixo
MUN_057,Bauru,SP,33,25.17,28.38,77.44,16.0,0.232,4.33,755.9,1316125,205.6,58.7,1569,119.22,Baixo
MUN_057,Bauru,SP,34,16.72,22.8,67.29,11.25,0.119,0.0,755.9,1316125,205.6,58.7,1518,115.34,Baixo
MUN_057,Bauru,SP,35,18.49,22.66,40.34,1.94,0.4,0.26,755.9,1316125,205.6,58.7,1806,137.28,Baixo
MUN_057,Bauru,SP,36,18.54,28.23,87.11,0.9,0.255,0.0,755.9,1316125,205.6,58.7,1888,143.46,Baixo
MUN_057,Bauru,SP,37,24.67,32.11,65.79,12.15,0.163,0.17,755.9,1316125,205.6,58.7,3119,237.0,Medio
MUN_057,Bauru,SP,38,14.67,22.3,74.46,7.91,0.431,0.0,755.9,1316125,205.6,58.7,2182,165.83,Medio
MUN_057,Bauru,SP,39,14.83,19.58,34.92,18.17,0.32,0.0,755.9,1316125,205.6,58.7,2313,175.77,Medio
MUN_057,Bauru,SP,40,16.64,19.54,60.18,5.84,0.351,0.0,755.9,1316125,205.6,58.7,2007,152.5,Baixo
MUN_057,Bauru,SP,41,19.91,28.04,54.3,29.3,0.308,7.72,755.9,1316125,205.6,58.7,1875,142.48,Baixo
MUN_057,Bauru,SP,42,22.26,25.05,50.89,8.19,0.437,1.77,755.9,1316125,205.6,58.7,1433,108.91,Baixo
MUN_057,Bauru,SP,43,15.49,20.06,67.62,8.69,0.218,4.36,755.9,1316125,205.6,58.7,795,60.46,Baixo
MUN_057,Bauru,SP,44,20.6,28.9,82.68,1.15,0.267,1.36,755.9,1316125,205.6,58.7,2367,179.91,Medio
MUN_057,Bauru,SP,45,12.44,14.6,74.45,0.36,0.359,0.0,755.9,1316125,205.6,58.7,1795,136.41,Baixo
MUN_057,Bauru,SP,46,13.53,17.25,46.68,14.36,0.203,0.0,755.9,1316125,205.6,58.7,1716,130.43,Baixo
MUN_057,Bauru,SP,47,16.73,24.69,40.81,0.44,0.152,0.0,755.9,1316125,205.6,58.7,809,61.5,Baixo
MUN_057,Bauru,SP,48,12.94,17.21,60.3,1.07,0.484,6.28,755.9,1316125,205.6,58.7,1197,90.98,Baixo
MUN_057,Bauru,SP,49,18.16,26.39,49.57,0.71,0.248,5.93,755.9,1316125,205.6,58.7,680,51.73,Baixo
MUN_057,Bauru,SP,50,16.85,25.04,60.23,7.34,0.237,0.0,755.9,1316125,205.6,58.7,1214,92.31,Baixo
MUN_058,São José do Rio Preto,SP,1,21.24,27.83,43.41,7.57,0.448,0.34,787.7,1026161,84.3,41.0,1930,188.16,Medio
MUN_058,São José do Rio Preto,SP,2,18.5,21.08,76.66,8.03,0.552,4.72,787.7,1026161,84.3,41.0,2997,292.09,Alto
MUN_058,São José do Rio Preto,SP,3,17.77,25.13,58.61,7.82,0.274,0.1,787.7,1026161,84.3,41.0,2402,234.17,Medio
MUN_058,São José do Rio Preto,SP,4,16.47,18.78,58.84,1.25,0.251,3.62,787.7,1026161,84.3,41.0,474,46.27,Baixo
MUN_058,São José do Rio Preto,SP,5,19.95,27.71,63.5,82.2,0.32,6.6,787.7,1026161,84.3,41.0,2013,196.17,Medio
MUN_058,São José do Rio Preto,SP,6,23.96,28.79,49.02,20.22,0.285,6.73,787.7,1026161,84.3,41.0,1819,177.33,Medio
MUN_058,São José do Rio Preto,SP,7,16.7,20.53,73.19,13.25,0.193,3.03,787.7,1026161,84.3,41.0,1742,169.81,Medio
MUN_058,São José do Rio Preto,SP,8,27.95,34.93,49.0,0.65,0.443,0.0,787.7,1026161,84.3,41.0,1393,135.84,Baixo
MUN_058,São José do Rio Preto,SP,9,26.11,29.76,64.43,60.03,0.519,9.58,787.7,1026161,84.3,41.0,2933,285.84,Alto
MUN_058,São José do Rio Preto,SP,10,22.04,24.41,75.59,115.9,0.558,10.86,787.7,1026161,84.3,41.0,2400,233.96,Medio
MUN_058,São José do Rio Preto,SP,11,27.5,37.55,90.46,15.75,0.597,4.47,787.7,1026161,84.3,41.0,2845,277.3,Alto
MUN_058,São José do Rio Preto,SP,12,29.21,35.39,91.33,133.55,0.7,0.0,787.7,1026161,84.3,41.0,3227,314.53,Alto
MUN_058,São José do Rio Preto,SP,13,27.71,32.84,75.12,188.15,0.557,18.21,787.7,1026161,84.3,41.0,2696,262.81,Alto
MUN_058,São José do Rio Preto,SP,14,22.45,26.03,65.6,40.53,0.743,1.03,787.7,1026161,84.3,41.0,1694,165.13,Medio
MUN_058,São José do Rio Preto,SP,15,22.73,26.28,88.65,57.59,0.625,5.87,787.7,1026161,84.3,41.0,2398,233.76,Medio
MUN_058,São José do Rio Preto,SP,16,22.1,25.16,80.47,6.13,0.472,0.0,787.7,1026161,84.3,41.0,1458,142.15,Baixo
MUN_058,São José do Rio Preto,SP,17,28.31,31.16,80.08,119.84,0.756,5.58,787.7,1026161,84.3,41.0,3564,347.4,Alto
MUN_058,São José do Rio Preto,SP,18,23.17,31.6,94.58,145.61,0.769,12.06,787.7,1026161,84.3,41.0,3941,384.09,Alto
MUN_058,São José do Rio Preto,SP,19,23.83,31.92,88.17,10.0,0.674,3.32,787.7,1026161,84.3,41.0,3578,348.76,Alto
MUN_058,São José do Rio Preto,SP,20,26.69,35.86,84.67,13.07,0.659,0.0,787.7,1026161,84.3,41.0,2792,272.16,Alto
MUN_058,São José do Rio Preto,SP,21,27.56,30.74,82.63,31.81,0.455,2.25,787.7,1026161,84.3,41.0,1630,158.9,Medio
MUN_058,São José do Rio Preto,SP,22,28.3,37.39,88.53,79.05,0.543,10.17,787.7,1026161,84.3,41.0,4093,398.9,Alto
MUN_058,São José do Rio Preto,SP,23,20.93,29.7,69.28,74.59,0.564,12.77,787.7,1026161,84.3,41.0,3064,298.61,Alto
MUN_058,São José do Rio Preto,SP,24,28.55,30.8,73.69,127.17,0.231,8.3,787.7,1026161,84.3,41.0,3494,340.51,Alto
MUN_058,São José do Rio Preto,SP,25,18.69,24.91,67.29,66.83,0.638,0.0,787.7,1026161,84.3,41.0,2841,276.93,Alto
MUN_058,São José do Rio Preto,SP,26,19.1,22.5,84.41,28.65,0.57,3.46,787.7,1026161,84.3,41.0,2705,263.69,Alto
MUN_058,São José do Rio Preto,SP,27,29.83,38.54,61.99,39.6,0.249,4.79,787.7,1026161,84.3,41.0,3337,325.22,Alto
MUN_058,São José do Rio Preto,SP,28,18.63,28.67,96.55,7.23,0.231,5.9,787.7,1026161,84.3,41.0,3475,338.73,Alto
MUN_058,São José do Rio Preto,SP,29,14.63,21.99,36.93,6.04,0.32,4.03,787.7,1026161,84.3,41.0,271,26.41,Baixo
MUN_058,São José do Rio Preto,SP,30,16.54,22.11,53.75,12.88,0.467,0.0,787.7,1026161,84.3,41.0,1163,113.4,Baixo
MUN_058,São José do Rio Preto,SP,31,17.68,24.73,33.34,5.19,0.392,0.85,787.7,1026161,84.3,41.0,1556,151.7,Baixo
MUN_058,São José do Rio Preto,SP,32,17.47,21.62,57.16,9.72,0.173,0.6,787.7,1026161,84.3,41.0,638,62.24,Baixo
MUN_058,São José do Rio Preto,SP,33,17.83,25.72,43.5,1.55,0.223,1.17,787.7,1026161,84.3,41.0,1879,183.18,Medio
MUN_058,São José do Rio Preto,SP,34,20.8,26.8,59.72,39.93,0.415,9.54,787.7,1026161,84.3,41.0,1777,173.24,Medio
MUN_058,São José do Rio Preto,SP,35,21.01,25.51,58.04,1.2,0.433,2.78,787.7,1026161,84.3,41.0,1845,179.8,Medio
MUN_058,São José do Rio Preto,SP,36,21.87,26.2,71.6,0.27,0.19,4.21,787.7,1026161,84.3,41.0,2981,290.59,Alto
MUN_058,São José do Rio Preto,SP,37,14.29,23.05,56.43,9.52,0.127,0.0,787.7,1026161,84.3,41.0,1538,149.9,Baixo
MUN_058,São José do Rio Preto,SP,38,17.32,23.99,26.68,2.71,0.201,0.0,787.7,1026161,84.3,41.0,305,29.8,Baixo
MUN_058,São José do Rio Preto,SP,39,12.81,23.3,49.57,1.02,0.343,0.0,787.7,1026161,84.3,41.0,967,94.29,Baixo
MUN_058,São José do Rio Preto,SP,40,15.98,20.66,54.62,4.25,0.151,0.0,787.7,1026161,84.3,41.0,557,54.29,Baixo
MUN_058,São José do Rio Preto,SP,41,10.0,14.0,52.37,1.67,0.356,0.0,787.7,1026161,84.3,41.0,1066,103.97,Baixo
MUN_058,São José do Rio Preto,SP,42,12.97,20.48,59.03,7.39,0.438,3.05,787.7,1026161,84.3,41.0,1146,111.73,Baixo
MUN_058,São José do Rio Preto,SP,43,21.46,30.48,43.22,5.95,0.164,6.83,787.7,1026161,84.3,41.0,1698,165.51,Medio
MUN_058,São José do Rio Preto,SP,44,10.0,19.21,56.33,1.91,0.302,1.13,787.7,1026161,84.3,41.0,472,46.09,Baixo
MUN_058,São José do Rio Preto,SP,45,17.57,20.3,49.92,4.88,0.476,6.65,787.7,1026161,84.3,41.0,394,38.41,Baixo
MUN_058,São José do Rio Preto,SP,46,16.8,24.26,34.85,0.02,0.245,8.63,787.7,1026161,84.3,41.0,1257,122.53,Baixo
MUN_058,São José do Rio Preto,SP,47,18.04,27.75,60.23,0.95,0.03,0.0,787.7,1026161,84.3,41.0,724,70.61,Baixo
MUN_058,São José do Rio Preto,SP,48,21.2,23.22,61.49,10.3,0.503,2.29,787.7,1026161,84.3,41.0,1002,97.68,Baixo
MUN_058,São José do Rio Preto,SP,49,12.54,18.65,61.65,8.61,0.474,4.75,787.7,1026161,84.3,41.0,1432,139.59,Baixo
MUN_058,São José do Rio Preto,SP,50,17.03,19.61,50.65,25.15,0.113,0.0,787.7,1026161,84.3,41.0,1293,126.1,Baixo
MUN_059,Montes Claros,MG,1,14.49,16.6,63.23,1.11,0.172,3.32,713.5,1729005,55.5,56.7,668,38.66,Baixo
MUN_059,Montes Claros,MG,2,15.96,18.59,49.46,6.21,0.39,3.23,713.5,1729005,55.5,56.7,339,19.65,Baixo
MUN_059,Montes Claros,MG,3,15.11,20.51,45.89,8.58,0.285,0.77,713.5,1729005,55.5,56.7,2646,153.07,Baixo
MUN_059,Montes Claros,MG,4,16.92,22.04,71.57,5.52,0.049,5.33,713.5,1729005,55.5,56.7,1624,93.98,Baixo
MUN_059,Montes Claros,MG,5,15.85,21.55,79.54,8.07,0.336,6.0,713.5,1729005,55.5,56.7,2704,156.4,Baixo
MUN_059,Montes Claros,MG,6,19.18,27.5,92.54,1.14,0.511,2.5,713.5,1729005,55.5,56.7,3468,200.58,Medio
MUN_059,Montes Claros,MG,7,17.61,24.97,63.65,47.36,0.281,4.35,713.5,1729005,55.5,56.7,4503,260.49,Alto
MUN_059,Montes Claros,MG,8,22.19,26.51,83.91,104.24,0.551,10.86,713.5,1729005,55.5,56.7,3623,209.57,Medio
MUN_059,Montes Claros,MG,9,18.23,24.69,78.98,49.7,0.417,4.76,713.5,1729005,55.5,56.7,3018,174.56,Medio
MUN_059,Montes Claros,MG,10,25.14,32.87,69.44,33.2,0.59,0.0,713.5,1729005,55.5,56.7,2415,139.73,Baixo
MUN_059,Montes Claros,MG,11,21.03,23.94,74.23,300.0,0.677,18.43,713.5,1729005,55.5,56.7,3513,203.23,Medio
MUN_059,Montes Claros,MG,12,28.0,34.93,54.89,291.93,0.459,23.7,713.5,1729005,55.5,56.7,4487,259.55,Alto
MUN_059,Montes Claros,MG,13,29.23,39.39,73.22,72.96,0.479,12.93,713.5,1729005,55.5,56.7,4975,287.75,Alto
MUN_059,Montes Claros,MG,14,21.96,26.38,84.95,151.81,0.552,4.91,713.5,1729005,55.5,56.7,4229,244.6,Medio
MUN_059,Montes Claros,MG,15,27.54,32.84,96.24,207.46,0.594,14.36,713.5,1729005,55.5,56.7,6310,364.99,Alto
MUN_059,Montes Claros,MG,16,22.02,25.26,67.06,34.25,0.647,5.76,713.5,1729005,55.5,56.7,5486,317.32,Alto
MUN_059,Montes Claros,MG,17,25.83,30.68,100.0,40.46,0.591,6.54,713.5,1729005,55.5,56.7,5211,301.41,Alto
MUN_059,Montes Claros,MG,18,26.87,30.91,88.69,25.98,0.744,6.19,713.5,1729005,55.5,56.7,2147,124.2,Baixo
MUN_059,Montes Claros,MG,19,25.01,32.2,75.82,141.28,0.646,10.61,713.5,1729005,55.5,56.7,5218,301.82,Alto
MUN_059,Montes Claros,MG,20,23.29,31.09,74.74,10.74,0.804,3.07,713.5,1729005,55.5,56.7,4226,244.43,Medio
MUN_059,Montes Claros,MG,21,29.41,35.13,63.03,155.53,0.248,4.79,713.5,1729005,55.5,56.7,3455,199.83,Medio
MUN_059,Montes Claros,MG,22,24.96,27.89,89.05,41.57,0.378,2.12,713.5,1729005,55.5,56.7,3893,225.2,Medio
MUN_059,Montes Claros,MG,23,25.26,34.41,82.07,26.54,0.527,1.79,713.5,1729005,55.5,56.7,5282,305.52,Alto
MUN_059,Montes Claros,MG,24,26.0,30.29,65.12,81.64,0.553,2.86,713.5,1729005,55.5,56.7,4068,235.28,Medio
MUN_059,Montes Claros,MG,25,21.17,30.32,81.05,113.16,0.416,8.56,713.5,1729005,55.5,56.7,2233,129.18,Baixo
MUN_059,Montes Claros,MG,26,16.55,24.75,53.49,71.94,0.434,12.31,713.5,1729005,55.5,56.7,435,25.18,Baixo
MUN_059,Montes Claros,MG,27,20.23,22.94,66.54,18.73,0.312,6.09,713.5,1729005,55.5,56.7,1335,77.22,Baixo
MUN_059,Montes Claros,MG,28,16.19,24.99,50.42,40.98,0.405,0.0,713.5,1729005,55.5,56.7,2490,144.02,Baixo
MUN_059,Montes Claros,MG,29,15.32,17.95,75.37,9.61,0.441,5.84,713.5,1729005,55.5,56.7,1719,99.46,Baixo
MUN_059,Montes Claros,MG,30,17.64,25.54,38.07,6.34,0.149,1.24,713.5,1729005,55.5,56.7,1577,91.21,Baixo
MUN_059,Montes Claros,MG,31,16.04,22.19,64.35,8.18,0.223,4.18,713.5,1729005,55.5,56.7,1953,112.99,Baixo
MUN_059,Montes Claros,MG,32,18.13,21.26,59.82,10.86,0.378,0.84,713.5,1729005,55.5,56.7,1016,58.78,Baixo
MUN_059,Montes Claros,MG,33,11.23,16.1,92.77,28.6,0.553,5.1,713.5,1729005,55.5,56.7,4212,243.62,Medio
MUN_059,Montes Claros,MG,34,17.46,26.36,72.5,4.48,0.266,0.0,713.5,1729005,55.5,56.7,1728,99.97,Baixo
MUN_059,Montes Claros,MG,35,16.88,22.13,42.2,2.77,0.419,0.0,713.5,1729005,55.5,56.7,1282,74.19,Baixo
MUN_059,Montes Claros,MG,36,17.44,19.51,69.32,9.46,0.262,0.0,713.5,1729005,55.5,56.7,3758,217.39,Medio
MUN_059,Montes Claros,MG,37,18.75,20.78,53.69,3.9,0.36,0.0,713.5,1729005,55.5,56.7,2890,167.19,Medio
MUN_059,Montes Claros,MG,38,21.65,24.43,60.12,6.56,0.216,7.64,713.5,1729005,55.5,56.7,2959,171.17,Medio
MUN_059,Montes Claros,MG,39,15.39,19.49,50.46,7.47,0.331,4.94,713.5,1729005,55.5,56.7,2978,172.24,Medio
MUN_059,Montes Claros,MG,40,14.81,19.93,62.44,11.15,0.4,3.46,713.5,1729005,55.5,56.7,1661,96.09,Baixo
MUN_059,Montes Claros,MG,41,17.07,25.92,43.27,16.38,0.402,0.0,713.5,1729005,55.5,56.7,771,44.63,Baixo
MUN_059,Montes Claros,MG,42,14.62,19.69,62.2,14.83,0.379,15.35,713.5,1729005,55.5,56.7,0,0.0,Baixo
MUN_059,Montes Claros,MG,43,17.44,21.4,52.4,3.7,0.164,0.0,713.5,1729005,55.5,56.7,922,53.33,Baixo
MUN_059,Montes Claros,MG,44,17.34,21.21,52.87,40.61,0.37,7.15,713.5,1729005,55.5,56.7,3462,200.26,Medio
MUN_059,Montes Claros,MG,45,14.58,17.97,64.2,9.0,0.325,5.01,713.5,1729005,55.5,56.7,932,53.95,Baixo
MUN_059,Montes Claros,MG,46,19.36,27.06,59.15,20.11,0.248,3.74,713.5,1729005,55.5,56.7,688,39.81,Baixo
MUN_059,Montes Claros,MG,47,26.27,34.03,52.88,9.38,0.323,7.04,713.5,1729005,55.5,56.7,2285,132.2,Baixo
MUN_059,Montes Claros,MG,48,25.34,28.4,63.95,7.42,0.295,0.0,713.5,1729005,55.5,56.7,4309,249.23,Alto
MUN_059,Montes Claros,MG,49,17.41,25.42,72.99,12.9,0.419,0.0,713.5,1729005,55.5,56.7,3091,178.78,Medio
MUN_059,Montes Claros,MG,50,22.19,26.07,76.77,6.13,0.387,7.98,713.5,1729005,55.5,56.7,2000,115.73,Baixo
MUN_060,Caucaia,CE,1,24.6,27.59,82.02,2.3,0.228,3.2,33.0,1468533,58.4,25.2,3578,243.71,Medio
MUN_060,Caucaia,CE,2,28.22,36.67,71.14,27.59,0.044,0.0,33.0,1468533,58.4,25.2,4764,324.44,Alto
MUN_060,Caucaia,CE,3,24.39,29.48,73.97,26.26,0.387,0.0,33.0,1468533,58.4,25.2,2337,159.18,Medio
MUN_060,Caucaia,CE,4,25.85,31.02,44.35,3.74,0.211,5.7,33.0,1468533,58.4,25.2,944,64.32,Baixo
MUN_060,Caucaia,CE,5,32.6,42.82,31.41,44.8,0.347,1.73,33.0,1468533,58.4,25.2,2913,198.42,Medio
MUN_060,Caucaia,CE,6,22.83,29.85,34.22,8.01,0.221,0.04,33.0,1468533,58.4,25.2,1510,102.85,Baixo
MUN_060,Caucaia,CE,7,34.27,41.11,76.07,19.36,0.136,0.0,33.0,1468533,58.4,25.2,3533,240.63,Medio
MUN_060,Caucaia,CE,8,21.37,30.22,85.69,1.46,0.283,0.76,33.0,1468533,58.4,25.2,3767,256.56,Alto
MUN_060,Caucaia,CE,9,32.95,36.12,69.27,13.64,0.53,1.79,33.0,1468533,58.4,25.2,3778,257.31,Alto
MUN_060,Caucaia,CE,10,28.62,32.41,58.42,5.38,0.285,4.11,33.0,1468533,58.4,25.2,3887,264.71,Alto
MUN_060,Caucaia,CE,11,26.72,33.91,85.14,34.37,0.314,0.0,33.0,1468533,58.4,25.2,4343,295.77,Alto
MUN_060,Caucaia,CE,12,30.79,36.45,71.24,23.45,0.605,0.0,33.0,1468533,58.4,25.2,3891,265.02,Alto
MUN_060,Caucaia,CE,13,32.64,39.66,88.02,4.52,0.763,1.77,33.0,1468533,58.4,25.2,4527,308.32,Alto
MUN_060,Caucaia,CE,14,31.77,41.14,76.57,7.96,0.664,0.73,33.0,1468533,58.4,25.2,4348,296.14,Alto
MUN_060,Caucaia,CE,15,30.54,36.48,74.22,56.88,0.608,0.89,33.0,1468533,58.4,25.2,3139,213.79,Medio
MUN_060,Caucaia,CE,16,34.33,41.83,100.0,17.66,0.654,6.98,33.0,1468533,58.4,25.2,5974,406.85,Alto
MUN_060,Caucaia,CE,17,34.25,41.27,86.94,115.46,0.589,8.83,33.0,1468533,58.4,25.2,5043,343.46,Alto
MUN_060,Caucaia,CE,18,33.72,38.61,85.52,30.97,0.639,7.36,33.0,1468533,58.4,25.2,4476,304.83,Alto
MUN_060,Caucaia,CE,19,33.0,39.35,100.0,82.81,0.648,8.87,33.0,1468533,58.4,25.2,7044,479.73,Alto
MUN_060,Caucaia,CE,20,31.2,38.48,58.93,77.52,0.481,2.82,33.0,1468533,58.4,25.2,3431,233.65,Medio
MUN_060,Caucaia,CE,21,32.97,37.02,88.68,151.71,0.475,5.01,33.0,1468533,58.4,25.2,6046,411.76,Alto
MUN_060,Caucaia,CE,22,32.6,37.21,71.3,107.17,0.429,4.61,33.0,1468533,58.4,25.2,4240,288.75,Alto
MUN_060,Caucaia,CE,23,35.73,42.71,96.58,79.93,0.495,7.13,33.0,1468533,58.4,25.2,4429,301.66,Alto
MUN_060,Caucaia,CE,24,29.48,37.93,100.0,16.67,0.413,0.0,33.0,1468533,58.4,25.2,5300,360.91,Alto
MUN_060,Caucaia,CE,25,29.21,39.47,87.39,64.83,0.538,4.69,33.0,1468533,58.4,25.2,6512,443.49,Alto
MUN_060,Caucaia,CE,26,24.38,29.09,72.06,14.54,0.617,1.01,33.0,1468533,58.4,25.2,3894,265.2,Alto
MUN_060,Caucaia,CE,27,29.63,34.47,81.18,9.24,0.403,7.45,33.0,1468533,58.4,25.2,3982,271.2,Alto
MUN_060,Caucaia,CE,28,26.95,34.34,62.54,3.52,0.457,9.22,33.0,1468533,58.4,25.2,1445,98.41,Baixo
MUN_060,Caucaia,CE,29,30.3,36.59,85.54,3.49,0.243,1.33,33.0,1468533,58.4,25.2,2749,187.2,Medio
MUN_060,Caucaia,CE,30,25.51,34.72,48.07,40.0,0.176,5.69,33.0,1468533,58.4,25.2,2734,186.22,Medio
MUN_060,Caucaia,CE,31,23.31,33.02,62.87,9.89,0.183,0.0,33.0,1468533,58.4,25.2,3348,228.01,Medio
MUN_060,Caucaia,CE,32,27.13,37.54,46.81,5.16,0.152,2.3,33.0,1468533,58.4,25.2,2272,154.73,Baixo
MUN_060,Caucaia,CE,33,22.93,31.16,76.18,0.07,0.464,0.0,33.0,1468533,58.4,25.2,3147,214.3,Medio
MUN_060,Caucaia,CE,34,26.88,33.27,44.61,4.74,0.25,1.59,33.0,1468533,58.4,25.2,2537,172.79,Medio
MUN_060,Caucaia,CE,35,24.16,26.31,38.15,0.85,0.373,0.0,33.0,1468533,58.4,25.2,2470,168.21,Medio
MUN_060,Caucaia,CE,36,27.11,35.67,59.16,1.15,0.287,4.48,33.0,1468533,58.4,25.2,2890,196.85,Medio
MUN_060,Caucaia,CE,37,25.21,32.74,58.93,14.05,0.143,0.0,33.0,1468533,58.4,25.2,2878,196.02,Medio
MUN_060,Caucaia,CE,38,23.83,34.12,57.54,2.23,0.587,1.81,33.0,1468533,58.4,25.2,2095,142.69,Baixo
MUN_060,Caucaia,CE,39,27.61,29.97,57.95,8.79,0.289,0.0,33.0,1468533,58.4,25.2,1451,98.83,Baixo
MUN_060,Caucaia,CE,40,20.34,23.81,72.54,4.74,0.119,3.58,33.0,1468533,58.4,25.2,1746,118.91,Baixo
MUN_060,Caucaia,CE,41,20.5,29.52,66.79,10.24,0.407,1.81,33.0,1468533,58.4,25.2,2010,136.92,Baixo
MUN_060,Caucaia,CE,42,26.65,29.42,58.91,12.22,0.348,5.96,33.0,1468533,58.4,25.2,3093,210.62,Medio
MUN_060,Caucaia,CE,43,18.88,25.75,62.4,7.23,0.377,8.81,33.0,1468533,58.4,25.2,1270,86.5,Baixo
MUN_060,Caucaia,CE,44,29.23,34.1,83.35,2.67,0.354,1.18,33.0,1468533,58.4,25.2,3423,233.1,Medio
MUN_060,Caucaia,CE,45,19.8,27.93,61.65,6.42,0.191,0.01,33.0,1468533,58.4,25.2,2117,144.17,Baixo
MUN_060,Caucaia,CE,46,25.72,33.31,58.2,0.67,0.377,0.0,33.0,1468533,58.4,25.2,2349,159.99,Medio
MUN_060,Caucaia,CE,47,24.18,34.43,56.77,1.92,0.249,1.77,33.0,1468533,58.4,25.2,3558,242.3,Medio
MUN_060,Caucaia,CE,48,19.79,22.75,32.24,6.31,0.219,0.0,33.0,1468533,58.4,25.2,2464,167.81,Medio
MUN_060,Caucaia,CE,49,25.3,32.3,55.08,10.07,0.323,7.5,33.0,1468533,58.4,25.2,3129,213.11,Medio
MUN_060,Caucaia,CE,50,19.94,29.16,34.02,1.12,0.412,5.09,33.0,1468533,58.4,25.2,1821,124.02,Baixo
MUN_061,Franca,SP,1,21.74,24.01,53.21,2.51,0.155,5.79,890.8,281451,44.2,50.4,54,19.37,Baixo
MUN_061,Franca,SP,2,15.9,21.34,78.64,36.74,0.276,4.97,890.8,281451,44.2,50.4,0,0.0,Baixo
MUN_061,Franca,SP,3,12.27,21.02,66.56,3.49,0.458,3.4,890.8,281451,44.2,50.4,232,82.75,Baixo
MUN_061,Franca,SP,4,18.3,20.54,63.82,0.8,0.286,0.0,890.8,281451,44.2,50.4,220,78.25,Baixo
MUN_061,Franca,SP,5,23.88,27.53,44.63,8.97,0.4,4.4,890.8,281451,44.2,50.4,419,149.05,Baixo
MUN_061,Franca,SP,6,16.55,21.89,61.73,4.66,0.461,0.0,890.8,281451,44.2,50.4,399,141.77,Baixo
MUN_061,Franca,SP,7,24.27,34.35,82.81,14.51,0.334,0.0,890.8,281451,44.2,50.4,596,211.88,Medio
MUN_061,Franca,SP,8,19.55,22.41,59.72,181.65,0.301,8.14,890.8,281451,44.2,50.4,724,257.5,Alto
MUN_061,Franca,SP,9,26.67,35.79,65.19,25.92,0.278,5.25,890.8,281451,44.2,50.4,538,191.25,Medio
MUN_061,Franca,SP,10,29.45,38.09,72.18,80.78,0.339,9.86,890.8,281451,44.2,50.4,753,267.79,Alto
MUN_061,Franca,SP,11,20.93,27.46,53.84,59.61,0.62,5.17,890.8,281451,44.2,50.4,359,127.56,Baixo
MUN_061,Franca,SP,12,26.85,31.69,71.23,23.82,0.538,0.0,890.8,281451,44.2,50.4,253,90.01,Baixo
MUN_061,Franca,SP,13,22.34,29.25,100.0,154.03,0.478,6.55,890.8,281451,44.2,50.4,429,152.54,Baixo
MUN_061,Franca,SP,14,26.61,33.25,72.48,40.71,0.467,9.69,890.8,281451,44.2,50.4,463,164.78,Medio
MUN_061,Franca,SP,15,22.16,27.75,54.11,97.08,0.537,7.22,890.8,281451,44.2,50.4,809,287.62,Alto
MUN_061,Franca,SP,16,26.23,30.23,60.27,2.86,0.458,0.0,890.8,281451,44.2,50.4,585,207.92,Medio
MUN_061,Franca,SP,17,28.04,32.37,69.49,300.0,0.623,18.48,890.8,281451,44.2,50.4,537,191.13,Medio
MUN_061,Franca,SP,18,23.27,28.52,86.61,3.92,0.432,0.0,890.8,281451,44.2,50.4,793,281.78,Alto
MUN_061,Franca,SP,19,29.11,35.06,72.55,13.3,0.837,7.94,890.8,281451,44.2,50.4,645,229.48,Medio
MUN_061,Franca,SP,20,23.65,29.92,87.53,15.33,0.481,10.43,890.8,281451,44.2,50.4,723,256.93,Alto
MUN_061,Franca,SP,21,29.71,37.79,82.36,55.78,0.377,0.0,890.8,281451,44.2,50.4,741,263.55,Alto
MUN_061,Franca,SP,22,27.66,37.85,88.27,12.02,0.506,3.8,890.8,281451,44.2,50.4,626,222.46,Medio
MUN_061,Franca,SP,23,24.88,31.4,65.43,106.41,0.464,6.95,890.8,281451,44.2,50.4,836,297.36,Alto
MUN_061,Franca,SP,24,22.74,28.13,58.92,32.19,0.507,1.07,890.8,281451,44.2,50.4,504,179.42,Medio
MUN_061,Franca,SP,25,25.54,28.11,76.42,6.89,0.522,0.0,890.8,281451,44.2,50.4,403,143.19,Baixo
MUN_061,Franca,SP,26,22.71,31.67,79.81,21.76,0.553,1.36,890.8,281451,44.2,50.4,157,55.92,Baixo
MUN_061,Franca,SP,27,17.62,27.53,68.74,10.33,0.494,9.63,890.8,281451,44.2,50.4,319,113.6,Baixo
MUN_061,Franca,SP,28,20.49,27.41,58.61,7.15,0.326,1.75,890.8,281451,44.2,50.4,684,243.31,Medio
MUN_061,Franca,SP,29,14.49,22.71,45.73,87.48,0.413,3.43,890.8,281451,44.2,50.4,389,138.27,Baixo
MUN_061,Franca,SP,30,18.44,27.19,56.28,25.01,0.268,5.39,890.8,281451,44.2,50.4,0,0.0,Baixo
MUN_061,Franca,SP,31,17.1,22.49,62.86,6.46,0.498,1.26,890.8,281451,44.2,50.4,143,50.88,Baixo
MUN_061,Franca,SP,32,18.05,20.4,60.49,4.5,0.34,0.0,890.8,281451,44.2,50.4,251,89.4,Baixo
MUN_061,Franca,SP,33,17.43,19.44,40.32,10.26,0.208,0.0,890.8,281451,44.2,50.4,369,131.32,Baixo
MUN_061,Franca,SP,34,14.12,17.42,57.76,5.32,0.224,0.0,890.8,281451,44.2,50.4,95,33.77,Baixo
MUN_061,Franca,SP,35,21.28,25.94,65.4,0.78,0.389,10.42,890.8,281451,44.2,50.4,339,120.67,Baixo
MUN_061,Franca,SP,36,20.83,24.91,49.23,7.36,0.173,4.47,890.8,281451,44.2,50.4,119,42.62,Baixo
MUN_061,Franca,SP,37,19.24,21.29,64.85,1.54,0.179,0.0,890.8,281451,44.2,50.4,56,20.25,Baixo
MUN_061,Franca,SP,38,17.38,26.77,62.21,2.23,0.549,12.7,890.8,281451,44.2,50.4,237,84.44,Baixo
MUN_061,Franca,SP,39,25.43,35.63,56.82,6.65,0.302,2.2,890.8,281451,44.2,50.4,65,23.25,Baixo
MUN_061,Franca,SP,40,14.36,21.52,70.06,43.1,0.316,9.1,890.8,281451,44.2,50.4,371,132.15,Baixo
MUN_061,Franca,SP,41,15.22,22.77,32.64,6.9,0.267,3.54,890.8,281451,44.2,50.4,243,86.6,Baixo
MUN_061,Franca,SP,42,16.58,21.31,54.3,2.61,0.272,5.64,890.8,281451,44.2,50.4,227,80.76,Baixo
MUN_061,Franca,SP,43,18.2,25.0,60.22,0.03,0.391,0.0,890.8,281451,44.2,50.4,53,19.07,Baixo
MUN_061,Franca,SP,44,11.59,14.46,61.2,2.01,0.282,0.68,890.8,281451,44.2,50.4,353,125.7,Baixo
MUN_061,Franca,SP,45,23.16,28.25,67.97,9.93,0.235,8.62,890.8,281451,44.2,50.4,507,180.34,Medio
MUN_061,Franca,SP,46,21.75,24.73,67.82,12.93,0.133,0.0,890.8,281451,44.2,50.4,193,68.69,Baixo
MUN_061,Franca,SP,47,18.48,25.6,45.08,5.41,0.207,0.0,890.8,281451,44.2,50.4,56,19.99,Baixo
MUN_061,Franca,SP,48,13.98,16.81,72.02,0.0,0.343,0.54,890.8,281451,44.2,50.4,309,109.87,Baixo
MUN_061,Franca,SP,49,17.35,23.26,61.67,7.27,0.343,0.0,890.8,281451,44.2,50.4,254,90.33,Baixo
MUN_061,Franca,SP,50,22.5,26.77,60.15,2.77,0.397,0.62,890.8,281451,44.2,50.4,573,203.7,Medio
MUN_062,Maringá,PR,1,20.16,24.44,78.16,26.93,0.237,9.19,904.2,479395,78.6,49.7,574,119.79,Baixo
MUN_062,Maringá,PR,2,18.83,21.19,55.65,13.65,0.254,5.88,904.2,479395,78.6,49.7,299,62.54,Baixo
MUN_062,Maringá,PR,3,14.99,20.51,61.14,19.12,0.399,0.0,904.2,479395,78.6,49.7,134,28.01,Baixo
MUN_062,Maringá,PR,4,29.4,33.31,61.85,8.17,0.194,3.25,904.2,479395,78.6,49.7,1000,208.69,Medio
MUN_062,Maringá,PR,5,10.0,14.0,61.11,15.58,0.219,6.38,904.2,479395,78.6,49.7,338,70.59,Baixo
MUN_062,Maringá,PR,6,18.86,27.09,76.93,19.09,0.48,5.22,904.2,479395,78.6,49.7,876,182.85,Medio
MUN_062,Maringá,PR,7,17.48,24.28,45.16,34.61,0.32,0.0,904.2,479395,78.6,49.7,1013,211.39,Medio
MUN_062,Maringá,PR,8,21.81,26.21,64.92,13.75,0.409,0.0,904.2,479395,78.6,49.7,506,105.69,Baixo
MUN_062,Maringá,PR,9,21.69,31.34,70.78,12.47,0.604,4.29,904.2,479395,78.6,49.7,848,176.95,Medio
MUN_062,Maringá,PR,10,25.35,33.42,72.62,158.51,0.498,6.52,904.2,479395,78.6,49.7,1212,252.82,Alto
MUN_062,Maringá,PR,11,15.07,20.06,76.76,106.7,0.731,11.19,904.2,479395,78.6,49.7,1565,326.66,Alto
MUN_062,Maringá,PR,12,17.79,27.59,63.48,148.46,0.622,17.6,904.2,479395,78.6,49.7,1252,261.33,Alto
MUN_062,Maringá,PR,13,27.66,36.42,73.6,12.63,0.597,10.42,904.2,479395,78.6,49.7,1637,341.54,Alto
MUN_062,Maringá,PR,14,25.11,34.16,58.55,135.92,0.533,8.16,904.2,479395,78.6,49.7,1438,300.09,Alto
MUN_062,Maringá,PR,15,27.47,34.36,100.0,8.73,0.516,4.08,904.2,479395,78.6,49.7,1086,226.6,Medio
MUN_062,Maringá,PR,16,28.59,35.59,63.18,10.6,0.548,0.0,904.2,479395,78.6,49.7,560,117.0,Baixo
MUN_062,Maringá,PR,17,28.92,36.67,90.02,142.6,0.445,4.02,904.2,479395,78.6,49.7,1118,233.25,Medio
MUN_062,Maringá,PR,18,25.01,34.02,77.33,25.18,0.576,4.94,904.2,479395,78.6,49.7,691,144.19,Baixo
MUN_062,Maringá,PR,19,16.01,20.23,82.52,76.42,0.534,5.89,904.2,479395,78.6,49.7,652,136.05,Baixo
MUN_062,Maringá,PR,20,20.55,23.94,93.41,50.65,0.653,0.0,904.2,479395,78.6,49.7,1302,271.72,Alto
MUN_062,Maringá,PR,21,28.64,32.28,74.71,16.21,0.743,0.05,904.2,479395,78.6,49.7,862,179.82,Medio
MUN_062,Maringá,PR,22,29.4,32.31,56.19,7.28,0.555,1.96,904.2,479395,78.6,49.7,1175,245.19,Medio
MUN_062,Maringá,PR,23,16.42,19.9,91.08,49.6,0.656,3.55,904.2,479395,78.6,49.7,756,157.81,Medio
MUN_062,Maringá,PR,24,15.05,21.35,73.67,32.55,0.689,3.79,904.2,479395,78.6,49.7,917,191.47,Medio
MUN_062,Maringá,PR,25,28.06,33.97,72.91,2.23,0.352,0.0,904.2,479395,78.6,49.7,1192,248.79,Alto
MUN_062,Maringá,PR,26,15.53,19.83,68.08,22.49,0.324,0.69,904.2,479395,78.6,49.7,778,162.33,Medio
MUN_062,Maringá,PR,27,15.96,26.15,62.0,0.68,0.267,8.96,904.2,479395,78.6,49.7,710,148.31,Baixo
MUN_062,Maringá,PR,28,16.68,20.49,65.99,1.4,0.362,0.0,904.2,479395,78.6,49.7,556,116.06,Baixo
MUN_062,Maringá,PR,29,16.01,20.18,97.95,15.84,0.455,6.23,904.2,479395,78.6,49.7,340,71.08,Baixo
MUN_062,Maringá,PR,30,10.0,15.92,65.0,0.87,0.273,0.0,904.2,479395,78.6,49.7,0,0.0,Baixo
MUN_062,Maringá,PR,31,19.2,23.98,67.46,5.81,0.124,4.68,904.2,479395,78.6,49.7,308,64.28,Baixo
MUN_062,Maringá,PR,32,15.77,22.36,66.33,9.35,0.32,0.0,904.2,479395,78.6,49.7,540,112.71,Baixo
MUN_062,Maringá,PR,33,19.25,28.86,45.41,6.73,0.245,0.0,904.2,479395,78.6,49.7,610,127.45,Baixo
MUN_062,Maringá,PR,34,14.71,21.62,66.68,0.56,0.24,0.0,904.2,479395,78.6,49.7,730,152.28,Baixo
MUN_062,Maringá,PR,35,14.46,19.26,44.17,4.82,0.372,0.72,904.2,479395,78.6,49.7,26,5.63,Baixo
MUN_062,Maringá,PR,36,16.19,20.29,66.2,6.46,0.377,0.0,904.2,479395,78.6,49.7,32,6.73,Baixo
MUN_062,Maringá,PR,37,21.77,24.75,60.07,0.47,0.388,4.67,904.2,479395,78.6,49.7,734,153.14,Baixo
MUN_062,Maringá,PR,38,17.8,26.24,42.63,3.5,0.172,0.0,904.2,479395,78.6,49.7,183,38.25,Baixo
MUN_062,Maringá,PR,39,14.0,19.24,53.2,4.73,0.266,1.27,904.2,479395,78.6,49.7,433,90.43,Baixo
MUN_062,Maringá,PR,40,17.02,20.37,61.14,5.7,0.164,0.0,904.2,479395,78.6,49.7,525,109.68,Baixo
MUN_062,Maringá,PR,41,10.03,15.71,53.04,5.06,0.425,0.0,904.2,479395,78.6,49.7,401,83.8,Baixo
MUN_062,Maringá,PR,42,16.29,19.95,64.4,6.19,0.439,4.67,904.2,479395,78.6,49.7,427,89.15,Baixo
MUN_062,Maringá,PR,43,13.07,20.67,74.84,14.05,0.339,5.09,904.2,479395,78.6,49.7,161,33.65,Baixo
MUN_062,Maringá,PR,44,21.25,27.07,65.23,1.01,0.355,0.0,904.2,479395,78.6,49.7,366,76.44,Baixo
MUN_062,Maringá,PR,45,17.81,24.15,69.4,6.18,0.432,0.59,904.2,479395,78.6,49.7,757,157.93,Medio
MUN_062,Maringá,PR,46,14.79,20.81,60.02,33.75,0.064,3.74,904.2,479395,78.6,49.7,1111,231.91,Medio
MUN_062,Maringá,PR,47,19.16,27.73,47.01,7.18,0.199,0.14,904.2,479395,78.6,49.7,434,90.63,Baixo
MUN_062,Maringá,PR,48,13.61,15.66,72.0,16.89,0.137,5.51,904.2,479395,78.6,49.7,404,84.31,Baixo
MUN_062,Maringá,PR,49,14.62,21.55,54.96,11.24,0.206,3.9,904.2,479395,78.6,49.7,553,115.52,Baixo
MUN_062,Maringá,PR,50,14.38,16.74,55.26,10.88,0.264,0.0,904.2,479395,78.6,49.7,662,138.1,Baixo
MUN_063,Pelotas,RS,1,19.43,22.94,48.54,2.09,0.395,5.12,61.4,2930603,165.5,62.9,238,8.14,Baixo
MUN_063,Pelotas,RS,2,23.54,33.77,60.21,8.73,0.172,6.7,61.4,2930603,165.5,62.9,1108,37.84,Baixo
MUN_063,Pelotas,RS,3,19.2,26.45,50.25,21.74,0.703,0.0,61.4,2930603,165.5,62.9,2582,88.11,Baixo
MUN_063,Pelotas,RS,4,18.92,28.37,71.0,0.27,0.193,3.86,61.4,2930603,165.5,62.9,2792,95.28,Baixo
MUN_063,Pelotas,RS,5,15.85,25.33,48.81,4.69,0.381,0.0,61.4,2930603,165.5,62.9,0,0.0,Baixo
MUN_063,Pelotas,RS,6,20.68,25.18,75.8,38.5,0.436,5.82,61.4,2930603,165.5,62.9,4122,140.68,Baixo
MUN_063,Pelotas,RS,7,31.02,34.39,70.09,1.88,0.513,0.78,61.4,2930603,165.5,62.9,7520,256.63,Alto
MUN_063,Pelotas,RS,8,22.49,27.16,64.11,50.03,0.511,0.0,61.4,2930603,165.5,62.9,5565,189.91,Medio
MUN_063,Pelotas,RS,9,25.58,32.21,54.77,5.55,0.367,5.77,61.4,2930603,165.5,62.9,3598,122.78,Baixo
MUN_063,Pelotas,RS,10,24.58,28.66,84.31,21.34,0.596,8.61,61.4,2930603,165.5,62.9,5421,185.0,Medio
MUN_063,Pelotas,RS,11,25.17,33.37,65.36,49.16,0.565,2.2,61.4,2930603,165.5,62.9,6896,235.34,Medio
MUN_063,Pelotas,RS,12,28.31,31.68,79.98,77.74,0.533,4.14,61.4,2930603,165.5,62.9,8048,274.62,Alto
MUN_063,Pelotas,RS,13,29.19,39.68,81.42,26.79,0.556,0.0,61.4,2930603,165.5,62.9,7565,258.17,Alto
MUN_063,Pelotas,RS,14,26.41,29.13,62.6,76.29,0.464,4.87,61.4,2930603,165.5,62.9,6101,208.2,Medio
MUN_063,Pelotas,RS,15,30.43,40.15,80.25,28.93,0.384,2.87,61.4,2930603,165.5,62.9,8254,281.66,Alto
MUN_063,Pelotas,RS,16,28.63,32.82,90.43,83.52,0.477,7.08,61.4,2930603,165.5,62.9,10492,358.04,Alto
MUN_063,Pelotas,RS,17,29.24,33.38,97.64,246.28,0.62,15.06,61.4,2930603,165.5,62.9,9833,335.55,Alto
MUN_063,Pelotas,RS,18,21.94,29.69,94.19,96.19,0.424,9.42,61.4,2930603,165.5,62.9,7058,240.86,Medio
MUN_063,Pelotas,RS,19,27.35,37.59,79.32,80.29,0.676,3.01,61.4,2930603,165.5,62.9,7186,245.22,Medio
MUN_063,Pelotas,RS,20,34.69,36.82,77.61,40.33,0.589,11.36,61.4,2930603,165.5,62.9,8916,304.27,Alto
MUN_063,Pelotas,RS,21,31.99,36.7,58.7,55.4,0.536,3.79,61.4,2930603,165.5,62.9,6289,214.61,Medio
MUN_063,Pelotas,RS,22,31.58,41.88,82.99,37.92,0.542,3.26,61.4,2930603,165.5,62.9,5493,187.44,Medio
MUN_063,Pelotas,RS,23,27.13,34.1,95.37,17.44,0.558,3.99,61.4,2930603,165.5,62.9,8394,286.43,Alto
MUN_063,Pelotas,RS,24,19.57,29.07,72.16,49.15,0.431,4.62,61.4,2930603,165.5,62.9,5983,204.18,Medio
MUN_063,Pelotas,RS,25,26.41,30.58,100.0,173.48,0.39,5.55,61.4,2930603,165.5,62.9,8025,273.85,Alto
MUN_063,Pelotas,RS,26,21.6,24.83,59.76,3.75,0.347,0.0,61.4,2930603,165.5,62.9,7313,249.57,Alto
MUN_063,Pelotas,RS,27,23.61,28.83,96.83,47.39,0.31,0.0,61.4,2930603,165.5,62.9,3805,129.84,Baixo
MUN_063,Pelotas,RS,28,22.42,28.22,76.98,56.51,0.521,0.0,61.4,2930603,165.5,62.9,4464,152.35,Baixo
MUN_063,Pelotas,RS,29,24.56,29.58,61.61,33.49,0.455,5.2,61.4,2930603,165.5,62.9,5269,179.82,Medio
MUN_063,Pelotas,RS,30,15.63,18.56,45.23,7.97,0.324,2.84,61.4,2930603,165.5,62.9,4427,151.07,Baixo
MUN_063,Pelotas,RS,31,20.77,23.65,59.97,19.88,0.494,5.27,61.4,2930603,165.5,62.9,3825,130.52,Baixo
MUN_063,Pelotas,RS,32,18.31,26.44,51.99,8.63,0.643,0.0,61.4,2930603,165.5,62.9,3348,114.25,Baixo
MUN_063,Pelotas,RS,33,15.9,19.77,44.19,22.26,0.133,4.35,61.4,2930603,165.5,62.9,1290,44.02,Baixo
MUN_063,Pelotas,RS,34,27.15,34.75,43.79,7.89,0.231,5.28,61.4,2930603,165.5,62.9,2128,72.62,Baixo
MUN_063,Pelotas,RS,35,23.52,31.56,41.43,23.07,0.105,0.0,61.4,2930603,165.5,62.9,4305,146.91,Baixo
MUN_063,Pelotas,RS,36,27.5,30.89,66.53,0.8,0.591,7.3,61.4,2930603,165.5,62.9,7197,245.61,Medio
MUN_063,Pelotas,RS,37,17.52,27.14,90.18,11.39,0.333,1.29,61.4,2930603,165.5,62.9,5070,173.01,Medio
MUN_063,Pelotas,RS,38,24.25,31.19,52.3,6.13,0.252,0.0,61.4,2930603,165.5,62.9,3031,103.43,Baixo
MUN_063,Pelotas,RS,39,20.24,25.21,59.93,18.48,0.365,0.0,61.4,2930603,165.5,62.9,5884,200.78,Medio
MUN_063,Pelotas,RS,40,22.57,29.73,45.46,18.85,0.312,0.0,61.4,2930603,165.5,62.9,1938,66.14,Baixo
MUN_063,Pelotas,RS,41,15.76,23.27,50.09,0.31,0.09,0.0,61.4,2930603,165.5,62.9,101,3.48,Baixo
MUN_063,Pelotas,RS,42,18.35,25.33,77.26,0.95,0.258,4.37,61.4,2930603,165.5,62.9,3073,104.88,Baixo
MUN_063,Pelotas,RS,43,22.45,25.35,74.44,47.98,0.384,1.28,61.4,2930603,165.5,62.9,6307,215.22,Medio
MUN_063,Pelotas,RS,44,15.96,22.52,61.43,2.73,0.396,2.96,61.4,2930603,165.5,62.9,4356,148.65,Baixo
MUN_063,Pelotas,RS,45,21.07,27.39,71.38,5.93,0.242,6.61,61.4,2930603,165.5,62.9,4249,145.0,Baixo
MUN_063,Pelotas,RS,46,21.21,24.28,57.01,40.2,0.142,0.0,61.4,2930603,165.5,62.9,7419,253.18,Alto
MUN_063,Pelotas,RS,47,20.52,30.4,80.22,12.97,0.316,0.0,61.4,2930603,165.5,62.9,47,1.61,Baixo
MUN_063,Pelotas,RS,48,17.98,23.91,71.81,1.67,0.205,2.21,61.4,2930603,165.5,62.9,701,23.94,Baixo
MUN_063,Pelotas,RS,49,18.2,23.16,72.58,13.24,0.517,9.06,61.4,2930603,165.5,62.9,0,0.0,Baixo
MUN_063,Pelotas,RS,50,22.79,25.51,65.39,2.2,0.354,0.0,61.4,2930603,165.5,62.9,3711,126.65,Baixo
MUN_064,Vitória,ES,1,21.59,29.13,85.95,5.95,0.488,0.0,95.5,1453286,49.7,99.0,473,32.59,Baixo
MUN_064,Vitória,ES,2,26.66,36.39,73.37,10.91,0.298,8.33,95.5,1453286,49.7,99.0,1666,114.65,Baixo
MUN_064,Vitória,ES,3,25.44,33.99,51.14,16.54,0.349,5.05,95.5,1453286,49.7,99.0,2355,162.07,Medio
MUN_064,Vitória,ES,4,24.67,32.54,52.11,6.55,0.549,9.98,95.5,1453286,49.7,99.0,811,55.84,Baixo
MUN_064,Vitória,ES,5,21.81,23.83,74.11,99.57,0.404,8.14,95.5,1453286,49.7,99.0,3816,262.6,Alto
MUN_064,Vitória,ES,6,26.06,31.15,79.19,33.71,0.385,3.86,95.5,1453286,49.7,99.0,3084,212.25,Medio
MUN_064,Vitória,ES,7,23.13,32.3,51.39,3.83,0.287,0.61,95.5,1453286,49.7,99.0,2038,140.3,Baixo
MUN_064,Vitória,ES,8,29.63,34.14,62.11,24.57,0.414,2.65,95.5,1453286,49.7,99.0,1091,75.1,Baixo
MUN_064,Vitória,ES,9,31.95,36.44,95.0,177.56,0.493,5.57,95.5,1453286,49.7,99.0,4033,277.57,Alto
MUN_064,Vitória,ES,10,31.26,34.02,71.34,61.15,0.451,5.38,95.5,1453286,49.7,99.0,4192,288.47,Alto
MUN_064,Vitória,ES,11,26.36,32.31,69.97,65.9,0.507,6.04,95.5,1453286,49.7,99.0,3746,257.77,Alto
MUN_064,Vitória,ES,12,33.29,36.86,74.93,69.84,0.531,9.53,95.5,1453286,49.7,99.0,2898,199.44,Medio
MUN_064,Vitória,ES,13,28.98,35.27,74.5,78.14,0.825,2.31,95.5,1453286,49.7,99.0,2499,171.98,Medio
MUN_064,Vitória,ES,14,32.51,39.0,68.32,78.23,0.648,0.0,95.5,1453286,49.7,99.0,3593,247.28,Medio
MUN_064,Vitória,ES,15,32.11,40.55,81.8,165.3,0.627,11.07,95.5,1453286,49.7,99.0,4604,316.82,Alto
MUN_064,Vitória,ES,16,30.08,33.39,90.52,54.05,0.722,3.29,95.5,1453286,49.7,99.0,4537,312.25,Alto
MUN_064,Vitória,ES,17,40.0,46.0,94.51,67.04,0.768,11.47,95.5,1453286,49.7,99.0,6333,435.78,Alto
MUN_064,Vitória,ES,18,30.67,33.82,100.0,79.28,0.596,6.79,95.5,1453286,49.7,99.0,4030,277.35,Alto
MUN_064,Vitória,ES,19,28.41,34.32,61.18,160.83,0.344,9.59,95.5,1453286,49.7,99.0,2223,153.01,Baixo
MUN_064,Vitória,ES,20,28.4,30.84,94.47,50.71,0.507,11.63,95.5,1453286,49.7,99.0,2417,166.35,Medio
MUN_064,Vitória,ES,21,37.71,41.73,79.18,29.71,0.486,5.33,95.5,1453286,49.7,99.0,2943,202.51,Medio
MUN_064,Vitória,ES,22,29.0,33.92,66.11,112.72,0.554,4.94,95.5,1453286,49.7,99.0,3214,221.16,Medio
MUN_064,Vitória,ES,23,27.21,33.68,90.42,6.3,0.581,9.27,95.5,1453286,49.7,99.0,4086,281.21,Alto
MUN_064,Vitória,ES,24,28.34,32.85,64.27,5.13,0.346,3.23,95.5,1453286,49.7,99.0,2534,174.41,Medio
MUN_064,Vitória,ES,25,29.15,39.36,76.44,76.46,0.475,6.63,95.5,1453286,49.7,99.0,3896,268.11,Alto
MUN_064,Vitória,ES,26,28.31,37.43,74.7,7.04,0.572,0.96,95.5,1453286,49.7,99.0,2727,187.68,Medio
MUN_064,Vitória,ES,27,25.8,31.94,57.35,100.61,0.442,0.0,95.5,1453286,49.7,99.0,2792,192.17,Medio
MUN_064,Vitória,ES,28,24.12,30.44,73.84,9.85,0.298,2.63,95.5,1453286,49.7,99.0,2771,190.7,Medio
MUN_064,Vitória,ES,29,23.1,27.95,66.5,56.13,0.433,3.76,95.5,1453286,49.7,99.0,2037,140.22,Baixo
MUN_064,Vitória,ES,30,18.37,25.16,68.81,18.65,0.166,5.42,95.5,1453286,49.7,99.0,1819,125.23,Baixo
MUN_064,Vitória,ES,31,23.3,26.83,56.7,7.94,0.366,3.12,95.5,1453286,49.7,99.0,941,64.75,Baixo
MUN_064,Vitória,ES,32,20.28,24.16,34.44,5.32,0.298,10.67,95.5,1453286,49.7,99.0,660,45.47,Baixo
MUN_064,Vitória,ES,33,24.03,30.47,58.96,1.95,0.05,1.76,95.5,1453286,49.7,99.0,723,49.79,Baixo
MUN_064,Vitória,ES,34,28.57,39.0,72.43,6.83,0.323,0.0,95.5,1453286,49.7,99.0,2816,193.81,Medio
MUN_064,Vitória,ES,35,23.79,31.31,68.57,0.74,0.524,9.92,95.5,1453286,49.7,99.0,934,64.28,Baixo
MUN_064,Vitória,ES,36,20.13,29.24,68.76,29.73,0.379,0.16,95.5,1453286,49.7,99.0,2616,180.07,Medio
MUN_064,Vitória,ES,37,24.27,31.8,82.32,16.51,0.433,3.67,95.5,1453286,49.7,99.0,1087,74.83,Baixo
MUN_064,Vitória,ES,38,20.07,26.16,67.89,1.5,0.03,0.0,95.5,1453286,49.7,99.0,211,14.55,Baixo
MUN_064,Vitória,ES,39,20.91,26.92,67.01,72.13,0.285,0.39,95.5,1453286,49.7,99.0,2710,186.54,Medio
MUN_064,Vitória,ES,40,22.67,27.21,52.9,81.48,0.277,10.19,95.5,1453286,49.7,99.0,2456,169.0,Medio
MUN_064,Vitória,ES,41,28.36,32.53,57.35,14.57,0.29,0.0,95.5,1453286,49.7,99.0,849,58.47,Baixo
MUN_064,Vitória,ES,42,16.25,22.0,53.97,5.06,0.342,0.0,95.5,1453286,49.7,99.0,389,26.78,Baixo
MUN_064,Vitória,ES,43,23.41,25.46,76.72,3.78,0.175,0.0,95.5,1453286,49.7,99.0,1119,77.02,Baixo
MUN_064,Vitória,ES,44,26.09,28.8,68.47,16.47,0.252,0.0,95.5,1453286,49.7,99.0,1163,80.07,Baixo
MUN_064,Vitória,ES,45,27.94,36.16,35.94,15.42,0.302,0.0,95.5,1453286,49.7,99.0,422,29.08,Baixo
MUN_064,Vitória,ES,46,23.45,29.01,60.81,0.11,0.193,0.0,95.5,1453286,49.7,99.0,1711,117.77,Baixo
MUN_064,Vitória,ES,47,22.81,24.91,46.71,8.77,0.203,2.25,95.5,1453286,49.7,99.0,927,63.85,Baixo
MUN_064,Vitória,ES,48,23.65,32.32,54.23,0.89,0.373,0.03,95.5,1453286,49.7,99.0,250,17.22,Baixo
MUN_064,Vitória,ES,49,24.84,27.12,33.61,79.12,0.233,6.21,95.5,1453286,49.7,99.0,1461,100.54,Baixo
MUN_064,Vitória,ES,50,28.22,37.35,81.84,4.96,0.294,8.08,95.5,1453286,49.7,99.0,1946,133.97,Baixo
MUN_065,Mauá,SP,1,14.22,16.93,41.29,12.5,0.054,9.81,754.8,780201,35.4,71.4,303,38.9,Baixo
MUN_065,Mauá,SP,2,12.86,15.6,77.98,0.23,0.458,1.04,754.8,780201,35.4,71.4,0,0.0,Baixo
MUN_065,Mauá,SP,3,17.21,20.17,57.59,1.99,0.381,0.0,754.8,780201,35.4,71.4,0,0.0,Baixo
MUN_065,Mauá,SP,4,16.2,18.73,62.1,11.39,0.315,4.94,754.8,780201,35.4,71.4,0,0.0,Baixo
MUN_065,Mauá,SP,5,21.77,24.18,60.2,66.86,0.269,4.33,754.8,780201,35.4,71.4,1009,129.34,Baixo
MUN_065,Mauá,SP,6,12.21,20.48,77.14,0.82,0.348,0.0,754.8,780201,35.4,71.4,421,53.98,Baixo
MUN_065,Mauá,SP,7,20.35,22.4,79.24,89.34,0.392,10.41,754.8,780201,35.4,71.4,1250,160.24,Medio
MUN_065,Mauá,SP,8,18.78,27.13,63.09,0.07,0.387,3.26,754.8,780201,35.4,71.4,243,31.23,Baixo
MUN_065,Mauá,SP,9,21.41,28.35,84.55,7.06,0.752,0.0,754.8,780201,35.4,71.4,1131,145.04,Baixo
MUN_065,Mauá,SP,10,22.68,29.92,80.82,65.96,0.555,5.67,754.8,780201,35.4,71.4,738,94.6,Baixo
MUN_065,Mauá,SP,11,26.69,36.0,86.18,100.39,0.284,0.0,754.8,780201,35.4,71.4,1721,220.67,Medio
MUN_065,Mauá,SP,12,24.35,28.58,64.18,22.97,0.564,1.52,754.8,780201,35.4,71.4,891,114.3,Baixo
MUN_065,Mauá,SP,13,30.65,36.68,87.87,30.87,0.397,0.45,754.8,780201,35.4,71.4,1587,203.5,Medio
MUN_065,Mauá,SP,14,28.73,38.22,71.92,42.29,0.491,4.68,754.8,780201,35.4,71.4,1798,230.57,Medio
MUN_065,Mauá,SP,15,21.25,27.19,89.88,27.69,0.201,5.15,754.8,780201,35.4,71.4,437,56.03,Baixo
MUN_065,Mauá,SP,16,28.21,36.77,91.65,8.28,0.71,3.67,754.8,780201,35.4,71.4,780,100.06,Baixo
MUN_065,Mauá,SP,17,29.78,39.15,80.57,253.94,0.789,13.38,754.8,780201,35.4,71.4,1584,203.09,Medio
MUN_065,Mauá,SP,18,24.98,35.06,58.87,30.17,0.475,3.72,754.8,780201,35.4,71.4,1059,135.75,Baixo
MUN_065,Mauá,SP,19,26.34,28.93,59.55,39.23,0.655,0.0,754.8,780201,35.4,71.4,865,110.92,Baixo
MUN_065,Mauá,SP,20,29.29,36.66,76.21,208.71,0.58,17.05,754.8,780201,35.4,71.4,1937,248.28,Alto
MUN_065,Mauá,SP,21,25.76,32.85,92.23,29.22,0.596,3.74,754.8,780201,35.4,71.4,1814,232.58,Medio
MUN_065,Mauá,SP,22,21.22,25.13,70.33,0.59,0.459,5.05,754.8,780201,35.4,71.4,313,40.2,Baixo
MUN_065,Mauá,SP,23,18.36,23.25,70.44,138.96,0.576,15.72,754.8,780201,35.4,71.4,1381,177.01,Medio
MUN_065,Mauá,SP,24,22.35,27.8,93.94,6.27,0.547,4.1,754.8,780201,35.4,71.4,581,74.53,Baixo
MUN_065,Mauá,SP,25,27.06,29.09,78.02,48.61,0.609,0.74,754.8,780201,35.4,71.4,804,103.09,Baixo
MUN_065,Mauá,SP,26,23.1,33.52,61.98,207.65,0.669,16.24,754.8,780201,35.4,71.4,1156,148.2,Baixo
MUN_065,Mauá,SP,27,20.98,25.17,78.74,27.99,0.447,9.44,754.8,780201,35.4,71.4,1394,178.76,Medio
MUN_065,Mauá,SP,28,13.23,16.03,69.2,2.01,0.265,2.03,754.8,780201,35.4,71.4,1502,192.59,Medio
MUN_065,Mauá,SP,29,24.41,29.04,42.51,4.6,0.309,0.0,754.8,780201,35.4,71.4,60,7.79,Baixo
MUN_065,Mauá,SP,30,18.85,22.43,60.79,8.49,0.299,2.71,754.8,780201,35.4,71.4,328,42.06,Baixo
MUN_065,Mauá,SP,31,24.94,32.46,69.5,2.71,0.227,4.87,754.8,780201,35.4,71.4,775,99.46,Baixo
MUN_065,Mauá,SP,32,24.27,32.28,74.55,12.23,0.285,4.36,754.8,780201,35.4,71.4,458,58.73,Baixo
MUN_065,Mauá,SP,33,11.87,22.24,69.87,0.62,0.323,13.19,754.8,780201,35.4,71.4,14,1.81,Baixo
MUN_065,Mauá,SP,34,20.25,28.88,50.31,26.41,0.299,7.1,754.8,780201,35.4,71.4,531,68.15,Baixo
MUN_065,Mauá,SP,35,20.15,30.58,37.24,16.39,0.342,0.94,754.8,780201,35.4,71.4,392,50.35,Baixo
MUN_065,Mauá,SP,36,18.22,23.74,71.33,44.95,0.271,0.73,754.8,780201,35.4,71.4,933,119.67,Baixo
MUN_065,Mauá,SP,37,13.44,16.85,76.94,38.48,0.309,0.44,754.8,780201,35.4,71.4,564,72.35,Baixo
MUN_065,Mauá,SP,38,19.38,25.98,83.28,21.7,0.252,6.62,754.8,780201,35.4,71.4,90,11.61,Baixo
MUN_065,Mauá,SP,39,23.07,29.87,58.74,25.63,0.246,0.76,754.8,780201,35.4,71.4,191,24.5,Baixo
MUN_065,Mauá,SP,40,10.0,18.58,64.68,24.63,0.121,1.21,754.8,780201,35.4,71.4,257,33.02,Baixo
MUN_065,Mauá,SP,41,19.63,24.13,69.38,50.12,0.292,0.0,754.8,780201,35.4,71.4,146,18.84,Baixo
MUN_065,Mauá,SP,42,18.4,23.98,62.69,4.35,0.319,0.0,754.8,780201,35.4,71.4,80,10.28,Baixo
MUN_065,Mauá,SP,43,16.81,20.25,57.46,0.73,0.487,0.0,754.8,780201,35.4,71.4,0,0.0,Baixo
MUN_065,Mauá,SP,44,21.54,24.88,51.46,2.15,0.337,0.21,754.8,780201,35.4,71.4,1,0.17,Baixo
MUN_065,Mauá,SP,45,18.64,24.63,57.16,20.22,0.279,0.0,754.8,780201,35.4,71.4,0,0.0,Baixo
MUN_065,Mauá,SP,46,18.0,20.11,66.7,0.08,0.379,2.37,754.8,780201,35.4,71.4,456,58.56,Baixo
MUN_065,Mauá,SP,47,20.26,27.03,66.73,4.11,0.286,1.04,754.8,780201,35.4,71.4,981,125.85,Baixo
MUN_065,Mauá,SP,48,23.54,26.88,75.71,9.89,0.274,5.69,754.8,780201,35.4,71.4,56,7.19,Baixo
MUN_065,Mauá,SP,49,19.35,29.5,58.08,16.01,0.334,0.0,754.8,780201,35.4,71.4,453,58.16,Baixo
MUN_065,Mauá,SP,50,21.05,27.32,69.14,8.36,0.168,4.39,754.8,780201,35.4,71.4,8,1.15,Baixo
MUN_066,Canoas,RS,1,21.79,25.17,58.13,2.52,0.455,0.0,150.3,206615,342.3,70.4,489,236.8,Medio
MUN_066,Canoas,RS,2,12.92,20.9,69.51,9.73,0.39,0.0,150.3,206615,342.3,70.4,522,252.65,Alto
MUN_066,Canoas,RS,3,19.61,28.67,65.89,5.36,0.358,2.4,150.3,206615,342.3,70.4,415,201.03,Medio
MUN_066,Canoas,RS,4,28.68,32.33,68.26,3.5,0.388,3.63,150.3,206615,342.3,70.4,580,281.0,Alto
MUN_066,Canoas,RS,5,21.28,25.59,63.85,7.38,0.246,7.83,150.3,206615,342.3,70.4,659,319.37,Alto
MUN_066,Canoas,RS,6,20.07,27.68,66.37,27.42,0.553,10.21,150.3,206615,342.3,70.4,562,272.27,Alto
MUN_066,Canoas,RS,7,24.77,31.69,63.18,3.08,0.412,0.0,150.3,206615,342.3,70.4,538,260.7,Alto
MUN_066,Canoas,RS,8,22.44,29.68,64.96,18.26,0.4,5.42,150.3,206615,342.3,70.4,580,280.82,Alto
MUN_066,Canoas,RS,9,24.81,27.98,51.95,37.26,0.373,1.92,150.3,206615,342.3,70.4,685,331.75,Alto
MUN_066,Canoas,RS,10,24.47,27.56,84.74,2.94,0.495,0.0,150.3,206615,342.3,70.4,503,243.86,Medio
MUN_066,Canoas,RS,11,30.32,35.3,60.77,41.92,0.523,12.24,150.3,206615,342.3,70.4,892,431.88,Alto
MUN_066,Canoas,RS,12,26.63,31.73,68.13,3.08,0.48,0.05,150.3,206615,342.3,70.4,786,380.55,Alto
MUN_066,Canoas,RS,13,21.89,30.51,45.5,16.34,0.439,0.0,150.3,206615,342.3,70.4,551,266.71,Alto
MUN_066,Canoas,RS,14,25.33,35.7,96.0,113.18,0.615,6.81,150.3,206615,342.3,70.4,934,452.07,Alto
MUN_066,Canoas,RS,15,23.78,27.25,78.67,5.48,0.658,3.27,150.3,206615,342.3,70.4,358,173.65,Medio
MUN_066,Canoas,RS,16,26.99,35.26,93.09,1.2,0.587,8.76,150.3,206615,342.3,70.4,651,315.29,Alto
MUN_066,Canoas,RS,17,29.74,38.68,73.16,14.24,0.566,0.92,150.3,206615,342.3,70.4,533,257.98,Alto
MUN_066,Canoas,RS,18,38.24,45.98,87.76,143.04,0.526,12.61,150.3,206615,342.3,70.4,827,400.3,Alto
MUN_066,Canoas,RS,19,28.93,37.47,78.5,101.3,0.719,0.0,150.3,206615,342.3,70.4,934,452.44,Alto
MUN_066,Canoas,RS,20,25.68,28.28,96.33,77.0,0.601,8.37,150.3,206615,342.3,70.4,794,384.58,Alto
MUN_066,Canoas,RS,21,28.32,32.26,100.0,26.12,0.636,3.68,150.3,206615,342.3,70.4,437,211.64,Medio
MUN_066,Canoas,RS,22,26.44,35.29,64.99,19.31,0.635,3.59,150.3,206615,342.3,70.4,540,261.56,Alto
MUN_066,Canoas,RS,23,25.61,33.05,70.85,30.09,0.484,4.27,150.3,206615,342.3,70.4,497,240.57,Medio
MUN_066,Canoas,RS,24,27.28,37.08,75.06,11.85,0.357,0.0,150.3,206615,342.3,70.4,602,291.49,Alto
MUN_066,Canoas,RS,25,30.83,38.94,58.91,30.41,0.589,0.0,150.3,206615,342.3,70.4,651,315.24,Alto
MUN_066,Canoas,RS,26,23.55,33.83,53.8,41.35,0.371,6.11,150.3,206615,342.3,70.4,521,252.42,Alto
MUN_066,Canoas,RS,27,21.31,23.79,72.97,60.83,0.469,0.0,150.3,206615,342.3,70.4,620,300.4,Alto
MUN_066,Canoas,RS,28,22.62,31.57,65.75,6.88,0.425,5.59,150.3,206615,342.3,70.4,590,285.89,Alto
MUN_066,Canoas,RS,29,18.21,22.4,67.11,5.71,0.271,9.77,150.3,206615,342.3,70.4,636,308.1,Alto
MUN_066,Canoas,RS,30,19.31,27.32,49.39,1.94,0.463,0.0,150.3,206615,342.3,70.4,0,0.0,Baixo
MUN_066,Canoas,RS,31,21.61,24.87,36.29,8.59,0.244,0.0,150.3,206615,342.3,70.4,341,165.39,Medio
MUN_066,Canoas,RS,32,21.9,26.04,73.14,22.11,0.384,3.21,150.3,206615,342.3,70.4,657,318.11,Alto
MUN_066,Canoas,RS,33,21.07,26.1,92.02,12.73,0.603,0.0,150.3,206615,342.3,70.4,845,409.34,Alto
MUN_066,Canoas,RS,34,21.46,29.05,54.4,15.1,0.466,6.29,150.3,206615,342.3,70.4,556,269.24,Alto
MUN_066,Canoas,RS,35,25.17,31.71,78.4,6.42,0.166,6.53,150.3,206615,342.3,70.4,276,133.75,Baixo
MUN_066,Canoas,RS,36,23.03,29.14,65.05,3.99,0.172,6.69,150.3,206615,342.3,70.4,444,215.18,Medio
MUN_066,Canoas,RS,37,17.73,22.73,55.44,0.56,0.249,0.0,150.3,206615,342.3,70.4,412,199.75,Medio
MUN_066,Canoas,RS,38,21.65,29.34,87.96,0.18,0.327,0.0,150.3,206615,342.3,70.4,593,287.25,Alto
MUN_066,Canoas,RS,39,19.35,29.83,54.68,17.15,0.12,0.0,150.3,206615,342.3,70.4,371,179.95,Medio
MUN_066,Canoas,RS,40,18.27,20.92,81.3,17.71,0.546,2.13,150.3,206615,342.3,70.4,756,366.37,Alto
MUN_066,Canoas,RS,41,24.77,31.99,74.59,4.93,0.451,0.0,150.3,206615,342.3,70.4,324,157.17,Medio
MUN_066,Canoas,RS,42,11.01,15.9,57.32,1.6,0.159,0.0,150.3,206615,342.3,70.4,398,192.84,Medio
MUN_066,Canoas,RS,43,15.29,19.65,66.62,1.29,0.363,1.54,150.3,206615,342.3,70.4,444,215.02,Medio
MUN_066,Canoas,RS,44,22.62,31.25,48.28,4.45,0.085,1.86,150.3,206615,342.3,70.4,391,189.66,Medio
MUN_066,Canoas,RS,45,20.54,25.31,69.85,23.57,0.287,7.63,150.3,206615,342.3,70.4,264,127.89,Baixo
MUN_066,Canoas,RS,46,21.44,28.54,61.24,0.73,0.254,5.28,150.3,206615,342.3,70.4,497,240.64,Medio
MUN_066,Canoas,RS,47,16.76,22.09,67.02,21.53,0.3,2.64,150.3,206615,342.3,70.4,320,155.22,Baixo
MUN_066,Canoas,RS,48,18.56,22.47,65.71,17.31,0.38,1.99,150.3,206615,342.3,70.4,454,219.74,Medio
MUN_066,Canoas,RS,49,19.13,24.75,70.62,5.53,0.229,0.0,150.3,206615,342.3,70.4,641,310.55,Alto
MUN_066,Canoas,RS,50,22.36,26.98,72.39,34.15,0.498,8.94,150.3,206615,342.3,70.4,457,221.26,Medio
MUN_067,Rio Branco,AC,1,24.19,29.68,70.13,10.12,0.395,5.18,285.6,571252,128.5,34.6,854,149.53,Baixo
MUN_067,Rio Branco,AC,2,26.23,33.89,62.84,5.11,0.05,0.0,285.6,571252,128.5,34.6,1164,203.83,Medio
MUN_067,Rio Branco,AC,3,20.92,28.63,61.48,2.92,0.322,0.0,285.6,571252,128.5,34.6,972,170.22,Medio
MUN_067,Rio Branco,AC,4,24.25,26.96,50.94,4.27,0.237,1.44,285.6,571252,128.5,34.6,607,106.42,Baixo
MUN_067,Rio Branco,AC,5,23.2,26.19,56.18,57.01,0.269,11.69,285.6,571252,128.5,34.6,1224,214.34,Medio
MUN_067,Rio Branco,AC,6,19.32,27.04,56.23,84.91,0.283,8.8,285.6,571252,128.5,34.6,1348,236.1,Medio
MUN_067,Rio Branco,AC,7,27.46,36.17,57.2,31.94,0.493,2.94,285.6,571252,128.5,34.6,1764,308.85,Alto
MUN_067,Rio Branco,AC,8,28.87,34.07,58.46,8.27,0.364,3.64,285.6,571252,128.5,34.6,407,71.29,Baixo
MUN_067,Rio Branco,AC,9,34.58,36.77,68.47,14.51,0.65,5.94,285.6,571252,128.5,34.6,1270,222.45,Medio
MUN_067,Rio Branco,AC,10,27.1,30.84,76.05,112.63,0.509,4.6,285.6,571252,128.5,34.6,2432,425.86,Alto
MUN_067,Rio Branco,AC,11,15.91,25.77,76.7,105.46,0.583,6.34,285.6,571252,128.5,34.6,1308,229.1,Medio
MUN_067,Rio Branco,AC,12,25.39,33.49,92.38,2.43,0.468,4.65,285.6,571252,128.5,34.6,1106,193.72,Medio
MUN_067,Rio Branco,AC,13,26.48,31.97,85.02,164.75,0.552,19.71,285.6,571252,128.5,34.6,2408,421.57,Alto
MUN_067,Rio Branco,AC,14,28.26,38.46,69.36,36.5,0.602,9.11,285.6,571252,128.5,34.6,1762,308.58,Alto
MUN_067,Rio Branco,AC,15,35.45,41.21,72.92,131.62,0.347,9.59,285.6,571252,128.5,34.6,1502,263.05,Alto
MUN_067,Rio Branco,AC,16,30.79,37.33,78.27,15.76,0.453,8.39,285.6,571252,128.5,34.6,954,167.12,Medio
MUN_067,Rio Branco,AC,17,36.11,39.9,71.78,85.58,0.465,3.02,285.6,571252,128.5,34.6,2192,383.82,Alto
MUN_067,Rio Branco,AC,18,29.96,34.05,84.29,72.51,0.439,7.74,285.6,571252,128.5,34.6,2258,395.34,Alto
MUN_067,Rio Branco,AC,19,35.12,42.31,64.76,14.69,0.769,2.85,285.6,571252,128.5,34.6,1253,219.41,Medio
MUN_067,Rio Branco,AC,20,23.68,32.02,73.7,151.87,0.619,7.74,285.6,571252,128.5,34.6,1251,219.02,Medio
MUN_067,Rio Branco,AC,21,31.52,36.29,71.99,300.0,0.548,25.54,285.6,571252,128.5,34.6,1786,312.69,Alto
MUN_067,Rio Branco,AC,22,27.11,29.73,71.57,58.87,0.579,6.22,285.6,571252,128.5,34.6,1337,234.12,Medio
MUN_067,Rio Branco,AC,23,32.07,41.62,72.13,6.22,0.438,1.22,285.6,571252,128.5,34.6,1016,177.97,Medio
MUN_067,Rio Branco,AC,24,31.92,36.34,88.18,101.5,0.487,5.04,285.6,571252,128.5,34.6,2265,396.61,Alto
MUN_067,Rio Branco,AC,25,26.63,32.63,44.71,48.62,0.563,4.81,285.6,571252,128.5,34.6,908,158.98,Medio
MUN_067,Rio Branco,AC,26,23.13,28.59,53.33,25.98,0.478,0.0,285.6,571252,128.5,34.6,750,131.37,Baixo
MUN_067,Rio Branco,AC,27,27.27,34.37,35.85,68.44,0.361,6.0,285.6,571252,128.5,34.6,1385,242.57,Medio
MUN_067,Rio Branco,AC,28,28.23,35.88,69.18,33.87,0.528,0.0,285.6,571252,128.5,34.6,1057,185.13,Medio
MUN_067,Rio Branco,AC,29,24.47,29.62,65.93,60.15,0.345,9.7,285.6,571252,128.5,34.6,1525,267.0,Alto
MUN_067,Rio Branco,AC,30,18.91,24.08,85.05,10.85,0.155,0.0,285.6,571252,128.5,34.6,987,172.81,Medio
MUN_067,Rio Branco,AC,31,26.36,35.66,65.59,34.68,0.032,0.0,285.6,571252,128.5,34.6,1144,200.32,Medio
MUN_067,Rio Branco,AC,32,19.34,23.98,79.22,11.44,0.341,2.04,285.6,571252,128.5,34.6,906,158.64,Medio
MUN_067,Rio Branco,AC,33,28.73,34.68,71.84,5.44,0.128,4.72,285.6,571252,128.5,34.6,996,174.45,Medio
MUN_067,Rio Branco,AC,34,30.42,37.55,78.47,13.04,0.252,1.46,285.6,571252,128.5,34.6,692,121.18,Baixo
MUN_067,Rio Branco,AC,35,23.58,32.98,60.84,14.16,0.258,0.0,285.6,571252,128.5,34.6,581,101.76,Baixo
MUN_067,Rio Branco,AC,36,24.66,28.18,36.83,1.19,0.275,1.07,285.6,571252,128.5,34.6,14,2.62,Baixo
MUN_067,Rio Branco,AC,37,33.98,41.64,68.17,35.03,0.264,9.89,285.6,571252,128.5,34.6,1332,233.28,Medio
MUN_067,Rio Branco,AC,38,25.03,32.84,45.5,2.54,0.563,3.21,285.6,571252,128.5,34.6,451,79.06,Baixo
MUN_067,Rio Branco,AC,39,24.38,33.47,37.49,10.61,0.315,0.0,285.6,571252,128.5,34.6,674,118.02,Baixo
MUN_067,Rio Branco,AC,40,22.31,29.29,67.66,12.53,0.285,0.0,285.6,571252,128.5,34.6,878,153.72,Baixo
MUN_067,Rio Branco,AC,41,22.19,24.57,59.39,5.17,0.433,0.14,285.6,571252,128.5,34.6,1315,230.21,Medio
MUN_067,Rio Branco,AC,42,23.67,33.02,40.07,11.19,0.38,0.0,285.6,571252,128.5,34.6,803,140.74,Baixo
MUN_067,Rio Branco,AC,43,21.65,30.9,93.17,27.76,0.291,11.95,285.6,571252,128.5,34.6,815,142.67,Baixo
MUN_067,Rio Branco,AC,44,26.54,34.61,63.33,27.85,0.313,6.2,285.6,571252,128.5,34.6,904,158.38,Medio
MUN_067,Rio Branco,AC,45,25.88,28.88,60.06,8.42,0.573,3.46,285.6,571252,128.5,34.6,890,155.95,Baixo
MUN_067,Rio Branco,AC,46,28.66,30.78,57.84,2.99,0.312,2.6,285.6,571252,128.5,34.6,717,125.62,Baixo
MUN_067,Rio Branco,AC,47,16.63,21.89,66.55,83.22,0.172,8.87,285.6,571252,128.5,34.6,394,69.03,Baixo
MUN_067,Rio Branco,AC,48,23.7,28.1,70.94,34.52,0.394,8.91,285.6,571252,128.5,34.6,767,134.42,Baixo
MUN_067,Rio Branco,AC,49,22.27,25.84,70.16,2.6,0.519,2.52,285.6,571252,128.5,34.6,1269,222.28,Medio
MUN_067,Rio Branco,AC,50,23.75,31.15,39.83,90.5,0.41,7.52,285.6,571252,128.5,34.6,634,111.01,Baixo
MUN_068,Camaçari,BA,1,26.65,32.22,39.58,49.34,0.682,5.95,85.2,174356,30.4,51.4,335,192.38,Medio
MUN_068,Camaçari,BA,2,26.56,30.64,71.51,23.22,0.384,0.0,85.2,174356,30.4,51.4,219,126.09,Baixo
MUN_068,Camaçari,BA,3,23.18,33.07,62.58,1.78,0.381,0.44,85.2,174356,30.4,51.4,87,49.91,Baixo
MUN_068,Camaçari,BA,4,27.31,32.98,45.09,3.18,0.226,0.0,85.2,174356,30.4,51.4,240,137.66,Baixo
MUN_068,Camaçari,BA,5,18.56,28.5,79.2,72.28,0.332,1.8,85.2,174356,30.4,51.4,202,116.42,Baixo
MUN_068,Camaçari,BA,6,23.83,33.93,67.78,7.9,0.347,2.75,85.2,174356,30.4,51.4,267,153.18,Baixo
MUN_068,Camaçari,BA,7,24.89,28.81,73.2,2.15,0.303,10.48,85.2,174356,30.4,51.4,287,165.13,Medio
MUN_068,Camaçari,BA,8,29.58,38.34,73.7,24.34,0.431,1.27,85.2,174356,30.4,51.4,128,73.85,Baixo
MUN_068,Camaçari,BA,9,31.37,35.61,85.12,30.37,0.492,1.65,85.2,174356,30.4,51.4,474,272.22,Alto
MUN_068,Camaçari,BA,10,27.64,30.54,84.77,14.03,0.564,2.47,85.2,174356,30.4,51.4,434,249.2,Alto
MUN_068,Camaçari,BA,11,24.55,34.97,92.55,15.28,0.384,6.16,85.2,174356,30.4,51.4,299,171.72,Medio
MUN_068,Camaçari,BA,12,29.45,32.44,80.08,38.88,0.6,10.71,85.2,174356,30.4,51.4,640,367.17,Alto
MUN_068,Camaçari,BA,13,29.9,35.5,76.62,300.0,0.282,16.75,85.2,174356,30.4,51.4,565,324.23,Alto
MUN_068,Camaçari,BA,14,34.12,37.34,100.0,35.75,0.487,12.49,85.2,174356,30.4,51.4,480,275.42,Alto
MUN_068,Camaçari,BA,15,29.37,38.58,90.38,63.01,0.454,6.97,85.2,174356,30.4,51.4,398,228.37,Medio
MUN_068,Camaçari,BA,16,29.38,32.68,81.03,33.81,0.543,5.17,85.2,174356,30.4,51.4,239,137.54,Baixo
MUN_068,Camaçari,BA,17,26.75,35.31,89.26,34.45,0.708,12.99,85.2,174356,30.4,51.4,262,150.62,Baixo
MUN_068,Camaçari,BA,18,37.37,46.0,87.8,115.52,0.595,8.86,85.2,174356,30.4,51.4,419,240.52,Medio
MUN_068,Camaçari,BA,19,28.11,32.41,78.99,89.66,0.691,6.09,85.2,174356,30.4,51.4,376,215.99,Medio
MUN_068,Camaçari,BA,20,30.63,32.82,54.17,156.43,0.651,9.67,85.2,174356,30.4,51.4,630,361.67,Alto
MUN_068,Camaçari,BA,21,24.7,34.78,77.97,3.88,0.542,6.26,85.2,174356,30.4,51.4,506,290.54,Alto
MUN_068,Camaçari,BA,22,27.52,35.32,57.72,26.48,0.668,2.99,85.2,174356,30.4,51.4,302,173.53,Medio
MUN_068,Camaçari,BA,23,26.49,35.24,52.46,67.66,0.608,2.39,85.2,174356,30.4,51.4,378,217.12,Medio
MUN_068,Camaçari,BA,24,27.53,31.41,57.19,6.69,0.595,4.01,85.2,174356,30.4,51.4,253,145.67,Baixo
MUN_068,Camaçari,BA,25,25.16,29.82,87.93,3.6,0.504,8.43,85.2,174356,30.4,51.4,438,251.5,Alto
MUN_068,Camaçari,BA,26,29.33,39.59,67.28,33.89,0.406,0.0,85.2,174356,30.4,51.4,503,289.05,Alto
MUN_068,Camaçari,BA,27,24.02,31.6,75.61,2.73,0.202,6.37,85.2,174356,30.4,51.4,420,241.3,Medio
MUN_068,Camaçari,BA,28,24.61,28.81,64.7,4.21,0.329,0.0,85.2,174356,30.4,51.4,205,117.74,Baixo
MUN_068,Camaçari,BA,29,24.38,32.96,79.31,2.03,0.464,1.06,85.2,174356,30.4,51.4,170,97.51,Baixo
MUN_068,Camaçari,BA,30,24.86,35.23,53.66,10.69,0.202,4.54,85.2,174356,30.4,51.4,27,15.82,Baixo
MUN_068,Camaçari,BA,31,21.99,27.99,68.39,8.54,0.16,1.18,85.2,174356,30.4,51.4,303,173.8,Medio
MUN_068,Camaçari,BA,32,22.06,25.68,71.92,10.26,0.276,0.0,85.2,174356,30.4,51.4,149,85.8,Baixo
MUN_068,Camaçari,BA,33,27.09,37.32,53.16,0.5,0.338,0.0,85.2,174356,30.4,51.4,233,133.81,Baixo
MUN_068,Camaçari,BA,34,24.33,31.08,44.35,10.25,0.396,5.27,85.2,174356,30.4,51.4,88,50.82,Baixo
MUN_068,Camaçari,BA,35,21.59,24.66,56.34,1.52,0.203,0.0,85.2,174356,30.4,51.4,32,18.46,Baixo
MUN_068,Camaçari,BA,36,23.98,32.67,71.43,18.37,0.092,0.0,85.2,174356,30.4,51.4,87,50.1,Baixo
MUN_068,Camaçari,BA,37,20.49,29.54,48.97,5.2,0.481,9.98,85.2,174356,30.4,51.4,274,157.49,Medio
MUN_068,Camaçari,BA,38,15.45,21.72,36.13,17.57,0.429,4.38,85.2,174356,30.4,51.4,136,78.32,Baixo
MUN_068,Camaçari,BA,39,28.56,37.28,28.9,1.39,0.173,0.0,85.2,174356,30.4,51.4,284,162.95,Medio
MUN_068,Camaçari,BA,40,18.38,24.01,74.7,57.56,0.382,4.35,85.2,174356,30.4,51.4,415,238.11,Medio
MUN_068,Camaçari,BA,41,21.15,29.88,35.07,18.16,0.099,0.0,85.2,174356,30.4,51.4,184,106.1,Baixo
MUN_068,Camaçari,BA,42,22.35,26.21,35.69,8.58,0.195,7.77,85.2,174356,30.4,51.4,388,222.88,Medio
MUN_068,Camaçari,BA,43,28.02,36.5,71.1,8.68,0.343,0.52,85.2,174356,30.4,51.4,275,158.11,Medio
MUN_068,Camaçari,BA,44,25.97,29.44,45.5,25.75,0.281,0.0,85.2,174356,30.4,51.4,236,135.88,Baixo
MUN_068,Camaçari,BA,45,23.29,33.52,45.98,28.3,0.374,1.59,85.2,174356,30.4,51.4,243,139.58,Baixo
MUN_068,Camaçari,BA,46,25.35,35.51,61.47,0.37,0.426,1.1,85.2,174356,30.4,51.4,109,62.58,Baixo
MUN_068,Camaçari,BA,47,26.01,35.88,45.73,6.34,0.109,0.0,85.2,174356,30.4,51.4,59,33.87,Baixo
MUN_068,Camaçari,BA,48,17.38,26.54,56.72,89.74,0.201,2.44,85.2,174356,30.4,51.4,408,234.3,Medio
MUN_068,Camaçari,BA,49,22.75,26.89,43.81,2.64,0.269,1.18,85.2,174356,30.4,51.4,123,70.55,Baixo
MUN_068,Camaçari,BA,50,27.2,30.86,63.03,17.26,0.365,0.0,85.2,174356,30.4,51.4,213,122.17,Baixo
MUN_069,Itaquaquecetuba,SP,1,19.25,25.73,55.02,36.6,0.206,3.0,757.9,108781,160.9,46.5,109,100.49,Baixo
MUN_069,Itaquaquecetuba,SP,2,22.7,30.03,55.44,25.87,0.03,6.65,757.9,108781,160.9,46.5,37,34.59,Baixo
MUN_069,Itaquaquecetuba,SP,3,15.75,24.07,62.73,20.16,0.219,1.35,757.9,108781,160.9,46.5,8,8.15,Baixo
MUN_069,Itaquaquecetuba,SP,4,17.74,20.44,53.78,0.06,0.301,1.26,757.9,108781,160.9,46.5,69,64.26,Baixo
MUN_069,Itaquaquecetuba,SP,5,19.68,22.31,77.37,2.84,0.312,5.72,757.9,108781,160.9,46.5,139,127.9,Baixo
MUN_069,Itaquaquecetuba,SP,6,22.66,26.63,83.66,11.74,0.339,2.56,757.9,108781,160.9,46.5,153,141.23,Baixo
MUN_069,Itaquaquecetuba,SP,7,28.14,36.74,81.61,49.3,0.274,4.3,757.9,108781,160.9,46.5,239,219.81,Medio
MUN_069,Itaquaquecetuba,SP,8,18.96,26.75,71.32,62.59,0.394,9.08,757.9,108781,160.9,46.5,171,158.07,Medio
MUN_069,Itaquaquecetuba,SP,9,22.99,27.6,65.24,129.55,0.532,9.91,757.9,108781,160.9,46.5,287,263.95,Alto
MUN_069,Itaquaquecetuba,SP,10,19.53,22.28,80.56,31.8,0.415,1.41,757.9,108781,160.9,46.5,205,188.76,Medio
MUN_069,Itaquaquecetuba,SP,11,20.3,29.96,90.29,43.8,0.562,5.03,757.9,108781,160.9,46.5,106,98.01,Baixo
MUN_069,Itaquaquecetuba,SP,12,32.08,37.82,91.64,153.47,0.666,12.98,757.9,108781,160.9,46.5,309,284.88,Alto
MUN_069,Itaquaquecetuba,SP,13,24.49,30.71,96.5,36.26,0.468,3.77,757.9,108781,160.9,46.5,286,263.28,Alto
MUN_069,Itaquaquecetuba,SP,14,22.35,26.24,91.94,300.0,0.557,19.57,757.9,108781,160.9,46.5,268,247.12,Medio
MUN_069,Itaquaquecetuba,SP,15,29.06,35.15,94.41,300.0,0.499,18.09,757.9,108781,160.9,46.5,442,406.71,Alto
MUN_069,Itaquaquecetuba,SP,16,26.15,33.24,77.67,18.77,0.672,0.0,757.9,108781,160.9,46.5,246,226.18,Medio
MUN_069,Itaquaquecetuba,SP,17,30.13,36.43,73.06,62.44,0.697,4.23,757.9,108781,160.9,46.5,212,195.33,Medio
MUN_069,Itaquaquecetuba,SP,18,23.54,26.28,73.95,32.05,0.595,4.32,757.9,108781,160.9,46.5,203,187.45,Medio
MUN_069,Itaquaquecetuba,SP,19,29.02,31.37,83.0,300.0,0.665,24.78,757.9,108781,160.9,46.5,348,320.31,Alto
MUN_069,Itaquaquecetuba,SP,20,26.15,35.8,78.1,95.88,0.538,8.77,757.9,108781,160.9,46.5,396,364.91,Alto
MUN_069,Itaquaquecetuba,SP,21,30.46,35.89,66.6,5.42,0.789,4.43,757.9,108781,160.9,46.5,260,239.61,Medio
MUN_069,Itaquaquecetuba,SP,22,23.77,32.19,62.43,0.79,0.795,0.0,757.9,108781,160.9,46.5,196,180.88,Medio
MUN_069,Itaquaquecetuba,SP,23,32.12,34.73,73.11,193.26,0.6,12.32,757.9,108781,160.9,46.5,338,311.49,Alto
MUN_069,Itaquaquecetuba,SP,24,22.9,26.9,64.85,60.38,0.644,4.77,757.9,108781,160.9,46.5,278,256.1,Alto
MUN_069,Itaquaquecetuba,SP,25,28.97,38.41,80.12,186.77,0.415,13.92,757.9,108781,160.9,46.5,415,382.07,Alto
MUN_069,Itaquaquecetuba,SP,26,21.99,29.56,79.78,0.51,0.496,1.37,757.9,108781,160.9,46.5,160,147.44,Baixo
MUN_069,Itaquaquecetuba,SP,27,26.73,28.98,56.54,15.49,0.473,2.85,757.9,108781,160.9,46.5,221,203.74,Medio
MUN_069,Itaquaquecetuba,SP,28,13.54,19.35,52.81,76.17,0.299,0.0,757.9,108781,160.9,46.5,191,175.82,Medio
MUN_069,Itaquaquecetuba,SP,29,11.67,20.1,44.22,55.23,0.397,7.88,757.9,108781,160.9,46.5,147,135.74,Baixo
MUN_069,Itaquaquecetuba,SP,30,17.98,28.42,56.0,9.48,0.206,0.0,757.9,108781,160.9,46.5,6,6.01,Baixo
MUN_069,Itaquaquecetuba,SP,31,22.67,25.91,38.95,0.25,0.203,0.0,757.9,108781,160.9,46.5,64,59.23,Baixo
MUN_069,Itaquaquecetuba,SP,32,18.28,21.06,76.54,6.19,0.298,0.0,757.9,108781,160.9,46.5,0,0.0,Baixo
MUN_069,Itaquaquecetuba,SP,33,16.76,23.61,56.25,18.32,0.236,9.74,757.9,108781,160.9,46.5,107,98.68,Baixo
MUN_069,Itaquaquecetuba,SP,34,13.21,15.9,87.15,9.44,0.322,0.0,757.9,108781,160.9,46.5,123,113.66,Baixo
MUN_069,Itaquaquecetuba,SP,35,23.97,29.8,36.5,9.93,0.199,4.75,757.9,108781,160.9,46.5,148,136.68,Baixo
MUN_069,Itaquaquecetuba,SP,36,15.96,23.01,47.98,9.6,0.219,0.0,757.9,108781,160.9,46.5,44,41.35,Baixo
MUN_069,Itaquaquecetuba,SP,37,18.85,23.87,34.13,3.55,0.03,7.73,757.9,108781,160.9,46.5,0,0.0,Baixo
MUN_069,Itaquaquecetuba,SP,38,19.77,27.92,33.98,3.79,0.233,0.51,757.9,108781,160.9,46.5,82,76.3,Baixo
MUN_069,Itaquaquecetuba,SP,39,18.86,21.54,62.19,1.11,0.261,0.0,757.9,108781,160.9,46.5,73,67.18,Baixo
MUN_069,Itaquaquecetuba,SP,40,15.91,20.97,63.73,5.61,0.564,3.01,757.9,108781,160.9,46.5,138,127.17,Baixo
MUN_069,Itaquaquecetuba,SP,41,27.14,30.14,98.09,7.96,0.198,9.18,757.9,108781,160.9,46.5,117,107.78,Baixo
MUN_069,Itaquaquecetuba,SP,42,15.39,25.17,40.54,5.41,0.36,0.0,757.9,108781,160.9,46.5,100,92.84,Baixo
MUN_069,Itaquaquecetuba,SP,43,19.3,29.14,69.92,13.1,0.204,0.61,757.9,108781,160.9,46.5,48,44.44,Baixo
MUN_069,Itaquaquecetuba,SP,44,20.85,31.32,39.56,0.82,0.407,2.76,757.9,108781,160.9,46.5,16,15.01,Baixo
MUN_069,Itaquaquecetuba,SP,45,17.31,23.09,65.93,27.44,0.584,0.0,757.9,108781,160.9,46.5,139,128.42,Baixo
MUN_069,Itaquaquecetuba,SP,46,15.91,22.67,55.96,1.95,0.211,0.0,757.9,108781,160.9,46.5,19,17.87,Baixo
MUN_069,Itaquaquecetuba,SP,47,23.34,30.22,62.38,23.08,0.303,8.28,757.9,108781,160.9,46.5,343,315.48,Alto
MUN_069,Itaquaquecetuba,SP,48,22.03,24.41,41.14,12.81,0.156,0.0,757.9,108781,160.9,46.5,69,63.78,Baixo
MUN_069,Itaquaquecetuba,SP,49,10.0,14.76,61.32,27.26,0.312,7.03,757.9,108781,160.9,46.5,162,149.7,Baixo
MUN_069,Itaquaquecetuba,SP,50,15.18,21.34,76.79,15.06,0.154,7.79,757.9,108781,160.9,46.5,90,83.4,Baixo
MUN_070,Ponta Grossa,PR,1,19.81,25.39,62.86,24.87,0.285,0.0,954.1,2612115,37.8,25.1,1698,65.04,Baixo
MUN_070,Ponta Grossa,PR,2,12.38,17.88,63.87,0.2,0.627,3.93,954.1,2612115,37.8,25.1,1140,43.65,Baixo
MUN_070,Ponta Grossa,PR,3,15.56,18.83,69.34,17.57,0.111,0.0,954.1,2612115,37.8,25.1,0,0.0,Baixo
MUN_070,Ponta Grossa,PR,4,19.6,28.36,60.08,0.48,0.138,0.0,954.1,2612115,37.8,25.1,892,34.15,Baixo
MUN_070,Ponta Grossa,PR,5,17.02,19.81,46.21,31.57,0.33,8.94,954.1,2612115,37.8,25.1,3021,115.66,Baixo
MUN_070,Ponta Grossa,PR,6,21.9,27.81,40.21,4.77,0.24,0.0,954.1,2612115,37.8,25.1,1779,68.14,Baixo
MUN_070,Ponta Grossa,PR,7,26.8,33.82,81.76,1.91,0.325,0.0,954.1,2612115,37.8,25.1,2817,107.87,Baixo
MUN_070,Ponta Grossa,PR,8,22.54,25.43,85.34,17.69,0.312,0.0,954.1,2612115,37.8,25.1,3486,133.48,Baixo
MUN_070,Ponta Grossa,PR,9,22.99,25.02,88.43,20.9,0.374,0.0,954.1,2612115,37.8,25.1,3887,148.84,Baixo
MUN_070,Ponta Grossa,PR,10,19.54,29.09,66.77,64.26,0.349,3.65,954.1,2612115,37.8,25.1,4819,184.51,Medio
MUN_070,Ponta Grossa,PR,11,19.14,24.48,69.12,17.76,0.588,7.98,954.1,2612115,37.8,25.1,1946,74.53,Baixo
MUN_070,Ponta Grossa,PR,12,19.56,27.05,63.96,177.07,0.384,10.71,954.1,2612115,37.8,25.1,3464,132.63,Baixo
MUN_070,Ponta Grossa,PR,13,14.92,20.06,70.33,176.26,0.537,15.38,954.1,2612115,37.8,25.1,3172,121.45,Baixo
MUN_070,Ponta Grossa,PR,14,22.44,31.91,83.79,38.74,0.599,14.06,954.1,2612115,37.8,25.1,3813,145.99,Baixo
MUN_070,Ponta Grossa,PR,15,17.93,27.82,85.15,17.54,0.666,1.76,954.1,2612115,37.8,25.1,6086,233.0,Medio
MUN_070,Ponta Grossa,PR,16,22.16,30.86,86.31,88.0,0.721,2.97,954.1,2612115,37.8,25.1,4466,170.99,Medio
MUN_070,Ponta Grossa,PR,17,31.69,39.44,66.01,300.0,0.341,22.88,954.1,2612115,37.8,25.1,5858,224.27,Medio
MUN_070,Ponta Grossa,PR,18,17.74,25.41,84.56,108.04,0.574,5.72,954.1,2612115,37.8,25.1,4807,184.06,Medio
MUN_070,Ponta Grossa,PR,19,23.31,32.21,89.69,13.04,0.489,1.36,954.1,2612115,37.8,25.1,3899,149.3,Baixo
MUN_070,Ponta Grossa,PR,20,24.01,32.53,56.18,300.0,0.584,19.63,954.1,2612115,37.8,25.1,4500,172.3,Medio
MUN_070,Ponta Grossa,PR,21,24.03,33.2,73.9,204.75,0.669,17.82,954.1,2612115,37.8,25.1,8563,327.83,Alto
MUN_070,Ponta Grossa,PR,22,23.39,28.26,76.37,9.34,0.551,0.0,954.1,2612115,37.8,25.1,4668,178.72,Medio
MUN_070,Ponta Grossa,PR,23,19.08,29.33,84.06,24.44,0.542,3.09,954.1,2612115,37.8,25.1,2901,111.07,Baixo
MUN_070,Ponta Grossa,PR,24,26.73,30.77,80.1,127.55,0.705,1.85,954.1,2612115,37.8,25.1,8124,311.03,Alto
MUN_070,Ponta Grossa,PR,25,21.01,31.38,66.72,231.55,0.298,17.17,954.1,2612115,37.8,25.1,6406,245.27,Medio
MUN_070,Ponta Grossa,PR,26,16.82,21.79,50.43,58.43,0.442,0.0,954.1,2612115,37.8,25.1,6950,266.1,Alto
MUN_070,Ponta Grossa,PR,27,17.71,25.01,64.48,1.61,0.557,9.62,954.1,2612115,37.8,25.1,2093,80.15,Baixo
MUN_070,Ponta Grossa,PR,28,23.99,28.39,69.05,23.22,0.641,0.0,954.1,2612115,37.8,25.1,4728,181.01,Medio
MUN_070,Ponta Grossa,PR,29,14.09,19.31,55.97,10.89,0.24,0.0,954.1,2612115,37.8,25.1,0,0.0,Baixo
MUN_070,Ponta Grossa,PR,30,16.07,19.76,33.18,8.8,0.268,6.36,954.1,2612115,37.8,25.1,1887,72.25,Baixo
MUN_070,Ponta Grossa,PR,31,17.7,22.02,53.52,7.23,0.312,0.0,954.1,2612115,37.8,25.1,1834,70.22,Baixo
MUN_070,Ponta Grossa,PR,32,20.74,25.99,76.89,2.01,0.084,3.05,954.1,2612115,37.8,25.1,238,9.12,Baixo
MUN_070,Ponta Grossa,PR,33,20.68,27.79,66.77,12.71,0.3,5.26,954.1,2612115,37.8,25.1,5270,201.77,Medio
MUN_070,Ponta Grossa,PR,34,12.79,18.1,73.22,31.22,0.342,0.0,954.1,2612115,37.8,25.1,727,27.85,Baixo
MUN_070,Ponta Grossa,PR,35,15.69,20.03,58.56,60.48,0.318,9.54,954.1,2612115,37.8,25.1,985,37.71,Baixo
MUN_070,Ponta Grossa,PR,36,19.87,22.23,60.37,4.0,0.56,0.0,954.1,2612115,37.8,25.1,782,29.94,Baixo
MUN_070,Ponta Grossa,PR,37,16.55,21.58,59.93,5.92,0.402,0.0,954.1,2612115,37.8,25.1,3475,133.05,Baixo
MUN_070,Ponta Grossa,PR,38,15.22,22.92,65.72,19.23,0.258,0.0,954.1,2612115,37.8,25.1,1057,40.49,Baixo
MUN_070,Ponta Grossa,PR,39,18.64,24.03,45.44,20.62,0.429,10.18,954.1,2612115,37.8,25.1,709,27.16,Baixo
MUN_070,Ponta Grossa,PR,40,16.63,22.53,52.43,10.99,0.146,0.0,954.1,2612115,37.8,25.1,2061,78.93,Baixo
MUN_070,Ponta Grossa,PR,41,13.61,17.47,72.44,10.63,0.142,0.0,954.1,2612115,37.8,25.1,1070,40.97,Baixo
MUN_070,Ponta Grossa,PR,42,18.0,26.98,65.54,24.75,0.503,0.0,954.1,2612115,37.8,25.1,1774,67.93,Baixo
MUN_070,Ponta Grossa,PR,43,18.53,20.98,33.95,10.27,0.266,0.0,954.1,2612115,37.8,25.1,810,31.01,Baixo
MUN_070,Ponta Grossa,PR,44,17.09,26.45,74.51,26.22,0.14,10.58,954.1,2612115,37.8,25.1,3364,128.8,Baixo
MUN_070,Ponta Grossa,PR,45,19.4,24.12,70.41,10.39,0.381,6.46,954.1,2612115,37.8,25.1,1664,63.74,Baixo
MUN_070,Ponta Grossa,PR,46,16.74,21.24,64.34,2.83,0.549,0.0,954.1,2612115,37.8,25.1,312,11.98,Baixo
MUN_070,Ponta Grossa,PR,47,11.01,18.74,42.79,17.6,0.299,7.15,954.1,2612115,37.8,25.1,3173,121.51,Baixo
MUN_070,Ponta Grossa,PR,48,13.08,19.95,62.41,13.89,0.294,0.0,954.1,2612115,37.8,25.1,1018,39.0,Baixo
MUN_070,Ponta Grossa,PR,49,14.5,24.66,69.85,12.11,0.187,0.0,954.1,2612115,37.8,25.1,1795,68.73,Baixo
MUN_070,Ponta Grossa,PR,50,17.88,28.2,67.28,10.97,0.223,6.07,954.1,2612115,37.8,25.1,0,0.0,Baixo
MUN_071,Santarém,PA,1,25.29,29.8,61.49,0.7,0.078,0.0,106.5,1438836,276.3,65.0,2213,153.83,Baixo
MUN_071,Santarém,PA,2,21.9,28.61,45.8,8.55,0.253,0.0,106.5,1438836,276.3,65.0,1587,110.3,Baixo
MUN_071,Santarém,PA,3,30.0,33.31,51.28,1.92,0.305,0.0,106.5,1438836,276.3,65.0,2079,144.54,Baixo
MUN_071,Santarém,PA,4,26.49,34.49,56.51,5.69,0.42,0.26,106.5,1438836,276.3,65.0,3044,211.56,Medio
MUN_071,Santarém,PA,5,27.54,36.5,58.61,15.43,0.145,4.38,106.5,1438836,276.3,65.0,3124,217.12,Medio
MUN_071,Santarém,PA,6,25.78,32.66,57.76,40.26,0.442,4.08,106.5,1438836,276.3,65.0,1964,136.56,Baixo
MUN_071,Santarém,PA,7,33.08,35.92,63.92,19.91,0.429,0.79,106.5,1438836,276.3,65.0,4009,278.63,Alto
MUN_071,Santarém,PA,8,23.15,30.72,69.98,79.32,0.269,0.0,106.5,1438836,276.3,65.0,4615,320.81,Alto
MUN_071,Santarém,PA,9,32.78,39.71,64.57,86.2,0.655,2.08,106.5,1438836,276.3,65.0,5596,388.97,Alto
MUN_071,Santarém,PA,10,38.9,45.09,52.48,172.68,0.457,15.95,106.5,1438836,276.3,65.0,4999,347.48,Alto
MUN_071,Santarém,PA,11,31.59,38.39,87.13,9.62,0.521,0.0,106.5,1438836,276.3,65.0,6134,426.38,Alto
MUN_071,Santarém,PA,12,26.57,31.41,74.03,157.6,0.594,4.59,106.5,1438836,276.3,65.0,3431,238.51,Medio
MUN_071,Santarém,PA,13,29.83,37.65,65.46,51.97,0.677,12.03,106.5,1438836,276.3,65.0,4282,297.63,Alto
MUN_071,Santarém,PA,14,33.93,40.99,60.55,300.0,0.479,17.83,106.5,1438836,276.3,65.0,5099,354.4,Alto
MUN_071,Santarém,PA,15,33.74,41.88,75.54,37.45,0.456,0.0,106.5,1438836,276.3,65.0,4158,289.02,Alto
MUN_071,Santarém,PA,16,26.74,36.25,79.69,12.46,0.494,5.86,106.5,1438836,276.3,65.0,3765,261.71,Alto
MUN_071,Santarém,PA,17,28.86,36.33,63.64,149.56,0.6,5.68,106.5,1438836,276.3,65.0,5593,388.73,Alto
MUN_071,Santarém,PA,18,31.72,41.32,81.91,74.96,0.745,10.98,106.5,1438836,276.3,65.0,6548,455.14,Alto
MUN_071,Santarém,PA,19,26.63,32.3,75.74,105.7,0.566,7.03,106.5,1438836,276.3,65.0,4119,286.28,Alto
MUN_071,Santarém,PA,20,29.43,32.95,94.4,177.3,0.384,11.41,106.5,1438836,276.3,65.0,6464,449.26,Alto
MUN_071,Santarém,PA,21,37.22,46.0,72.62,236.43,0.516,18.72,106.5,1438836,276.3,65.0,6972,484.6,Alto
MUN_071,Santarém,PA,22,35.26,41.85,46.83,19.76,0.407,2.94,106.5,1438836,276.3,65.0,3256,226.33,Medio
MUN_071,Santarém,PA,23,32.21,37.7,88.3,300.0,0.379,14.81,106.5,1438836,276.3,65.0,3654,254.02,Alto
MUN_071,Santarém,PA,24,30.91,36.23,51.14,121.02,0.544,6.66,106.5,1438836,276.3,65.0,3407,236.81,Medio
MUN_071,Santarém,PA,25,32.28,38.59,83.68,35.96,0.564,5.26,106.5,1438836,276.3,65.0,2718,188.93,Medio
MUN_071,Santarém,PA,26,30.89,34.25,55.63,70.84,0.56,0.4,106.5,1438836,276.3,65.0,4019,279.37,Alto
MUN_071,Santarém,PA,27,24.75,33.59,85.26,128.42,0.244,15.25,106.5,1438836,276.3,65.0,4619,321.06,Alto
MUN_071,Santarém,PA,28,25.78,33.14,79.45,39.12,0.456,9.96,106.5,1438836,276.3,65.0,4180,290.52,Alto
MUN_071,Santarém,PA,29,22.54,32.51,49.74,5.45,0.403,0.0,106.5,1438836,276.3,65.0,2492,173.25,Medio
MUN_071,Santarém,PA,30,20.71,23.26,65.22,63.86,0.297,6.69,106.5,1438836,276.3,65.0,3339,232.12,Medio
MUN_071,Santarém,PA,31,22.64,32.73,48.95,15.87,0.371,6.79,106.5,1438836,276.3,65.0,2110,146.65,Baixo
MUN_071,Santarém,PA,32,21.17,26.94,60.72,6.38,0.238,0.0,106.5,1438836,276.3,65.0,2911,202.32,Medio
MUN_071,Santarém,PA,33,17.95,22.29,79.77,18.89,0.257,0.0,106.5,1438836,276.3,65.0,1464,101.77,Baixo
MUN_071,Santarém,PA,34,24.22,33.68,58.57,67.61,0.27,5.77,106.5,1438836,276.3,65.0,2063,143.4,Baixo
MUN_071,Santarém,PA,35,24.62,29.85,60.08,0.11,0.067,0.0,106.5,1438836,276.3,65.0,3692,256.61,Alto
MUN_071,Santarém,PA,36,22.88,25.92,66.62,30.98,0.375,2.56,106.5,1438836,276.3,65.0,2632,182.97,Medio
MUN_071,Santarém,PA,37,17.65,26.23,75.0,29.42,0.26,3.76,106.5,1438836,276.3,65.0,1591,110.58,Baixo
MUN_071,Santarém,PA,38,24.57,31.88,37.94,18.46,0.28,1.41,106.5,1438836,276.3,65.0,2964,206.02,Medio
MUN_071,Santarém,PA,39,24.22,33.3,50.36,13.28,0.38,0.0,106.5,1438836,276.3,65.0,2779,193.15,Medio
MUN_071,Santarém,PA,40,29.27,35.31,51.89,7.81,0.297,4.0,106.5,1438836,276.3,65.0,2894,201.17,Medio
MUN_071,Santarém,PA,41,26.08,35.13,62.97,15.43,0.079,6.55,106.5,1438836,276.3,65.0,3218,223.68,Medio
MUN_071,Santarém,PA,42,28.77,34.96,65.22,5.41,0.272,3.92,106.5,1438836,276.3,65.0,3253,226.11,Medio
MUN_071,Santarém,PA,43,27.86,36.49,83.53,50.14,0.309,3.56,106.5,1438836,276.3,65.0,3439,239.04,Medio
MUN_071,Santarém,PA,44,21.9,30.37,39.93,0.68,0.218,6.48,106.5,1438836,276.3,65.0,1714,119.16,Baixo
MUN_071,Santarém,PA,45,29.31,36.1,57.0,1.28,0.293,0.0,106.5,1438836,276.3,65.0,2328,161.8,Medio
MUN_071,Santarém,PA,46,23.85,33.32,58.84,38.64,0.511,6.78,106.5,1438836,276.3,65.0,3309,230.01,Medio
MUN_071,Santarém,PA,47,28.53,33.05,64.1,31.79,0.282,0.0,106.5,1438836,276.3,65.0,3337,231.96,Medio
MUN_071,Santarém,PA,48,33.83,43.34,57.01,3.97,0.095,0.0,106.5,1438836,276.3,65.0,2982,207.31,Medio
MUN_071,Santarém,PA,49,28.21,32.37,66.84,2.64,0.223,0.0,106.5,1438836,276.3,65.0,2949,205.01,Medio
MUN_071,Santarém,PA,50,22.14,24.67,65.5,28.43,0.129,10.58,106.5,1438836,276.3,65.0,3015,209.61,Medio
MUN_072,Petrolina,PE,1,27.98,35.12,33.13,10.88,0.289,3.31,72.0,1619228,36.3,69.0,3159,195.13,Medio
MUN_072,Petrolina,PE,2,30.04,37.57,41.69,6.07,0.423,1.71,72.0,1619228,36.3,69.0,3121,192.75,Medio
MUN_072,Petrolina,PE,3,24.15,27.09,44.52,13.44,0.38,4.5,72.0,1619228,36.3,69.0,2507,154.84,Baixo
MUN_072,Petrolina,PE,4,18.83,22.33,71.8,0.93,0.201,3.3,72.0,1619228,36.3,69.0,1368,84.51,Baixo
MUN_072,Petrolina,PE,5,29.92,33.78,57.58,39.95,0.25,6.23,72.0,1619228,36.3,69.0,4389,271.1,Alto
MUN_072,Petrolina,PE,6,29.21,37.75,59.95,22.07,0.443,3.08,72.0,1619228,36.3,69.0,2781,171.76,Medio
MUN_072,Petrolina,PE,7,27.95,30.38,72.38,14.35,0.34,6.18,72.0,1619228,36.3,69.0,2643,163.23,Medio
MUN_072,Petrolina,PE,8,29.22,31.71,100.0,3.5,0.422,0.0,72.0,1619228,36.3,69.0,4648,287.1,Alto
MUN_072,Petrolina,PE,9,25.85,29.95,67.34,41.43,0.413,0.0,72.0,1619228,36.3,69.0,4971,307.01,Alto
MUN_072,Petrolina,PE,10,26.88,33.54,67.48,162.21,0.482,15.15,72.0,1619228,36.3,69.0,5402,333.66,Alto
MUN_072,Petrolina,PE,11,29.81,38.25,88.18,28.73,0.442,0.0,72.0,1619228,36.3,69.0,4385,270.83,Alto
MUN_072,Petrolina,PE,12,26.09,29.76,69.68,104.76,0.661,0.0,72.0,1619228,36.3,69.0,3876,239.43,Medio
MUN_072,Petrolina,PE,13,34.91,37.36,92.44,24.35,0.645,0.74,72.0,1619228,36.3,69.0,4545,280.7,Alto
MUN_072,Petrolina,PE,14,31.58,40.57,91.59,133.03,0.73,8.39,72.0,1619228,36.3,69.0,5717,353.09,Alto
MUN_072,Petrolina,PE,15,35.04,40.55,85.46,28.38,0.619,0.0,72.0,1619228,36.3,69.0,2980,184.09,Medio
MUN_072,Petrolina,PE,16,37.08,44.26,67.81,7.68,0.681,0.0,72.0,1619228,36.3,69.0,3518,217.31,Medio
MUN_072,Petrolina,PE,17,36.72,39.07,73.12,118.64,0.541,7.93,72.0,1619228,36.3,69.0,4708,290.79,Alto
MUN_072,Petrolina,PE,18,28.87,34.91,88.68,6.63,0.389,0.0,72.0,1619228,36.3,69.0,3138,193.81,Medio
MUN_072,Petrolina,PE,19,32.77,39.35,77.38,2.23,0.579,2.32,72.0,1619228,36.3,69.0,3298,203.7,Medio
MUN_072,Petrolina,PE,20,35.48,43.65,99.45,55.14,0.59,8.05,72.0,1619228,36.3,69.0,5139,317.42,Alto
MUN_072,Petrolina,PE,21,30.1,34.01,73.68,23.66,0.567,7.6,72.0,1619228,36.3,69.0,4428,273.48,Alto
MUN_072,Petrolina,PE,22,26.83,29.77,82.7,96.28,0.565,11.88,72.0,1619228,36.3,69.0,5356,330.8,Alto
MUN_072,Petrolina,PE,23,29.87,39.93,75.85,192.69,0.438,19.93,72.0,1619228,36.3,69.0,3785,233.77,Medio
MUN_072,Petrolina,PE,24,30.88,38.69,54.02,23.22,0.64,0.0,72.0,1619228,36.3,69.0,3036,187.5,Medio
MUN_072,Petrolina,PE,25,31.37,33.84,72.12,12.13,0.476,9.22,72.0,1619228,36.3,69.0,2400,148.24,Baixo
MUN_072,Petrolina,PE,26,28.32,32.96,53.35,35.36,0.497,4.75,72.0,1619228,36.3,69.0,3228,199.4,Medio
MUN_072,Petrolina,PE,27,24.45,33.44,63.41,29.39,0.652,0.0,72.0,1619228,36.3,69.0,2906,179.52,Medio
MUN_072,Petrolina,PE,28,27.14,34.02,77.36,19.91,0.457,7.92,72.0,1619228,36.3,69.0,3639,224.79,Medio
MUN_072,Petrolina,PE,29,26.86,32.28,61.08,4.32,0.408,4.34,72.0,1619228,36.3,69.0,3354,207.18,Medio
MUN_072,Petrolina,PE,30,21.67,28.09,64.98,15.2,0.407,0.0,72.0,1619228,36.3,69.0,1503,92.86,Baixo
MUN_072,Petrolina,PE,31,29.45,36.16,65.02,19.77,0.28,2.27,72.0,1619228,36.3,69.0,2401,148.3,Baixo
MUN_072,Petrolina,PE,32,32.7,39.92,74.0,1.37,0.594,0.0,72.0,1619228,36.3,69.0,4261,263.19,Alto
MUN_072,Petrolina,PE,33,19.86,28.34,39.3,3.71,0.299,2.79,72.0,1619228,36.3,69.0,1750,108.1,Baixo
MUN_072,Petrolina,PE,34,32.4,35.87,60.04,2.93,0.436,0.0,72.0,1619228,36.3,69.0,3592,221.87,Medio
MUN_072,Petrolina,PE,35,21.7,25.85,54.43,2.86,0.368,5.0,72.0,1619228,36.3,69.0,1496,92.42,Baixo
MUN_072,Petrolina,PE,36,22.81,32.52,61.58,0.87,0.45,1.62,72.0,1619228,36.3,69.0,3320,205.06,Medio
MUN_072,Petrolina,PE,37,27.98,33.85,59.62,0.49,0.119,0.0,72.0,1619228,36.3,69.0,91,5.63,Baixo
MUN_072,Petrolina,PE,38,27.98,35.13,79.36,7.14,0.328,0.0,72.0,1619228,36.3,69.0,2000,123.55,Baixo
MUN_072,Petrolina,PE,39,20.56,28.43,36.44,2.25,0.362,0.0,72.0,1619228,36.3,69.0,819,50.58,Baixo
MUN_072,Petrolina,PE,40,24.29,28.87,50.26,7.17,0.254,2.49,72.0,1619228,36.3,69.0,876,54.11,Baixo
MUN_072,Petrolina,PE,41,25.31,34.86,74.68,12.69,0.237,0.0,72.0,1619228,36.3,69.0,1635,101.03,Baixo
MUN_072,Petrolina,PE,42,20.27,29.0,65.14,5.7,0.494,0.0,72.0,1619228,36.3,69.0,1869,115.45,Baixo
MUN_072,Petrolina,PE,43,28.08,32.17,44.68,7.27,0.199,1.88,72.0,1619228,36.3,69.0,1982,122.41,Baixo
MUN_072,Petrolina,PE,44,28.81,34.9,69.5,65.96,0.293,4.36,72.0,1619228,36.3,69.0,1987,122.72,Baixo
MUN_072,Petrolina,PE,45,22.51,25.59,58.68,0.51,0.05,0.0,72.0,1619228,36.3,69.0,926,57.22,Baixo
MUN_072,Petrolina,PE,46,30.27,40.35,57.08,7.46,0.362,8.93,72.0,1619228,36.3,69.0,2127,131.37,Baixo
MUN_072,Petrolina,PE,47,24.17,33.59,79.29,26.19,0.256,0.0,72.0,1619228,36.3,69.0,891,55.06,Baixo
MUN_072,Petrolina,PE,48,23.87,34.09,49.18,15.3,0.461,1.39,72.0,1619228,36.3,69.0,442,27.32,Baixo
MUN_072,Petrolina,PE,49,27.9,30.83,81.68,14.73,0.208,1.64,72.0,1619228,36.3,69.0,997,61.58,Baixo
MUN_072,Petrolina,PE,50,22.44,27.12,59.47,1.37,0.379,0.0,72.0,1619228,36.3,69.0,1650,101.96,Baixo
MUN_073,Blumenau,SC,1,20.51,24.85,61.79,2.26,0.314,5.04,22.1,2870735,353.1,27.1,6748,235.07,Medio
MUN_073,Blumenau,SC,2,21.05,23.84,69.65,7.14,0.462,0.0,22.1,2870735,353.1,27.1,7367,256.65,Alto
MUN_073,Blumenau,SC,3,15.0,20.87,61.08,6.54,0.367,5.46,22.1,2870735,353.1,27.1,6083,211.93,Medio
MUN_073,Blumenau,SC,4,18.19,20.59,60.42,1.27,0.406,0.0,22.1,2870735,353.1,27.1,5914,206.03,Medio
MUN_073,Blumenau,SC,5,29.16,37.13,61.65,5.65,0.365,4.06,22.1,2870735,353.1,27.1,8204,285.8,Alto
MUN_073,Blumenau,SC,6,24.62,27.57,73.05,43.28,0.125,9.09,22.1,2870735,353.1,27.1,5754,200.46,Medio
MUN_073,Blumenau,SC,7,24.2,31.85,87.41,162.36,0.59,22.42,22.1,2870735,353.1,27.1,11192,389.87,Alto
MUN_073,Blumenau,SC,8,22.31,25.94,65.04,34.95,0.15,3.98,22.1,2870735,353.1,27.1,10373,361.36,Alto
MUN_073,Blumenau,SC,9,21.95,28.6,55.62,204.72,0.473,6.62,22.1,2870735,353.1,27.1,10293,358.56,Alto
MUN_073,Blumenau,SC,10,24.82,34.76,83.91,32.47,0.378,8.87,22.1,2870735,353.1,27.1,7082,246.73,Medio
MUN_073,Blumenau,SC,11,27.79,35.55,64.68,96.16,0.709,13.56,22.1,2870735,353.1,27.1,12455,433.89,Alto
MUN_073,Blumenau,SC,12,31.94,35.71,96.66,2.1,0.601,0.35,22.1,2870735,353.1,27.1,9413,327.92,Alto
MUN_073,Blumenau,SC,13,26.08,29.24,97.98,32.13,0.674,0.0,22.1,2870735,353.1,27.1,7745,269.8,Alto
MUN_073,Blumenau,SC,14,23.79,29.71,73.79,171.9,0.5,13.8,22.1,2870735,353.1,27.1,8540,297.51,Alto
MUN_073,Blumenau,SC,15,25.98,29.8,71.16,20.05,0.526,0.0,22.1,2870735,353.1,27.1,6277,218.66,Medio
MUN_073,Blumenau,SC,16,28.83,37.99,69.94,6.41,0.706,10.32,22.1,2870735,353.1,27.1,7682,267.6,Alto
MUN_073,Blumenau,SC,17,26.94,35.43,69.38,67.98,0.478,6.57,22.1,2870735,353.1,27.1,12459,434.03,Alto
MUN_073,Blumenau,SC,18,28.36,30.54,78.46,202.6,0.569,10.01,22.1,2870735,353.1,27.1,10826,377.13,Alto
MUN_073,Blumenau,SC,19,33.18,38.86,95.03,79.28,0.322,0.57,22.1,2870735,353.1,27.1,7689,267.87,Alto
MUN_073,Blumenau,SC,20,39.48,44.34,85.24,300.0,0.582,24.04,22.1,2870735,353.1,27.1,13017,453.44,Alto
MUN_073,Blumenau,SC,21,30.24,32.83,70.08,107.2,0.617,4.28,22.1,2870735,353.1,27.1,10917,380.31,Alto
MUN_073,Blumenau,SC,22,27.78,35.03,92.96,27.49,0.531,3.63,22.1,2870735,353.1,27.1,10749,374.45,Alto
MUN_073,Blumenau,SC,23,28.48,31.08,70.74,71.62,0.623,3.8,22.1,2870735,353.1,27.1,12560,437.55,Alto
MUN_073,Blumenau,SC,24,25.61,32.12,79.48,102.39,0.644,0.0,22.1,2870735,353.1,27.1,8483,295.51,Alto
MUN_073,Blumenau,SC,25,25.25,31.33,64.52,70.28,0.417,9.78,22.1,2870735,353.1,27.1,9157,319.01,Alto
MUN_073,Blumenau,SC,26,30.2,35.7,57.42,144.19,0.425,4.48,22.1,2870735,353.1,27.1,13502,470.35,Alto
MUN_073,Blumenau,SC,27,24.81,28.84,56.65,51.94,0.184,11.03,22.1,2870735,353.1,27.1,7869,274.12,Alto
MUN_073,Blumenau,SC,28,23.3,27.67,89.77,54.7,0.422,11.06,22.1,2870735,353.1,27.1,10183,354.75,Alto
MUN_073,Blumenau,SC,29,29.2,33.59,68.64,3.78,0.457,0.0,22.1,2870735,353.1,27.1,8405,292.8,Alto
MUN_073,Blumenau,SC,30,15.56,21.92,48.55,4.45,0.388,7.68,22.1,2870735,353.1,27.1,8256,287.6,Alto
MUN_073,Blumenau,SC,31,27.2,34.96,57.4,16.48,0.253,0.0,22.1,2870735,353.1,27.1,7201,250.85,Alto
MUN_073,Blumenau,SC,32,17.74,22.56,86.39,2.52,0.184,6.33,22.1,2870735,353.1,27.1,4578,159.48,Medio
MUN_073,Blumenau,SC,33,23.32,29.55,71.78,17.54,0.514,0.76,22.1,2870735,353.1,27.1,5879,204.8,Medio
MUN_073,Blumenau,SC,34,19.71,26.88,30.54,3.22,0.31,0.0,22.1,2870735,353.1,27.1,5378,187.36,Medio
MUN_073,Blumenau,SC,35,16.61,23.83,61.55,7.62,0.165,0.0,22.1,2870735,353.1,27.1,2678,93.29,Baixo
MUN_073,Blumenau,SC,36,24.17,29.56,53.1,6.55,0.284,8.66,22.1,2870735,353.1,27.1,4042,140.81,Baixo
MUN_073,Blumenau,SC,37,23.54,28.55,40.12,13.65,0.378,0.0,22.1,2870735,353.1,27.1,6342,220.94,Medio
MUN_073,Blumenau,SC,38,23.23,30.96,50.26,4.36,0.113,0.0,22.1,2870735,353.1,27.1,3850,134.13,Baixo
MUN_073,Blumenau,SC,39,17.82,20.94,64.79,0.59,0.165,0.0,22.1,2870735,353.1,27.1,3916,136.44,Baixo
MUN_073,Blumenau,SC,40,22.54,29.25,80.39,1.39,0.257,1.14,22.1,2870735,353.1,27.1,5830,203.09,Medio
MUN_073,Blumenau,SC,41,22.85,30.31,55.32,8.29,0.222,0.0,22.1,2870735,353.1,27.1,2227,77.61,Baixo
MUN_073,Blumenau,SC,42,19.0,28.57,50.77,18.14,0.176,0.0,22.1,2870735,353.1,27.1,6725,234.29,Medio
MUN_073,Blumenau,SC,43,27.24,35.75,81.18,21.16,0.287,4.86,22.1,2870735,353.1,27.1,7035,245.06,Medio
MUN_073,Blumenau,SC,44,21.11,23.99,42.05,29.29,0.393,1.98,22.1,2870735,353.1,27.1,6726,234.33,Medio
MUN_073,Blumenau,SC,45,18.77,22.23,56.77,28.17,0.297,0.0,22.1,2870735,353.1,27.1,6360,221.56,Medio
MUN_073,Blumenau,SC,46,20.45,25.31,67.3,4.33,0.262,1.22,22.1,2870735,353.1,27.1,8199,285.63,Alto
MUN_073,Blumenau,SC,47,19.51,23.14,68.49,9.79,0.217,0.0,22.1,2870735,353.1,27.1,6901,240.42,Medio
MUN_073,Blumenau,SC,48,23.8,30.25,70.8,4.48,0.19,0.0,22.1,2870735,353.1,27.1,9063,315.72,Alto
MUN_073,Blumenau,SC,49,19.67,22.71,75.25,10.46,0.089,0.0,22.1,2870735,353.1,27.1,6700,233.41,Medio
MUN_073,Blumenau,SC,50,21.29,23.58,70.6,8.4,0.514,2.04,22.1,2870735,353.1,27.1,9430,328.52,Alto
MUN_074,Cascavel,PR,1,23.55,32.56,73.76,0.35,0.375,1.34,982.5,1082576,215.1,73.9,1255,116.01,Baixo
MUN_074,Cascavel,PR,2,11.53,17.26,49.49,9.89,0.435,0.82,982.5,1082576,215.1,73.9,1154,106.67,Baixo
MUN_074,Cascavel,PR,3,15.15,18.08,67.95,18.61,0.29,0.0,982.5,1082576,215.1,73.9,691,63.83,Baixo
MUN_074,Cascavel,PR,4,14.74,20.01,37.53,25.24,0.324,4.53,982.5,1082576,215.1,73.9,1583,146.27,Baixo
MUN_074,Cascavel,PR,5,17.36,20.97,86.94,5.03,0.366,9.6,982.5,1082576,215.1,73.9,846,78.21,Baixo
MUN_074,Cascavel,PR,6,14.49,20.45,61.21,28.15,0.389,7.35,982.5,1082576,215.1,73.9,1296,119.8,Baixo
MUN_074,Cascavel,PR,7,20.25,23.96,76.88,12.43,0.44,0.0,982.5,1082576,215.1,73.9,611,56.45,Baixo
MUN_074,Cascavel,PR,8,18.88,21.79,82.7,179.83,0.223,11.97,982.5,1082576,215.1,73.9,1333,123.21,Baixo
MUN_074,Cascavel,PR,9,20.34,22.94,76.91,53.61,0.502,1.62,982.5,1082576,215.1,73.9,2489,229.92,Medio
MUN_074,Cascavel,PR,10,17.61,21.52,56.78,62.71,0.665,3.24,982.5,1082576,215.1,73.9,2362,218.25,Medio
MUN_074,Cascavel,PR,11,29.67,39.17,72.62,137.07,0.415,5.64,982.5,1082576,215.1,73.9,3340,308.57,Alto
MUN_074,Cascavel,PR,12,20.8,31.06,62.38,237.65,0.485,17.82,982.5,1082576,215.1,73.9,2957,273.22,Alto
MUN_074,Cascavel,PR,13,17.51,20.21,100.0,62.3,0.823,4.91,982.5,1082576,215.1,73.9,3226,298.0,Alto
MUN_074,Cascavel,PR,14,19.13,25.19,63.17,22.41,0.576,3.6,982.5,1082576,215.1,73.9,3367,311.07,Alto
MUN_074,Cascavel,PR,15,27.91,36.18,86.1,4.08,0.509,3.06,982.5,1082576,215.1,73.9,2768,255.74,Alto
MUN_074,Cascavel,PR,16,22.44,24.7,85.86,15.28,0.716,3.4,982.5,1082576,215.1,73.9,2045,188.99,Medio
MUN_074,Cascavel,PR,17,21.31,24.19,85.16,48.76,0.622,6.31,982.5,1082576,215.1,73.9,2568,237.23,Medio
MUN_074,Cascavel,PR,18,20.82,29.11,79.96,4.21,0.586,0.0,982.5,1082576,215.1,73.9,2727,251.93,Alto
MUN_074,Cascavel,PR,19,25.36,31.25,55.68,80.93,0.512,7.47,982.5,1082576,215.1,73.9,2376,219.51,Medio
MUN_074,Cascavel,PR,20,32.69,34.99,86.56,65.31,0.572,4.82,982.5,1082576,215.1,73.9,3414,315.36,Alto
MUN_074,Cascavel,PR,21,26.61,35.46,76.99,77.66,0.563,3.96,982.5,1082576,215.1,73.9,3564,329.28,Alto
MUN_074,Cascavel,PR,22,25.2,33.97,44.1,36.42,0.677,4.86,982.5,1082576,215.1,73.9,3172,293.05,Alto
MUN_074,Cascavel,PR,23,22.47,28.29,93.48,10.81,0.479,0.7,982.5,1082576,215.1,73.9,1662,153.53,Baixo
MUN_074,Cascavel,PR,24,21.36,27.64,46.98,29.52,0.636,2.41,982.5,1082576,215.1,73.9,2010,185.69,Medio
MUN_074,Cascavel,PR,25,23.6,32.14,51.7,32.91,0.421,8.15,982.5,1082576,215.1,73.9,2128,196.61,Medio
MUN_074,Cascavel,PR,26,10.0,14.0,85.27,227.33,0.351,19.13,982.5,1082576,215.1,73.9,2628,242.81,Medio
MUN_074,Cascavel,PR,27,18.51,25.67,69.96,35.6,0.249,1.21,982.5,1082576,215.1,73.9,2755,254.52,Alto
MUN_074,Cascavel,PR,28,13.86,21.48,81.89,70.18,0.459,4.87,982.5,1082576,215.1,73.9,2764,255.32,Alto
MUN_074,Cascavel,PR,29,15.25,22.65,63.43,10.06,0.186,0.0,982.5,1082576,215.1,73.9,1484,137.13,Baixo
MUN_074,Cascavel,PR,30,18.84,21.74,68.78,11.19,0.217,0.0,982.5,1082576,215.1,73.9,1843,170.28,Medio
MUN_074,Cascavel,PR,31,22.1,32.06,45.86,0.35,0.178,0.0,982.5,1082576,215.1,73.9,549,50.76,Baixo
MUN_074,Cascavel,PR,32,11.05,17.72,51.41,20.82,0.44,2.8,982.5,1082576,215.1,73.9,909,83.97,Baixo
MUN_074,Cascavel,PR,33,11.5,20.89,52.19,3.13,0.542,0.0,982.5,1082576,215.1,73.9,1016,93.93,Baixo
MUN_074,Cascavel,PR,34,10.0,18.39,64.37,9.55,0.31,1.22,982.5,1082576,215.1,73.9,0,0.0,Baixo
MUN_074,Cascavel,PR,35,15.41,21.12,73.47,2.56,0.274,7.47,982.5,1082576,215.1,73.9,68,6.37,Baixo
MUN_074,Cascavel,PR,36,16.98,26.67,78.38,1.88,0.119,1.95,982.5,1082576,215.1,73.9,468,43.27,Baixo
MUN_074,Cascavel,PR,37,18.18,20.95,75.39,27.79,0.45,5.01,982.5,1082576,215.1,73.9,1435,132.59,Baixo
MUN_074,Cascavel,PR,38,17.12,20.44,53.15,4.82,0.208,0.27,982.5,1082576,215.1,73.9,1147,105.99,Baixo
MUN_074,Cascavel,PR,39,12.88,22.25,83.21,1.74,0.261,0.0,982.5,1082576,215.1,73.9,1631,150.71,Baixo
MUN_074,Cascavel,PR,40,16.1,19.97,70.49,6.45,0.477,0.0,982.5,1082576,215.1,73.9,1227,113.35,Baixo
MUN_074,Cascavel,PR,41,15.1,19.93,58.79,2.92,0.33,5.98,982.5,1082576,215.1,73.9,1094,101.11,Baixo
MUN_074,Cascavel,PR,42,17.26,20.79,56.98,32.6,0.273,6.85,982.5,1082576,215.1,73.9,1258,116.26,Baixo
MUN_074,Cascavel,PR,43,13.95,22.43,53.8,0.01,0.313,0.0,982.5,1082576,215.1,73.9,839,77.54,Baixo
MUN_074,Cascavel,PR,44,10.67,19.18,65.63,6.84,0.424,2.68,982.5,1082576,215.1,73.9,501,46.32,Baixo
MUN_074,Cascavel,PR,45,16.74,22.92,49.16,19.72,0.534,4.31,982.5,1082576,215.1,73.9,135,12.51,Baixo
MUN_074,Cascavel,PR,46,15.5,21.42,43.37,16.71,0.114,0.38,982.5,1082576,215.1,73.9,802,74.1,Baixo
MUN_074,Cascavel,PR,47,14.4,21.11,47.32,1.91,0.329,6.32,982.5,1082576,215.1,73.9,300,27.76,Baixo
MUN_074,Cascavel,PR,48,18.79,24.84,78.12,0.83,0.29,7.01,982.5,1082576,215.1,73.9,1114,102.97,Baixo
MUN_074,Cascavel,PR,49,20.46,30.61,47.05,21.87,0.254,0.32,982.5,1082576,215.1,73.9,1850,170.93,Medio
MUN_074,Cascavel,PR,50,14.27,21.27,49.38,4.25,0.354,0.73,982.5,1082576,215.1,73.9,1443,133.36,Baixo
MUN_075,Vitória da Conquista,BA,1,26.74,37.09,55.54,16.18,0.318,0.0,187.4,534999,297.9,70.6,856,160.09,Medio
MUN_075,Vitória da Conquista,BA,2,20.14,22.97,69.31,3.88,0.473,7.63,187.4,534999,297.9,70.6,714,133.61,Baixo
MUN_075,Vitória da Conquista,BA,3,21.54,29.17,64.88,18.28,0.155,0.0,187.4,534999,297.9,70.6,638,119.32,Baixo
MUN_075,Vitória da Conquista,BA,4,22.16,30.7,65.41,46.36,0.329,5.24,187.4,534999,297.9,70.6,635,118.79,Baixo
MUN_075,Vitória da Conquista,BA,5,25.39,33.96,60.85,6.39,0.424,0.0,187.4,534999,297.9,70.6,641,119.92,Baixo
MUN_075,Vitória da Conquista,BA,6,18.26,25.52,57.1,17.46,0.233,6.07,187.4,534999,297.9,70.6,672,125.66,Baixo
MUN_075,Vitória da Conquista,BA,7,31.27,40.15,60.52,19.45,0.553,1.64,187.4,534999,297.9,70.6,1059,197.95,Medio
MUN_075,Vitória da Conquista,BA,8,23.25,28.21,45.46,3.96,0.376,0.0,187.4,534999,297.9,70.6,284,53.13,Baixo
MUN_075,Vitória da Conquista,BA,9,27.8,30.61,57.75,16.03,0.435,0.0,187.4,534999,297.9,70.6,930,173.9,Medio
MUN_075,Vitória da Conquista,BA,10,28.41,35.3,76.18,168.57,0.235,15.15,187.4,534999,297.9,70.6,1238,231.42,Medio
MUN_075,Vitória da Conquista,BA,11,26.86,30.54,84.47,41.11,0.506,3.98,187.4,534999,297.9,70.6,1220,228.15,Medio
MUN_075,Vitória da Conquista,BA,12,27.38,32.39,81.42,261.65,0.687,27.11,187.4,534999,297.9,70.6,1875,350.56,Alto
MUN_075,Vitória da Conquista,BA,13,29.05,31.24,57.45,57.33,0.323,0.0,187.4,534999,297.9,70.6,921,172.21,Medio
MUN_075,Vitória da Conquista,BA,14,29.02,38.3,52.09,20.85,0.555,2.3,187.4,534999,297.9,70.6,720,134.74,Baixo
MUN_075,Vitória da Conquista,BA,15,26.19,29.06,88.24,2.0,0.674,4.09,187.4,534999,297.9,70.6,625,116.87,Baixo
MUN_075,Vitória da Conquista,BA,16,27.18,37.28,86.32,180.52,0.653,5.6,187.4,534999,297.9,70.6,1749,326.98,Alto
MUN_075,Vitória da Conquista,BA,17,31.47,36.14,66.65,237.59,0.624,11.8,187.4,534999,297.9,70.6,1972,368.62,Alto
MUN_075,Vitória da Conquista,BA,18,29.36,37.42,68.41,34.41,0.625,0.0,187.4,534999,297.9,70.6,1311,245.06,Medio
MUN_075,Vitória da Conquista,BA,19,24.89,34.85,76.81,128.94,0.619,18.75,187.4,534999,297.9,70.6,1521,284.34,Alto
MUN_075,Vitória da Conquista,BA,20,29.0,32.21,80.39,73.69,0.474,2.37,187.4,534999,297.9,70.6,1272,237.89,Medio
MUN_075,Vitória da Conquista,BA,21,23.37,32.34,80.74,6.84,0.498,9.62,187.4,534999,297.9,70.6,1206,225.52,Medio
MUN_075,Vitória da Conquista,BA,22,20.64,27.15,56.96,7.69,0.661,9.41,187.4,534999,297.9,70.6,858,160.4,Medio
MUN_075,Vitória da Conquista,BA,23,30.49,39.72,74.53,74.26,0.556,15.33,187.4,534999,297.9,70.6,990,185.12,Medio
MUN_075,Vitória da Conquista,BA,24,34.71,37.02,73.31,43.02,0.807,7.83,187.4,534999,297.9,70.6,1752,327.52,Alto
MUN_075,Vitória da Conquista,BA,25,28.26,34.6,65.97,16.23,0.416,0.0,187.4,534999,297.9,70.6,275,51.52,Baixo
MUN_075,Vitória da Conquista,BA,26,29.12,35.33,66.45,13.19,0.624,9.65,187.4,534999,297.9,70.6,1206,225.48,Medio
MUN_075,Vitória da Conquista,BA,27,21.87,29.45,52.06,31.32,0.242,0.15,187.4,534999,297.9,70.6,316,59.17,Baixo
MUN_075,Vitória da Conquista,BA,28,22.44,24.63,85.09,20.73,0.406,2.5,187.4,534999,297.9,70.6,848,158.69,Medio
MUN_075,Vitória da Conquista,BA,29,27.59,37.98,48.51,39.24,0.306,0.12,187.4,534999,297.9,70.6,660,123.49,Baixo
MUN_075,Vitória da Conquista,BA,30,26.95,30.23,55.23,3.07,0.186,0.0,187.4,534999,297.9,70.6,318,59.58,Baixo
MUN_075,Vitória da Conquista,BA,31,21.17,25.59,52.18,1.92,0.244,6.69,187.4,534999,297.9,70.6,387,72.45,Baixo
MUN_075,Vitória da Conquista,BA,32,27.15,29.5,32.64,15.57,0.308,7.53,187.4,534999,297.9,70.6,160,29.99,Baixo
MUN_075,Vitória da Conquista,BA,33,21.75,26.55,74.94,7.16,0.28,6.29,187.4,534999,297.9,70.6,976,182.6,Medio
MUN_075,Vitória da Conquista,BA,34,23.12,29.89,64.21,9.14,0.382,0.0,187.4,534999,297.9,70.6,1200,224.42,Medio
MUN_075,Vitória da Conquista,BA,35,23.96,27.84,57.91,23.46,0.03,2.78,187.4,534999,297.9,70.6,517,96.79,Baixo
MUN_075,Vitória da Conquista,BA,36,29.04,34.03,58.05,8.76,0.131,4.62,187.4,534999,297.9,70.6,1214,227.1,Medio
MUN_075,Vitória da Conquista,BA,37,20.9,28.35,40.94,4.24,0.264,3.68,187.4,534999,297.9,70.6,527,98.59,Baixo
MUN_075,Vitória da Conquista,BA,38,22.5,26.7,54.27,27.08,0.326,6.86,187.4,534999,297.9,70.6,131,24.57,Baixo
MUN_075,Vitória da Conquista,BA,39,18.03,27.99,80.59,16.23,0.118,5.81,187.4,534999,297.9,70.6,313,58.66,Baixo
MUN_075,Vitória da Conquista,BA,40,19.26,24.77,56.06,2.4,0.299,6.97,187.4,534999,297.9,70.6,97,18.22,Baixo
MUN_075,Vitória da Conquista,BA,41,23.19,29.26,55.33,27.34,0.263,0.0,187.4,534999,297.9,70.6,429,80.26,Baixo
MUN_075,Vitória da Conquista,BA,42,19.77,29.05,58.64,2.09,0.397,5.51,187.4,534999,297.9,70.6,396,74.18,Baixo
MUN_075,Vitória da Conquista,BA,43,17.67,26.91,46.8,0.31,0.495,0.0,187.4,534999,297.9,70.6,67,12.7,Baixo
MUN_075,Vitória da Conquista,BA,44,21.6,28.62,56.56,8.12,0.443,15.94,187.4,534999,297.9,70.6,352,65.91,Baixo
MUN_075,Vitória da Conquista,BA,45,27.73,30.91,59.38,6.21,0.391,1.97,187.4,534999,297.9,70.6,842,157.43,Medio
MUN_075,Vitória da Conquista,BA,46,24.72,31.65,75.79,17.97,0.237,2.4,187.4,534999,297.9,70.6,625,116.99,Baixo
MUN_075,Vitória da Conquista,BA,47,22.63,25.98,53.78,0.32,0.243,0.0,187.4,534999,297.9,70.6,366,68.54,Baixo
MUN_075,Vitória da Conquista,BA,48,25.39,34.23,66.26,7.02,0.209,4.0,187.4,534999,297.9,70.6,710,132.78,Baixo
MUN_075,Vitória da Conquista,BA,49,27.89,34.58,74.53,2.69,0.341,0.86,187.4,534999,297.9,70.6,996,186.26,Medio
MUN_075,Vitória da Conquista,BA,50,19.25,25.44,40.13,0.39,0.403,0.0,187.4,534999,297.9,70.6,802,150.04,Baixo
MUN_076,São Vicente,SP,1,19.41,29.41,38.4,12.45,0.298,0.0,755.9,2676791,73.4,42.5,4573,170.85,Medio
MUN_076,São Vicente,SP,2,16.11,18.51,56.54,5.5,0.511,3.93,755.9,2676791,73.4,42.5,3719,138.97,Baixo
MUN_076,São Vicente,SP,3,22.78,28.92,24.29,3.18,0.281,0.2,755.9,2676791,73.4,42.5,3525,131.69,Baixo
MUN_076,São Vicente,SP,4,20.26,28.38,72.76,0.6,0.278,0.48,755.9,2676791,73.4,42.5,2614,97.69,Baixo
MUN_076,São Vicente,SP,5,16.44,24.86,69.1,0.8,0.44,0.0,755.9,2676791,73.4,42.5,2864,107.0,Baixo
MUN_076,São Vicente,SP,6,21.59,24.93,77.38,35.66,0.471,0.0,755.9,2676791,73.4,42.5,5608,209.53,Medio
MUN_076,São Vicente,SP,7,17.59,27.99,69.14,25.51,0.124,0.0,755.9,2676791,73.4,42.5,4629,172.95,Medio
MUN_076,São Vicente,SP,8,19.28,26.5,78.84,19.12,0.484,0.0,755.9,2676791,73.4,42.5,4124,154.09,Baixo
MUN_076,São Vicente,SP,9,18.5,25.86,80.79,37.35,0.224,2.59,755.9,2676791,73.4,42.5,3625,135.44,Baixo
MUN_076,São Vicente,SP,10,21.08,28.73,79.7,8.79,0.266,2.55,755.9,2676791,73.4,42.5,4679,174.8,Medio
MUN_076,São Vicente,SP,11,26.91,30.41,76.64,18.84,0.676,8.39,755.9,2676791,73.4,42.5,9096,339.83,Alto
MUN_076,São Vicente,SP,12,23.39,33.39,72.6,179.28,0.708,16.01,755.9,2676791,73.4,42.5,11336,423.5,Alto
MUN_076,São Vicente,SP,13,19.86,23.03,87.32,22.76,0.636,6.85,755.9,2676791,73.4,42.5,5849,218.51,Medio
MUN_076,São Vicente,SP,14,21.16,26.81,77.42,16.18,0.291,1.6,755.9,2676791,73.4,42.5,5732,214.16,Medio
MUN_076,São Vicente,SP,15,30.57,37.08,69.12,68.03,0.597,9.98,755.9,2676791,73.4,42.5,6908,258.08,Alto
MUN_076,São Vicente,SP,16,20.51,26.52,73.86,36.32,0.512,10.16,755.9,2676791,73.4,42.5,7740,289.18,Alto
MUN_076,São Vicente,SP,17,22.83,30.09,83.37,113.57,0.594,0.0,755.9,2676791,73.4,42.5,8409,314.18,Alto
MUN_076,São Vicente,SP,18,27.52,37.87,84.07,11.58,0.747,9.45,755.9,2676791,73.4,42.5,9233,344.93,Alto
MUN_076,São Vicente,SP,19,24.13,30.97,74.93,55.0,0.468,8.96,755.9,2676791,73.4,42.5,6973,260.52,Alto
MUN_076,São Vicente,SP,20,22.33,29.4,85.2,79.01,0.676,5.73,755.9,2676791,73.4,42.5,4858,181.49,Medio
MUN_076,São Vicente,SP,21,18.32,25.66,70.81,78.61,0.398,9.45,755.9,2676791,73.4,42.5,3859,144.17,Baixo
MUN_076,São Vicente,SP,22,28.0,31.84,97.58,160.11,0.494,9.33,755.9,2676791,73.4,42.5,6424,239.99,Medio
MUN_076,São Vicente,SP,23,27.22,30.09,74.83,113.81,0.422,6.23,755.9,2676791,73.4,42.5,9340,348.94,Alto
MUN_076,São Vicente,SP,24,28.33,30.67,88.25,20.0,0.6,0.55,755.9,2676791,73.4,42.5,6888,257.33,Alto
MUN_076,São Vicente,SP,25,20.97,26.6,65.9,42.74,0.594,3.74,755.9,2676791,73.4,42.5,4869,181.9,Medio
MUN_076,São Vicente,SP,26,20.6,25.54,78.24,12.66,0.203,0.0,755.9,2676791,73.4,42.5,5294,197.78,Medio
MUN_076,São Vicente,SP,27,23.34,33.43,87.73,31.07,0.406,0.0,755.9,2676791,73.4,42.5,5090,190.17,Medio
MUN_076,São Vicente,SP,28,21.57,29.22,73.34,26.47,0.447,0.0,755.9,2676791,73.4,42.5,7948,296.95,Alto
MUN_076,São Vicente,SP,29,10.0,19.79,56.43,0.1,0.084,0.0,755.9,2676791,73.4,42.5,4064,151.86,Baixo
MUN_076,São Vicente,SP,30,20.93,29.79,50.22,13.29,0.296,3.99,755.9,2676791,73.4,42.5,3487,130.28,Baixo
MUN_076,São Vicente,SP,31,21.2,29.1,40.53,3.04,0.401,0.0,755.9,2676791,73.4,42.5,4948,184.87,Medio
MUN_076,São Vicente,SP,32,14.12,16.9,54.61,5.05,0.499,3.99,755.9,2676791,73.4,42.5,4574,170.9,Medio
MUN_076,São Vicente,SP,33,13.82,23.27,59.71,27.46,0.169,0.0,755.9,2676791,73.4,42.5,5279,197.24,Medio
MUN_076,São Vicente,SP,34,17.99,25.74,46.62,22.66,0.368,1.3,755.9,2676791,73.4,42.5,3526,131.74,Baixo
MUN_076,São Vicente,SP,35,17.12,25.26,46.27,4.13,0.364,3.27,755.9,2676791,73.4,42.5,6213,232.14,Medio
MUN_076,São Vicente,SP,36,22.06,25.9,70.0,26.36,0.35,0.5,755.9,2676791,73.4,42.5,3083,115.19,Baixo
MUN_076,São Vicente,SP,37,21.81,27.62,63.38,15.27,0.464,0.0,755.9,2676791,73.4,42.5,4982,186.15,Medio
MUN_076,São Vicente,SP,38,11.77,18.88,60.59,5.02,0.213,0.0,755.9,2676791,73.4,42.5,3143,117.45,Baixo
MUN_076,São Vicente,SP,39,15.46,18.87,59.64,28.68,0.37,0.0,755.9,2676791,73.4,42.5,3763,140.59,Baixo
MUN_076,São Vicente,SP,40,16.6,22.0,57.05,15.26,0.093,0.0,755.9,2676791,73.4,42.5,600,22.44,Baixo
MUN_076,São Vicente,SP,41,19.78,25.6,45.8,23.37,0.375,0.0,755.9,2676791,73.4,42.5,2851,106.52,Baixo
MUN_076,São Vicente,SP,42,16.53,19.64,52.27,10.77,0.336,0.0,755.9,2676791,73.4,42.5,0,0.0,Baixo
MUN_076,São Vicente,SP,43,11.18,20.41,70.94,0.33,0.351,6.75,755.9,2676791,73.4,42.5,4311,161.07,Medio
MUN_076,São Vicente,SP,44,19.1,29.23,80.71,7.07,0.216,0.91,755.9,2676791,73.4,42.5,5367,200.53,Medio
MUN_076,São Vicente,SP,45,13.28,22.23,64.55,29.98,0.191,0.0,755.9,2676791,73.4,42.5,5593,208.96,Medio
MUN_076,São Vicente,SP,46,13.55,20.81,50.14,6.36,0.22,3.61,755.9,2676791,73.4,42.5,4217,157.55,Medio
MUN_076,São Vicente,SP,47,15.38,21.26,58.01,9.18,0.145,0.0,755.9,2676791,73.4,42.5,4868,181.89,Medio
MUN_076,São Vicente,SP,48,21.87,31.24,52.21,0.84,0.364,0.97,755.9,2676791,73.4,42.5,2683,100.26,Baixo
MUN_076,São Vicente,SP,49,19.88,23.35,55.85,11.62,0.511,0.0,755.9,2676791,73.4,42.5,672,25.13,Baixo
MUN_076,São Vicente,SP,50,19.29,23.35,84.05,10.72,0.177,0.51,755.9,2676791,73.4,42.5,4018,150.12,Baixo
MUN_077,Taubaté,SP,1,12.84,22.54,89.57,3.89,0.503,7.75,774.2,33267,156.7,75.6,0,0.0,Baixo
MUN_077,Taubaté,SP,2,12.14,17.27,59.71,0.23,0.102,0.0,774.2,33267,156.7,75.6,0,0.0,Baixo
MUN_077,Taubaté,SP,3,21.78,26.91,46.52,11.62,0.357,0.0,774.2,33267,156.7,75.6,11,33.74,Baixo
MUN_077,Taubaté,SP,4,16.14,26.25,74.26,4.99,0.341,9.65,774.2,33267,156.7,75.6,23,69.46,Baixo
MUN_077,Taubaté,SP,5,17.2,21.51,89.09,29.85,0.108,5.11,774.2,33267,156.7,75.6,8,25.54,Baixo
MUN_077,Taubaté,SP,6,27.03,34.05,73.26,73.38,0.545,0.97,774.2,33267,156.7,75.6,35,106.78,Baixo
MUN_077,Taubaté,SP,7,19.53,22.4,76.1,5.83,0.307,0.0,774.2,33267,156.7,75.6,6,18.91,Baixo
MUN_077,Taubaté,SP,8,25.58,35.66,62.43,12.42,0.385,0.8,774.2,33267,156.7,75.6,44,132.79,Baixo
MUN_077,Taubaté,SP,9,25.43,28.55,61.51,17.77,0.531,0.0,774.2,33267,156.7,75.6,35,106.78,Baixo
MUN_077,Taubaté,SP,10,21.36,26.36,60.19,30.69,0.607,1.22,774.2,33267,156.7,75.6,57,173.16,Medio
MUN_077,Taubaté,SP,11,22.36,29.78,80.35,138.09,0.471,0.1,774.2,33267,156.7,75.6,38,114.59,Baixo
MUN_077,Taubaté,SP,12,24.89,33.61,56.17,6.66,0.527,0.0,774.2,33267,156.7,75.6,32,97.34,Baixo
MUN_077,Taubaté,SP,13,27.51,34.37,93.76,144.43,0.638,4.13,774.2,33267,156.7,75.6,93,279.76,Alto
MUN_077,Taubaté,SP,14,25.7,36.17,88.4,15.73,0.533,0.0,774.2,33267,156.7,75.6,43,131.26,Baixo
MUN_077,Taubaté,SP,15,23.05,31.93,74.22,20.25,0.536,7.98,774.2,33267,156.7,75.6,78,236.45,Medio
MUN_077,Taubaté,SP,16,22.59,25.45,64.6,101.6,0.672,7.96,774.2,33267,156.7,75.6,109,328.92,Alto
MUN_077,Taubaté,SP,17,27.3,36.87,85.92,28.65,0.573,3.23,774.2,33267,156.7,75.6,91,274.32,Alto
MUN_077,Taubaté,SP,18,27.01,37.46,97.04,9.23,0.409,0.0,774.2,33267,156.7,75.6,42,127.83,Baixo
MUN_077,Taubaté,SP,19,26.05,34.6,80.92,191.08,0.461,10.79,774.2,33267,156.7,75.6,88,266.89,Alto
MUN_077,Taubaté,SP,20,23.96,28.22,78.12,114.84,0.343,5.08,774.2,33267,156.7,75.6,99,298.59,Alto
MUN_077,Taubaté,SP,21,25.14,29.94,71.23,66.26,0.62,2.94,774.2,33267,156.7,75.6,71,215.26,Medio
MUN_077,Taubaté,SP,22,26.77,34.68,63.94,104.06,0.329,0.0,774.2,33267,156.7,75.6,85,256.23,Alto
MUN_077,Taubaté,SP,23,26.92,31.52,93.99,22.39,0.45,0.39,774.2,33267,156.7,75.6,104,314.27,Alto
MUN_077,Taubaté,SP,24,26.68,33.3,69.23,50.6,0.554,2.87,774.2,33267,156.7,75.6,86,258.96,Alto
MUN_077,Taubaté,SP,25,23.3,30.56,76.79,47.56,0.45,0.0,774.2,33267,156.7,75.6,56,170.27,Medio
MUN_077,Taubaté,SP,26,20.27,29.27,73.63,50.12,0.515,1.54,774.2,33267,156.7,75.6,65,196.12,Medio
MUN_077,Taubaté,SP,27,23.81,31.25,56.53,12.35,0.464,4.0,774.2,33267,156.7,75.6,45,135.77,Baixo
MUN_077,Taubaté,SP,28,23.37,30.53,100.0,18.31,0.468,0.0,774.2,33267,156.7,75.6,17,54.02,Baixo
MUN_077,Taubaté,SP,29,19.36,26.5,69.79,17.05,0.237,4.06,774.2,33267,156.7,75.6,23,69.21,Baixo
MUN_077,Taubaté,SP,30,14.69,19.74,80.26,2.7,0.291,0.0,774.2,33267,156.7,75.6,8,26.63,Baixo
MUN_077,Taubaté,SP,31,11.76,14.54,55.12,3.16,0.361,2.81,774.2,33267,156.7,75.6,9,29.76,Baixo
MUN_077,Taubaté,SP,32,14.85,21.72,92.13,0.05,0.144,0.9,774.2,33267,156.7,75.6,9,29.21,Baixo
MUN_077,Taubaté,SP,33,22.08,25.2,66.73,19.63,0.139,2.37,774.2,33267,156.7,75.6,64,195.09,Medio
MUN_077,Taubaté,SP,34,12.88,22.76,61.64,12.66,0.236,6.36,774.2,33267,156.7,75.6,44,134.84,Baixo
MUN_077,Taubaté,SP,35,17.75,22.33,72.1,6.01,0.316,0.0,774.2,33267,156.7,75.6,17,53.79,Baixo
MUN_077,Taubaté,SP,36,22.93,31.88,43.58,5.32,0.173,0.15,774.2,33267,156.7,75.6,19,57.44,Baixo
MUN_077,Taubaté,SP,37,19.78,27.96,67.52,33.63,0.126,8.53,774.2,33267,156.7,75.6,24,73.87,Baixo
MUN_077,Taubaté,SP,38,13.71,21.23,64.33,10.72,0.36,0.0,774.2,33267,156.7,75.6,37,112.06,Baixo
MUN_077,Taubaté,SP,39,16.93,24.19,49.1,4.55,0.476,10.53,774.2,33267,156.7,75.6,15,45.71,Baixo
MUN_077,Taubaté,SP,40,12.75,20.59,67.8,4.43,0.397,0.0,774.2,33267,156.7,75.6,7,23.82,Baixo
MUN_077,Taubaté,SP,41,24.16,30.03,41.49,12.75,0.403,7.77,774.2,33267,156.7,75.6,29,88.6,Baixo
MUN_077,Taubaté,SP,42,21.31,24.03,66.79,4.15,0.457,3.9,774.2,33267,156.7,75.6,20,62.4,Baixo
MUN_077,Taubaté,SP,43,15.92,18.11,73.7,6.95,0.28,1.96,774.2,33267,156.7,75.6,1,4.44,Baixo
MUN_077,Taubaté,SP,44,23.14,29.04,63.11,0.04,0.394,2.24,774.2,33267,156.7,75.6,0,0.0,Baixo
MUN_077,Taubaté,SP,45,16.58,19.15,74.63,0.71,0.28,4.94,774.2,33267,156.7,75.6,16,48.15,Baixo
MUN_077,Taubaté,SP,46,11.0,17.33,79.38,0.96,0.193,2.72,774.2,33267,156.7,75.6,0,0.0,Baixo
MUN_077,Taubaté,SP,47,26.31,30.27,53.12,2.38,0.233,1.61,774.2,33267,156.7,75.6,27,83.35,Baixo
MUN_077,Taubaté,SP,48,17.83,28.2,63.89,0.77,0.423,0.4,774.2,33267,156.7,75.6,13,41.83,Baixo
MUN_077,Taubaté,SP,49,13.62,17.52,74.58,0.49,0.43,0.0,774.2,33267,156.7,75.6,0,0.0,Baixo
MUN_077,Taubaté,SP,50,20.46,30.21,62.87,1.14,0.505,12.38,774.2,33267,156.7,75.6,43,129.56,Baixo
MUN_078,Imperatriz,MA,1,25.49,28.58,56.24,21.52,0.48,0.0,53.2,546771,38.4,79.9,984,180.14,Medio
MUN_078,Imperatriz,MA,2,30.18,40.18,66.14,18.13,0.175,6.0,53.2,546771,38.4,79.9,1042,190.65,Medio
MUN_078,Imperatriz,MA,3,27.25,35.96,43.45,20.17,0.218,0.0,53.2,546771,38.4,79.9,1294,236.75,Medio
MUN_078,Imperatriz,MA,4,22.66,25.12,70.82,5.67,0.265,0.91,53.2,546771,38.4,79.9,380,69.61,Baixo
MUN_078,Imperatriz,MA,5,25.94,34.86,60.25,2.73,0.167,5.46,53.2,546771,38.4,79.9,1027,187.85,Medio
MUN_078,Imperatriz,MA,6,28.64,31.13,66.79,2.83,0.285,0.0,53.2,546771,38.4,79.9,794,145.27,Baixo
MUN_078,Imperatriz,MA,7,29.04,38.0,67.73,67.04,0.423,1.78,53.2,546771,38.4,79.9,2281,417.21,Alto
MUN_078,Imperatriz,MA,8,24.27,29.86,69.02,6.17,0.478,4.39,53.2,546771,38.4,79.9,1325,242.38,Medio
MUN_078,Imperatriz,MA,9,23.04,28.74,89.89,203.74,0.597,17.78,53.2,546771,38.4,79.9,1778,325.21,Alto
MUN_078,Imperatriz,MA,10,33.51,40.83,61.26,93.64,0.574,11.0,53.2,546771,38.4,79.9,1545,282.72,Alto
MUN_078,Imperatriz,MA,11,28.23,36.71,75.78,8.39,0.58,3.23,53.2,546771,38.4,79.9,1928,352.7,Alto
MUN_078,Imperatriz,MA,12,32.77,37.4,58.0,20.38,0.692,5.05,53.2,546771,38.4,79.9,1544,282.46,Alto
MUN_078,Imperatriz,MA,13,35.47,39.62,86.78,42.43,0.762,2.66,53.2,546771,38.4,79.9,1307,239.21,Medio
MUN_078,Imperatriz,MA,14,31.54,33.97,82.37,192.93,0.569,24.69,53.2,546771,38.4,79.9,2289,418.71,Alto
MUN_078,Imperatriz,MA,15,37.34,43.34,73.83,300.0,0.655,22.69,53.2,546771,38.4,79.9,2729,499.22,Alto
MUN_078,Imperatriz,MA,16,40.0,43.61,100.0,177.11,0.382,12.82,53.2,546771,38.4,79.9,2599,475.39,Alto
MUN_078,Imperatriz,MA,17,27.66,32.62,79.35,100.93,0.801,1.3,53.2,546771,38.4,79.9,1869,341.85,Alto
MUN_078,Imperatriz,MA,18,27.45,35.53,61.3,56.64,0.54,8.43,53.2,546771,38.4,79.9,1382,252.8,Alto
MUN_078,Imperatriz,MA,19,40.0,45.47,86.65,287.79,0.655,17.68,53.2,546771,38.4,79.9,1850,338.37,Alto
MUN_078,Imperatriz,MA,20,29.24,36.68,100.0,59.17,0.659,0.0,53.2,546771,38.4,79.9,1607,294.01,Alto
MUN_078,Imperatriz,MA,21,32.41,40.35,79.09,27.88,0.546,6.82,53.2,546771,38.4,79.9,1448,264.96,Alto
MUN_078,Imperatriz,MA,22,34.88,37.73,58.17,16.01,0.39,4.21,53.2,546771,38.4,79.9,926,169.43,Medio
MUN_078,Imperatriz,MA,23,30.56,39.13,87.6,156.41,0.778,10.89,53.2,546771,38.4,79.9,2047,374.55,Alto
MUN_078,Imperatriz,MA,24,27.16,29.26,71.21,22.09,0.406,7.6,53.2,546771,38.4,79.9,1325,242.37,Medio
MUN_078,Imperatriz,MA,25,26.29,31.45,70.95,67.29,0.694,10.22,53.2,546771,38.4,79.9,1861,340.47,Alto
MUN_078,Imperatriz,MA,26,31.04,36.54,75.39,42.64,0.258,2.23,53.2,546771,38.4,79.9,1736,317.57,Alto
MUN_078,Imperatriz,MA,27,27.94,31.66,61.86,24.43,0.218,0.84,53.2,546771,38.4,79.9,1344,245.91,Medio
MUN_078,Imperatriz,MA,28,31.82,38.57,85.23,100.82,0.586,2.79,53.2,546771,38.4,79.9,2118,387.51,Alto
MUN_078,Imperatriz,MA,29,22.44,28.29,68.39,20.07,0.348,0.0,53.2,546771,38.4,79.9,1371,250.83,Alto
MUN_078,Imperatriz,MA,30,26.15,36.08,64.57,31.43,0.346,0.0,53.2,546771,38.4,79.9,754,137.96,Baixo
MUN_078,Imperatriz,MA,31,20.79,28.9,53.04,56.3,0.462,5.0,53.2,546771,38.4,79.9,801,146.6,Baixo
MUN_078,Imperatriz,MA,32,22.59,25.13,45.56,49.43,0.455,7.26,53.2,546771,38.4,79.9,935,171.07,Medio
MUN_078,Imperatriz,MA,33,26.15,28.84,65.71,8.84,0.301,8.88,53.2,546771,38.4,79.9,1178,215.52,Medio
MUN_078,Imperatriz,MA,34,26.45,29.41,56.03,0.18,0.317,0.0,53.2,546771,38.4,79.9,896,163.92,Medio
MUN_078,Imperatriz,MA,35,24.65,31.46,45.6,3.99,0.335,0.0,53.2,546771,38.4,79.9,712,130.22,Baixo
MUN_078,Imperatriz,MA,36,16.28,19.22,75.89,27.48,0.107,0.0,53.2,546771,38.4,79.9,691,126.54,Baixo
MUN_078,Imperatriz,MA,37,23.98,33.66,50.45,7.78,0.161,3.48,53.2,546771,38.4,79.9,1400,256.07,Alto
MUN_078,Imperatriz,MA,38,21.51,30.04,79.94,35.89,0.187,0.0,53.2,546771,38.4,79.9,945,172.95,Medio
MUN_078,Imperatriz,MA,39,29.72,38.64,74.71,4.36,0.177,1.44,53.2,546771,38.4,79.9,816,149.27,Baixo
MUN_078,Imperatriz,MA,40,22.75,26.9,58.38,5.36,0.26,8.57,53.2,546771,38.4,79.9,229,42.05,Baixo
MUN_078,Imperatriz,MA,41,24.12,33.2,80.06,4.96,0.332,0.0,53.2,546771,38.4,79.9,515,94.27,Baixo
MUN_078,Imperatriz,MA,42,21.99,31.82,72.54,41.98,0.473,9.53,53.2,546771,38.4,79.9,507,92.82,Baixo
MUN_078,Imperatriz,MA,43,25.39,27.78,64.62,10.56,0.237,6.13,53.2,546771,38.4,79.9,586,107.26,Baixo
MUN_078,Imperatriz,MA,44,21.81,29.07,53.33,25.34,0.323,11.8,53.2,546771,38.4,79.9,1557,284.82,Alto
MUN_078,Imperatriz,MA,45,29.94,32.68,70.59,14.97,0.203,9.01,53.2,546771,38.4,79.9,596,109.02,Baixo
MUN_078,Imperatriz,MA,46,21.4,26.98,54.7,16.31,0.328,0.0,53.2,546771,38.4,79.9,951,173.94,Medio
MUN_078,Imperatriz,MA,47,24.29,31.08,55.61,1.08,0.306,0.0,53.2,546771,38.4,79.9,636,116.33,Baixo
MUN_078,Imperatriz,MA,48,26.81,35.96,62.05,70.53,0.23,0.0,53.2,546771,38.4,79.9,793,145.11,Baixo
MUN_078,Imperatriz,MA,49,22.2,32.17,51.47,3.63,0.341,0.0,53.2,546771,38.4,79.9,258,47.25,Baixo
MUN_078,Imperatriz,MA,50,22.36,29.37,51.88,33.59,0.366,11.11,53.2,546771,38.4,79.9,1024,187.46,Medio
MUN_079,Limeira,SP,1,12.65,18.81,68.04,2.73,0.225,1.58,1122.6,2213151,31.4,74.8,0,0.0,Baixo
MUN_079,Limeira,SP,2,11.39,18.87,27.18,6.59,0.34,0.0,1122.6,2213151,31.4,74.8,0,0.0,Baixo
MUN_079,Limeira,SP,3,10.0,15.96,36.86,6.11,0.222,13.33,1122.6,2213151,31.4,74.8,174,7.89,Baixo
MUN_079,Limeira,SP,4,15.69,20.14,45.37,45.06,0.283,0.43,1122.6,2213151,31.4,74.8,145,6.59,Baixo
MUN_079,Limeira,SP,5,14.15,23.24,45.42,3.14,0.386,2.85,1122.6,2213151,31.4,74.8,0,0.0,Baixo
MUN_079,Limeira,SP,6,18.77,23.13,79.06,1.61,0.279,6.27,1122.6,2213151,31.4,74.8,0,0.0,Baixo
MUN_079,Limeira,SP,7,18.32,26.55,75.25,2.06,0.507,3.75,1122.6,2213151,31.4,74.8,0,0.0,Baixo
MUN_079,Limeira,SP,8,21.94,24.75,85.08,54.92,0.459,9.32,1122.6,2213151,31.4,74.8,3900,176.23,Medio
MUN_079,Limeira,SP,9,20.72,25.7,73.91,10.43,0.257,9.71,1122.6,2213151,31.4,74.8,1419,64.14,Baixo
MUN_079,Limeira,SP,10,19.88,26.1,83.27,33.61,0.547,0.0,1122.6,2213151,31.4,74.8,2002,90.48,Baixo
MUN_079,Limeira,SP,11,25.22,34.4,64.46,258.42,0.436,25.51,1122.6,2213151,31.4,74.8,2923,132.11,Baixo
MUN_079,Limeira,SP,12,24.17,31.54,78.7,137.72,0.433,8.27,1122.6,2213151,31.4,74.8,2214,100.05,Baixo
MUN_079,Limeira,SP,13,18.84,22.81,80.35,26.65,0.548,9.61,1122.6,2213151,31.4,74.8,0,0.0,Baixo
MUN_079,Limeira,SP,14,23.65,32.81,65.62,32.92,0.584,8.21,1122.6,2213151,31.4,74.8,3083,139.32,Baixo
MUN_079,Limeira,SP,15,18.33,22.74,84.11,10.12,0.869,1.15,1122.6,2213151,31.4,74.8,2580,116.58,Baixo
MUN_079,Limeira,SP,16,19.54,28.46,90.92,126.14,0.532,4.3,1122.6,2213151,31.4,74.8,2885,130.36,Baixo
MUN_079,Limeira,SP,17,24.86,29.67,92.25,57.77,0.735,0.0,1122.6,2213151,31.4,74.8,6309,285.07,Alto
MUN_079,Limeira,SP,18,26.19,36.47,77.25,39.78,0.498,0.0,1122.6,2213151,31.4,74.8,5008,226.32,Medio
MUN_079,Limeira,SP,19,29.13,31.42,97.88,191.26,0.425,12.31,1122.6,2213151,31.4,74.8,3825,172.84,Medio
MUN_079,Limeira,SP,20,24.74,31.48,59.64,88.53,0.732,7.41,1122.6,2213151,31.4,74.8,3564,161.06,Medio
MUN_079,Limeira,SP,21,22.05,31.56,76.88,23.95,0.564,0.0,1122.6,2213151,31.4,74.8,1946,87.94,Baixo
MUN_079,Limeira,SP,22,30.41,34.02,64.48,83.34,0.532,5.71,1122.6,2213151,31.4,74.8,3636,164.32,Medio
MUN_079,Limeira,SP,23,21.94,28.75,92.34,8.9,0.347,4.84,1122.6,2213151,31.4,74.8,0,0.0,Baixo
MUN_079,Limeira,SP,24,24.52,34.02,71.55,7.43,0.781,0.0,1122.6,2213151,31.4,74.8,0,0.0,Baixo
MUN_079,Limeira,SP,25,19.03,27.07,74.6,193.63,0.531,13.15,1122.6,2213151,31.4,74.8,3896,176.05,Medio
MUN_079,Limeira,SP,26,23.15,33.1,77.01,47.08,0.498,5.0,1122.6,2213151,31.4,74.8,1840,83.14,Baixo
MUN_079,Limeira,SP,27,19.84,26.11,80.14,62.57,0.407,4.38,1122.6,2213151,31.4,74.8,3096,139.9,Baixo
MUN_079,Limeira,SP,28,19.98,24.62,64.1,18.35,0.377,6.58,1122.6,2213151,31.4,74.8,0,0.0,Baixo
MUN_079,Limeira,SP,29,14.97,23.65,49.97,31.33,0.399,8.18,1122.6,2213151,31.4,74.8,542,24.51,Baixo
MUN_079,Limeira,SP,30,16.41,24.86,44.97,2.34,0.256,0.0,1122.6,2213151,31.4,74.8,0,0.0,Baixo
MUN_079,Limeira,SP,31,11.27,19.61,50.12,7.5,0.246,11.81,1122.6,2213151,31.4,74.8,705,31.88,Baixo
MUN_079,Limeira,SP,32,22.31,24.71,61.69,0.43,0.448,3.67,1122.6,2213151,31.4,74.8,979,44.27,Baixo
MUN_079,Limeira,SP,33,11.41,21.13,70.17,1.09,0.336,7.29,1122.6,2213151,31.4,74.8,247,11.2,Baixo
MUN_079,Limeira,SP,34,14.7,16.92,69.93,11.51,0.256,0.0,1122.6,2213151,31.4,74.8,844,38.14,Baixo
MUN_079,Limeira,SP,35,16.99,24.83,66.28,13.45,0.101,3.18,1122.6,2213151,31.4,74.8,1135,51.31,Baixo
MUN_079,Limeira,SP,36,17.01,23.22,71.5,0.59,0.31,3.65,1122.6,2213151,31.4,74.8,0,0.0,Baixo
MUN_079,Limeira,SP,37,12.78,22.59,62.69,2.84,0.176,0.0,1122.6,2213151,31.4,74.8,1363,61.62,Baixo
MUN_079,Limeira,SP,38,13.84,23.23,45.12,18.33,0.402,0.0,1122.6,2213151,31.4,74.8,0,0.0,Baixo
MUN_079,Limeira,SP,39,15.66,17.8,47.11,8.78,0.294,0.0,1122.6,2213151,31.4,74.8,1177,53.22,Baixo
MUN_079,Limeira,SP,40,18.91,25.48,49.49,10.29,0.425,7.12,1122.6,2213151,31.4,74.8,843,38.1,Baixo
MUN_079,Limeira,SP,41,12.8,22.65,67.17,17.62,0.117,0.0,1122.6,2213151,31.4,74.8,666,30.13,Baixo
MUN_079,Limeira,SP,42,18.08,27.36,75.17,5.31,0.364,2.46,1122.6,2213151,31.4,74.8,0,0.0,Baixo
MUN_079,Limeira,SP,43,18.47,27.78,57.96,19.17,0.124,3.28,1122.6,2213151,31.4,74.8,382,17.27,Baixo
MUN_079,Limeira,SP,44,21.68,27.67,44.66,30.8,0.32,0.0,1122.6,2213151,31.4,74.8,2242,101.31,Baixo
MUN_079,Limeira,SP,45,15.1,18.94,74.5,24.63,0.218,13.92,1122.6,2213151,31.4,74.8,904,40.86,Baixo
MUN_079,Limeira,SP,46,13.26,20.45,53.5,12.77,0.262,3.46,1122.6,2213151,31.4,74.8,1063,48.05,Baixo
MUN_079,Limeira,SP,47,14.8,21.91,68.49,10.0,0.423,5.24,1122.6,2213151,31.4,74.8,783,35.42,Baixo
MUN_079,Limeira,SP,48,10.0,14.82,49.85,0.07,0.305,1.12,1122.6,2213151,31.4,74.8,583,26.38,Baixo
MUN_079,Limeira,SP,49,17.07,19.09,64.01,3.16,0.24,0.0,1122.6,2213151,31.4,74.8,671,30.32,Baixo
MUN_079,Limeira,SP,50,21.1,25.65,59.48,8.03,0.247,1.14,1122.6,2213151,31.4,74.8,0,0.0,Baixo
MUN_080,Uberaba,MG,1,19.95,29.02,71.81,18.33,0.457,0.0,861.5,1504271,249.6,96.1,1056,70.25,Baixo
MUN_080,Uberaba,MG,2,18.49,26.28,81.9,2.07,0.215,0.0,861.5,1504271,249.6,96.1,1323,87.97,Baixo
MUN_080,Uberaba,MG,3,18.52,24.94,53.49,2.28,0.21,8.27,861.5,1504271,249.6,96.1,822,54.69,Baixo
MUN_080,Uberaba,MG,4,19.6,28.35,83.45,18.82,0.246,4.09,861.5,1504271,249.6,96.1,191,12.74,Baixo
MUN_080,Uberaba,MG,5,22.4,31.54,52.92,0.09,0.377,1.03,861.5,1504271,249.6,96.1,349,23.26,Baixo
MUN_080,Uberaba,MG,6,20.44,25.37,50.13,23.95,0.544,5.32,861.5,1504271,249.6,96.1,2466,163.99,Medio
MUN_080,Uberaba,MG,7,20.3,23.69,86.28,1.4,0.297,0.0,861.5,1504271,249.6,96.1,1471,97.82,Baixo
MUN_080,Uberaba,MG,8,22.7,27.53,61.9,85.92,0.373,6.97,861.5,1504271,249.6,96.1,3006,199.84,Medio
MUN_080,Uberaba,MG,9,23.17,31.86,69.69,120.5,0.368,12.65,861.5,1504271,249.6,96.1,4118,273.82,Alto
MUN_080,Uberaba,MG,10,21.98,25.63,69.52,10.74,0.443,3.43,861.5,1504271,249.6,96.1,3296,219.14,Medio
MUN_080,Uberaba,MG,11,21.08,29.29,64.42,22.74,0.488,10.19,861.5,1504271,249.6,96.1,2318,154.12,Baixo
MUN_080,Uberaba,MG,12,20.48,29.66,61.63,101.48,0.503,4.61,861.5,1504271,249.6,96.1,2748,182.73,Medio
MUN_080,Uberaba,MG,13,28.61,34.39,85.88,30.7,0.553,1.85,861.5,1504271,249.6,96.1,1398,93.0,Baixo
MUN_080,Uberaba,MG,14,20.18,27.96,80.88,0.85,0.89,0.0,861.5,1504271,249.6,96.1,1267,84.25,Baixo
MUN_080,Uberaba,MG,15,30.04,40.18,62.54,88.09,0.669,3.77,861.5,1504271,249.6,96.1,5122,340.54,Alto
MUN_080,Uberaba,MG,16,23.4,26.11,63.04,180.85,0.37,6.84,861.5,1504271,249.6,96.1,3002,199.59,Medio
MUN_080,Uberaba,MG,17,26.79,32.84,50.54,24.78,0.704,10.32,861.5,1504271,249.6,96.1,3145,209.13,Medio
MUN_080,Uberaba,MG,18,22.97,30.03,91.34,68.56,0.551,3.72,861.5,1504271,249.6,96.1,3833,254.86,Alto
MUN_080,Uberaba,MG,19,27.36,30.65,86.18,13.35,0.726,0.0,861.5,1504271,249.6,96.1,3295,219.08,Medio
MUN_080,Uberaba,MG,20,24.36,34.58,67.19,15.34,0.637,7.79,861.5,1504271,249.6,96.1,3010,200.13,Medio
MUN_080,Uberaba,MG,21,26.22,28.36,81.52,61.78,0.535,2.65,861.5,1504271,249.6,96.1,3867,257.07,Alto
MUN_080,Uberaba,MG,22,23.28,30.56,81.87,37.15,0.581,6.87,861.5,1504271,249.6,96.1,1567,104.21,Baixo
MUN_080,Uberaba,MG,23,23.49,33.57,94.7,90.19,0.513,13.68,861.5,1504271,249.6,96.1,2305,153.27,Baixo
MUN_080,Uberaba,MG,24,29.32,35.38,71.55,44.26,0.493,0.0,861.5,1504271,249.6,96.1,3116,207.17,Medio
MUN_080,Uberaba,MG,25,23.96,28.42,87.5,17.05,0.561,0.0,861.5,1504271,249.6,96.1,3183,211.63,Medio
MUN_080,Uberaba,MG,26,21.4,29.83,54.06,22.19,0.386,1.13,861.5,1504271,249.6,96.1,271,18.07,Baixo
MUN_080,Uberaba,MG,27,17.63,25.02,66.07,22.59,0.347,4.13,861.5,1504271,249.6,96.1,1072,71.31,Baixo
MUN_080,Uberaba,MG,28,20.09,24.73,55.07,30.64,0.273,2.63,861.5,1504271,249.6,96.1,890,59.21,Baixo
MUN_080,Uberaba,MG,29,26.33,32.63,58.08,5.72,0.173,5.8,861.5,1504271,249.6,96.1,1303,86.64,Baixo
MUN_080,Uberaba,MG,30,15.61,22.4,51.07,6.76,0.359,4.65,861.5,1504271,249.6,96.1,944,62.77,Baixo
MUN_080,Uberaba,MG,31,12.68,21.78,73.3,0.64,0.356,5.82,861.5,1504271,249.6,96.1,0,0.0,Baixo
MUN_080,Uberaba,MG,32,23.15,26.22,55.51,15.62,0.296,0.0,861.5,1504271,249.6,96.1,912,60.64,Baixo
MUN_080,Uberaba,MG,33,18.44,21.71,61.87,1.06,0.28,0.0,861.5,1504271,249.6,96.1,114,7.61,Baixo
MUN_080,Uberaba,MG,34,13.53,16.43,41.35,13.34,0.342,2.82,861.5,1504271,249.6,96.1,361,24.05,Baixo
MUN_080,Uberaba,MG,35,20.18,24.45,71.87,14.18,0.142,0.0,861.5,1504271,249.6,96.1,1157,76.96,Baixo
MUN_080,Uberaba,MG,36,10.19,14.31,77.64,18.34,0.56,1.41,861.5,1504271,249.6,96.1,639,42.49,Baixo
MUN_080,Uberaba,MG,37,13.91,20.52,60.31,23.71,0.372,5.0,861.5,1504271,249.6,96.1,0,0.0,Baixo
MUN_080,Uberaba,MG,38,15.01,18.31,56.69,13.6,0.365,0.0,861.5,1504271,249.6,96.1,2454,163.18,Medio
MUN_080,Uberaba,MG,39,16.72,23.09,57.04,23.87,0.38,0.53,861.5,1504271,249.6,96.1,1340,89.13,Baixo
MUN_080,Uberaba,MG,40,13.52,15.76,65.34,6.43,0.363,3.7,861.5,1504271,249.6,96.1,666,44.32,Baixo
MUN_080,Uberaba,MG,41,16.28,21.11,62.46,19.54,0.206,2.88,861.5,1504271,249.6,96.1,675,44.93,Baixo
MUN_080,Uberaba,MG,42,22.41,31.61,40.84,0.1,0.274,4.37,861.5,1504271,249.6,96.1,435,28.94,Baixo
MUN_080,Uberaba,MG,43,18.35,23.1,55.2,4.94,0.123,5.9,861.5,1504271,249.6,96.1,1229,81.73,Baixo
MUN_080,Uberaba,MG,44,19.27,26.18,68.63,2.1,0.217,0.0,861.5,1504271,249.6,96.1,812,54.0,Baixo
MUN_080,Uberaba,MG,45,19.18,26.76,51.47,18.88,0.502,0.0,861.5,1504271,249.6,96.1,694,46.16,Baixo
MUN_080,Uberaba,MG,46,14.14,18.71,84.39,6.23,0.396,4.14,861.5,1504271,249.6,96.1,1840,122.35,Baixo
MUN_080,Uberaba,MG,47,18.53,21.37,55.25,72.48,0.044,6.65,861.5,1504271,249.6,96.1,3345,222.42,Medio
MUN_080,Uberaba,MG,48,16.37,21.03,61.52,5.86,0.156,0.0,861.5,1504271,249.6,96.1,2490,165.55,Medio
MUN_080,Uberaba,MG,49,22.45,27.91,82.54,7.23,0.22,2.49,861.5,1504271,249.6,96.1,2266,150.67,Baixo
MUN_080,Uberaba,MG,50,22.65,28.72,65.66,5.37,0.272,0.0,861.5,1504271,249.6,96.1,911,60.62,Baixo
MUN_081,Suzano,SP,1,22.62,28.04,54.2,12.47,0.371,1.04,862.4,2541720,71.9,58.5,3759,147.9,Baixo
MUN_081,Suzano,SP,2,16.59,27.0,74.09,12.78,0.333,0.0,862.4,2541720,71.9,58.5,4504,177.23,Medio
MUN_081,Suzano,SP,3,19.74,22.74,56.25,41.03,0.21,2.21,862.4,2541720,71.9,58.5,5836,229.62,Medio
MUN_081,Suzano,SP,4,23.69,31.39,58.83,14.95,0.349,2.96,862.4,2541720,71.9,58.5,6775,266.58,Alto
MUN_081,Suzano,SP,5,18.72,23.1,72.93,7.03,0.315,0.0,862.4,2541720,71.9,58.5,5401,212.51,Medio
MUN_081,Suzano,SP,6,18.14,28.32,76.71,9.01,0.354,4.95,862.4,2541720,71.9,58.5,4773,187.81,Medio
MUN_081,Suzano,SP,7,21.64,28.32,66.89,1.19,0.263,0.0,862.4,2541720,71.9,58.5,6172,242.85,Medio
MUN_081,Suzano,SP,8,18.44,25.23,90.07,49.66,0.479,8.45,862.4,2541720,71.9,58.5,7232,284.55,Alto
MUN_081,Suzano,SP,9,21.7,29.87,78.63,17.38,0.413,2.3,862.4,2541720,71.9,58.5,6968,274.16,Alto
MUN_081,Suzano,SP,10,21.62,29.45,68.69,13.37,0.44,0.0,862.4,2541720,71.9,58.5,4599,180.97,Medio
MUN_081,Suzano,SP,11,25.07,35.25,73.08,161.57,0.48,19.15,862.4,2541720,71.9,58.5,11338,446.09,Alto
MUN_081,Suzano,SP,12,23.66,33.85,73.12,23.43,0.329,0.0,862.4,2541720,71.9,58.5,6467,254.47,Alto
MUN_081,Suzano,SP,13,26.16,33.82,84.89,1.83,0.506,3.03,862.4,2541720,71.9,58.5,9010,354.51,Alto
MUN_081,Suzano,SP,14,21.51,25.99,100.0,130.54,0.547,7.34,862.4,2541720,71.9,58.5,8550,336.41,Alto
MUN_081,Suzano,SP,15,25.74,35.59,88.97,99.17,0.526,7.66,862.4,2541720,71.9,58.5,10172,400.21,Alto
MUN_081,Suzano,SP,16,30.25,33.19,80.74,32.32,0.633,6.34,862.4,2541720,71.9,58.5,10440,410.76,Alto
MUN_081,Suzano,SP,17,26.28,32.83,80.32,300.0,0.609,18.43,862.4,2541720,71.9,58.5,9982,392.74,Alto
MUN_081,Suzano,SP,18,24.97,34.42,83.18,133.53,0.539,11.99,862.4,2541720,71.9,58.5,10715,421.57,Alto
MUN_081,Suzano,SP,19,27.73,30.12,65.16,30.59,0.569,6.34,862.4,2541720,71.9,58.5,7945,312.62,Alto
MUN_081,Suzano,SP,20,24.49,27.2,90.4,18.63,0.411,2.18,862.4,2541720,71.9,58.5,6931,272.72,Alto
MUN_081,Suzano,SP,21,18.55,23.23,81.18,79.58,0.442,5.04,862.4,2541720,71.9,58.5,7514,295.66,Alto
MUN_081,Suzano,SP,22,23.64,31.14,72.97,26.82,0.5,1.65,862.4,2541720,71.9,58.5,5936,233.57,Medio
MUN_081,Suzano,SP,23,22.71,25.5,68.36,73.51,0.538,7.22,862.4,2541720,71.9,58.5,8078,317.83,Alto
MUN_081,Suzano,SP,24,25.65,29.13,100.0,96.03,0.484,7.45,862.4,2541720,71.9,58.5,10626,418.08,Alto
MUN_081,Suzano,SP,25,19.94,29.48,91.95,132.72,0.544,3.98,862.4,2541720,71.9,58.5,10931,430.08,Alto
MUN_081,Suzano,SP,26,23.67,26.63,66.12,21.6,0.273,6.5,862.4,2541720,71.9,58.5,6128,241.12,Medio
MUN_081,Suzano,SP,27,26.1,29.15,66.95,42.37,0.342,11.09,862.4,2541720,71.9,58.5,6454,253.93,Alto
MUN_081,Suzano,SP,28,18.61,28.99,73.5,1.45,0.475,0.0,862.4,2541720,71.9,58.5,7401,291.2,Alto
MUN_081,Suzano,SP,29,19.28,27.23,55.15,5.88,0.239,0.0,862.4,2541720,71.9,58.5,4687,184.42,Medio
MUN_081,Suzano,SP,30,19.38,24.28,51.86,4.79,0.268,0.0,862.4,2541720,71.9,58.5,6326,248.9,Alto
MUN_081,Suzano,SP,31,19.34,28.25,50.74,2.16,0.354,8.13,862.4,2541720,71.9,58.5,7263,285.78,Alto
MUN_081,Suzano,SP,32,13.63,23.39,52.27,8.19,0.256,5.26,862.4,2541720,71.9,58.5,5294,208.31,Medio
MUN_081,Suzano,SP,33,11.9,22.06,63.36,15.15,0.257,1.11,862.4,2541720,71.9,58.5,6890,271.11,Alto
MUN_081,Suzano,SP,34,10.0,14.26,59.91,3.7,0.255,0.0,862.4,2541720,71.9,58.5,6573,258.64,Alto
MUN_081,Suzano,SP,35,14.43,17.12,41.38,7.31,0.217,3.74,862.4,2541720,71.9,58.5,3126,123.01,Baixo
MUN_081,Suzano,SP,36,18.53,25.89,50.46,3.51,0.173,5.55,862.4,2541720,71.9,58.5,5040,198.31,Medio
MUN_081,Suzano,SP,37,16.26,20.1,47.62,3.04,0.214,4.9,862.4,2541720,71.9,58.5,2036,80.13,Baixo
MUN_081,Suzano,SP,38,14.58,23.09,62.95,12.35,0.36,0.0,862.4,2541720,71.9,58.5,4864,191.38,Medio
MUN_081,Suzano,SP,39,13.02,20.73,59.96,60.96,0.264,1.5,862.4,2541720,71.9,58.5,6142,241.66,Medio
MUN_081,Suzano,SP,40,18.14,21.57,66.27,9.23,0.239,5.99,862.4,2541720,71.9,58.5,6262,246.38,Medio
MUN_081,Suzano,SP,41,20.78,24.61,61.37,63.95,0.194,3.73,862.4,2541720,71.9,58.5,6569,258.46,Alto
MUN_081,Suzano,SP,42,13.36,23.47,74.51,22.6,0.312,3.04,862.4,2541720,71.9,58.5,6949,273.43,Alto
MUN_081,Suzano,SP,43,19.06,24.25,44.85,1.44,0.331,5.39,862.4,2541720,71.9,58.5,7211,283.72,Alto
MUN_081,Suzano,SP,44,14.42,21.27,55.2,7.11,0.15,10.15,862.4,2541720,71.9,58.5,7244,285.04,Alto
MUN_081,Suzano,SP,45,21.21,27.63,60.61,7.98,0.38,0.93,862.4,2541720,71.9,58.5,5944,233.86,Medio
MUN_081,Suzano,SP,46,11.86,17.54,67.73,9.45,0.253,6.68,862.4,2541720,71.9,58.5,7289,286.81,Alto
MUN_081,Suzano,SP,47,14.98,22.04,43.5,33.14,0.332,3.19,862.4,2541720,71.9,58.5,7566,297.68,Alto
MUN_081,Suzano,SP,48,12.76,18.68,59.74,30.52,0.256,2.0,862.4,2541720,71.9,58.5,1840,72.4,Baixo
MUN_081,Suzano,SP,49,15.37,22.86,71.72,1.73,0.219,7.28,862.4,2541720,71.9,58.5,3159,124.32,Baixo
MUN_081,Suzano,SP,50,19.82,23.12,68.1,0.23,0.347,0.0,862.4,2541720,71.9,58.5,1454,57.24,Baixo
MUN_082,Paulista,PE,1,21.08,25.6,39.15,35.26,0.397,8.03,49.5,96234,27.6,56.8,180,187.88,Medio
MUN_082,Paulista,PE,2,25.53,35.88,88.47,3.53,0.343,0.33,49.5,96234,27.6,56.8,244,254.38,Alto
MUN_082,Paulista,PE,3,27.25,34.85,48.56,1.17,0.439,0.0,49.5,96234,27.6,56.8,180,187.24,Medio
MUN_082,Paulista,PE,4,19.42,26.94,49.81,15.9,0.282,5.81,49.5,96234,27.6,56.8,208,216.52,Medio
MUN_082,Paulista,PE,5,23.41,30.25,71.56,8.3,0.417,5.62,49.5,96234,27.6,56.8,151,157.65,Medio
MUN_082,Paulista,PE,6,31.38,38.27,65.66,43.97,0.309,7.96,49.5,96234,27.6,56.8,325,338.29,Alto
MUN_082,Paulista,PE,7,23.25,30.88,51.86,91.01,0.492,5.64,49.5,96234,27.6,56.8,237,246.46,Medio
MUN_082,Paulista,PE,8,25.39,27.99,86.51,33.36,0.398,0.0,49.5,96234,27.6,56.8,184,191.29,Medio
MUN_082,Paulista,PE,9,27.09,35.02,69.97,194.41,0.361,10.16,49.5,96234,27.6,56.8,216,225.42,Medio
MUN_082,Paulista,PE,10,30.99,33.52,84.9,48.02,0.448,1.05,49.5,96234,27.6,56.8,128,133.58,Baixo
MUN_082,Paulista,PE,11,26.43,32.57,67.19,2.7,0.578,0.0,49.5,96234,27.6,56.8,247,257.35,Alto
MUN_082,Paulista,PE,12,33.26,41.44,75.89,300.0,0.355,22.15,49.5,96234,27.6,56.8,422,439.1,Alto
MUN_082,Paulista,PE,13,34.92,41.33,97.68,19.44,0.363,5.07,49.5,96234,27.6,56.8,247,257.39,Alto
MUN_082,Paulista,PE,14,35.38,45.53,64.92,17.39,0.4,0.0,49.5,96234,27.6,56.8,207,216.05,Medio
MUN_082,Paulista,PE,15,36.83,40.84,69.03,81.81,0.781,12.5,49.5,96234,27.6,56.8,300,312.72,Alto
MUN_082,Paulista,PE,16,34.3,36.94,60.01,32.07,0.729,0.0,49.5,96234,27.6,56.8,197,204.94,Medio
MUN_082,Paulista,PE,17,29.69,34.23,91.15,129.18,0.655,4.52,49.5,96234,27.6,56.8,337,351.21,Alto
MUN_082,Paulista,PE,18,32.22,37.28,80.48,16.91,0.646,0.0,49.5,96234,27.6,56.8,253,263.56,Alto
MUN_082,Paulista,PE,19,33.6,41.75,100.0,122.84,0.547,8.01,49.5,96234,27.6,56.8,321,334.2,Alto
MUN_082,Paulista,PE,20,34.79,40.05,67.23,141.55,0.577,9.63,49.5,96234,27.6,56.8,394,410.12,Alto
MUN_082,Paulista,PE,21,33.03,40.57,87.31,84.58,0.423,5.27,49.5,96234,27.6,56.8,407,423.86,Alto
MUN_082,Paulista,PE,22,33.87,38.16,63.25,18.77,0.476,0.0,49.5,96234,27.6,56.8,140,145.96,Baixo
MUN_082,Paulista,PE,23,31.62,36.68,83.49,28.69,0.596,0.0,49.5,96234,27.6,56.8,279,290.67,Alto
MUN_082,Paulista,PE,24,27.11,35.95,74.23,23.89,0.373,8.04,49.5,96234,27.6,56.8,187,194.43,Medio
MUN_082,Paulista,PE,25,28.79,35.66,77.43,134.3,0.336,7.12,49.5,96234,27.6,56.8,246,255.79,Alto
MUN_082,Paulista,PE,26,36.73,44.24,89.59,94.61,0.398,11.89,49.5,96234,27.6,56.8,259,269.31,Alto
MUN_082,Paulista,PE,27,26.81,36.84,68.75,16.91,0.406,0.0,49.5,96234,27.6,56.8,213,222.37,Medio
MUN_082,Paulista,PE,28,29.91,39.32,51.19,3.02,0.343,0.0,49.5,96234,27.6,56.8,49,51.39,Baixo
MUN_082,Paulista,PE,29,24.85,28.89,62.17,5.0,0.271,3.58,49.5,96234,27.6,56.8,178,185.98,Medio
MUN_082,Paulista,PE,30,23.35,26.02,61.66,3.71,0.519,0.0,49.5,96234,27.6,56.8,140,146.42,Baixo
MUN_082,Paulista,PE,31,23.48,29.89,39.96,0.59,0.277,4.1,49.5,96234,27.6,56.8,101,105.39,Baixo
MUN_082,Paulista,PE,32,29.26,38.9,62.82,6.27,0.338,0.0,49.5,96234,27.6,56.8,204,212.14,Medio
MUN_082,Paulista,PE,33,25.47,34.03,74.34,3.62,0.306,0.06,49.5,96234,27.6,56.8,285,296.41,Alto
MUN_082,Paulista,PE,34,22.84,32.52,62.04,0.25,0.461,1.01,49.5,96234,27.6,56.8,271,282.29,Alto
MUN_082,Paulista,PE,35,21.74,29.85,71.1,2.78,0.176,0.0,49.5,96234,27.6,56.8,223,232.0,Medio
MUN_082,Paulista,PE,36,21.52,26.11,46.56,5.03,0.188,0.0,49.5,96234,27.6,56.8,76,79.49,Baixo
MUN_082,Paulista,PE,37,27.77,34.27,54.15,1.75,0.289,0.64,49.5,96234,27.6,56.8,35,36.83,Baixo
MUN_082,Paulista,PE,38,22.23,32.06,59.33,5.76,0.248,1.82,49.5,96234,27.6,56.8,108,112.39,Baixo
MUN_082,Paulista,PE,39,21.69,30.92,67.7,4.95,0.261,4.49,49.5,96234,27.6,56.8,206,214.47,Medio
MUN_082,Paulista,PE,40,25.27,32.22,31.05,5.56,0.192,5.15,49.5,96234,27.6,56.8,182,189.47,Medio
MUN_082,Paulista,PE,41,21.17,23.56,52.72,36.16,0.295,0.0,49.5,96234,27.6,56.8,102,106.65,Baixo
MUN_082,Paulista,PE,42,24.81,30.1,49.54,6.27,0.204,1.59,49.5,96234,27.6,56.8,50,52.61,Baixo
MUN_082,Paulista,PE,43,30.56,37.9,43.27,3.53,0.355,1.64,49.5,96234,27.6,56.8,80,84.03,Baixo
MUN_082,Paulista,PE,44,24.66,28.75,76.46,17.89,0.259,0.0,49.5,96234,27.6,56.8,160,167.1,Medio
MUN_082,Paulista,PE,45,27.91,31.93,70.26,7.73,0.388,0.05,49.5,96234,27.6,56.8,157,163.25,Medio
MUN_082,Paulista,PE,46,23.63,32.6,35.25,7.75,0.406,0.0,49.5,96234,27.6,56.8,116,121.06,Baixo
MUN_082,Paulista,PE,47,22.7,28.13,75.48,2.9,0.431,0.0,49.5,96234,27.6,56.8,0,0.0,Baixo
MUN_082,Paulista,PE,48,24.72,30.2,55.65,5.18,0.458,0.0,49.5,96234,27.6,56.8,74,76.96,Baixo
MUN_082,Paulista,PE,49,23.4,29.89,53.5,9.45,0.381,0.0,49.5,96234,27.6,56.8,145,150.77,Baixo
MUN_082,Paulista,PE,50,24.02,34.35,58.23,2.44,0.112,0.06,49.5,96234,27.6,56.8,183,190.74,Medio
MUN_083,Foz do Iguaçu,PR,1,16.99,18.99,35.86,3.76,0.186,4.03,1151.4,81934,376.0,99.0,42,51.97,Baixo
MUN_083,Foz do Iguaçu,PR,2,19.47,26.81,57.48,55.54,0.188,7.97,1151.4,81934,376.0,99.0,36,44.9,Baixo
MUN_083,Foz do Iguaçu,PR,3,11.82,17.2,70.15,2.54,0.276,0.0,1151.4,81934,376.0,99.0,45,55.19,Baixo
MUN_083,Foz do Iguaçu,PR,4,11.48,14.37,48.62,29.72,0.402,4.06,1151.4,81934,376.0,99.0,115,140.99,Baixo
MUN_083,Foz do Iguaçu,PR,5,17.1,25.13,61.49,9.16,0.209,7.49,1151.4,81934,376.0,99.0,102,124.66,Baixo
MUN_083,Foz do Iguaçu,PR,6,14.29,23.58,58.69,11.69,0.412,1.15,1151.4,81934,376.0,99.0,52,64.24,Baixo
MUN_083,Foz do Iguaçu,PR,7,13.98,21.08,49.63,93.49,0.506,0.0,1151.4,81934,376.0,99.0,137,167.94,Medio
MUN_083,Foz do Iguaçu,PR,8,19.46,24.55,75.72,85.98,0.353,9.87,1151.4,81934,376.0,99.0,72,88.29,Baixo
MUN_083,Foz do Iguaçu,PR,9,23.59,25.69,60.8,11.83,0.412,0.0,1151.4,81934,376.0,99.0,37,46.25,Baixo
MUN_083,Foz do Iguaçu,PR,10,18.2,26.98,47.15,174.24,0.307,11.27,1151.4,81934,376.0,99.0,182,222.15,Medio
MUN_083,Foz do Iguaçu,PR,11,19.03,25.4,60.46,60.49,0.568,12.01,1151.4,81934,376.0,99.0,242,295.94,Alto
MUN_083,Foz do Iguaçu,PR,12,23.62,31.71,60.49,17.01,0.59,0.4,1151.4,81934,376.0,99.0,153,187.31,Medio
MUN_083,Foz do Iguaçu,PR,13,18.8,23.1,73.25,192.0,0.751,9.75,1151.4,81934,376.0,99.0,224,273.62,Alto
MUN_083,Foz do Iguaçu,PR,14,24.5,29.09,79.82,41.91,0.447,0.0,1151.4,81934,376.0,99.0,205,250.96,Alto
MUN_083,Foz do Iguaçu,PR,15,22.03,24.33,66.88,79.57,0.768,10.56,1151.4,81934,376.0,99.0,262,320.89,Alto
MUN_083,Foz do Iguaçu,PR,16,24.55,32.79,63.98,24.97,0.618,2.61,1151.4,81934,376.0,99.0,120,147.55,Baixo
MUN_083,Foz do Iguaçu,PR,17,22.52,28.73,77.69,54.45,0.571,9.64,1151.4,81934,376.0,99.0,207,252.68,Alto
MUN_083,Foz do Iguaçu,PR,18,21.47,29.85,71.14,10.15,0.603,4.55,1151.4,81934,376.0,99.0,135,165.62,Medio
MUN_083,Foz do Iguaçu,PR,19,23.88,31.56,68.08,67.12,0.827,11.14,1151.4,81934,376.0,99.0,227,277.36,Alto
MUN_083,Foz do Iguaçu,PR,20,23.99,32.46,73.43,300.0,0.54,12.99,1151.4,81934,376.0,99.0,273,333.44,Alto
MUN_083,Foz do Iguaçu,PR,21,21.28,28.93,67.43,116.77,0.567,6.34,1151.4,81934,376.0,99.0,286,349.96,Alto
MUN_083,Foz do Iguaçu,PR,22,24.69,33.37,72.44,300.0,0.61,18.5,1151.4,81934,376.0,99.0,209,255.43,Alto
MUN_083,Foz do Iguaçu,PR,23,25.52,32.77,67.53,23.59,0.368,1.52,1151.4,81934,376.0,99.0,199,244.06,Medio
MUN_083,Foz do Iguaçu,PR,24,23.43,29.7,51.62,14.04,0.511,0.0,1151.4,81934,376.0,99.0,98,120.54,Baixo
MUN_083,Foz do Iguaçu,PR,25,18.19,21.89,55.58,185.49,0.337,15.76,1151.4,81934,376.0,99.0,124,152.3,Baixo
MUN_083,Foz do Iguaçu,PR,26,23.78,27.11,88.34,10.83,0.513,4.34,1151.4,81934,376.0,99.0,122,150.0,Baixo
MUN_083,Foz do Iguaçu,PR,27,15.77,23.75,48.42,92.71,0.402,9.3,1151.4,81934,376.0,99.0,144,176.54,Medio
MUN_083,Foz do Iguaçu,PR,28,22.91,29.57,68.07,18.39,0.289,0.0,1151.4,81934,376.0,99.0,200,244.4,Medio
MUN_083,Foz do Iguaçu,PR,29,16.88,22.42,46.51,20.94,0.383,1.43,1151.4,81934,376.0,99.0,107,131.58,Baixo
MUN_083,Foz do Iguaçu,PR,30,16.26,22.34,74.02,0.95,0.434,1.23,1151.4,81934,376.0,99.0,139,170.09,Medio
MUN_083,Foz do Iguaçu,PR,31,16.78,20.65,79.14,3.05,0.321,0.98,1151.4,81934,376.0,99.0,145,178.14,Medio
MUN_083,Foz do Iguaçu,PR,32,15.17,22.47,89.19,6.81,0.268,0.0,1151.4,81934,376.0,99.0,81,99.34,Baixo
MUN_083,Foz do Iguaçu,PR,33,10.0,17.6,39.05,26.44,0.241,0.0,1151.4,81934,376.0,99.0,137,167.96,Medio
MUN_083,Foz do Iguaçu,PR,34,11.7,16.77,61.73,0.59,0.306,0.0,1151.4,81934,376.0,99.0,44,54.11,Baixo
MUN_083,Foz do Iguaçu,PR,35,20.71,30.95,73.57,28.42,0.233,7.79,1151.4,81934,376.0,99.0,79,97.39,Baixo
MUN_083,Foz do Iguaçu,PR,36,11.97,17.2,73.62,7.47,0.252,0.0,1151.4,81934,376.0,99.0,145,177.97,Medio
MUN_083,Foz do Iguaçu,PR,37,12.09,21.35,61.59,1.2,0.256,3.38,1151.4,81934,376.0,99.0,121,147.83,Baixo
MUN_083,Foz do Iguaçu,PR,38,13.71,18.41,41.01,2.6,0.334,0.66,1151.4,81934,376.0,99.0,76,93.25,Baixo
MUN_083,Foz do Iguaçu,PR,39,11.6,17.61,74.78,2.83,0.449,0.0,1151.4,81934,376.0,99.0,33,40.74,Baixo
MUN_083,Foz do Iguaçu,PR,40,16.89,24.44,35.05,6.37,0.399,15.05,1151.4,81934,376.0,99.0,43,53.19,Baixo
MUN_083,Foz do Iguaçu,PR,41,20.85,27.78,62.72,1.93,0.29,0.0,1151.4,81934,376.0,99.0,16,20.31,Baixo
MUN_083,Foz do Iguaçu,PR,42,20.75,28.19,46.29,15.6,0.195,7.49,1151.4,81934,376.0,99.0,68,83.52,Baixo
MUN_083,Foz do Iguaçu,PR,43,17.36,19.58,57.02,7.09,0.151,0.0,1151.4,81934,376.0,99.0,74,90.62,Baixo
MUN_083,Foz do Iguaçu,PR,44,10.0,15.27,40.7,2.45,0.22,0.0,1151.4,81934,376.0,99.0,65,80.46,Baixo
MUN_083,Foz do Iguaçu,PR,45,10.0,14.0,81.38,14.86,0.433,4.47,1151.4,81934,376.0,99.0,118,144.49,Baixo
MUN_083,Foz do Iguaçu,PR,46,19.68,28.09,47.66,4.68,0.19,0.0,1151.4,81934,376.0,99.0,31,38.21,Baixo
MUN_083,Foz do Iguaçu,PR,47,19.68,28.26,38.93,0.24,0.306,7.84,1151.4,81934,376.0,99.0,69,85.01,Baixo
MUN_083,Foz do Iguaçu,PR,48,16.43,22.78,68.98,3.71,0.374,0.34,1151.4,81934,376.0,99.0,29,36.47,Baixo
MUN_083,Foz do Iguaçu,PR,49,15.2,23.66,37.03,8.43,0.448,7.38,1151.4,81934,376.0,99.0,41,50.63,Baixo
MUN_083,Foz do Iguaçu,PR,50,10.67,14.9,61.57,19.62,0.294,5.08,1151.4,81934,376.0,99.0,76,93.46,Baixo
MUN_084,Boa Vista,RR,1,23.21,32.26,47.31,7.73,0.515,7.25,127.6,1069458,125.7,36.2,2036,190.45,Medio
MUN_084,Boa Vista,RR,2,24.72,26.75,69.34,23.28,0.294,3.12,127.6,1069458,125.7,36.2,2131,199.3,Medio
MUN_084,Boa Vista,RR,3,21.52,27.32,65.74,45.18,0.458,5.44,127.6,1069458,125.7,36.2,1674,156.59,Medio
MUN_084,Boa Vista,RR,4,26.56,33.34,63.14,64.18,0.543,10.68,127.6,1069458,125.7,36.2,2263,211.64,Medio
MUN_084,Boa Vista,RR,5,25.77,35.62,68.81,22.79,0.355,8.05,127.6,1069458,125.7,36.2,1745,163.25,Medio
MUN_084,Boa Vista,RR,6,24.99,33.25,67.32,39.94,0.41,0.0,127.6,1069458,125.7,36.2,1774,165.95,Medio
MUN_084,Boa Vista,RR,7,27.58,34.0,56.78,37.82,0.372,10.29,127.6,1069458,125.7,36.2,3099,289.78,Alto
MUN_084,Boa Vista,RR,8,28.89,35.77,83.48,13.03,0.628,0.03,127.6,1069458,125.7,36.2,1897,177.42,Medio
MUN_084,Boa Vista,RR,9,26.28,29.33,63.27,134.58,0.455,1.62,127.6,1069458,125.7,36.2,1372,128.3,Baixo
MUN_084,Boa Vista,RR,10,31.52,40.6,70.59,61.3,0.382,4.81,127.6,1069458,125.7,36.2,2683,250.92,Alto
MUN_084,Boa Vista,RR,11,38.12,44.13,78.59,57.48,0.593,7.62,127.6,1069458,125.7,36.2,1781,166.59,Medio
MUN_084,Boa Vista,RR,12,34.8,43.85,64.83,263.78,0.674,16.46,127.6,1069458,125.7,36.2,4149,388.01,Alto
MUN_084,Boa Vista,RR,13,30.33,38.7,81.13,51.96,0.42,5.73,127.6,1069458,125.7,36.2,2265,211.8,Medio
MUN_084,Boa Vista,RR,14,35.54,42.65,59.76,241.74,0.526,20.57,127.6,1069458,125.7,36.2,2215,207.14,Medio
MUN_084,Boa Vista,RR,15,38.31,46.0,77.98,300.0,0.566,30.35,127.6,1069458,125.7,36.2,4345,406.35,Alto
MUN_084,Boa Vista,RR,16,30.9,37.96,100.0,300.0,0.696,18.69,127.6,1069458,125.7,36.2,4248,397.24,Alto
MUN_084,Boa Vista,RR,17,30.94,34.97,86.61,37.74,0.686,1.64,127.6,1069458,125.7,36.2,4029,376.78,Alto
MUN_084,Boa Vista,RR,18,28.37,37.43,87.46,1.17,0.43,0.0,127.6,1069458,125.7,36.2,3842,359.31,Alto
MUN_084,Boa Vista,RR,19,31.17,35.65,56.74,26.11,0.771,9.04,127.6,1069458,125.7,36.2,2941,275.02,Alto
MUN_084,Boa Vista,RR,20,31.27,38.92,81.66,80.69,0.529,0.6,127.6,1069458,125.7,36.2,3851,360.09,Alto
MUN_084,Boa Vista,RR,21,35.96,42.3,67.31,234.85,0.547,27.63,127.6,1069458,125.7,36.2,4502,420.99,Alto
MUN_084,Boa Vista,RR,22,29.18,38.15,80.6,171.96,0.67,15.42,127.6,1069458,125.7,36.2,4321,404.1,Alto
MUN_084,Boa Vista,RR,23,32.03,37.65,86.94,0.32,0.485,6.22,127.6,1069458,125.7,36.2,1627,152.15,Baixo
MUN_084,Boa Vista,RR,24,22.43,32.16,71.18,103.88,0.362,10.33,127.6,1069458,125.7,36.2,1720,160.89,Medio
MUN_084,Boa Vista,RR,25,33.64,43.6,58.93,82.75,0.568,7.72,127.6,1069458,125.7,36.2,2575,240.86,Medio
MUN_084,Boa Vista,RR,26,35.21,42.8,68.79,52.16,0.595,11.39,127.6,1069458,125.7,36.2,2518,235.47,Medio
MUN_084,Boa Vista,RR,27,30.24,34.39,75.57,4.14,0.233,0.0,127.6,1069458,125.7,36.2,1031,96.46,Baixo
MUN_084,Boa Vista,RR,28,24.64,30.6,49.3,42.91,0.403,1.48,127.6,1069458,125.7,36.2,1649,154.23,Baixo
MUN_084,Boa Vista,RR,29,21.23,26.41,64.21,30.46,0.404,7.67,127.6,1069458,125.7,36.2,1531,143.2,Baixo
MUN_084,Boa Vista,RR,30,23.91,30.42,55.46,18.3,0.412,9.08,127.6,1069458,125.7,36.2,1895,177.26,Medio
MUN_084,Boa Vista,RR,31,26.75,32.33,52.09,42.7,0.383,4.16,127.6,1069458,125.7,36.2,2429,227.17,Medio
MUN_084,Boa Vista,RR,32,23.55,31.02,58.99,3.69,0.426,0.0,127.6,1069458,125.7,36.2,1763,164.86,Medio
MUN_084,Boa Vista,RR,33,19.15,27.76,70.71,13.01,0.271,4.87,127.6,1069458,125.7,36.2,1291,120.79,Baixo
MUN_084,Boa Vista,RR,34,23.78,26.65,61.73,6.01,0.298,0.0,127.6,1069458,125.7,36.2,1197,111.93,Baixo
MUN_084,Boa Vista,RR,35,30.62,36.92,80.45,12.74,0.19,3.5,127.6,1069458,125.7,36.2,1768,165.36,Medio
MUN_084,Boa Vista,RR,36,27.02,37.03,60.5,57.87,0.123,11.49,127.6,1069458,125.7,36.2,1168,109.23,Baixo
MUN_084,Boa Vista,RR,37,18.29,28.27,64.99,10.73,0.311,6.79,127.6,1069458,125.7,36.2,2411,225.51,Medio
MUN_084,Boa Vista,RR,38,27.08,29.11,48.74,21.17,0.395,0.0,127.6,1069458,125.7,36.2,763,71.39,Baixo
MUN_084,Boa Vista,RR,39,21.31,25.66,55.53,2.28,0.484,0.0,127.6,1069458,125.7,36.2,1421,132.93,Baixo
MUN_084,Boa Vista,RR,40,25.73,35.09,54.42,0.67,0.147,2.14,127.6,1069458,125.7,36.2,1758,164.39,Medio
MUN_084,Boa Vista,RR,41,29.17,37.52,50.17,6.73,0.153,6.65,127.6,1069458,125.7,36.2,1218,113.91,Baixo
MUN_084,Boa Vista,RR,42,26.8,35.89,57.67,14.38,0.32,0.0,127.6,1069458,125.7,36.2,1941,181.53,Medio
MUN_084,Boa Vista,RR,43,25.78,32.58,53.38,4.35,0.483,3.12,127.6,1069458,125.7,36.2,1715,160.44,Medio
MUN_084,Boa Vista,RR,44,29.26,33.96,74.88,2.39,0.291,0.63,127.6,1069458,125.7,36.2,1591,148.84,Baixo
MUN_084,Boa Vista,RR,45,25.1,27.27,63.22,19.12,0.154,0.0,127.6,1069458,125.7,36.2,1909,178.58,Medio
MUN_084,Boa Vista,RR,46,22.49,31.65,69.22,2.2,0.484,4.25,127.6,1069458,125.7,36.2,1576,147.41,Baixo
MUN_084,Boa Vista,RR,47,29.05,38.83,70.66,16.67,0.38,6.59,127.6,1069458,125.7,36.2,1608,150.41,Baixo
MUN_084,Boa Vista,RR,48,33.48,39.01,63.0,20.05,0.275,10.35,127.6,1069458,125.7,36.2,3043,284.6,Alto
MUN_084,Boa Vista,RR,49,27.24,35.66,59.65,8.63,0.228,6.8,127.6,1069458,125.7,36.2,1712,160.14,Medio
MUN_084,Boa Vista,RR,50,23.5,29.39,66.84,29.07,0.282,0.0,127.6,1069458,125.7,36.2,2976,278.31,Alto
MUN_085,Carapicuíba,SP,1,15.38,24.98,65.18,2.52,0.357,0.0,983.8,227775,202.1,64.8,32,14.26,Baixo
MUN_085,Carapicuíba,SP,2,17.43,25.5,39.08,9.32,0.408,0.0,983.8,227775,202.1,64.8,0,0.4,Baixo
MUN_085,Carapicuíba,SP,3,14.34,24.37,72.86,31.35,0.157,0.0,983.8,227775,202.1,64.8,0,0.0,Baixo
MUN_085,Carapicuíba,SP,4,18.38,25.57,51.9,19.78,0.346,2.71,983.8,227775,202.1,64.8,0,0.0,Baixo
MUN_085,Carapicuíba,SP,5,17.73,26.9,83.09,11.67,0.625,1.46,983.8,227775,202.1,64.8,61,27.09,Baixo
MUN_085,Carapicuíba,SP,6,17.25,27.4,76.38,10.29,0.27,6.26,983.8,227775,202.1,64.8,0,0.0,Baixo
MUN_085,Carapicuíba,SP,7,19.12,21.98,75.54,43.8,0.458,13.98,983.8,227775,202.1,64.8,174,76.53,Baixo
MUN_085,Carapicuíba,SP,8,22.71,26.25,81.43,17.63,0.352,2.97,983.8,227775,202.1,64.8,446,196.1,Medio
MUN_085,Carapicuíba,SP,9,18.75,28.74,60.11,30.94,0.362,9.28,983.8,227775,202.1,64.8,261,114.74,Baixo
MUN_085,Carapicuíba,SP,10,26.75,28.97,86.44,114.69,0.496,2.41,983.8,227775,202.1,64.8,446,195.99,Medio
MUN_085,Carapicuíba,SP,11,23.88,28.08,78.51,105.55,0.42,5.23,983.8,227775,202.1,64.8,573,251.93,Alto
MUN_085,Carapicuíba,SP,12,25.31,28.25,68.68,2.15,0.522,0.0,983.8,227775,202.1,64.8,341,149.75,Baixo
MUN_085,Carapicuíba,SP,13,29.68,32.61,95.22,21.51,0.375,0.0,983.8,227775,202.1,64.8,198,87.06,Baixo
MUN_085,Carapicuíba,SP,14,20.0,28.7,78.04,122.33,0.606,6.32,983.8,227775,202.1,64.8,587,257.8,Alto
MUN_085,Carapicuíba,SP,15,27.45,32.18,65.63,15.84,0.71,6.33,983.8,227775,202.1,64.8,270,118.65,Baixo
MUN_085,Carapicuíba,SP,16,22.55,27.99,67.68,9.07,0.464,7.81,983.8,227775,202.1,64.8,135,59.61,Baixo
MUN_085,Carapicuíba,SP,17,26.5,29.38,91.7,208.41,0.805,12.86,983.8,227775,202.1,64.8,488,214.26,Medio
MUN_085,Carapicuíba,SP,18,27.1,30.95,77.64,66.96,0.536,6.69,983.8,227775,202.1,64.8,318,139.88,Baixo
MUN_085,Carapicuíba,SP,19,17.79,21.59,79.85,55.02,0.565,0.31,983.8,227775,202.1,64.8,139,61.26,Baixo
MUN_085,Carapicuíba,SP,20,29.68,38.84,92.69,191.77,0.934,16.46,983.8,227775,202.1,64.8,585,257.03,Alto
MUN_085,Carapicuíba,SP,21,22.27,31.52,77.93,108.45,0.487,13.74,983.8,227775,202.1,64.8,723,317.43,Alto
MUN_085,Carapicuíba,SP,22,27.79,35.6,76.25,50.19,0.647,3.64,983.8,227775,202.1,64.8,462,202.86,Medio
MUN_085,Carapicuíba,SP,23,24.24,33.17,80.38,32.2,0.229,7.07,983.8,227775,202.1,64.8,572,251.51,Alto
MUN_085,Carapicuíba,SP,24,25.05,27.76,52.61,0.31,0.568,4.18,983.8,227775,202.1,64.8,388,170.43,Medio
MUN_085,Carapicuíba,SP,25,19.46,25.32,73.17,12.95,0.449,0.0,983.8,227775,202.1,64.8,100,44.26,Baixo
MUN_085,Carapicuíba,SP,26,24.65,32.2,55.33,2.63,0.527,2.32,983.8,227775,202.1,64.8,36,16.16,Baixo
MUN_085,Carapicuíba,SP,27,15.02,23.52,66.92,4.88,0.575,6.42,983.8,227775,202.1,64.8,55,24.15,Baixo
MUN_085,Carapicuíba,SP,28,21.29,28.04,68.19,29.06,0.378,1.81,983.8,227775,202.1,64.8,246,108.09,Baixo
MUN_085,Carapicuíba,SP,29,18.21,24.27,37.39,8.57,0.369,0.17,983.8,227775,202.1,64.8,259,114.0,Baixo
MUN_085,Carapicuíba,SP,30,23.06,30.41,68.18,3.9,0.362,0.0,983.8,227775,202.1,64.8,149,65.58,Baixo
MUN_085,Carapicuíba,SP,31,18.43,22.81,57.32,62.7,0.194,0.0,983.8,227775,202.1,64.8,114,50.26,Baixo
MUN_085,Carapicuíba,SP,32,13.01,22.78,66.77,9.51,0.308,0.0,983.8,227775,202.1,64.8,152,66.78,Baixo
MUN_085,Carapicuíba,SP,33,21.51,28.99,68.46,0.24,0.365,0.0,983.8,227775,202.1,64.8,56,24.6,Baixo
MUN_085,Carapicuíba,SP,34,19.09,24.13,60.37,20.3,0.401,0.0,983.8,227775,202.1,64.8,0,0.0,Baixo
MUN_085,Carapicuíba,SP,35,14.43,16.87,67.65,6.54,0.221,2.51,983.8,227775,202.1,64.8,0,0.0,Baixo
MUN_085,Carapicuíba,SP,36,18.21,27.88,75.89,3.13,0.453,5.5,983.8,227775,202.1,64.8,140,61.87,Baixo
MUN_085,Carapicuíba,SP,37,16.08,18.39,64.06,4.82,0.318,1.1,983.8,227775,202.1,64.8,169,74.33,Baixo
MUN_085,Carapicuíba,SP,38,13.41,20.27,49.57,3.68,0.207,8.81,983.8,227775,202.1,64.8,216,94.93,Baixo
MUN_085,Carapicuíba,SP,39,20.57,24.24,57.82,5.5,0.223,0.69,983.8,227775,202.1,64.8,62,27.27,Baixo
MUN_085,Carapicuíba,SP,40,17.23,24.9,62.71,1.54,0.422,2.63,983.8,227775,202.1,64.8,158,69.48,Baixo
MUN_085,Carapicuíba,SP,41,13.08,21.38,58.7,7.76,0.114,2.42,983.8,227775,202.1,64.8,194,85.26,Baixo
MUN_085,Carapicuíba,SP,42,17.57,26.89,81.58,21.47,0.375,0.0,983.8,227775,202.1,64.8,276,121.27,Baixo
MUN_085,Carapicuíba,SP,43,12.21,17.05,78.82,41.51,0.427,10.41,983.8,227775,202.1,64.8,231,101.63,Baixo
MUN_085,Carapicuíba,SP,44,18.68,23.38,76.47,6.39,0.535,4.61,983.8,227775,202.1,64.8,204,89.74,Baixo
MUN_085,Carapicuíba,SP,45,13.99,18.72,63.58,8.96,0.341,5.18,983.8,227775,202.1,64.8,115,50.86,Baixo
MUN_085,Carapicuíba,SP,46,10.65,16.46,71.31,16.12,0.651,1.41,983.8,227775,202.1,64.8,0,0.0,Baixo
MUN_085,Carapicuíba,SP,47,15.18,23.05,77.27,4.72,0.461,4.08,983.8,227775,202.1,64.8,0,0.0,Baixo
MUN_085,Carapicuíba,SP,48,11.69,15.49,45.81,8.72,0.314,1.36,983.8,227775,202.1,64.8,0,0.0,Baixo
MUN_085,Carapicuíba,SP,49,20.37,23.32,60.46,27.4,0.348,6.57,983.8,227775,202.1,64.8,254,111.94,Baixo
MUN_085,Carapicuíba,SP,50,14.83,22.34,66.34,2.61,0.16,0.0,983.8,227775,202.1,64.8,237,104.2,Baixo
MUN_086,São João de Meriti,RJ,1,24.55,27.42,61.12,2.19,0.089,0.0,24.7,919465,84.9,58.8,871,94.81,Baixo
MUN_086,São João de Meriti,RJ,2,22.31,30.01,53.06,0.88,0.173,0.0,24.7,919465,84.9,58.8,35,3.9,Baixo
MUN_086,São João de Meriti,RJ,3,24.12,31.07,68.51,1.15,0.23,1.25,24.7,919465,84.9,58.8,714,77.7,Baixo
MUN_086,São João de Meriti,RJ,4,25.85,34.34,62.71,7.32,0.474,0.0,24.7,919465,84.9,58.8,756,82.31,Baixo
MUN_086,São João de Meriti,RJ,5,24.41,26.6,62.05,7.58,0.318,1.23,24.7,919465,84.9,58.8,1308,142.27,Baixo
MUN_086,São João de Meriti,RJ,6,21.67,28.49,73.97,8.56,0.374,2.45,24.7,919465,84.9,58.8,1833,199.38,Medio
MUN_086,São João de Meriti,RJ,7,21.46,24.44,61.38,11.12,0.489,0.0,24.7,919465,84.9,58.8,1971,214.37,Medio
MUN_086,São João de Meriti,RJ,8,30.95,40.48,96.31,1.8,0.551,5.18,24.7,919465,84.9,58.8,1035,112.62,Baixo
MUN_086,São João de Meriti,RJ,9,29.25,33.76,69.37,87.08,0.608,2.3,24.7,919465,84.9,58.8,2176,236.66,Medio
MUN_086,São João de Meriti,RJ,10,26.3,34.3,68.45,24.94,0.589,4.23,24.7,919465,84.9,58.8,2165,235.57,Medio
MUN_086,São João de Meriti,RJ,11,30.57,40.74,72.71,27.27,0.676,2.02,24.7,919465,84.9,58.8,2170,236.05,Medio
MUN_086,São João de Meriti,RJ,12,27.71,31.65,74.45,135.38,0.501,10.82,24.7,919465,84.9,58.8,3162,343.91,Alto
MUN_086,São João de Meriti,RJ,13,32.92,39.99,74.24,159.05,0.693,11.99,24.7,919465,84.9,58.8,4210,457.96,Alto
MUN_086,São João de Meriti,RJ,14,33.12,38.32,58.62,160.61,0.553,7.8,24.7,919465,84.9,58.8,2468,268.43,Alto
MUN_086,São João de Meriti,RJ,15,29.83,32.43,90.31,126.75,0.567,13.51,24.7,919465,84.9,58.8,3581,389.51,Alto
MUN_086,São João de Meriti,RJ,16,38.07,44.94,71.36,27.74,0.575,6.93,24.7,919465,84.9,58.8,3030,329.62,Alto
MUN_086,São João de Meriti,RJ,17,28.35,38.02,87.24,232.36,0.69,17.18,24.7,919465,84.9,58.8,4343,472.34,Alto
MUN_086,São João de Meriti,RJ,18,31.91,35.35,42.04,203.1,0.566,13.56,24.7,919465,84.9,58.8,2450,266.47,Alto
MUN_086,São João de Meriti,RJ,19,35.5,39.17,66.92,34.69,0.47,2.22,24.7,919465,84.9,58.8,1947,211.83,Medio
MUN_086,São João de Meriti,RJ,20,32.11,35.57,75.9,16.12,0.419,1.35,24.7,919465,84.9,58.8,1987,216.18,Medio
MUN_086,São João de Meriti,RJ,21,32.78,37.55,79.05,77.13,0.373,4.17,24.7,919465,84.9,58.8,1699,184.87,Medio
MUN_086,São João de Meriti,RJ,22,31.0,34.5,86.71,92.61,0.522,4.78,24.7,919465,84.9,58.8,2939,319.73,Alto
MUN_086,São João de Meriti,RJ,23,35.54,40.32,76.27,26.59,0.664,0.0,24.7,919465,84.9,58.8,1924,209.28,Medio
MUN_086,São João de Meriti,RJ,24,37.17,40.74,73.62,119.21,0.223,6.63,24.7,919465,84.9,58.8,3079,334.95,Alto
MUN_086,São João de Meriti,RJ,25,32.63,36.24,76.62,3.99,0.548,2.66,24.7,919465,84.9,58.8,2450,266.51,Alto
MUN_086,São João de Meriti,RJ,26,26.59,31.26,77.77,15.49,0.525,0.0,24.7,919465,84.9,58.8,2183,237.47,Medio
MUN_086,São João de Meriti,RJ,27,27.59,34.71,61.86,22.25,0.385,13.28,24.7,919465,84.9,58.8,838,91.18,Baixo
MUN_086,São João de Meriti,RJ,28,19.31,24.9,45.99,24.79,0.365,0.0,24.7,919465,84.9,58.8,2522,274.31,Alto
MUN_086,São João de Meriti,RJ,29,17.9,22.97,82.34,70.27,0.306,4.71,24.7,919465,84.9,58.8,2372,257.98,Alto
MUN_086,São João de Meriti,RJ,30,24.85,28.16,46.33,4.96,0.214,1.82,24.7,919465,84.9,58.8,1552,168.89,Medio
MUN_086,São João de Meriti,RJ,31,20.66,30.19,54.59,0.86,0.344,0.0,24.7,919465,84.9,58.8,1917,208.55,Medio
MUN_086,São João de Meriti,RJ,32,27.98,36.58,57.55,13.65,0.525,0.76,24.7,919465,84.9,58.8,2662,289.61,Alto
MUN_086,São João de Meriti,RJ,33,25.02,30.85,77.65,6.52,0.424,0.74,24.7,919465,84.9,58.8,1811,197.07,Medio
MUN_086,São João de Meriti,RJ,34,20.56,22.76,74.74,13.68,0.224,0.0,24.7,919465,84.9,58.8,2017,219.44,Medio
MUN_086,São João de Meriti,RJ,35,23.42,28.17,75.57,12.46,0.505,5.04,24.7,919465,84.9,58.8,1596,173.58,Medio
MUN_086,São João de Meriti,RJ,36,24.62,29.41,71.96,17.22,0.11,0.0,24.7,919465,84.9,58.8,1962,213.47,Medio
MUN_086,São João de Meriti,RJ,37,25.97,34.08,64.2,11.4,0.278,1.09,24.7,919465,84.9,58.8,1636,178.03,Medio
MUN_086,São João de Meriti,RJ,38,22.95,27.63,39.84,34.5,0.319,5.59,24.7,919465,84.9,58.8,1687,183.51,Medio
MUN_086,São João de Meriti,RJ,39,25.45,28.98,56.42,15.96,0.21,2.35,24.7,919465,84.9,58.8,2325,252.95,Alto
MUN_086,São João de Meriti,RJ,40,25.87,36.25,64.64,3.09,0.517,0.0,24.7,919465,84.9,58.8,2302,250.44,Alto
MUN_086,São João de Meriti,RJ,41,24.85,30.83,67.74,0.99,0.411,1.87,24.7,919465,84.9,58.8,1239,134.83,Baixo
MUN_086,São João de Meriti,RJ,42,23.77,30.73,42.74,30.69,0.188,4.92,24.7,919465,84.9,58.8,2221,241.64,Medio
MUN_086,São João de Meriti,RJ,43,20.05,27.1,68.34,17.04,0.327,2.83,24.7,919465,84.9,58.8,1380,150.15,Baixo
MUN_086,São João de Meriti,RJ,44,21.9,31.27,42.9,10.6,0.449,0.0,24.7,919465,84.9,58.8,1472,160.1,Medio
MUN_086,São João de Meriti,RJ,45,24.02,34.39,53.97,12.64,0.161,5.75,24.7,919465,84.9,58.8,1620,176.27,Medio
MUN_086,São João de Meriti,RJ,46,21.72,30.24,52.3,2.54,0.105,2.51,24.7,919465,84.9,58.8,1695,184.37,Medio
MUN_086,São João de Meriti,RJ,47,25.2,31.02,71.95,17.1,0.305,0.0,24.7,919465,84.9,58.8,1741,189.35,Medio
MUN_086,São João de Meriti,RJ,48,22.19,30.68,75.6,4.1,0.295,0.0,24.7,919465,84.9,58.8,1438,156.42,Baixo
MUN_086,São João de Meriti,RJ,49,28.02,35.55,59.66,0.62,0.149,1.46,24.7,919465,84.9,58.8,2361,256.83,Alto
MUN_086,São João de Meriti,RJ,50,28.56,33.75,62.81,4.4,0.537,0.0,24.7,919465,84.9,58.8,1701,185.07,Medio
MUN_087,Mossoró,RN,1,24.85,31.36,73.33,10.26,0.311,0.0,40.0,1806203,154.8,66.8,4295,237.8,Medio
MUN_087,Mossoró,RN,2,28.09,34.04,60.61,7.74,0.355,6.15,40.0,1806203,154.8,66.8,2141,118.54,Baixo
MUN_087,Mossoró,RN,3,26.88,35.72,37.49,3.4,0.361,0.0,40.0,1806203,154.8,66.8,3504,194.04,Medio
MUN_087,Mossoró,RN,4,24.51,32.86,72.7,1.12,0.465,1.26,40.0,1806203,154.8,66.8,3236,179.21,Medio
MUN_087,Mossoró,RN,5,30.05,39.68,67.34,58.65,0.393,4.89,40.0,1806203,154.8,66.8,4753,263.19,Alto
MUN_087,Mossoró,RN,6,25.71,34.76,81.98,2.49,0.605,1.12,40.0,1806203,154.8,66.8,3526,195.26,Medio
MUN_087,Mossoró,RN,7,26.12,35.2,85.46,18.63,0.488,2.77,40.0,1806203,154.8,66.8,2243,124.19,Baixo
MUN_087,Mossoró,RN,8,31.52,36.04,79.02,20.52,0.46,0.0,40.0,1806203,154.8,66.8,2732,151.31,Baixo
MUN_087,Mossoró,RN,9,20.91,30.08,74.21,12.42,0.414,0.0,40.0,1806203,154.8,66.8,2366,131.0,Baixo
MUN_087,Mossoró,RN,10,28.19,31.6,63.9,15.25,0.658,5.22,40.0,1806203,154.8,66.8,4667,258.39,Alto
MUN_087,Mossoró,RN,11,35.81,45.7,91.49,7.69,0.615,1.81,40.0,1806203,154.8,66.8,2379,131.73,Baixo
MUN_087,Mossoró,RN,12,36.16,41.15,83.96,36.02,0.749,13.92,40.0,1806203,154.8,66.8,4906,271.65,Alto
MUN_087,Mossoró,RN,13,31.88,34.05,77.26,29.09,0.626,2.74,40.0,1806203,154.8,66.8,6617,366.36,Alto
MUN_087,Mossoró,RN,14,33.16,38.7,100.0,60.04,0.676,11.38,40.0,1806203,154.8,66.8,6114,338.53,Alto
MUN_087,Mossoró,RN,15,37.68,40.27,99.34,41.01,0.646,5.84,40.0,1806203,154.8,66.8,8171,452.42,Alto
MUN_087,Mossoró,RN,16,30.96,34.47,72.88,63.28,0.476,2.03,40.0,1806203,154.8,66.8,4063,224.96,Medio
MUN_087,Mossoró,RN,17,27.65,33.03,67.65,40.51,0.776,3.46,40.0,1806203,154.8,66.8,7477,413.98,Alto
MUN_087,Mossoró,RN,18,30.92,38.16,82.14,63.48,0.61,8.41,40.0,1806203,154.8,66.8,7197,398.5,Alto
MUN_087,Mossoró,RN,19,37.13,39.56,66.67,58.51,0.354,9.26,40.0,1806203,154.8,66.8,6159,341.0,Alto
MUN_087,Mossoró,RN,20,33.48,43.92,41.57,236.16,0.511,11.06,40.0,1806203,154.8,66.8,6944,384.47,Alto
MUN_087,Mossoró,RN,21,35.86,38.16,77.23,40.47,0.584,8.7,40.0,1806203,154.8,66.8,4847,268.4,Alto
MUN_087,Mossoró,RN,22,29.8,39.2,100.0,32.82,0.538,0.0,40.0,1806203,154.8,66.8,3436,190.26,Medio
MUN_087,Mossoró,RN,23,27.14,30.27,72.19,158.54,0.326,7.63,40.0,1806203,154.8,66.8,7392,409.28,Alto
MUN_087,Mossoró,RN,24,35.6,45.67,62.44,54.32,0.415,14.37,40.0,1806203,154.8,66.8,8398,465.0,Alto
MUN_087,Mossoró,RN,25,31.94,34.52,78.28,20.78,0.692,3.01,40.0,1806203,154.8,66.8,6113,338.5,Alto
MUN_087,Mossoró,RN,26,25.8,31.47,49.92,3.36,0.496,3.64,40.0,1806203,154.8,66.8,3882,214.94,Medio
MUN_087,Mossoró,RN,27,31.91,37.6,67.03,147.62,0.173,8.95,40.0,1806203,154.8,66.8,7225,400.04,Alto
MUN_087,Mossoró,RN,28,25.07,31.75,76.26,16.49,0.386,3.45,40.0,1806203,154.8,66.8,3389,187.66,Medio
MUN_087,Mossoró,RN,29,21.31,27.04,64.25,51.88,0.259,9.27,40.0,1806203,154.8,66.8,3092,171.23,Medio
MUN_087,Mossoró,RN,30,20.0,23.31,77.89,25.37,0.315,5.39,40.0,1806203,154.8,66.8,2026,112.22,Baixo
MUN_087,Mossoró,RN,31,21.61,28.29,74.45,14.71,0.451,0.0,40.0,1806203,154.8,66.8,3251,180.0,Medio
MUN_087,Mossoró,RN,32,23.51,33.02,39.58,1.55,0.464,5.76,40.0,1806203,154.8,66.8,2352,130.23,Baixo
MUN_087,Mossoró,RN,33,26.01,29.32,37.72,3.91,0.329,5.71,40.0,1806203,154.8,66.8,2561,141.8,Baixo
MUN_087,Mossoró,RN,34,12.99,23.42,90.01,10.96,0.156,3.97,40.0,1806203,154.8,66.8,2224,123.14,Baixo
MUN_087,Mossoró,RN,35,23.69,33.21,59.17,16.61,0.193,4.07,40.0,1806203,154.8,66.8,685,37.94,Baixo
MUN_087,Mossoró,RN,36,24.2,28.71,18.0,0.59,0.072,0.0,40.0,1806203,154.8,66.8,1358,75.24,Baixo
MUN_087,Mossoró,RN,37,29.04,31.9,59.38,12.11,0.41,0.0,40.0,1806203,154.8,66.8,4647,257.3,Alto
MUN_087,Mossoró,RN,38,19.78,26.4,52.61,0.42,0.31,5.55,40.0,1806203,154.8,66.8,515,28.53,Baixo
MUN_087,Mossoró,RN,39,27.06,37.43,53.29,3.23,0.363,2.85,40.0,1806203,154.8,66.8,2784,154.18,Baixo
MUN_087,Mossoró,RN,40,29.33,37.47,72.49,8.17,0.199,2.46,40.0,1806203,154.8,66.8,4007,221.87,Medio
MUN_087,Mossoró,RN,41,26.98,33.25,56.97,13.82,0.328,4.84,40.0,1806203,154.8,66.8,3654,202.35,Medio
MUN_087,Mossoró,RN,42,25.38,35.57,42.31,0.33,0.279,0.0,40.0,1806203,154.8,66.8,2982,165.1,Medio
MUN_087,Mossoró,RN,43,24.07,30.0,54.96,26.64,0.234,3.48,40.0,1806203,154.8,66.8,3808,210.88,Medio
MUN_087,Mossoró,RN,44,31.38,37.38,52.72,0.92,0.288,0.0,40.0,1806203,154.8,66.8,2431,134.6,Baixo
MUN_087,Mossoró,RN,45,31.43,35.0,29.79,5.2,0.379,0.0,40.0,1806203,154.8,66.8,3133,173.47,Medio
MUN_087,Mossoró,RN,46,29.46,34.79,81.5,1.7,0.376,0.0,40.0,1806203,154.8,66.8,3339,184.88,Medio
MUN_087,Mossoró,RN,47,24.68,28.66,57.77,2.22,0.442,7.78,40.0,1806203,154.8,66.8,3154,174.65,Medio
MUN_087,Mossoró,RN,48,22.29,29.04,67.35,0.32,0.185,0.18,40.0,1806203,154.8,66.8,816,45.23,Baixo
MUN_087,Mossoró,RN,49,24.55,33.12,32.82,2.48,0.052,0.0,40.0,1806203,154.8,66.8,1111,61.56,Baixo
MUN_087,Mossoró,RN,50,29.09,32.08,48.54,6.01,0.23,10.35,40.0,1806203,154.8,66.8,1947,107.83,Baixo
MUN_088,Macaé,RJ,1,25.3,32.89,59.45,35.31,0.111,3.55,165.9,1362397,159.9,55.6,2217,162.75,Medio
MUN_088,Macaé,RJ,2,27.36,36.93,68.54,19.29,0.457,2.02,165.9,1362397,159.9,55.6,2716,199.4,Medio
MUN_088,Macaé,RJ,3,22.24,26.34,60.99,5.22,0.364,0.0,165.9,1362397,159.9,55.6,1696,124.54,Baixo
MUN_088,Macaé,RJ,4,23.52,27.02,62.83,28.71,0.239,5.88,165.9,1362397,159.9,55.6,3293,241.74,Medio
MUN_088,Macaé,RJ,5,18.21,20.26,79.54,30.76,0.47,0.0,165.9,1362397,159.9,55.6,3241,237.95,Medio
MUN_088,Macaé,RJ,6,25.18,35.53,62.0,12.98,0.304,0.0,165.9,1362397,159.9,55.6,1545,113.46,Baixo
MUN_088,Macaé,RJ,7,23.81,26.69,57.66,103.69,0.179,11.21,165.9,1362397,159.9,55.6,1902,139.62,Baixo
MUN_088,Macaé,RJ,8,24.38,34.12,71.87,21.76,0.523,1.05,165.9,1362397,159.9,55.6,2629,192.97,Medio
MUN_088,Macaé,RJ,9,32.36,36.47,86.24,61.13,0.42,4.21,165.9,1362397,159.9,55.6,3146,230.98,Medio
MUN_088,Macaé,RJ,10,29.25,32.13,80.45,45.5,0.506,0.0,165.9,1362397,159.9,55.6,3321,243.81,Medio
MUN_088,Macaé,RJ,11,29.36,34.55,62.44,85.01,0.53,13.75,165.9,1362397,159.9,55.6,3661,268.73,Alto
MUN_088,Macaé,RJ,12,32.63,40.21,63.39,42.2,0.539,7.3,165.9,1362397,159.9,55.6,3686,270.6,Alto
MUN_088,Macaé,RJ,13,32.24,42.13,73.39,156.58,0.647,10.96,165.9,1362397,159.9,55.6,4111,301.79,Alto
MUN_088,Macaé,RJ,14,34.92,44.24,80.6,116.57,0.792,3.78,165.9,1362397,159.9,55.6,4857,356.54,Alto
MUN_088,Macaé,RJ,15,36.0,43.64,100.0,56.86,0.53,7.26,165.9,1362397,159.9,55.6,4665,342.45,Alto
MUN_088,Macaé,RJ,16,29.02,38.99,83.97,62.79,0.571,10.61,165.9,1362397,159.9,55.6,4875,357.89,Alto
MUN_088,Macaé,RJ,17,34.02,43.34,83.27,37.17,0.452,0.0,165.9,1362397,159.9,55.6,4353,319.58,Alto
MUN_088,Macaé,RJ,18,32.95,39.7,87.78,35.98,0.546,0.0,165.9,1362397,159.9,55.6,5702,418.59,Alto
MUN_088,Macaé,RJ,19,37.87,46.0,88.59,190.01,0.568,13.27,165.9,1362397,159.9,55.6,4379,321.42,Alto
MUN_088,Macaé,RJ,20,36.72,46.0,53.24,36.54,0.385,2.67,165.9,1362397,159.9,55.6,4050,297.29,Alto
MUN_088,Macaé,RJ,21,34.33,36.9,79.51,65.93,0.594,8.01,165.9,1362397,159.9,55.6,3956,290.42,Alto
MUN_088,Macaé,RJ,22,30.81,38.93,62.1,91.02,0.589,0.0,165.9,1362397,159.9,55.6,5088,373.5,Alto
MUN_088,Macaé,RJ,23,29.96,35.64,75.74,26.37,0.523,5.91,165.9,1362397,159.9,55.6,3110,228.34,Medio
MUN_088,Macaé,RJ,24,23.79,32.45,75.78,39.13,0.526,5.88,165.9,1362397,159.9,55.6,3618,265.58,Alto
MUN_088,Macaé,RJ,25,30.83,33.61,79.44,100.73,0.563,5.8,165.9,1362397,159.9,55.6,5691,417.79,Alto
MUN_088,Macaé,RJ,26,30.57,34.56,67.6,46.45,0.577,4.4,165.9,1362397,159.9,55.6,3550,260.64,Alto
MUN_088,Macaé,RJ,27,26.25,29.03,76.48,72.83,0.213,3.54,165.9,1362397,159.9,55.6,3897,286.1,Alto
MUN_088,Macaé,RJ,28,23.05,30.41,62.48,6.58,0.52,0.0,165.9,1362397,159.9,55.6,1757,129.03,Baixo
MUN_088,Macaé,RJ,29,24.56,33.38,54.44,14.45,0.445,0.0,165.9,1362397,159.9,55.6,1446,106.2,Baixo
MUN_088,Macaé,RJ,30,22.54,25.09,46.39,30.36,0.289,0.0,165.9,1362397,159.9,55.6,1973,144.86,Baixo
MUN_088,Macaé,RJ,31,18.97,25.24,76.97,1.91,0.294,0.86,165.9,1362397,159.9,55.6,2026,148.76,Baixo
MUN_088,Macaé,RJ,32,24.66,34.09,56.93,3.09,0.472,7.93,165.9,1362397,159.9,55.6,2539,186.42,Medio
MUN_088,Macaé,RJ,33,27.16,34.77,69.16,0.81,0.038,0.0,165.9,1362397,159.9,55.6,1405,103.2,Baixo
MUN_088,Macaé,RJ,34,30.75,36.37,62.9,30.56,0.294,0.0,165.9,1362397,159.9,55.6,3485,255.8,Alto
MUN_088,Macaé,RJ,35,22.83,29.04,59.39,1.78,0.392,11.72,165.9,1362397,159.9,55.6,3402,249.71,Alto
MUN_088,Macaé,RJ,36,19.31,22.22,64.33,35.66,0.386,4.48,165.9,1362397,159.9,55.6,3031,222.53,Medio
MUN_088,Macaé,RJ,37,20.29,27.61,76.72,0.4,0.358,0.0,165.9,1362397,159.9,55.6,1048,76.93,Baixo
MUN_088,Macaé,RJ,38,27.09,30.92,32.6,1.08,0.466,7.53,165.9,1362397,159.9,55.6,592,43.48,Baixo
MUN_088,Macaé,RJ,39,16.87,20.38,48.77,2.23,0.316,1.97,165.9,1362397,159.9,55.6,0,0.0,Baixo
MUN_088,Macaé,RJ,40,24.12,31.66,36.08,8.36,0.442,0.0,165.9,1362397,159.9,55.6,2478,181.95,Medio
MUN_088,Macaé,RJ,41,20.32,29.09,81.76,16.96,0.415,5.67,165.9,1362397,159.9,55.6,1953,143.42,Baixo
MUN_088,Macaé,RJ,42,22.89,30.98,51.32,3.02,0.227,0.03,165.9,1362397,159.9,55.6,2590,190.16,Medio
MUN_088,Macaé,RJ,43,26.92,32.73,68.03,6.92,0.274,3.34,165.9,1362397,159.9,55.6,1704,125.14,Baixo
MUN_088,Macaé,RJ,44,23.73,26.99,85.68,0.52,0.251,0.0,165.9,1362397,159.9,55.6,1467,107.74,Baixo
MUN_088,Macaé,RJ,45,23.67,29.17,61.15,0.96,0.412,0.0,165.9,1362397,159.9,55.6,1496,109.84,Baixo
MUN_088,Macaé,RJ,46,20.85,23.73,54.71,5.95,0.252,3.95,165.9,1362397,159.9,55.6,2616,192.05,Medio
MUN_088,Macaé,RJ,47,26.23,34.4,44.37,56.72,0.366,8.64,165.9,1362397,159.9,55.6,3222,236.52,Medio
MUN_088,Macaé,RJ,48,17.64,24.08,47.95,19.51,0.406,5.02,165.9,1362397,159.9,55.6,3117,228.81,Medio
MUN_088,Macaé,RJ,49,21.81,26.42,52.76,0.09,0.36,0.0,165.9,1362397,159.9,55.6,2707,198.71,Medio
MUN_088,Macaé,RJ,50,22.23,26.1,57.32,7.93,0.248,0.53,165.9,1362397,159.9,55.6,628,46.12,Baixo
MUN_089,Anápolis,GO,1,24.54,31.61,48.19,0.74,0.298,2.81,757.1,1367682,119.5,70.8,141,10.32,Baixo
MUN_089,Anápolis,GO,2,12.57,22.91,36.23,1.54,0.377,0.0,757.1,1367682,119.5,70.8,910,66.58,Baixo
MUN_089,Anápolis,GO,3,15.0,20.18,92.71,7.7,0.297,7.66,757.1,1367682,119.5,70.8,1002,73.28,Baixo
MUN_089,Anápolis,GO,4,15.11,20.45,54.27,3.79,0.288,13.8,757.1,1367682,119.5,70.8,701,51.31,Baixo
MUN_089,Anápolis,GO,5,16.24,25.2,61.74,14.64,0.31,5.93,757.1,1367682,119.5,70.8,681,49.84,Baixo
MUN_089,Anápolis,GO,6,19.48,29.06,37.9,76.2,0.247,3.55,757.1,1367682,119.5,70.8,1991,145.62,Baixo
MUN_089,Anápolis,GO,7,24.16,31.73,71.95,38.25,0.403,1.53,757.1,1367682,119.5,70.8,3241,237.01,Medio
MUN_089,Anápolis,GO,8,25.18,32.37,75.47,26.92,0.43,2.05,757.1,1367682,119.5,70.8,2858,208.99,Medio
MUN_089,Anápolis,GO,9,19.52,24.88,64.12,0.71,0.641,0.0,757.1,1367682,119.5,70.8,1781,130.29,Baixo
MUN_089,Anápolis,GO,10,26.38,29.31,57.15,53.14,0.681,6.69,757.1,1367682,119.5,70.8,2463,180.11,Medio
MUN_089,Anápolis,GO,11,26.92,32.86,86.17,20.24,0.603,0.0,757.1,1367682,119.5,70.8,2868,209.71,Medio
MUN_089,Anápolis,GO,12,25.29,35.06,80.5,117.58,0.384,11.69,757.1,1367682,119.5,70.8,5076,371.19,Alto
MUN_089,Anápolis,GO,13,25.41,27.81,71.93,3.67,0.49,0.0,757.1,1367682,119.5,70.8,2784,203.57,Medio
MUN_089,Anápolis,GO,14,26.3,35.91,78.89,62.34,0.569,5.94,757.1,1367682,119.5,70.8,3613,264.22,Alto
MUN_089,Anápolis,GO,15,27.18,34.89,87.15,12.69,0.555,0.0,757.1,1367682,119.5,70.8,4079,298.28,Alto
MUN_089,Anápolis,GO,16,28.77,36.56,65.42,19.74,0.749,0.0,757.1,1367682,119.5,70.8,2812,205.61,Medio
MUN_089,Anápolis,GO,17,28.71,38.1,82.46,80.41,0.675,12.97,757.1,1367682,119.5,70.8,4066,297.34,Alto
MUN_089,Anápolis,GO,18,22.49,27.43,90.97,62.21,0.75,8.48,757.1,1367682,119.5,70.8,3948,288.68,Alto
MUN_089,Anápolis,GO,19,17.83,26.08,82.44,124.06,0.65,11.14,757.1,1367682,119.5,70.8,3124,228.42,Medio
MUN_089,Anápolis,GO,20,24.36,29.41,92.55,49.22,0.313,1.75,757.1,1367682,119.5,70.8,3060,223.76,Medio
MUN_089,Anápolis,GO,21,22.08,30.63,80.12,32.83,0.548,0.83,757.1,1367682,119.5,70.8,2740,200.39,Medio
MUN_089,Anápolis,GO,22,30.36,32.47,84.24,62.72,0.48,13.54,757.1,1367682,119.5,70.8,2117,154.85,Baixo
MUN_089,Anápolis,GO,23,25.87,35.1,75.54,162.37,0.515,6.63,757.1,1367682,119.5,70.8,3533,258.36,Alto
MUN_089,Anápolis,GO,24,21.66,23.76,55.09,16.58,0.464,2.42,757.1,1367682,119.5,70.8,2009,146.96,Baixo
MUN_089,Anápolis,GO,25,24.88,31.86,87.03,0.03,0.356,0.0,757.1,1367682,119.5,70.8,2513,183.8,Medio
MUN_089,Anápolis,GO,26,19.09,28.87,60.51,10.44,0.418,0.0,757.1,1367682,119.5,70.8,1240,90.7,Baixo
MUN_089,Anápolis,GO,27,19.53,26.75,78.89,23.53,0.331,3.61,757.1,1367682,119.5,70.8,1338,97.87,Baixo
MUN_089,Anápolis,GO,28,18.37,21.41,72.34,17.39,0.306,0.0,757.1,1367682,119.5,70.8,112,8.2,Baixo
MUN_089,Anápolis,GO,29,25.25,32.69,55.56,8.77,0.372,9.98,757.1,1367682,119.5,70.8,1087,79.51,Baixo
MUN_089,Anápolis,GO,30,16.74,22.91,45.06,3.16,0.11,0.0,757.1,1367682,119.5,70.8,549,40.16,Baixo
MUN_089,Anápolis,GO,31,17.13,25.26,78.79,2.29,0.507,0.0,757.1,1367682,119.5,70.8,1962,143.49,Baixo
MUN_089,Anápolis,GO,32,20.75,26.66,42.38,5.77,0.165,0.0,757.1,1367682,119.5,70.8,1890,138.22,Baixo
MUN_089,Anápolis,GO,33,19.54,28.73,52.29,0.52,0.347,0.13,757.1,1367682,119.5,70.8,917,67.12,Baixo
MUN_089,Anápolis,GO,34,25.29,28.8,60.25,14.23,0.466,0.0,757.1,1367682,119.5,70.8,937,68.53,Baixo
MUN_089,Anápolis,GO,35,11.24,19.54,48.06,14.21,0.07,4.89,757.1,1367682,119.5,70.8,371,27.13,Baixo
MUN_089,Anápolis,GO,36,20.47,30.89,60.24,17.9,0.069,3.55,757.1,1367682,119.5,70.8,1638,119.8,Baixo
MUN_089,Anápolis,GO,37,18.2,24.77,46.59,1.3,0.379,7.42,757.1,1367682,119.5,70.8,0,0.0,Baixo
MUN_089,Anápolis,GO,38,23.82,25.98,61.93,0.87,0.37,2.58,757.1,1367682,119.5,70.8,1914,139.99,Baixo
MUN_089,Anápolis,GO,39,17.74,22.7,63.54,3.56,0.436,0.0,757.1,1367682,119.5,70.8,1455,106.44,Baixo
MUN_089,Anápolis,GO,40,15.8,22.69,59.71,15.07,0.358,6.13,757.1,1367682,119.5,70.8,176,12.9,Baixo
MUN_089,Anápolis,GO,41,19.87,29.63,54.92,30.94,0.333,0.0,757.1,1367682,119.5,70.8,276,20.25,Baixo
MUN_089,Anápolis,GO,42,28.8,37.35,50.14,4.29,0.213,5.44,757.1,1367682,119.5,70.8,1045,76.43,Baixo
MUN_089,Anápolis,GO,43,22.94,33.29,72.94,2.26,0.32,5.64,757.1,1367682,119.5,70.8,1801,131.69,Baixo
MUN_089,Anápolis,GO,44,18.08,23.81,65.56,1.41,0.369,1.12,757.1,1367682,119.5,70.8,2235,163.46,Medio
MUN_089,Anápolis,GO,45,22.14,24.66,40.53,9.01,0.255,0.0,757.1,1367682,119.5,70.8,2311,169.02,Medio
MUN_089,Anápolis,GO,46,16.04,19.11,86.54,7.8,0.216,0.0,757.1,1367682,119.5,70.8,1740,127.29,Baixo
MUN_089,Anápolis,GO,47,21.13,26.33,73.88,6.22,0.405,0.0,757.1,1367682,119.5,70.8,2391,174.86,Medio
MUN_089,Anápolis,GO,48,15.61,18.71,75.98,12.25,0.211,3.65,757.1,1367682,119.5,70.8,1398,102.24,Baixo
MUN_089,Anápolis,GO,49,17.47,22.3,62.26,25.22,0.217,2.87,757.1,1367682,119.5,70.8,629,46.02,Baixo
MUN_089,Anápolis,GO,50,15.36,25.36,52.11,38.54,0.27,1.45,757.1,1367682,119.5,70.8,1234,90.28,Baixo
MUN_090,Ribeirão das Neves,MG,1,17.17,26.66,63.14,71.09,0.32,0.03,771.7,2645075,71.6,24.3,3102,117.3,Baixo
MUN_090,Ribeirão das Neves,MG,2,13.39,18.07,75.11,1.19,0.374,4.44,771.7,2645075,71.6,24.3,3382,127.89,Baixo
MUN_090,Ribeirão das Neves,MG,3,22.14,31.38,79.81,1.74,0.203,0.33,771.7,2645075,71.6,24.3,9442,357.0,Alto
MUN_090,Ribeirão das Neves,MG,4,16.91,24.91,62.31,0.99,0.213,0.0,771.7,2645075,71.6,24.3,5754,217.54,Medio
MUN_090,Ribeirão das Neves,MG,5,20.34,30.12,63.15,38.29,0.367,0.0,771.7,2645075,71.6,24.3,2662,100.64,Baixo
MUN_090,Ribeirão das Neves,MG,6,26.86,34.18,54.07,48.42,0.418,0.0,771.7,2645075,71.6,24.3,3095,117.02,Baixo
MUN_090,Ribeirão das Neves,MG,7,27.84,34.33,55.29,1.42,0.315,0.0,771.7,2645075,71.6,24.3,5373,203.17,Medio
MUN_090,Ribeirão das Neves,MG,8,17.89,25.15,47.97,105.24,0.342,10.07,771.7,2645075,71.6,24.3,6340,239.7,Medio
MUN_090,Ribeirão das Neves,MG,9,26.23,29.3,92.66,216.51,0.173,10.28,771.7,2645075,71.6,24.3,11052,417.84,Alto
MUN_090,Ribeirão das Neves,MG,10,24.89,27.86,86.72,91.54,0.379,4.93,771.7,2645075,71.6,24.3,10856,410.44,Alto
MUN_090,Ribeirão das Neves,MG,11,27.8,31.13,81.23,49.44,0.54,4.91,771.7,2645075,71.6,24.3,7068,267.24,Alto
MUN_090,Ribeirão das Neves,MG,12,22.42,26.96,86.23,46.8,0.421,0.0,771.7,2645075,71.6,24.3,6679,252.51,Alto
MUN_090,Ribeirão das Neves,MG,13,23.76,30.36,74.56,16.76,0.57,2.03,771.7,2645075,71.6,24.3,8110,306.62,Alto
MUN_090,Ribeirão das Neves,MG,14,25.76,36.12,87.88,59.07,0.552,9.68,771.7,2645075,71.6,24.3,8871,335.39,Alto
MUN_090,Ribeirão das Neves,MG,15,21.92,30.16,68.49,43.16,0.529,2.72,771.7,2645075,71.6,24.3,5426,205.16,Medio
MUN_090,Ribeirão das Neves,MG,16,22.27,26.38,81.61,291.77,0.665,17.84,771.7,2645075,71.6,24.3,7988,302.02,Alto
MUN_090,Ribeirão das Neves,MG,17,23.74,27.86,97.48,120.96,0.795,11.0,771.7,2645075,71.6,24.3,11501,434.83,Alto
MUN_090,Ribeirão das Neves,MG,18,26.64,35.75,78.24,300.0,0.678,21.84,771.7,2645075,71.6,24.3,9368,354.18,Alto
MUN_090,Ribeirão das Neves,MG,19,23.93,25.94,80.82,95.29,0.515,10.31,771.7,2645075,71.6,24.3,8500,321.38,Alto
MUN_090,Ribeirão das Neves,MG,20,20.61,26.5,63.12,100.15,0.393,7.68,771.7,2645075,71.6,24.3,6290,237.83,Medio
MUN_090,Ribeirão das Neves,MG,21,29.04,38.62,77.5,60.57,0.61,7.98,771.7,2645075,71.6,24.3,9719,367.45,Alto
MUN_090,Ribeirão das Neves,MG,22,27.52,33.83,85.92,191.15,0.47,13.02,771.7,2645075,71.6,24.3,6983,264.01,Alto
MUN_090,Ribeirão das Neves,MG,23,26.22,34.89,54.84,29.94,0.546,12.58,771.7,2645075,71.6,24.3,7609,287.68,Alto
MUN_090,Ribeirão das Neves,MG,24,28.61,38.43,56.25,63.37,0.308,3.7,771.7,2645075,71.6,24.3,6702,253.4,Alto
MUN_090,Ribeirão das Neves,MG,25,12.12,17.08,68.14,71.78,0.306,0.0,771.7,2645075,71.6,24.3,8912,336.95,Alto
MUN_090,Ribeirão das Neves,MG,26,25.53,31.36,59.0,116.24,0.331,4.43,771.7,2645075,71.6,24.3,7974,301.5,Alto
MUN_090,Ribeirão das Neves,MG,27,18.29,24.24,83.22,20.36,0.427,10.75,771.7,2645075,71.6,24.3,9159,346.3,Alto
MUN_090,Ribeirão das Neves,MG,28,20.51,27.7,62.36,31.02,0.438,0.89,771.7,2645075,71.6,24.3,6764,255.74,Alto
MUN_090,Ribeirão das Neves,MG,29,16.63,21.2,64.23,1.57,0.307,4.71,771.7,2645075,71.6,24.3,4823,182.34,Medio
MUN_090,Ribeirão das Neves,MG,30,11.71,19.64,46.72,7.42,0.331,0.0,771.7,2645075,71.6,24.3,5005,189.22,Medio
MUN_090,Ribeirão das Neves,MG,31,15.87,24.33,67.99,10.17,0.189,4.71,771.7,2645075,71.6,24.3,2633,99.57,Baixo
MUN_090,Ribeirão das Neves,MG,32,20.89,28.57,47.68,2.1,0.326,2.77,771.7,2645075,71.6,24.3,5649,213.59,Medio
MUN_090,Ribeirão das Neves,MG,33,24.12,32.35,60.81,0.46,0.227,1.53,771.7,2645075,71.6,24.3,6683,252.69,Alto
MUN_090,Ribeirão das Neves,MG,34,16.35,21.54,65.4,2.99,0.348,2.5,771.7,2645075,71.6,24.3,5113,193.33,Medio
MUN_090,Ribeirão das Neves,MG,35,25.7,29.86,75.33,7.43,0.351,0.0,771.7,2645075,71.6,24.3,4375,165.41,Medio
MUN_090,Ribeirão das Neves,MG,36,15.14,20.43,61.78,1.85,0.325,3.11,771.7,2645075,71.6,24.3,1711,64.69,Baixo
MUN_090,Ribeirão das Neves,MG,37,19.93,22.43,81.35,0.34,0.426,3.52,771.7,2645075,71.6,24.3,7000,264.68,Alto
MUN_090,Ribeirão das Neves,MG,38,12.61,15.73,75.71,17.2,0.297,0.0,771.7,2645075,71.6,24.3,2120,80.17,Baixo
MUN_090,Ribeirão das Neves,MG,39,16.54,21.86,40.77,5.52,0.259,1.37,771.7,2645075,71.6,24.3,1639,61.99,Baixo
MUN_090,Ribeirão das Neves,MG,40,10.71,18.62,67.11,5.39,0.458,3.79,771.7,2645075,71.6,24.3,4725,178.66,Medio
MUN_090,Ribeirão das Neves,MG,41,18.29,28.57,52.33,12.2,0.268,1.97,771.7,2645075,71.6,24.3,1219,46.11,Baixo
MUN_090,Ribeirão das Neves,MG,42,21.09,27.78,47.69,0.27,0.221,0.0,771.7,2645075,71.6,24.3,4784,180.89,Medio
MUN_090,Ribeirão das Neves,MG,43,18.25,23.81,60.63,11.62,0.429,3.09,771.7,2645075,71.6,24.3,4160,157.29,Medio
MUN_090,Ribeirão das Neves,MG,44,25.67,27.78,51.6,0.78,0.472,0.0,771.7,2645075,71.6,24.3,3450,130.46,Baixo
MUN_090,Ribeirão das Neves,MG,45,18.33,27.81,54.76,13.69,0.296,0.0,771.7,2645075,71.6,24.3,5180,195.84,Medio
MUN_090,Ribeirão das Neves,MG,46,18.24,27.02,72.16,7.81,0.363,0.0,771.7,2645075,71.6,24.3,3501,132.37,Baixo
MUN_090,Ribeirão das Neves,MG,47,23.09,31.16,75.02,9.67,0.502,2.04,771.7,2645075,71.6,24.3,6775,256.17,Alto
MUN_090,Ribeirão das Neves,MG,48,16.61,18.69,37.51,5.98,0.343,0.0,771.7,2645075,71.6,24.3,4049,153.09,Baixo
MUN_090,Ribeirão das Neves,MG,49,20.33,23.9,55.59,6.22,0.413,0.53,771.7,2645075,71.6,24.3,7022,265.49,Alto
MUN_090,Ribeirão das Neves,MG,50,18.84,21.74,68.89,0.09,0.135,0.0,771.7,2645075,71.6,24.3,321,12.14,Baixo
MUN_091,Sobral,CE,1,24.7,30.07,48.35,20.53,0.394,2.44,219.5,1909490,50.1,93.9,6063,317.53,Alto
MUN_091,Sobral,CE,2,21.14,28.14,80.03,5.63,0.262,6.56,219.5,1909490,50.1,93.9,2132,111.67,Baixo
MUN_091,Sobral,CE,3,20.06,30.25,74.4,5.97,0.325,0.0,219.5,1909490,50.1,93.9,2459,128.83,Baixo
MUN_091,Sobral,CE,4,21.56,26.6,59.45,11.02,0.226,0.0,219.5,1909490,50.1,93.9,2727,142.83,Baixo
MUN_091,Sobral,CE,5,34.09,40.8,64.93,16.29,0.267,0.51,219.5,1909490,50.1,93.9,2375,124.4,Baixo
MUN_091,Sobral,CE,6,24.61,30.13,80.07,33.8,0.204,3.44,219.5,1909490,50.1,93.9,1958,102.56,Baixo
MUN_091,Sobral,CE,7,27.59,31.98,66.73,15.2,0.247,0.59,219.5,1909490,50.1,93.9,0,0.0,Baixo
MUN_091,Sobral,CE,8,35.76,43.38,68.56,71.17,0.446,11.48,219.5,1909490,50.1,93.9,4238,221.96,Medio
MUN_091,Sobral,CE,9,24.79,29.69,53.16,24.93,0.562,3.34,219.5,1909490,50.1,93.9,522,27.35,Baixo
MUN_091,Sobral,CE,10,28.02,33.32,81.31,153.24,0.435,7.34,219.5,1909490,50.1,93.9,3485,182.52,Medio
MUN_091,Sobral,CE,11,30.74,33.53,70.29,14.29,0.736,0.0,219.5,1909490,50.1,93.9,2928,153.38,Baixo
MUN_091,Sobral,CE,12,29.91,38.25,94.94,6.53,0.686,3.76,219.5,1909490,50.1,93.9,3550,185.95,Medio
MUN_091,Sobral,CE,13,34.57,40.63,78.2,0.67,0.721,5.53,219.5,1909490,50.1,93.9,3108,162.81,Medio
MUN_091,Sobral,CE,14,25.57,34.76,93.0,104.92,0.489,11.26,219.5,1909490,50.1,93.9,5413,283.53,Alto
MUN_091,Sobral,CE,15,36.3,39.13,32.36,142.29,0.456,10.99,219.5,1909490,50.1,93.9,4708,246.6,Medio
MUN_091,Sobral,CE,16,30.82,37.87,84.36,90.66,0.475,5.33,219.5,1909490,50.1,93.9,5857,306.74,Alto
MUN_091,Sobral,CE,17,34.38,42.79,71.99,23.72,0.677,2.05,219.5,1909490,50.1,93.9,3318,173.8,Medio
MUN_091,Sobral,CE,18,34.4,44.8,100.0,58.37,0.467,8.83,219.5,1909490,50.1,93.9,2855,149.53,Baixo
MUN_091,Sobral,CE,19,31.54,37.34,51.36,63.25,0.657,5.8,219.5,1909490,50.1,93.9,2489,130.4,Baixo
MUN_091,Sobral,CE,20,28.17,37.83,61.77,43.65,0.453,4.63,219.5,1909490,50.1,93.9,814,42.66,Baixo
MUN_091,Sobral,CE,21,20.46,28.82,72.74,124.54,0.542,10.74,219.5,1909490,50.1,93.9,1354,70.95,Baixo
MUN_091,Sobral,CE,22,28.91,36.15,61.26,25.57,0.531,5.22,219.5,1909490,50.1,93.9,2021,105.84,Baixo
MUN_091,Sobral,CE,23,35.92,44.1,61.85,111.89,0.386,13.68,219.5,1909490,50.1,93.9,3677,192.58,Medio
MUN_091,Sobral,CE,24,27.34,35.42,59.81,16.68,0.377,2.09,219.5,1909490,50.1,93.9,3215,168.39,Medio
MUN_091,Sobral,CE,25,26.61,29.72,69.35,83.56,0.367,0.0,219.5,1909490,50.1,93.9,3593,188.21,Medio
MUN_091,Sobral,CE,26,31.27,37.23,56.95,34.28,0.233,0.0,219.5,1909490,50.1,93.9,2558,133.97,Baixo
MUN_091,Sobral,CE,27,27.63,37.54,63.99,7.13,0.221,5.27,219.5,1909490,50.1,93.9,2766,144.89,Baixo
MUN_091,Sobral,CE,28,26.38,32.83,76.25,46.79,0.344,3.08,219.5,1909490,50.1,93.9,2738,143.44,Baixo
MUN_091,Sobral,CE,29,22.75,28.95,70.17,2.09,0.375,0.0,219.5,1909490,50.1,93.9,1883,98.62,Baixo
MUN_091,Sobral,CE,30,24.7,31.9,47.03,1.35,0.364,0.0,219.5,1909490,50.1,93.9,8,0.43,Baixo
MUN_091,Sobral,CE,31,21.61,27.0,58.0,56.22,0.21,1.61,219.5,1909490,50.1,93.9,622,32.58,Baixo
MUN_091,Sobral,CE,32,18.84,24.15,82.47,0.1,0.294,7.37,219.5,1909490,50.1,93.9,1320,69.16,Baixo
MUN_091,Sobral,CE,33,25.87,28.15,75.84,20.39,0.401,0.0,219.5,1909490,50.1,93.9,550,28.85,Baixo
MUN_091,Sobral,CE,34,18.99,26.46,72.66,13.73,0.328,1.96,219.5,1909490,50.1,93.9,742,38.86,Baixo
MUN_091,Sobral,CE,35,20.2,27.89,71.93,4.97,0.366,0.65,219.5,1909490,50.1,93.9,938,49.14,Baixo
MUN_091,Sobral,CE,36,24.4,32.01,68.85,0.22,0.203,0.0,219.5,1909490,50.1,93.9,1661,87.01,Baixo
MUN_091,Sobral,CE,37,26.2,33.2,71.07,2.42,0.289,2.1,219.5,1909490,50.1,93.9,2943,154.17,Baixo
MUN_091,Sobral,CE,38,17.9,27.44,68.94,26.93,0.316,0.0,219.5,1909490,50.1,93.9,1194,62.58,Baixo
MUN_091,Sobral,CE,39,21.6,31.96,76.45,0.86,0.279,0.0,219.5,1909490,50.1,93.9,0,0.0,Baixo
MUN_091,Sobral,CE,40,17.54,24.99,50.17,16.37,0.493,3.78,219.5,1909490,50.1,93.9,0,0.0,Baixo
MUN_091,Sobral,CE,41,17.95,25.86,37.36,7.25,0.302,3.0,219.5,1909490,50.1,93.9,755,39.56,Baixo
MUN_091,Sobral,CE,42,20.02,28.19,56.28,2.85,0.385,0.36,219.5,1909490,50.1,93.9,459,24.05,Baixo
MUN_091,Sobral,CE,43,21.35,27.33,72.39,0.76,0.341,0.0,219.5,1909490,50.1,93.9,830,43.51,Baixo
MUN_091,Sobral,CE,44,23.84,33.65,79.86,21.69,0.299,0.0,219.5,1909490,50.1,93.9,2091,109.51,Baixo
MUN_091,Sobral,CE,45,23.58,33.43,56.69,12.62,0.144,6.21,219.5,1909490,50.1,93.9,3398,177.98,Medio
MUN_091,Sobral,CE,46,21.7,24.31,73.56,1.86,0.279,4.71,219.5,1909490,50.1,93.9,496,26.02,Baixo
MUN_091,Sobral,CE,47,27.15,36.38,69.12,14.76,0.367,9.07,219.5,1909490,50.1,93.9,1142,59.83,Baixo
MUN_091,Sobral,CE,48,18.39,21.01,55.05,5.78,0.343,1.1,219.5,1909490,50.1,93.9,0,0.0,Baixo
MUN_091,Sobral,CE,49,24.13,32.06,59.07,4.16,0.366,4.19,219.5,1909490,50.1,93.9,500,26.23,Baixo
MUN_091,Sobral,CE,50,17.56,22.67,59.13,0.11,0.263,0.0,219.5,1909490,50.1,93.9,0,0.0,Baixo
MUN_092,Palmas,TO,1,20.25,30.24,54.56,13.77,0.169,5.79,358.1,2578167,30.0,90.4,6104,236.79,Medio
MUN_092,Palmas,TO,2,27.0,32.1,68.27,0.19,0.155,0.0,358.1,2578167,30.0,90.4,4982,193.24,Medio
MUN_092,Palmas,TO,3,21.47,23.86,76.86,20.28,0.337,1.9,358.1,2578167,30.0,90.4,5179,200.88,Medio
MUN_092,Palmas,TO,4,27.66,36.51,79.12,6.24,0.197,0.0,358.1,2578167,30.0,90.4,6366,246.95,Medio
MUN_092,Palmas,TO,5,28.78,33.24,56.79,17.85,0.37,0.0,358.1,2578167,30.0,90.4,5371,208.36,Medio
MUN_092,Palmas,TO,6,25.31,32.33,67.33,21.96,0.371,1.18,358.1,2578167,30.0,90.4,7721,299.5,Alto
MUN_092,Palmas,TO,7,25.82,34.27,32.03,0.87,0.3,1.13,358.1,2578167,30.0,90.4,5473,212.31,Medio
MUN_092,Palmas,TO,8,28.33,37.95,87.55,9.53,0.548,3.37,358.1,2578167,30.0,90.4,4355,168.93,Medio
MUN_092,Palmas,TO,9,27.08,33.73,87.41,17.9,0.371,0.94,358.1,2578167,30.0,90.4,5748,222.97,Medio
MUN_092,Palmas,TO,10,27.05,31.55,53.77,98.07,0.438,5.45,358.1,2578167,30.0,90.4,8231,319.27,Alto
MUN_092,Palmas,TO,11,36.46,40.14,100.0,30.62,0.37,7.04,358.1,2578167,30.0,90.4,8563,332.15,Alto
MUN_092,Palmas,TO,12,22.9,26.52,86.64,257.84,0.63,17.95,358.1,2578167,30.0,90.4,10887,422.28,Alto
MUN_092,Palmas,TO,13,29.57,35.33,76.01,89.62,0.434,9.39,358.1,2578167,30.0,90.4,4678,181.45,Medio
MUN_092,Palmas,TO,14,31.66,34.44,86.79,148.33,0.595,10.75,358.1,2578167,30.0,90.4,10072,390.67,Alto
MUN_092,Palmas,TO,15,36.21,45.22,74.75,169.77,0.673,16.54,358.1,2578167,30.0,90.4,8520,330.5,Alto
MUN_092,Palmas,TO,16,33.62,37.43,100.0,47.56,0.699,5.18,358.1,2578167,30.0,90.4,9323,361.63,Alto
MUN_092,Palmas,TO,17,32.12,36.16,93.15,33.78,0.362,0.0,358.1,2578167,30.0,90.4,10263,398.11,Alto
MUN_092,Palmas,TO,18,29.57,34.93,76.14,25.37,0.865,4.22,358.1,2578167,30.0,90.4,8395,325.62,Alto
MUN_092,Palmas,TO,19,32.92,35.22,79.14,6.44,0.461,4.44,358.1,2578167,30.0,90.4,5382,208.77,Medio
MUN_092,Palmas,TO,20,29.59,36.67,100.0,75.66,0.546,0.0,358.1,2578167,30.0,90.4,7127,276.46,Alto
MUN_092,Palmas,TO,21,29.91,40.24,67.88,0.91,0.437,3.47,358.1,2578167,30.0,90.4,3029,117.51,Baixo
MUN_092,Palmas,TO,22,29.33,34.53,78.74,14.2,0.409,0.0,358.1,2578167,30.0,90.4,7215,279.87,Alto
MUN_092,Palmas,TO,23,33.42,43.92,80.5,84.94,0.691,6.94,358.1,2578167,30.0,90.4,10011,388.3,Alto
MUN_092,Palmas,TO,24,27.37,36.65,97.88,300.0,0.385,18.92,358.1,2578167,30.0,90.4,6807,264.03,Alto
MUN_092,Palmas,TO,25,21.65,25.58,77.82,42.99,0.409,0.09,358.1,2578167,30.0,90.4,5891,228.51,Medio
MUN_092,Palmas,TO,26,22.1,31.25,94.0,114.67,0.348,12.53,358.1,2578167,30.0,90.4,5576,216.29,Medio
MUN_092,Palmas,TO,27,25.17,34.07,45.11,114.56,0.435,2.97,358.1,2578167,30.0,90.4,6222,241.36,Medio
MUN_092,Palmas,TO,28,26.45,32.77,67.3,36.65,0.183,0.0,358.1,2578167,30.0,90.4,6132,237.88,Medio
MUN_092,Palmas,TO,29,23.53,33.76,58.13,17.55,0.307,0.03,358.1,2578167,30.0,90.4,7092,275.09,Alto
MUN_092,Palmas,TO,30,20.41,27.25,44.55,1.76,0.364,1.11,358.1,2578167,30.0,90.4,1827,70.88,Baixo
MUN_092,Palmas,TO,31,20.44,26.77,49.89,11.3,0.361,9.04,358.1,2578167,30.0,90.4,4616,179.05,Medio
MUN_092,Palmas,TO,32,22.87,27.91,54.46,2.0,0.12,1.78,358.1,2578167,30.0,90.4,4728,183.41,Medio
MUN_092,Palmas,TO,33,26.37,36.05,75.96,3.51,0.402,2.83,358.1,2578167,30.0,90.4,4628,179.52,Medio
MUN_092,Palmas,TO,34,25.0,28.72,58.95,66.45,0.304,1.53,358.1,2578167,30.0,90.4,3867,150.0,Baixo
MUN_092,Palmas,TO,35,23.24,29.18,57.53,34.66,0.376,4.34,358.1,2578167,30.0,90.4,1728,67.06,Baixo
MUN_092,Palmas,TO,36,19.87,24.19,38.21,7.61,0.318,4.83,358.1,2578167,30.0,90.4,2403,93.21,Baixo
MUN_092,Palmas,TO,37,16.45,19.75,69.24,10.14,0.233,5.95,358.1,2578167,30.0,90.4,1392,54.03,Baixo
MUN_092,Palmas,TO,38,24.12,27.66,80.46,5.04,0.31,10.01,358.1,2578167,30.0,90.4,5837,226.42,Medio
MUN_092,Palmas,TO,39,22.69,29.21,63.21,7.79,0.424,4.41,358.1,2578167,30.0,90.4,5699,221.05,Medio
MUN_092,Palmas,TO,40,18.59,27.14,76.62,0.48,0.477,6.51,358.1,2578167,30.0,90.4,4484,173.94,Medio
MUN_092,Palmas,TO,41,24.05,27.87,60.77,15.49,0.361,1.47,358.1,2578167,30.0,90.4,3389,131.45,Baixo
MUN_092,Palmas,TO,42,20.17,24.55,76.41,29.27,0.123,2.99,358.1,2578167,30.0,90.4,6470,250.99,Alto
MUN_092,Palmas,TO,43,22.1,27.43,74.08,31.94,0.425,9.27,358.1,2578167,30.0,90.4,5550,215.3,Medio
MUN_092,Palmas,TO,44,19.51,27.85,86.77,38.89,0.201,7.92,358.1,2578167,30.0,90.4,5231,202.91,Medio
MUN_092,Palmas,TO,45,23.13,27.4,80.29,91.9,0.46,12.85,358.1,2578167,30.0,90.4,6130,237.8,Medio
MUN_092,Palmas,TO,46,27.24,31.67,33.86,9.06,0.381,5.75,358.1,2578167,30.0,90.4,3115,120.86,Baixo
MUN_092,Palmas,TO,47,25.47,30.21,67.32,64.92,0.295,1.44,358.1,2578167,30.0,90.4,4487,174.07,Medio
MUN_092,Palmas,TO,48,22.34,32.1,61.95,7.33,0.373,6.96,358.1,2578167,30.0,90.4,1307,50.72,Baixo
MUN_092,Palmas,TO,49,29.73,36.87,74.64,13.97,0.091,3.4,358.1,2578167,30.0,90.4,3495,135.6,Baixo
MUN_092,Palmas,TO,50,21.49,26.65,44.54,1.33,0.221,4.49,358.1,2578167,30.0,90.4,1471,57.08,Baixo
MUN_093,Barueri,SP,1,13.11,17.55,57.78,0.48,0.18,0.0,820.0,1140205,76.3,48.1,0,0.0,Baixo
MUN_093,Barueri,SP,2,17.04,22.83,73.64,8.33,0.292,8.24,820.0,1140205,76.3,48.1,665,58.37,Baixo
MUN_093,Barueri,SP,3,15.01,18.6,81.48,4.42,0.456,6.42,820.0,1140205,76.3,48.1,0,0.0,Baixo
MUN_093,Barueri,SP,4,15.08,17.7,61.28,7.49,0.581,1.97,820.0,1140205,76.3,48.1,754,66.16,Baixo
MUN_093,Barueri,SP,5,21.26,30.67,70.26,18.86,0.216,0.0,820.0,1140205,76.3,48.1,2284,200.4,Medio
MUN_093,Barueri,SP,6,21.66,28.07,63.29,186.08,0.286,4.46,820.0,1140205,76.3,48.1,2497,219.05,Medio
MUN_093,Barueri,SP,7,16.44,25.11,84.11,7.31,0.449,6.69,820.0,1140205,76.3,48.1,3019,264.85,Alto
MUN_093,Barueri,SP,8,25.75,31.5,72.23,105.8,0.404,1.29,820.0,1140205,76.3,48.1,2927,256.75,Alto
MUN_093,Barueri,SP,9,21.06,23.46,52.7,12.56,0.401,0.0,820.0,1140205,76.3,48.1,1506,132.15,Baixo
MUN_093,Barueri,SP,10,27.76,33.11,76.32,23.68,0.534,7.98,820.0,1140205,76.3,48.1,1531,134.29,Baixo
MUN_093,Barueri,SP,11,20.96,29.37,59.0,49.03,0.537,2.71,820.0,1140205,76.3,48.1,2522,221.26,Medio
MUN_093,Barueri,SP,12,19.62,25.27,75.44,31.99,0.423,2.85,820.0,1140205,76.3,48.1,1294,113.53,Baixo
MUN_093,Barueri,SP,13,20.88,30.46,69.77,125.2,0.62,9.23,820.0,1140205,76.3,48.1,3350,293.88,Alto
MUN_093,Barueri,SP,14,24.84,27.21,83.23,10.29,0.337,2.9,820.0,1140205,76.3,48.1,2146,188.23,Medio
MUN_093,Barueri,SP,15,31.11,36.77,89.32,27.13,0.602,8.82,820.0,1140205,76.3,48.1,2456,215.44,Medio
MUN_093,Barueri,SP,16,27.3,29.32,58.49,300.0,0.504,27.09,820.0,1140205,76.3,48.1,2896,254.02,Alto
MUN_093,Barueri,SP,17,28.08,37.3,100.0,48.62,0.651,6.5,820.0,1140205,76.3,48.1,1125,98.74,Baixo
MUN_093,Barueri,SP,18,29.53,38.52,57.52,66.39,0.349,9.34,820.0,1140205,76.3,48.1,1994,174.89,Medio
MUN_093,Barueri,SP,19,23.17,33.42,65.86,60.24,0.622,8.26,820.0,1140205,76.3,48.1,2764,242.49,Medio
MUN_093,Barueri,SP,20,29.68,34.96,73.27,137.7,0.461,1.35,820.0,1140205,76.3,48.1,2455,215.36,Medio
MUN_093,Barueri,SP,21,24.43,30.59,52.94,186.87,0.343,14.61,820.0,1140205,76.3,48.1,3481,305.31,Alto
MUN_093,Barueri,SP,22,21.46,29.22,49.07,8.8,0.549,1.47,820.0,1140205,76.3,48.1,3163,277.48,Alto
MUN_093,Barueri,SP,23,20.37,24.85,84.02,19.13,0.562,2.92,820.0,1140205,76.3,48.1,2832,248.43,Alto
MUN_093,Barueri,SP,24,21.0,25.45,82.33,8.98,0.445,0.0,820.0,1140205,76.3,48.1,3929,344.64,Alto
MUN_093,Barueri,SP,25,20.97,25.46,75.11,19.18,0.388,7.75,820.0,1140205,76.3,48.1,3591,314.96,Alto
MUN_093,Barueri,SP,26,25.41,34.78,60.37,2.07,0.593,5.34,820.0,1140205,76.3,48.1,2303,202.02,Medio
MUN_093,Barueri,SP,27,25.34,34.54,60.33,13.5,0.44,0.74,820.0,1140205,76.3,48.1,1573,138.01,Baixo
MUN_093,Barueri,SP,28,13.84,23.43,65.64,4.74,0.515,3.25,820.0,1140205,76.3,48.1,672,59.0,Baixo
MUN_093,Barueri,SP,29,16.98,25.11,70.93,9.6,0.264,0.0,820.0,1140205,76.3,48.1,1224,107.39,Baixo
MUN_093,Barueri,SP,30,16.58,25.54,54.62,5.59,0.352,5.18,820.0,1140205,76.3,48.1,443,38.92,Baixo
MUN_093,Barueri,SP,31,12.61,14.62,58.52,29.53,0.362,7.11,820.0,1140205,76.3,48.1,1376,120.71,Baixo
MUN_093,Barueri,SP,32,19.43,27.67,52.68,3.43,0.333,5.36,820.0,1140205,76.3,48.1,432,37.96,Baixo
MUN_093,Barueri,SP,33,17.84,27.15,56.97,12.77,0.278,0.0,820.0,1140205,76.3,48.1,575,50.44,Baixo
MUN_093,Barueri,SP,34,17.83,22.91,31.16,7.33,0.278,0.31,820.0,1140205,76.3,48.1,830,72.88,Baixo
MUN_093,Barueri,SP,35,13.51,17.55,56.68,7.0,0.158,0.52,820.0,1140205,76.3,48.1,0,0.0,Baixo
MUN_093,Barueri,SP,36,24.08,34.03,64.43,2.63,0.319,0.0,820.0,1140205,76.3,48.1,1463,128.37,Baixo
MUN_093,Barueri,SP,37,21.49,26.89,77.54,24.35,0.131,0.58,820.0,1140205,76.3,48.1,1682,147.52,Baixo
MUN_093,Barueri,SP,38,22.89,25.94,75.48,5.57,0.218,2.11,820.0,1140205,76.3,48.1,1784,156.5,Baixo
MUN_093,Barueri,SP,39,16.02,23.18,62.79,0.17,0.297,8.8,820.0,1140205,76.3,48.1,1713,150.25,Baixo
MUN_093,Barueri,SP,40,18.81,26.03,53.6,5.59,0.438,9.24,820.0,1140205,76.3,48.1,776,68.09,Baixo
MUN_093,Barueri,SP,41,15.55,25.19,58.68,1.95,0.477,0.0,820.0,1140205,76.3,48.1,436,38.29,Baixo
MUN_093,Barueri,SP,42,19.12,23.78,63.97,4.67,0.467,5.27,820.0,1140205,76.3,48.1,1122,98.43,Baixo
MUN_093,Barueri,SP,43,19.56,26.08,76.49,16.3,0.153,2.18,820.0,1140205,76.3,48.1,1688,148.06,Baixo
MUN_093,Barueri,SP,44,20.19,24.37,48.23,4.75,0.245,0.76,820.0,1140205,76.3,48.1,1510,132.49,Baixo
MUN_093,Barueri,SP,45,16.03,19.1,50.99,3.04,0.18,0.49,820.0,1140205,76.3,48.1,3226,282.94,Alto
MUN_093,Barueri,SP,46,18.76,21.25,53.34,9.79,0.215,6.44,820.0,1140205,76.3,48.1,1158,101.6,Baixo
MUN_093,Barueri,SP,47,14.84,19.54,78.88,4.15,0.075,0.0,820.0,1140205,76.3,48.1,0,0.0,Baixo
MUN_093,Barueri,SP,48,24.06,26.53,79.35,1.18,0.213,0.0,820.0,1140205,76.3,48.1,908,79.72,Baixo
MUN_093,Barueri,SP,49,18.49,27.25,53.87,7.07,0.426,0.0,820.0,1140205,76.3,48.1,152,13.34,Baixo
MUN_093,Barueri,SP,50,21.94,24.15,66.74,4.55,0.147,2.33,820.0,1140205,76.3,48.1,2081,182.58,Medio
MUN_094,Embu das Artes,SP,1,15.68,18.82,29.58,8.34,0.325,7.14,810.1,1455541,209.4,65.9,1448,99.52,Baixo
MUN_094,Embu das Artes,SP,2,10.0,20.21,67.69,23.36,0.223,0.0,810.1,1455541,209.4,65.9,1279,87.9,Baixo
MUN_094,Embu das Artes,SP,3,21.56,30.6,41.62,2.42,0.297,6.66,810.1,1455541,209.4,65.9,1848,126.97,Baixo
MUN_094,Embu das Artes,SP,4,20.09,30.54,42.22,2.37,0.677,0.0,810.1,1455541,209.4,65.9,2328,159.97,Medio
MUN_094,Embu das Artes,SP,5,18.56,26.3,77.29,0.43,0.28,4.66,810.1,1455541,209.4,65.9,2239,153.84,Baixo
MUN_094,Embu das Artes,SP,6,20.23,27.48,62.63,61.86,0.151,0.0,810.1,1455541,209.4,65.9,2630,180.7,Medio
MUN_094,Embu das Artes,SP,7,19.24,28.96,58.76,39.66,0.694,5.14,810.1,1455541,209.4,65.9,2274,156.24,Baixo
MUN_094,Embu das Artes,SP,8,21.55,27.25,83.92,31.64,0.296,3.0,810.1,1455541,209.4,65.9,1043,71.7,Baixo
MUN_094,Embu das Artes,SP,9,19.56,25.75,82.4,3.03,0.47,1.05,810.1,1455541,209.4,65.9,1439,98.92,Baixo
MUN_094,Embu das Artes,SP,10,25.49,30.8,74.0,0.1,0.673,3.84,810.1,1455541,209.4,65.9,2713,186.45,Medio
MUN_094,Embu das Artes,SP,11,22.86,30.18,90.12,63.89,0.625,0.54,810.1,1455541,209.4,65.9,2936,201.74,Medio
MUN_094,Embu das Artes,SP,12,29.92,37.59,70.2,58.95,0.426,1.36,810.1,1455541,209.4,65.9,3901,268.05,Alto
MUN_094,Embu das Artes,SP,13,28.36,32.31,91.77,48.55,0.582,3.35,810.1,1455541,209.4,65.9,3303,226.97,Medio
MUN_094,Embu das Artes,SP,14,19.03,23.18,75.57,85.56,0.691,8.74,810.1,1455541,209.4,65.9,3568,245.19,Medio
MUN_094,Embu das Artes,SP,15,20.3,25.63,88.86,31.35,0.605,4.7,810.1,1455541,209.4,65.9,4087,280.81,Alto
MUN_094,Embu das Artes,SP,16,22.74,32.02,100.0,11.44,0.629,4.02,810.1,1455541,209.4,65.9,3849,264.44,Alto
MUN_094,Embu das Artes,SP,17,29.08,38.69,77.22,85.65,0.557,4.55,810.1,1455541,209.4,65.9,3235,222.3,Medio
MUN_094,Embu das Artes,SP,18,31.15,34.71,67.17,49.28,0.649,5.38,810.1,1455541,209.4,65.9,3504,240.76,Medio
MUN_094,Embu das Artes,SP,19,28.8,32.21,79.3,1.9,0.378,2.89,810.1,1455541,209.4,65.9,2788,191.55,Medio
MUN_094,Embu das Artes,SP,20,27.48,34.69,77.74,50.31,0.769,6.0,810.1,1455541,209.4,65.9,4711,323.66,Alto
MUN_094,Embu das Artes,SP,21,21.87,31.33,89.28,61.99,0.637,9.43,810.1,1455541,209.4,65.9,5203,357.5,Alto
MUN_094,Embu das Artes,SP,22,28.19,37.76,68.85,79.58,0.418,8.19,810.1,1455541,209.4,65.9,3472,238.59,Medio
MUN_094,Embu das Artes,SP,23,26.4,32.71,70.05,43.32,0.505,10.7,810.1,1455541,209.4,65.9,2954,202.96,Medio
MUN_094,Embu das Artes,SP,24,18.73,22.93,70.01,50.88,0.443,6.53,810.1,1455541,209.4,65.9,1907,131.04,Baixo
MUN_094,Embu das Artes,SP,25,21.26,26.88,50.98,8.47,0.445,0.0,810.1,1455541,209.4,65.9,1148,78.92,Baixo
MUN_094,Embu das Artes,SP,26,21.32,29.53,63.34,16.97,0.439,2.38,810.1,1455541,209.4,65.9,1378,94.71,Baixo
MUN_094,Embu das Artes,SP,27,19.8,24.95,83.42,52.27,0.583,5.51,810.1,1455541,209.4,65.9,2696,185.23,Medio
MUN_094,Embu das Artes,SP,28,19.91,26.93,62.36,43.02,0.433,7.58,810.1,1455541,209.4,65.9,2357,161.96,Medio
MUN_094,Embu das Artes,SP,29,21.58,28.57,60.17,29.23,0.41,5.21,810.1,1455541,209.4,65.9,2822,193.91,Medio
MUN_094,Embu das Artes,SP,30,11.32,16.24,62.7,3.12,0.424,7.46,810.1,1455541,209.4,65.9,1567,107.71,Baixo
MUN_094,Embu das Artes,SP,31,20.21,25.29,49.89,6.4,0.147,3.06,810.1,1455541,209.4,65.9,702,48.25,Baixo
MUN_094,Embu das Artes,SP,32,17.67,22.07,54.3,6.14,0.278,0.0,810.1,1455541,209.4,65.9,1056,72.61,Baixo
MUN_094,Embu das Artes,SP,33,17.22,21.1,69.95,9.8,0.231,4.81,810.1,1455541,209.4,65.9,523,36.0,Baixo
MUN_094,Embu das Artes,SP,34,19.14,26.72,18.0,21.1,0.392,7.28,810.1,1455541,209.4,65.9,281,19.36,Baixo
MUN_094,Embu das Artes,SP,35,25.16,32.69,56.45,30.46,0.403,4.3,810.1,1455541,209.4,65.9,591,40.64,Baixo
MUN_094,Embu das Artes,SP,36,22.82,32.77,63.04,5.43,0.353,3.41,810.1,1455541,209.4,65.9,1324,90.99,Baixo
MUN_094,Embu das Artes,SP,37,16.29,21.91,69.48,10.88,0.272,0.0,810.1,1455541,209.4,65.9,1358,93.34,Baixo
MUN_094,Embu das Artes,SP,38,15.32,18.99,59.35,2.22,0.159,5.74,810.1,1455541,209.4,65.9,1238,85.08,Baixo
MUN_094,Embu das Artes,SP,39,15.93,18.63,38.84,3.87,0.453,0.0,810.1,1455541,209.4,65.9,1067,73.31,Baixo
MUN_094,Embu das Artes,SP,40,13.91,22.34,53.54,0.69,0.268,0.0,810.1,1455541,209.4,65.9,1910,131.23,Baixo
MUN_094,Embu das Artes,SP,41,15.55,19.91,65.82,0.92,0.404,1.92,810.1,1455541,209.4,65.9,2442,167.84,Medio
MUN_094,Embu das Artes,SP,42,20.49,28.63,59.47,5.73,0.307,0.0,810.1,1455541,209.4,65.9,2873,197.43,Medio
MUN_094,Embu das Artes,SP,43,13.35,23.7,57.56,19.62,0.202,3.93,810.1,1455541,209.4,65.9,3288,225.9,Medio
MUN_094,Embu das Artes,SP,44,15.47,22.07,84.86,3.59,0.093,0.0,810.1,1455541,209.4,65.9,1955,134.35,Baixo
MUN_094,Embu das Artes,SP,45,17.64,26.11,44.19,7.2,0.198,7.97,810.1,1455541,209.4,65.9,741,50.93,Baixo
MUN_094,Embu das Artes,SP,46,20.25,24.66,81.79,2.15,0.289,0.0,810.1,1455541,209.4,65.9,1641,112.8,Baixo
MUN_094,Embu das Artes,SP,47,21.09,24.41,65.11,41.36,0.311,3.99,810.1,1455541,209.4,65.9,2265,155.68,Baixo
MUN_094,Embu das Artes,SP,48,15.58,18.01,44.36,12.19,0.595,3.12,810.1,1455541,209.4,65.9,864,59.42,Baixo
MUN_094,Embu das Artes,SP,49,10.3,14.0,78.86,11.16,0.365,0.17,810.1,1455541,209.4,65.9,855,58.8,Baixo
MUN_094,Embu das Artes,SP,50,19.07,28.69,64.55,2.65,0.087,0.0,810.1,1455541,209.4,65.9,806,55.44,Baixo
MUN_095,Ilhéus,BA,1,28.47,35.58,66.23,14.8,0.324,0.13,81.2,1885567,105.0,74.5,3294,174.7,Medio
MUN_095,Ilhéus,BA,2,18.71,24.74,57.47,2.71,0.262,0.0,81.2,1885567,105.0,74.5,4918,260.87,Alto
MUN_095,Ilhéus,BA,3,18.27,23.86,61.73,22.98,0.187,0.0,81.2,1885567,105.0,74.5,2270,120.39,Baixo
MUN_095,Ilhéus,BA,4,26.64,34.41,52.39,2.79,0.476,1.34,81.2,1885567,105.0,74.5,3622,192.12,Medio
MUN_095,Ilhéus,BA,5,27.69,34.83,51.0,8.07,0.508,2.29,81.2,1885567,105.0,74.5,3642,193.2,Medio
MUN_095,Ilhéus,BA,6,24.0,27.68,65.33,9.84,0.351,7.58,81.2,1885567,105.0,74.5,4074,216.09,Medio
MUN_095,Ilhéus,BA,7,30.8,34.88,55.63,17.55,0.508,3.51,81.2,1885567,105.0,74.5,4022,213.33,Medio
MUN_095,Ilhéus,BA,8,31.29,37.74,85.3,64.67,0.177,0.0,81.2,1885567,105.0,74.5,4294,227.76,Medio
MUN_095,Ilhéus,BA,9,31.04,37.67,92.07,41.98,0.563,5.74,81.2,1885567,105.0,74.5,4684,248.44,Alto
MUN_095,Ilhéus,BA,10,28.48,33.98,66.9,79.99,0.35,8.22,81.2,1885567,105.0,74.5,5576,295.73,Alto
MUN_095,Ilhéus,BA,11,24.84,34.5,88.1,71.64,0.628,6.5,81.2,1885567,105.0,74.5,5167,274.07,Alto
MUN_095,Ilhéus,BA,12,30.55,35.98,71.83,20.04,0.515,8.46,81.2,1885567,105.0,74.5,4172,221.3,Medio
MUN_095,Ilhéus,BA,13,27.93,31.97,83.77,18.88,0.483,2.04,81.2,1885567,105.0,74.5,4766,252.81,Alto
MUN_095,Ilhéus,BA,14,28.68,38.18,81.77,65.94,0.732,7.38,81.2,1885567,105.0,74.5,5397,286.26,Alto
MUN_095,Ilhéus,BA,15,31.92,40.26,60.33,39.75,0.585,4.75,81.2,1885567,105.0,74.5,2965,157.28,Medio
MUN_095,Ilhéus,BA,16,36.05,38.16,63.09,150.24,0.562,15.49,81.2,1885567,105.0,74.5,6710,355.88,Alto
MUN_095,Ilhéus,BA,17,35.93,41.98,100.0,45.49,0.637,0.0,81.2,1885567,105.0,74.5,5772,306.12,Alto
MUN_095,Ilhéus,BA,18,31.32,39.1,80.07,8.1,0.783,0.0,81.2,1885567,105.0,74.5,2975,157.83,Medio
MUN_095,Ilhéus,BA,19,30.51,38.51,71.89,119.53,0.345,4.94,81.2,1885567,105.0,74.5,5356,284.08,Alto
MUN_095,Ilhéus,BA,20,31.07,37.3,87.47,166.98,0.473,11.56,81.2,1885567,105.0,74.5,5979,317.1,Alto
MUN_095,Ilhéus,BA,21,26.39,34.52,63.61,24.22,0.554,4.72,81.2,1885567,105.0,74.5,5867,311.16,Alto
MUN_095,Ilhéus,BA,22,30.18,38.58,88.51,186.43,0.601,14.43,81.2,1885567,105.0,74.5,5536,293.6,Alto
MUN_095,Ilhéus,BA,23,28.99,37.97,52.09,7.17,0.56,0.0,81.2,1885567,105.0,74.5,3802,201.65,Medio
MUN_095,Ilhéus,BA,24,23.09,27.28,64.22,42.51,0.741,2.47,81.2,1885567,105.0,74.5,3530,187.22,Medio
MUN_095,Ilhéus,BA,25,30.33,39.61,84.98,0.36,0.457,0.0,81.2,1885567,105.0,74.5,2434,129.13,Baixo
MUN_095,Ilhéus,BA,26,26.83,37.27,85.94,14.86,0.467,3.41,81.2,1885567,105.0,74.5,1960,103.96,Baixo
MUN_095,Ilhéus,BA,27,27.4,34.49,93.99,0.73,0.494,0.0,81.2,1885567,105.0,74.5,3726,197.62,Medio
MUN_095,Ilhéus,BA,28,25.99,28.82,58.89,41.73,0.255,0.0,81.2,1885567,105.0,74.5,3231,171.37,Medio
MUN_095,Ilhéus,BA,29,14.16,21.51,41.7,11.75,0.376,0.0,81.2,1885567,105.0,74.5,1478,78.4,Baixo
MUN_095,Ilhéus,BA,30,25.08,30.74,61.58,5.11,0.259,0.0,81.2,1885567,105.0,74.5,2169,115.07,Baixo
MUN_095,Ilhéus,BA,31,21.37,31.65,56.35,1.64,0.228,4.17,81.2,1885567,105.0,74.5,2715,144.03,Baixo
MUN_095,Ilhéus,BA,32,24.72,31.95,72.58,6.01,0.234,0.0,81.2,1885567,105.0,74.5,966,51.28,Baixo
MUN_095,Ilhéus,BA,33,22.47,30.23,52.91,2.4,0.452,1.64,81.2,1885567,105.0,74.5,2811,149.1,Baixo
MUN_095,Ilhéus,BA,34,23.34,31.28,56.25,6.74,0.155,5.23,81.2,1885567,105.0,74.5,2685,142.43,Baixo
MUN_095,Ilhéus,BA,35,27.58,34.34,61.3,9.53,0.291,0.0,81.2,1885567,105.0,74.5,3285,174.25,Medio
MUN_095,Ilhéus,BA,36,19.24,22.07,76.92,30.48,0.162,0.0,81.2,1885567,105.0,74.5,4406,233.68,Medio
MUN_095,Ilhéus,BA,37,24.48,32.12,34.68,14.21,0.265,2.54,81.2,1885567,105.0,74.5,2738,145.21,Baixo
MUN_095,Ilhéus,BA,38,18.75,23.91,30.51,8.23,0.158,3.42,81.2,1885567,105.0,74.5,2667,141.45,Baixo
MUN_095,Ilhéus,BA,39,20.66,31.1,81.54,11.68,0.158,4.11,81.2,1885567,105.0,74.5,890,47.22,Baixo
MUN_095,Ilhéus,BA,40,23.28,28.44,55.43,2.08,0.249,7.4,81.2,1885567,105.0,74.5,2502,132.7,Baixo
MUN_095,Ilhéus,BA,41,29.33,35.58,52.41,24.01,0.449,5.31,81.2,1885567,105.0,74.5,2795,148.25,Baixo
MUN_095,Ilhéus,BA,42,20.7,27.52,51.04,12.49,0.236,3.28,81.2,1885567,105.0,74.5,786,41.73,Baixo
MUN_095,Ilhéus,BA,43,23.33,28.72,47.63,15.96,0.35,0.0,81.2,1885567,105.0,74.5,1564,82.98,Baixo
MUN_095,Ilhéus,BA,44,20.71,29.61,45.95,14.52,0.257,0.0,81.2,1885567,105.0,74.5,2151,114.09,Baixo
MUN_095,Ilhéus,BA,45,23.27,26.53,56.64,11.79,0.335,5.88,81.2,1885567,105.0,74.5,3049,161.73,Medio
MUN_095,Ilhéus,BA,46,23.03,27.67,60.27,1.45,0.415,3.79,81.2,1885567,105.0,74.5,1294,68.65,Baixo
MUN_095,Ilhéus,BA,47,23.98,33.12,48.69,0.96,0.224,0.0,81.2,1885567,105.0,74.5,0,0.0,Baixo
MUN_095,Ilhéus,BA,48,26.18,30.17,44.99,8.89,0.4,0.0,81.2,1885567,105.0,74.5,1407,74.67,Baixo
MUN_095,Ilhéus,BA,49,29.46,39.75,66.03,6.29,0.314,8.17,81.2,1885567,105.0,74.5,4078,216.32,Medio
MUN_095,Ilhéus,BA,50,18.1,22.41,58.49,5.45,0.287,2.16,81.2,1885567,105.0,74.5,2851,151.22,Baixo
MUN_096,São Carlos,SP,1,19.41,24.48,52.92,69.97,0.361,8.59,809.2,2144792,44.3,47.1,6177,288.0,Alto
MUN_096,São Carlos,SP,2,17.43,22.12,54.39,15.63,0.429,3.76,809.2,2144792,44.3,47.1,1489,69.43,Baixo
MUN_096,São Carlos,SP,3,20.27,23.56,43.23,1.51,0.141,1.25,809.2,2144792,44.3,47.1,1911,89.12,Baixo
MUN_096,São Carlos,SP,4,16.05,21.61,69.66,8.15,0.248,0.61,809.2,2144792,44.3,47.1,1603,74.77,Baixo
MUN_096,São Carlos,SP,5,18.16,20.18,68.4,20.62,0.281,0.0,809.2,2144792,44.3,47.1,1876,87.51,Baixo
MUN_096,São Carlos,SP,6,14.42,23.13,37.27,28.63,0.501,2.0,809.2,2144792,44.3,47.1,4515,210.51,Medio
MUN_096,São Carlos,SP,7,14.86,24.47,52.31,36.13,0.438,12.18,809.2,2144792,44.3,47.1,4885,227.79,Medio
MUN_096,São Carlos,SP,8,26.44,34.87,81.4,44.9,0.406,9.18,809.2,2144792,44.3,47.1,6611,308.25,Alto
MUN_096,São Carlos,SP,9,23.25,28.1,61.61,68.15,0.468,1.02,809.2,2144792,44.3,47.1,7303,340.52,Alto
MUN_096,São Carlos,SP,10,29.57,37.25,71.25,259.87,0.377,19.02,809.2,2144792,44.3,47.1,9197,428.83,Alto
MUN_096,São Carlos,SP,11,23.38,30.29,82.05,156.71,0.703,18.48,809.2,2144792,44.3,47.1,9730,453.69,Alto
MUN_096,São Carlos,SP,12,28.3,37.64,77.94,103.95,0.469,13.49,809.2,2144792,44.3,47.1,9439,440.1,Alto
MUN_096,São Carlos,SP,13,29.44,39.2,75.37,18.08,0.493,0.0,809.2,2144792,44.3,47.1,6838,318.85,Alto
MUN_096,São Carlos,SP,14,22.84,30.75,82.72,116.77,0.554,8.18,809.2,2144792,44.3,47.1,7830,365.08,Alto
MUN_096,São Carlos,SP,15,25.46,33.4,79.45,51.24,0.606,0.0,809.2,2144792,44.3,47.1,6329,295.12,Alto
MUN_096,São Carlos,SP,16,26.76,35.35,90.39,10.85,0.747,0.0,809.2,2144792,44.3,47.1,6306,294.05,Alto
MUN_096,São Carlos,SP,17,30.59,33.89,74.86,130.88,0.549,8.32,809.2,2144792,44.3,47.1,7203,335.87,Alto
MUN_096,São Carlos,SP,18,23.19,25.67,61.69,13.59,0.441,0.0,809.2,2144792,44.3,47.1,3506,163.5,Medio
MUN_096,São Carlos,SP,19,29.16,38.37,87.38,73.13,0.699,9.65,809.2,2144792,44.3,47.1,6736,314.07,Alto
MUN_096,São Carlos,SP,20,22.98,29.98,76.19,12.48,0.657,0.0,809.2,2144792,44.3,47.1,4687,218.53,Medio
MUN_096,São Carlos,SP,21,24.71,27.14,99.04,13.6,0.452,0.0,809.2,2144792,44.3,47.1,4819,224.7,Medio
MUN_096,São Carlos,SP,22,25.15,33.11,72.08,267.89,0.648,15.25,809.2,2144792,44.3,47.1,5745,267.88,Alto
MUN_096,São Carlos,SP,23,24.81,29.47,79.78,20.31,0.535,6.57,809.2,2144792,44.3,47.1,7074,329.84,Alto
MUN_096,São Carlos,SP,24,19.68,23.15,55.95,22.63,0.363,4.57,809.2,2144792,44.3,47.1,6080,283.52,Alto
MUN_096,São Carlos,SP,25,21.08,23.15,53.57,91.72,0.737,9.54,809.2,2144792,44.3,47.1,6319,294.64,Alto
MUN_096,São Carlos,SP,26,22.92,32.73,60.63,2.46,0.359,1.56,809.2,2144792,44.3,47.1,3306,154.17,Baixo
MUN_096,São Carlos,SP,27,20.23,26.66,45.72,79.01,0.132,5.4,809.2,2144792,44.3,47.1,4675,217.97,Medio
MUN_096,São Carlos,SP,28,17.35,26.94,73.21,23.71,0.246,6.74,809.2,2144792,44.3,47.1,1112,51.85,Baixo
MUN_096,São Carlos,SP,29,21.11,25.08,69.07,5.35,0.252,1.51,809.2,2144792,44.3,47.1,2019,94.16,Baixo
MUN_096,São Carlos,SP,30,18.45,27.88,36.31,4.35,0.51,5.53,809.2,2144792,44.3,47.1,4890,228.03,Medio
MUN_096,São Carlos,SP,31,16.64,19.31,48.73,29.09,0.251,2.44,809.2,2144792,44.3,47.1,3770,175.79,Medio
MUN_096,São Carlos,SP,32,19.44,24.99,66.26,66.26,0.444,1.74,809.2,2144792,44.3,47.1,6804,317.28,Alto
MUN_096,São Carlos,SP,33,20.61,27.63,51.51,20.21,0.204,0.0,809.2,2144792,44.3,47.1,3832,178.71,Medio
MUN_096,São Carlos,SP,34,16.35,21.95,53.37,1.1,0.458,2.57,809.2,2144792,44.3,47.1,4848,226.06,Medio
MUN_096,São Carlos,SP,35,18.15,22.43,72.08,8.11,0.462,1.47,809.2,2144792,44.3,47.1,3834,178.78,Medio
MUN_096,São Carlos,SP,36,17.51,27.27,54.49,2.48,0.438,0.0,809.2,2144792,44.3,47.1,2177,101.53,Baixo
MUN_096,São Carlos,SP,37,15.58,19.36,53.53,33.26,0.363,9.74,809.2,2144792,44.3,47.1,1587,74.0,Baixo
MUN_096,São Carlos,SP,38,15.41,25.68,70.59,28.65,0.578,0.0,809.2,2144792,44.3,47.1,3248,151.45,Baixo
MUN_096,São Carlos,SP,39,18.82,23.15,56.23,22.35,0.397,0.0,809.2,2144792,44.3,47.1,4244,197.88,Medio
MUN_096,São Carlos,SP,40,17.39,21.84,56.97,1.71,0.449,0.0,809.2,2144792,44.3,47.1,3882,181.03,Medio
MUN_096,São Carlos,SP,41,13.29,22.28,57.88,27.59,0.225,7.69,809.2,2144792,44.3,47.1,4798,223.74,Medio
MUN_096,São Carlos,SP,42,17.64,23.74,68.33,4.53,0.429,3.59,809.2,2144792,44.3,47.1,5843,272.43,Alto
MUN_096,São Carlos,SP,43,15.21,23.93,60.1,14.55,0.365,0.96,809.2,2144792,44.3,47.1,3455,161.09,Medio
MUN_096,São Carlos,SP,44,18.97,21.99,61.49,0.53,0.461,7.38,809.2,2144792,44.3,47.1,329,15.35,Baixo
MUN_096,São Carlos,SP,45,16.17,20.39,36.25,12.76,0.471,4.24,809.2,2144792,44.3,47.1,3900,181.84,Medio
MUN_096,São Carlos,SP,46,17.11,25.49,67.64,17.42,0.118,7.7,809.2,2144792,44.3,47.1,5079,236.83,Medio
MUN_096,São Carlos,SP,47,16.76,19.98,77.24,1.19,0.432,2.52,809.2,2144792,44.3,47.1,3551,165.57,Medio
MUN_096,São Carlos,SP,48,17.27,26.37,93.85,7.75,0.07,10.07,809.2,2144792,44.3,47.1,3944,183.92,Medio
MUN_096,São Carlos,SP,49,13.94,21.34,63.29,13.36,0.233,0.0,809.2,2144792,44.3,47.1,3690,172.08,Medio
MUN_096,São Carlos,SP,50,20.76,26.84,46.33,12.09,0.549,7.22,809.2,2144792,44.3,47.1,3261,152.05,Baixo
MUN_097,Marabá,PA,1,25.98,34.57,89.94,1.58,0.321,4.69,136.9,954618,54.6,99.0,706,73.97,Baixo
MUN_097,Marabá,PA,2,23.35,32.0,60.43,8.46,0.137,7.51,136.9,954618,54.6,99.0,1822,190.93,Medio
MUN_097,Marabá,PA,3,33.16,38.65,27.02,126.16,0.424,5.74,136.9,954618,54.6,99.0,2409,252.37,Alto
MUN_097,Marabá,PA,4,22.06,30.39,35.08,3.16,0.256,1.84,136.9,954618,54.6,99.0,1124,117.82,Baixo
MUN_097,Marabá,PA,5,27.01,29.85,85.14,38.53,0.27,2.51,136.9,954618,54.6,99.0,2102,220.23,Medio
MUN_097,Marabá,PA,6,28.12,34.46,61.06,29.34,0.332,9.13,136.9,954618,54.6,99.0,1522,159.48,Medio
MUN_097,Marabá,PA,7,28.66,33.86,27.94,9.96,0.375,0.0,136.9,954618,54.6,99.0,1049,109.98,Baixo
MUN_097,Marabá,PA,8,28.47,37.15,76.9,90.86,0.609,8.42,136.9,954618,54.6,99.0,1863,195.25,Medio
MUN_097,Marabá,PA,9,34.56,38.95,83.32,61.44,0.558,11.92,136.9,954618,54.6,99.0,2685,281.33,Alto
MUN_097,Marabá,PA,10,31.65,36.19,73.38,117.06,0.262,0.0,136.9,954618,54.6,99.0,2098,219.85,Medio
MUN_097,Marabá,PA,11,31.37,39.06,64.35,238.0,0.219,13.14,136.9,954618,54.6,99.0,2195,230.01,Medio
MUN_097,Marabá,PA,12,29.42,34.83,71.42,78.39,0.55,8.61,136.9,954618,54.6,99.0,2409,252.37,Alto
MUN_097,Marabá,PA,13,27.68,35.52,84.22,9.39,0.471,2.52,136.9,954618,54.6,99.0,2077,217.66,Medio
MUN_097,Marabá,PA,14,29.23,33.68,74.95,55.9,0.394,5.95,136.9,954618,54.6,99.0,1749,183.24,Medio
MUN_097,Marabá,PA,15,32.34,35.61,64.55,300.0,0.456,18.62,136.9,954618,54.6,99.0,3161,331.23,Alto
MUN_097,Marabá,PA,16,39.99,43.65,76.3,113.36,0.583,2.16,136.9,954618,54.6,99.0,3631,380.44,Alto
MUN_097,Marabá,PA,17,27.68,31.18,67.45,87.49,0.75,0.91,136.9,954618,54.6,99.0,2404,251.86,Alto
MUN_097,Marabá,PA,18,40.0,46.0,93.79,109.09,0.299,12.03,136.9,954618,54.6,99.0,3519,368.63,Alto
MUN_097,Marabá,PA,19,32.61,35.62,82.64,59.83,0.436,8.33,136.9,954618,54.6,99.0,3388,354.92,Alto
MUN_097,Marabá,PA,20,34.39,42.89,74.59,175.74,0.344,6.01,136.9,954618,54.6,99.0,2823,295.75,Alto
MUN_097,Marabá,PA,21,28.53,37.3,91.54,18.91,0.615,7.81,136.9,954618,54.6,99.0,2732,286.25,Alto
MUN_097,Marabá,PA,22,32.33,38.94,77.26,218.53,0.426,15.69,136.9,954618,54.6,99.0,2135,223.74,Medio
MUN_097,Marabá,PA,23,36.8,46.0,43.84,300.0,0.554,17.07,136.9,954618,54.6,99.0,2281,239.0,Medio
MUN_097,Marabá,PA,24,31.94,40.24,56.48,170.43,0.268,8.18,136.9,954618,54.6,99.0,2132,223.44,Medio
MUN_097,Marabá,PA,25,38.12,45.06,80.51,39.22,0.447,0.49,136.9,954618,54.6,99.0,2443,255.99,Alto
MUN_097,Marabá,PA,26,27.29,34.58,70.99,79.56,0.539,8.19,136.9,954618,54.6,99.0,2440,255.7,Alto
MUN_097,Marabá,PA,27,30.5,39.47,66.66,2.61,0.431,0.0,136.9,954618,54.6,99.0,1989,208.36,Medio
MUN_097,Marabá,PA,28,23.11,32.23,50.76,131.83,0.474,6.42,136.9,954618,54.6,99.0,496,52.0,Baixo
MUN_097,Marabá,PA,29,26.68,31.34,56.3,0.57,0.417,0.0,136.9,954618,54.6,99.0,882,92.44,Baixo
MUN_097,Marabá,PA,30,28.78,34.37,71.01,9.29,0.462,5.34,136.9,954618,54.6,99.0,1757,184.14,Medio
MUN_097,Marabá,PA,31,27.25,32.45,73.73,26.97,0.329,2.19,136.9,954618,54.6,99.0,1087,113.96,Baixo
MUN_097,Marabá,PA,32,28.26,30.97,83.38,79.31,0.413,7.81,136.9,954618,54.6,99.0,1785,187.06,Medio
MUN_097,Marabá,PA,33,26.85,36.04,79.62,16.55,0.211,0.0,136.9,954618,54.6,99.0,1502,157.36,Medio
MUN_097,Marabá,PA,34,28.89,38.76,59.59,30.43,0.158,0.0,136.9,954618,54.6,99.0,1077,112.84,Baixo
MUN_097,Marabá,PA,35,22.31,26.27,56.3,7.08,0.386,0.0,136.9,954618,54.6,99.0,470,49.32,Baixo
MUN_097,Marabá,PA,36,28.89,38.89,66.48,4.46,0.218,2.93,136.9,954618,54.6,99.0,542,56.82,Baixo
MUN_097,Marabá,PA,37,26.36,35.67,65.22,63.06,0.148,4.65,136.9,954618,54.6,99.0,912,95.59,Baixo
MUN_097,Marabá,PA,38,24.82,33.85,49.93,10.03,0.283,0.0,136.9,954618,54.6,99.0,874,91.61,Baixo
MUN_097,Marabá,PA,39,29.75,36.29,59.27,15.55,0.258,1.36,136.9,954618,54.6,99.0,2027,212.34,Medio
MUN_097,Marabá,PA,40,20.07,22.26,75.29,43.05,0.149,4.91,136.9,954618,54.6,99.0,1890,198.04,Medio
MUN_097,Marabá,PA,41,23.81,29.41,54.05,61.42,0.509,9.71,136.9,954618,54.6,99.0,1861,194.97,Medio
MUN_097,Marabá,PA,42,28.79,36.19,69.81,5.87,0.161,0.4,136.9,954618,54.6,99.0,548,57.45,Baixo
MUN_097,Marabá,PA,43,24.58,26.86,38.89,5.4,0.334,0.0,136.9,954618,54.6,99.0,573,60.11,Baixo
MUN_097,Marabá,PA,44,25.27,34.41,70.38,25.83,0.34,6.55,136.9,954618,54.6,99.0,647,67.83,Baixo
MUN_097,Marabá,PA,45,30.55,34.53,74.76,5.38,0.315,0.62,136.9,954618,54.6,99.0,1356,142.13,Baixo
MUN_097,Marabá,PA,46,19.01,27.62,54.29,1.99,0.325,1.27,136.9,954618,54.6,99.0,670,70.19,Baixo
MUN_097,Marabá,PA,47,22.92,26.74,73.58,8.69,0.359,5.38,136.9,954618,54.6,99.0,21,2.29,Baixo
MUN_097,Marabá,PA,48,21.21,29.84,44.34,12.46,0.119,0.0,136.9,954618,54.6,99.0,8,0.94,Baixo
MUN_097,Marabá,PA,49,22.49,26.68,52.99,1.34,0.382,1.36,136.9,954618,54.6,99.0,316,33.12,Baixo
MUN_097,Marabá,PA,50,23.47,27.95,73.58,40.1,0.406,11.04,136.9,954618,54.6,99.0,1278,133.98,Baixo
MUN_098,Criciúma,SC,1,19.68,26.18,52.13,6.57,0.501,1.04,46.0,2697867,139.9,38.0,381,14.15,Baixo
MUN_098,Criciúma,SC,2,21.11,31.17,75.93,3.97,0.191,3.25,46.0,2697867,139.9,38.0,2742,101.66,Baixo
MUN_098,Criciúma,SC,3,18.55,26.58,61.3,30.51,0.311,0.0,46.0,2697867,139.9,38.0,2738,101.52,Baixo
MUN_098,Criciúma,SC,4,23.95,29.77,49.45,5.11,0.59,0.0,46.0,2697867,139.9,38.0,1620,60.06,Baixo
MUN_098,Criciúma,SC,5,22.02,24.99,34.45,56.14,0.253,6.59,46.0,2697867,139.9,38.0,2664,98.78,Baixo
MUN_098,Criciúma,SC,6,25.02,35.46,61.6,33.16,0.326,2.78,46.0,2697867,139.9,38.0,5902,218.79,Medio
MUN_098,Criciúma,SC,7,19.14,29.43,42.17,67.2,0.315,0.18,46.0,2697867,139.9,38.0,1836,68.06,Baixo
MUN_098,Criciúma,SC,8,26.67,31.4,69.5,1.21,0.502,0.0,46.0,2697867,139.9,38.0,2273,84.26,Baixo
MUN_098,Criciúma,SC,9,31.85,41.59,76.26,102.72,0.369,1.81,46.0,2697867,139.9,38.0,7953,294.82,Alto
MUN_098,Criciúma,SC,10,24.75,29.13,73.32,6.06,0.431,3.2,46.0,2697867,139.9,38.0,4935,182.95,Medio
MUN_098,Criciúma,SC,11,28.26,37.14,64.46,34.87,0.621,0.0,46.0,2697867,139.9,38.0,4452,165.05,Medio
MUN_098,Criciúma,SC,12,30.39,39.64,93.41,20.6,0.523,0.0,46.0,2697867,139.9,38.0,4692,173.94,Medio
MUN_098,Criciúma,SC,13,26.1,31.04,88.07,63.73,0.508,0.0,46.0,2697867,139.9,38.0,6289,233.13,Medio
MUN_098,Criciúma,SC,14,24.97,30.35,77.81,9.01,0.581,0.0,46.0,2697867,139.9,38.0,3922,145.39,Baixo
MUN_098,Criciúma,SC,15,28.55,31.4,89.89,20.03,0.446,2.93,46.0,2697867,139.9,38.0,2612,96.84,Baixo
MUN_098,Criciúma,SC,16,32.91,42.91,79.06,255.86,0.536,23.75,46.0,2697867,139.9,38.0,9248,342.81,Alto
MUN_098,Criciúma,SC,17,37.53,40.09,72.23,159.83,0.648,12.47,46.0,2697867,139.9,38.0,10141,375.89,Alto
MUN_098,Criciúma,SC,18,38.64,46.0,75.72,14.71,0.865,0.19,46.0,2697867,139.9,38.0,8464,313.76,Alto
MUN_098,Criciúma,SC,19,26.78,33.94,74.07,30.69,0.533,0.0,46.0,2697867,139.9,38.0,7014,260.0,Alto
MUN_098,Criciúma,SC,20,30.73,34.62,86.52,26.99,0.534,1.74,46.0,2697867,139.9,38.0,9161,339.58,Alto
MUN_098,Criciúma,SC,21,25.76,29.83,72.15,231.43,0.704,15.11,46.0,2697867,139.9,38.0,6874,254.81,Alto
MUN_098,Criciúma,SC,22,24.98,28.77,87.11,32.22,0.588,10.65,46.0,2697867,139.9,38.0,8144,301.9,Alto
MUN_098,Criciúma,SC,23,25.87,30.6,60.42,159.51,0.667,11.06,46.0,2697867,139.9,38.0,8423,312.22,Alto
MUN_098,Criciúma,SC,24,27.43,30.4,66.07,102.93,0.61,10.38,46.0,2697867,139.9,38.0,9666,358.31,Alto
MUN_098,Criciúma,SC,25,35.64,45.39,100.0,21.46,0.42,1.63,46.0,2697867,139.9,38.0,8942,331.47,Alto
MUN_098,Criciúma,SC,26,22.66,28.64,74.49,1.38,0.308,4.42,46.0,2697867,139.9,38.0,1960,72.65,Baixo
MUN_098,Criciúma,SC,27,33.0,42.88,77.25,40.41,0.321,6.56,46.0,2697867,139.9,38.0,5431,201.32,Medio
MUN_098,Criciúma,SC,28,23.32,29.77,67.44,45.85,0.165,2.51,46.0,2697867,139.9,38.0,5995,222.24,Medio
MUN_098,Criciúma,SC,29,16.39,25.95,59.92,21.16,0.37,0.28,46.0,2697867,139.9,38.0,3403,126.14,Baixo
MUN_098,Criciúma,SC,30,22.0,29.36,84.25,1.28,0.247,0.0,46.0,2697867,139.9,38.0,6445,238.91,Medio
MUN_098,Criciúma,SC,31,18.83,24.12,63.66,3.69,0.166,3.13,46.0,2697867,139.9,38.0,4972,184.33,Medio
MUN_098,Criciúma,SC,32,23.3,28.69,66.08,9.03,0.28,0.0,46.0,2697867,139.9,38.0,2291,84.94,Baixo
MUN_098,Criciúma,SC,33,20.28,26.51,66.21,4.0,0.299,7.82,46.0,2697867,139.9,38.0,1122,41.61,Baixo
MUN_098,Criciúma,SC,34,19.44,29.07,82.61,18.73,0.434,4.39,46.0,2697867,139.9,38.0,4373,162.1,Medio
MUN_098,Criciúma,SC,35,19.4,24.48,77.89,45.46,0.319,9.17,46.0,2697867,139.9,38.0,4545,168.47,Medio
MUN_098,Criciúma,SC,36,19.02,26.11,72.73,20.22,0.386,3.79,46.0,2697867,139.9,38.0,2723,100.96,Baixo
MUN_098,Criciúma,SC,37,16.63,24.02,58.57,6.97,0.146,0.0,46.0,2697867,139.9,38.0,382,14.18,Baixo
MUN_098,Criciúma,SC,38,20.72,24.47,79.6,0.39,0.206,6.4,46.0,2697867,139.9,38.0,464,17.23,Baixo
MUN_098,Criciúma,SC,39,15.26,22.1,53.45,9.69,0.446,2.87,46.0,2697867,139.9,38.0,4650,172.37,Medio
MUN_098,Criciúma,SC,40,22.11,31.07,52.3,3.75,0.155,1.07,46.0,2697867,139.9,38.0,5601,207.61,Medio
MUN_098,Criciúma,SC,41,17.94,20.76,63.47,11.81,0.334,1.09,46.0,2697867,139.9,38.0,5268,195.27,Medio
MUN_098,Criciúma,SC,42,21.01,28.43,37.08,44.3,0.27,0.03,46.0,2697867,139.9,38.0,1856,68.82,Baixo
MUN_098,Criciúma,SC,43,16.74,26.97,46.98,8.11,0.4,0.0,46.0,2697867,139.9,38.0,2869,106.37,Baixo
MUN_098,Criciúma,SC,44,21.42,30.63,57.79,4.42,0.101,2.71,46.0,2697867,139.9,38.0,0,0.0,Baixo
MUN_098,Criciúma,SC,45,26.72,30.83,60.38,3.71,0.411,0.0,46.0,2697867,139.9,38.0,7364,272.99,Alto
MUN_098,Criciúma,SC,46,19.54,24.43,61.4,1.37,0.284,0.0,46.0,2697867,139.9,38.0,2858,105.97,Baixo
MUN_098,Criciúma,SC,47,23.5,25.94,47.79,7.57,0.366,4.2,46.0,2697867,139.9,38.0,3094,114.69,Baixo
MUN_098,Criciúma,SC,48,15.88,25.36,75.15,41.89,0.301,9.82,46.0,2697867,139.9,38.0,0,0.0,Baixo
MUN_098,Criciúma,SC,49,21.4,27.15,64.1,21.97,0.207,0.0,46.0,2697867,139.9,38.0,3402,126.1,Baixo
MUN_098,Criciúma,SC,50,20.88,28.84,55.09,13.68,0.273,0.0,46.0,2697867,139.9,38.0,3382,125.36,Baixo
MUN_099,Gravataí,RS,1,19.64,22.77,67.72,4.07,0.51,4.35,74.7,821267,529.1,71.8,1671,203.51,Medio
MUN_099,Gravataí,RS,2,22.72,32.04,65.16,0.22,0.256,4.19,74.7,821267,529.1,71.8,1537,187.2,Medio
MUN_099,Gravataí,RS,3,20.58,29.14,76.12,18.29,0.366,0.0,74.7,821267,529.1,71.8,2686,327.07,Alto
MUN_099,Gravataí,RS,4,20.06,26.94,65.82,16.54,0.304,0.0,74.7,821267,529.1,71.8,1559,189.85,Medio
MUN_099,Gravataí,RS,5,21.78,28.23,79.7,9.74,0.319,8.9,74.7,821267,529.1,71.8,1468,178.78,Medio
MUN_099,Gravataí,RS,6,29.83,35.06,66.85,11.11,0.25,10.26,74.7,821267,529.1,71.8,1944,236.81,Medio
MUN_099,Gravataí,RS,7,16.18,19.39,51.82,44.6,0.253,4.44,74.7,821267,529.1,71.8,1858,226.29,Medio
MUN_099,Gravataí,RS,8,23.94,33.44,78.94,2.69,0.559,0.0,74.7,821267,529.1,71.8,864,105.32,Baixo
MUN_099,Gravataí,RS,9,20.0,23.1,61.57,9.66,0.538,0.0,74.7,821267,529.1,71.8,1795,218.62,Medio
MUN_099,Gravataí,RS,10,24.08,30.72,65.87,7.65,0.678,4.12,74.7,821267,529.1,71.8,1273,155.12,Baixo
MUN_099,Gravataí,RS,11,23.06,25.17,56.31,73.13,0.519,4.45,74.7,821267,529.1,71.8,2494,303.74,Alto
MUN_099,Gravataí,RS,12,27.28,31.81,73.46,97.32,0.6,12.01,74.7,821267,529.1,71.8,2844,346.4,Alto
MUN_099,Gravataí,RS,13,27.93,37.14,69.7,139.87,0.577,11.64,74.7,821267,529.1,71.8,3559,433.42,Alto
MUN_099,Gravataí,RS,14,25.82,32.27,78.04,47.26,0.652,8.14,74.7,821267,529.1,71.8,2563,312.14,Alto
MUN_099,Gravataí,RS,15,29.22,37.01,93.28,16.66,0.592,0.0,74.7,821267,529.1,71.8,1216,148.18,Baixo
MUN_099,Gravataí,RS,16,28.59,38.03,81.01,210.51,0.573,12.85,74.7,821267,529.1,71.8,3533,430.2,Alto
MUN_099,Gravataí,RS,17,21.21,26.08,74.21,53.36,0.56,8.6,74.7,821267,529.1,71.8,2512,305.88,Alto
MUN_099,Gravataí,RS,18,31.13,36.75,74.13,118.05,0.364,7.16,74.7,821267,529.1,71.8,2541,309.5,Alto
MUN_099,Gravataí,RS,19,29.8,34.85,89.77,300.0,0.591,23.28,74.7,821267,529.1,71.8,2206,268.67,Alto
MUN_099,Gravataí,RS,20,30.04,37.39,100.0,39.56,0.442,9.97,74.7,821267,529.1,71.8,1625,197.93,Medio
MUN_099,Gravataí,RS,21,30.09,33.97,80.4,34.1,0.529,0.0,74.7,821267,529.1,71.8,2261,275.31,Alto
MUN_099,Gravataí,RS,22,24.51,33.54,78.59,21.66,0.601,0.0,74.7,821267,529.1,71.8,2345,285.6,Alto
MUN_099,Gravataí,RS,23,27.71,31.76,73.46,25.91,0.453,3.62,74.7,821267,529.1,71.8,2855,347.66,Alto
MUN_099,Gravataí,RS,24,20.64,28.02,67.08,32.64,0.623,9.61,74.7,821267,529.1,71.8,2354,286.74,Alto
MUN_099,Gravataí,RS,25,27.29,32.08,69.34,4.28,0.395,0.0,74.7,821267,529.1,71.8,2570,312.96,Alto
MUN_099,Gravataí,RS,26,21.35,26.83,75.18,11.18,0.393,0.0,74.7,821267,529.1,71.8,1944,236.75,Medio
MUN_099,Gravataí,RS,27,21.0,28.28,52.32,17.86,0.441,0.0,74.7,821267,529.1,71.8,1313,159.94,Medio
MUN_099,Gravataí,RS,28,20.53,27.18,83.49,0.91,0.137,0.0,74.7,821267,529.1,71.8,1375,167.47,Medio
MUN_099,Gravataí,RS,29,27.46,29.65,65.37,11.63,0.31,8.88,74.7,821267,529.1,71.8,2256,274.77,Alto
MUN_099,Gravataí,RS,30,22.49,31.4,67.02,5.87,0.22,6.73,74.7,821267,529.1,71.8,1479,180.14,Medio
MUN_099,Gravataí,RS,31,16.64,24.56,61.47,6.53,0.208,0.0,74.7,821267,529.1,71.8,1702,207.29,Medio
MUN_099,Gravataí,RS,32,14.59,22.69,35.09,3.45,0.366,2.07,74.7,821267,529.1,71.8,1218,148.38,Baixo
MUN_099,Gravataí,RS,33,14.59,19.51,45.94,4.06,0.098,8.66,74.7,821267,529.1,71.8,1542,187.83,Medio
MUN_099,Gravataí,RS,34,19.91,27.92,62.19,8.66,0.375,5.24,74.7,821267,529.1,71.8,1591,193.76,Medio
MUN_099,Gravataí,RS,35,28.19,38.64,69.02,69.85,0.071,6.7,74.7,821267,529.1,71.8,3490,424.98,Alto
MUN_099,Gravataí,RS,36,24.41,34.09,79.34,3.44,0.171,0.08,74.7,821267,529.1,71.8,1768,215.35,Medio
MUN_099,Gravataí,RS,37,19.38,21.84,71.73,6.56,0.331,0.0,74.7,821267,529.1,71.8,2100,255.76,Alto
MUN_099,Gravataí,RS,38,20.96,30.44,40.42,20.9,0.529,7.68,74.7,821267,529.1,71.8,1761,214.49,Medio
MUN_099,Gravataí,RS,39,22.71,31.76,56.58,1.28,0.214,0.0,74.7,821267,529.1,71.8,1901,231.49,Medio
MUN_099,Gravataí,RS,40,22.01,31.08,54.98,9.34,0.294,3.8,74.7,821267,529.1,71.8,2481,302.17,Alto
MUN_099,Gravataí,RS,41,25.17,30.82,50.69,2.8,0.315,5.69,74.7,821267,529.1,71.8,2299,279.99,Alto
MUN_099,Gravataí,RS,42,12.41,15.02,74.88,9.12,0.121,0.0,74.7,821267,529.1,71.8,1715,208.87,Medio
MUN_099,Gravataí,RS,43,19.38,26.63,39.95,1.49,0.346,5.1,74.7,821267,529.1,71.8,1279,155.78,Baixo
MUN_099,Gravataí,RS,44,26.52,33.07,50.89,5.08,0.457,1.22,74.7,821267,529.1,71.8,1174,143.06,Baixo
MUN_099,Gravataí,RS,45,17.67,24.6,65.07,30.08,0.315,0.81,74.7,821267,529.1,71.8,1922,234.08,Medio
MUN_099,Gravataí,RS,46,20.67,26.48,69.31,0.92,0.123,0.0,74.7,821267,529.1,71.8,1458,177.55,Medio
MUN_099,Gravataí,RS,47,24.57,27.33,41.67,1.79,0.205,2.06,74.7,821267,529.1,71.8,1388,169.01,Medio
MUN_099,Gravataí,RS,48,16.09,18.45,57.06,5.97,0.344,0.0,74.7,821267,529.1,71.8,1981,241.27,Medio
MUN_099,Gravataí,RS,49,23.39,29.19,42.32,13.17,0.243,6.53,74.7,821267,529.1,71.8,1558,189.76,Medio
MUN_099,Gravataí,RS,50,24.97,34.63,70.02,5.01,0.229,2.01,74.7,821267,529.1,71.8,998,121.52,Baixo
MUN_100,Porto Seguro,BA,1,19.83,29.61,61.96,22.4,0.311,0.0,79.6,1397763,125.8,52.1,1996,142.86,Baixo
MUN_100,Porto Seguro,BA,2,25.67,29.16,83.52,1.82,0.319,5.27,79.6,1397763,125.8,52.1,1765,126.31,Baixo
MUN_100,Porto Seguro,BA,3,28.58,38.0,24.41,0.07,0.173,2.3,79.6,1397763,125.8,52.1,1249,89.42,Baixo
MUN_100,Porto Seguro,BA,4,26.31,30.87,55.54,5.4,0.296,0.27,79.6,1397763,125.8,52.1,2907,208.04,Medio
MUN_100,Porto Seguro,BA,5,27.09,32.33,42.52,8.25,0.164,1.76,79.6,1397763,125.8,52.1,3143,224.91,Medio
MUN_100,Porto Seguro,BA,6,27.23,35.84,97.0,40.95,0.246,5.35,79.6,1397763,125.8,52.1,2077,148.64,Baixo
MUN_100,Porto Seguro,BA,7,23.3,32.07,83.1,51.34,0.291,6.82,79.6,1397763,125.8,52.1,3109,222.48,Medio
MUN_100,Porto Seguro,BA,8,25.05,32.35,96.98,209.18,0.395,13.14,79.6,1397763,125.8,52.1,3920,280.5,Alto
MUN_100,Porto Seguro,BA,9,26.62,30.21,72.93,50.99,0.598,0.0,79.6,1397763,125.8,52.1,3907,279.52,Alto
MUN_100,Porto Seguro,BA,10,33.4,41.99,86.83,13.43,0.396,3.62,79.6,1397763,125.8,52.1,1966,140.72,Baixo
MUN_100,Porto Seguro,BA,11,32.94,40.72,74.05,19.31,0.336,2.18,79.6,1397763,125.8,52.1,1733,123.99,Baixo
MUN_100,Porto Seguro,BA,12,32.16,38.22,90.56,15.05,0.53,13.37,79.6,1397763,125.8,52.1,3152,225.54,Medio
MUN_100,Porto Seguro,BA,13,33.31,41.6,85.54,70.7,0.533,9.63,79.6,1397763,125.8,52.1,1032,73.9,Baixo
MUN_100,Porto Seguro,BA,14,29.92,39.09,71.73,94.86,0.468,12.78,79.6,1397763,125.8,52.1,3314,237.12,Medio
MUN_100,Porto Seguro,BA,15,33.04,41.54,87.4,42.14,0.644,0.0,79.6,1397763,125.8,52.1,4117,294.56,Alto
MUN_100,Porto Seguro,BA,16,32.41,40.34,75.45,41.2,0.778,0.79,79.6,1397763,125.8,52.1,4056,290.2,Alto
MUN_100,Porto Seguro,BA,17,34.47,43.26,84.68,81.17,0.605,0.6,79.6,1397763,125.8,52.1,4933,352.94,Alto
MUN_100,Porto Seguro,BA,18,28.26,30.72,72.07,7.05,0.615,0.97,79.6,1397763,125.8,52.1,3894,278.63,Alto
MUN_100,Porto Seguro,BA,19,33.65,44.04,100.0,158.3,0.4,13.43,79.6,1397763,125.8,52.1,4669,334.06,Alto
MUN_100,Porto Seguro,BA,20,32.86,36.05,68.02,119.66,0.511,5.14,79.6,1397763,125.8,52.1,4131,295.55,Alto
MUN_100,Porto Seguro,BA,21,30.23,37.55,52.41,2.13,0.534,1.56,79.6,1397763,125.8,52.1,2872,205.51,Medio
MUN_100,Porto Seguro,BA,22,24.33,27.24,85.67,25.72,0.638,0.0,79.6,1397763,125.8,52.1,2424,173.46,Medio
MUN_100,Porto Seguro,BA,23,29.57,37.32,68.59,21.21,0.409,0.0,79.6,1397763,125.8,52.1,2833,202.75,Medio
MUN_100,Porto Seguro,BA,24,26.77,29.64,57.66,38.56,0.484,2.89,79.6,1397763,125.8,52.1,4368,312.52,Alto
MUN_100,Porto Seguro,BA,25,27.63,29.84,66.11,1.39,0.132,0.0,79.6,1397763,125.8,52.1,2062,147.59,Baixo
MUN_100,Porto Seguro,BA,26,30.66,38.59,51.36,26.85,0.514,0.0,79.6,1397763,125.8,52.1,2163,154.77,Baixo
MUN_100,Porto Seguro,BA,27,32.3,35.71,62.02,59.16,0.437,11.56,79.6,1397763,125.8,52.1,2660,190.32,Medio
MUN_100,Porto Seguro,BA,28,25.81,36.22,60.67,17.09,0.324,4.6,79.6,1397763,125.8,52.1,1683,120.47,Baixo
MUN_100,Porto Seguro,BA,29,24.23,31.44,49.28,61.6,0.299,9.72,79.6,1397763,125.8,52.1,2436,174.34,Medio
MUN_100,Porto Seguro,BA,30,17.93,23.07,66.11,3.08,0.304,5.81,79.6,1397763,125.8,52.1,1239,88.67,Baixo
MUN_100,Porto Seguro,BA,31,19.57,24.83,39.31,9.29,0.278,10.58,79.6,1397763,125.8,52.1,690,49.4,Baixo
MUN_100,Porto Seguro,BA,32,20.53,29.07,55.92,4.29,0.321,4.77,79.6,1397763,125.8,52.1,1201,85.98,Baixo
MUN_100,Porto Seguro,BA,33,21.1,30.58,50.72,12.46,0.366,6.94,79.6,1397763,125.8,52.1,1385,99.15,Baixo
MUN_100,Porto Seguro,BA,34,25.53,35.25,44.97,13.77,0.176,0.0,79.6,1397763,125.8,52.1,545,39.05,Baixo
MUN_100,Porto Seguro,BA,35,29.72,36.23,58.8,38.6,0.298,1.79,79.6,1397763,125.8,52.1,2380,170.29,Medio
MUN_100,Porto Seguro,BA,36,22.04,30.81,79.1,4.87,0.111,0.0,79.6,1397763,125.8,52.1,2721,194.69,Medio
MUN_100,Porto Seguro,BA,37,28.73,31.28,47.31,0.33,0.323,7.88,79.6,1397763,125.8,52.1,2747,196.58,Medio
MUN_100,Porto Seguro,BA,38,23.92,30.36,60.28,15.88,0.289,4.73,79.6,1397763,125.8,52.1,1014,72.59,Baixo
MUN_100,Porto Seguro,BA,39,25.32,27.53,77.67,4.09,0.322,0.0,79.6,1397763,125.8,52.1,2336,167.14,Medio
MUN_100,Porto Seguro,BA,40,25.24,28.6,62.79,7.52,0.252,8.43,79.6,1397763,125.8,52.1,942,67.45,Baixo
MUN_100,Porto Seguro,BA,41,27.66,34.18,56.65,5.49,0.314,8.31,79.6,1397763,125.8,52.1,1197,85.67,Baixo
MUN_100,Porto Seguro,BA,42,23.17,32.31,44.66,41.06,0.324,0.0,79.6,1397763,125.8,52.1,2126,152.11,Baixo
MUN_100,Porto Seguro,BA,43,26.71,36.23,39.33,3.84,0.03,0.0,79.6,1397763,125.8,52.1,705,50.45,Baixo
MUN_100,Porto Seguro,BA,44,22.34,32.57,75.36,12.04,0.399,0.0,79.6,1397763,125.8,52.1,1815,129.88,Baixo
MUN_100,Porto Seguro,BA,45,27.56,31.01,64.68,6.04,0.26,1.34,79.6,1397763,125.8,52.1,3679,263.26,Alto
MUN_100,Porto Seguro,BA,46,25.97,33.27,83.08,10.85,0.398,2.06,79.6,1397763,125.8,52.1,3140,224.66,Medio
MUN_100,Porto Seguro,BA,47,23.01,33.46,63.89,1.63,0.35,1.48,79.6,1397763,125.8,52.1,3478,248.85,Alto
MUN_100,Porto Seguro,BA,48,28.58,36.66,48.79,3.3,0.384,0.0,79.6,1397763,125.8,52.1,1329,95.11,Baixo
MUN_100,Porto Seguro,BA,49,24.15,26.54,66.99,2.26,0.229,3.32,79.6,1397763,125.8,52.1,2873,205.59,Medio
MUN_100,Porto Seguro,BA,50,25.83,30.43,67.29,7.06,0.302,0.0,79.6,1397763,125.8,52.1,1644,117.66,Baixo
MUN_101,Volta Redonda,RJ,1,22.0,26.77,73.88,20.41,0.03,3.3,26.3,468661,374.0,79.8,702,149.86,Baixo
MUN_101,Volta Redonda,RJ,2,19.0,27.59,64.56,23.17,0.195,0.0,26.3,468661,374.0,79.8,1015,216.66,Medio
MUN_101,Volta Redonda,RJ,3,24.87,35.08,85.01,15.24,0.03,9.42,26.3,468661,374.0,79.8,1045,223.13,Medio
MUN_101,Volta Redonda,RJ,4,25.65,35.29,62.03,10.82,0.354,4.61,26.3,468661,374.0,79.8,671,143.2,Baixo
MUN_101,Volta Redonda,RJ,5,21.03,26.43,46.96,67.35,0.338,7.78,26.3,468661,374.0,79.8,1360,290.27,Alto
MUN_101,Volta Redonda,RJ,6,30.95,40.59,47.84,36.47,0.398,6.32,26.3,468661,374.0,79.8,1240,264.73,Alto
MUN_101,Volta Redonda,RJ,7,27.01,32.49,61.52,21.96,0.43,0.22,26.3,468661,374.0,79.8,1079,230.43,Medio
MUN_101,Volta Redonda,RJ,8,29.51,33.15,68.95,1.84,0.523,0.0,26.3,468661,374.0,79.8,406,86.63,Baixo
MUN_101,Volta Redonda,RJ,9,28.41,33.95,53.27,34.66,0.23,14.54,26.3,468661,374.0,79.8,945,201.64,Medio
MUN_101,Volta Redonda,RJ,10,21.51,26.71,78.15,14.93,0.571,9.25,26.3,468661,374.0,79.8,1051,224.28,Medio
MUN_101,Volta Redonda,RJ,11,32.69,41.57,63.75,102.48,0.434,6.57,26.3,468661,374.0,79.8,1458,311.21,Alto
MUN_101,Volta Redonda,RJ,12,35.3,42.0,61.48,200.12,0.509,11.8,26.3,468661,374.0,79.8,1938,413.59,Alto
MUN_101,Volta Redonda,RJ,13,31.72,35.97,60.64,106.4,0.459,6.6,26.3,468661,374.0,79.8,1807,385.59,Alto
MUN_101,Volta Redonda,RJ,14,31.16,39.52,74.45,173.68,0.494,17.47,26.3,468661,374.0,79.8,1889,403.24,Alto
MUN_101,Volta Redonda,RJ,15,29.57,39.56,92.03,8.77,0.735,2.05,26.3,468661,374.0,79.8,1415,302.12,Alto
MUN_101,Volta Redonda,RJ,16,28.73,34.31,81.75,88.77,0.565,7.34,26.3,468661,374.0,79.8,1472,314.25,Alto
MUN_101,Volta Redonda,RJ,17,36.31,38.95,91.67,100.08,0.666,9.91,26.3,468661,374.0,79.8,1709,364.68,Alto
MUN_101,Volta Redonda,RJ,18,25.99,31.23,81.88,136.01,0.491,22.08,26.3,468661,374.0,79.8,2115,451.4,Alto
MUN_101,Volta Redonda,RJ,19,33.29,37.51,83.05,22.96,0.459,1.87,26.3,468661,374.0,79.8,1628,347.42,Alto
MUN_101,Volta Redonda,RJ,20,29.16,37.67,94.94,104.5,0.435,4.66,26.3,468661,374.0,79.8,1689,360.44,Alto
MUN_101,Volta Redonda,RJ,21,32.45,38.25,88.64,300.0,0.575,16.13,26.3,468661,374.0,79.8,1761,375.76,Alto
MUN_101,Volta Redonda,RJ,22,27.36,37.56,63.93,65.14,0.464,7.46,26.3,468661,374.0,79.8,934,199.47,Medio
MUN_101,Volta Redonda,RJ,23,33.62,37.89,64.46,68.46,0.634,7.23,26.3,468661,374.0,79.8,1545,329.72,Alto
MUN_101,Volta Redonda,RJ,24,26.73,34.48,69.44,21.61,0.506,3.18,26.3,468661,374.0,79.8,1672,356.85,Alto
MUN_101,Volta Redonda,RJ,25,28.65,30.74,59.33,83.34,0.608,1.85,26.3,468661,374.0,79.8,1768,377.43,Alto
MUN_101,Volta Redonda,RJ,26,28.63,38.08,71.06,103.38,0.431,13.56,26.3,468661,374.0,79.8,1494,318.98,Alto
MUN_101,Volta Redonda,RJ,27,27.96,36.43,88.09,124.6,0.427,5.43,26.3,468661,374.0,79.8,1680,358.54,Alto
MUN_101,Volta Redonda,RJ,28,22.52,25.74,82.03,11.01,0.693,0.0,26.3,468661,374.0,79.8,1628,347.45,Alto
MUN_101,Volta Redonda,RJ,29,28.77,32.22,49.84,29.16,0.166,4.78,26.3,468661,374.0,79.8,1408,300.49,Alto
MUN_101,Volta Redonda,RJ,30,23.38,30.17,56.24,26.89,0.356,1.02,26.3,468661,374.0,79.8,862,183.98,Medio
MUN_101,Volta Redonda,RJ,31,28.03,36.18,75.01,39.1,0.253,3.51,26.3,468661,374.0,79.8,1271,271.24,Alto
MUN_101,Volta Redonda,RJ,32,26.14,32.16,62.78,4.59,0.267,3.15,26.3,468661,374.0,79.8,863,184.32,Medio
MUN_101,Volta Redonda,RJ,33,16.92,23.51,49.67,61.18,0.445,0.0,26.3,468661,374.0,79.8,1300,277.51,Alto
MUN_101,Volta Redonda,RJ,34,29.36,33.07,63.06,3.6,0.362,0.0,26.3,468661,374.0,79.8,1373,293.12,Alto
MUN_101,Volta Redonda,RJ,35,27.49,34.9,59.01,1.9,0.296,8.84,26.3,468661,374.0,79.8,1307,278.91,Alto
MUN_101,Volta Redonda,RJ,36,23.88,31.61,75.54,6.64,0.367,0.0,26.3,468661,374.0,79.8,1121,239.38,Medio
MUN_101,Volta Redonda,RJ,37,24.62,29.33,71.01,6.55,0.204,3.27,26.3,468661,374.0,79.8,1550,330.92,Alto
MUN_101,Volta Redonda,RJ,38,21.45,31.92,60.69,51.71,0.232,1.45,26.3,468661,374.0,79.8,1142,243.86,Medio
MUN_101,Volta Redonda,RJ,39,26.54,35.96,27.12,0.97,0.34,8.54,26.3,468661,374.0,79.8,1409,300.84,Alto
MUN_101,Volta Redonda,RJ,40,17.73,25.06,49.34,5.9,0.241,5.14,26.3,468661,374.0,79.8,1166,248.95,Alto
MUN_101,Volta Redonda,RJ,41,21.98,29.77,59.89,102.4,0.239,16.81,26.3,468661,374.0,79.8,1347,287.43,Alto
MUN_101,Volta Redonda,RJ,42,22.79,28.19,70.59,3.02,0.16,5.47,26.3,468661,374.0,79.8,1401,299.0,Alto
MUN_101,Volta Redonda,RJ,43,26.69,28.79,54.57,14.43,0.308,9.99,26.3,468661,374.0,79.8,1244,265.5,Alto
MUN_101,Volta Redonda,RJ,44,26.77,31.58,94.56,15.1,0.135,2.99,26.3,468661,374.0,79.8,1298,277.05,Alto
MUN_101,Volta Redonda,RJ,45,23.84,32.55,59.68,21.81,0.44,0.33,26.3,468661,374.0,79.8,680,145.23,Baixo
MUN_101,Volta Redonda,RJ,46,22.83,27.92,56.79,2.01,0.291,0.0,26.3,468661,374.0,79.8,780,166.56,Medio
MUN_101,Volta Redonda,RJ,47,27.34,32.01,51.38,8.12,0.281,0.0,26.3,468661,374.0,79.8,769,164.19,Medio
MUN_101,Volta Redonda,RJ,48,19.48,24.04,40.15,4.35,0.404,2.72,26.3,468661,374.0,79.8,1075,229.58,Medio
MUN_101,Volta Redonda,RJ,49,20.79,24.66,54.92,0.97,0.477,2.25,26.3,468661,374.0,79.8,991,211.64,Medio
MUN_101,Volta Redonda,RJ,50,24.19,34.23,46.44,6.89,0.074,0.0,26.3,468661,374.0,79.8,555,118.49,Baixo
MUN_102,Chapecó,SC,1,21.44,29.07,45.83,6.44,0.264,9.37,63.3,508007,266.1,40.4,783,154.27,Baixo
MUN_102,Chapecó,SC,2,21.78,28.42,57.04,10.85,0.271,3.45,63.3,508007,266.1,40.4,959,188.97,Medio
MUN_102,Chapecó,SC,3,22.48,28.12,42.9,4.21,0.215,0.0,63.3,508007,266.1,40.4,1152,226.87,Medio
MUN_102,Chapecó,SC,4,18.13,28.45,65.09,2.2,0.21,2.7,63.3,508007,266.1,40.4,955,188.13,Medio
MUN_102,Chapecó,SC,5,22.9,26.5,55.1,20.99,0.571,6.53,63.3,508007,266.1,40.4,967,190.37,Medio
MUN_102,Chapecó,SC,6,18.19,20.36,50.04,47.49,0.273,7.24,63.3,508007,266.1,40.4,821,161.65,Medio
MUN_102,Chapecó,SC,7,22.06,24.08,78.73,10.7,0.221,5.09,63.3,508007,266.1,40.4,856,168.6,Medio
MUN_102,Chapecó,SC,8,16.9,20.42,58.34,21.32,0.4,7.36,63.3,508007,266.1,40.4,1170,230.49,Medio
MUN_102,Chapecó,SC,9,27.7,35.6,93.11,58.88,0.448,2.68,63.3,508007,266.1,40.4,703,138.48,Baixo
MUN_102,Chapecó,SC,10,27.52,30.13,72.93,79.42,0.26,11.31,63.3,508007,266.1,40.4,1579,310.96,Alto
MUN_102,Chapecó,SC,11,32.17,38.9,58.49,3.04,0.446,7.66,63.3,508007,266.1,40.4,1281,252.29,Alto
MUN_102,Chapecó,SC,12,33.16,35.57,54.38,127.54,0.469,7.13,63.3,508007,266.1,40.4,1946,383.22,Alto
MUN_102,Chapecó,SC,13,26.82,37.16,63.8,1.02,0.673,4.67,63.3,508007,266.1,40.4,1163,229.1,Medio
MUN_102,Chapecó,SC,14,28.86,31.51,69.6,3.7,0.579,3.3,63.3,508007,266.1,40.4,1640,322.93,Alto
MUN_102,Chapecó,SC,15,27.61,36.94,88.91,133.76,0.56,10.29,63.3,508007,266.1,40.4,1746,343.84,Alto
MUN_102,Chapecó,SC,16,30.84,39.32,92.93,2.47,0.574,7.09,63.3,508007,266.1,40.4,1674,329.62,Alto
MUN_102,Chapecó,SC,17,30.38,32.84,70.36,62.35,0.681,6.47,63.3,508007,266.1,40.4,1585,312.11,Alto
MUN_102,Chapecó,SC,18,27.04,36.2,73.73,250.99,0.84,12.1,63.3,508007,266.1,40.4,2070,407.67,Alto
MUN_102,Chapecó,SC,19,28.16,37.7,81.32,250.02,0.38,13.29,63.3,508007,266.1,40.4,1738,342.28,Alto
MUN_102,Chapecó,SC,20,22.69,33.05,84.13,81.87,0.338,1.3,63.3,508007,266.1,40.4,1647,324.34,Alto
MUN_102,Chapecó,SC,21,25.55,33.21,68.08,23.02,0.593,0.0,63.3,508007,266.1,40.4,1110,218.67,Medio
MUN_102,Chapecó,SC,22,28.53,33.67,75.28,49.91,0.498,6.92,63.3,508007,266.1,40.4,1440,283.57,Alto
MUN_102,Chapecó,SC,23,25.49,34.39,72.67,41.37,0.744,0.0,63.3,508007,266.1,40.4,964,189.78,Medio
MUN_102,Chapecó,SC,24,26.34,35.33,69.05,89.55,0.436,6.94,63.3,508007,266.1,40.4,1516,298.61,Alto
MUN_102,Chapecó,SC,25,28.68,35.65,54.78,11.76,0.316,6.32,63.3,508007,266.1,40.4,525,103.42,Baixo
MUN_102,Chapecó,SC,26,29.54,33.36,60.11,90.04,0.488,6.9,63.3,508007,266.1,40.4,1572,309.64,Alto
MUN_102,Chapecó,SC,27,24.91,34.53,64.36,34.58,0.276,6.73,63.3,508007,266.1,40.4,1410,277.57,Alto
MUN_102,Chapecó,SC,28,26.34,32.63,80.11,19.91,0.419,0.06,63.3,508007,266.1,40.4,741,145.93,Baixo
MUN_102,Chapecó,SC,29,21.45,25.07,43.28,26.52,0.522,1.54,63.3,508007,266.1,40.4,712,140.27,Baixo
MUN_102,Chapecó,SC,30,19.01,23.13,57.16,4.5,0.512,2.7,63.3,508007,266.1,40.4,867,170.71,Medio
MUN_102,Chapecó,SC,31,19.38,22.38,49.49,21.75,0.261,5.38,63.3,508007,266.1,40.4,345,68.03,Baixo
MUN_102,Chapecó,SC,32,20.98,28.24,57.47,32.7,0.212,2.17,63.3,508007,266.1,40.4,690,135.98,Baixo
MUN_102,Chapecó,SC,33,23.28,31.63,72.8,18.32,0.532,4.98,63.3,508007,266.1,40.4,537,105.72,Baixo
MUN_102,Chapecó,SC,34,20.01,29.57,59.51,1.95,0.453,0.1,63.3,508007,266.1,40.4,162,31.92,Baixo
MUN_102,Chapecó,SC,35,25.97,34.77,65.64,6.82,0.192,0.0,63.3,508007,266.1,40.4,1095,215.65,Medio
MUN_102,Chapecó,SC,36,18.24,23.94,64.92,24.92,0.374,1.7,63.3,508007,266.1,40.4,979,192.91,Medio
MUN_102,Chapecó,SC,37,20.4,29.44,53.16,9.53,0.377,7.68,63.3,508007,266.1,40.4,1163,229.08,Medio
MUN_102,Chapecó,SC,38,23.93,28.86,53.75,8.03,0.256,0.0,63.3,508007,266.1,40.4,579,114.02,Baixo
MUN_102,Chapecó,SC,39,16.36,19.84,60.53,0.18,0.184,0.0,63.3,508007,266.1,40.4,298,58.81,Baixo
MUN_102,Chapecó,SC,40,18.35,24.33,61.12,0.42,0.432,0.0,63.3,508007,266.1,40.4,700,137.83,Baixo
MUN_102,Chapecó,SC,41,19.31,28.33,60.36,2.96,0.157,0.0,63.3,508007,266.1,40.4,528,104.12,Baixo
MUN_102,Chapecó,SC,42,23.01,32.97,70.6,0.01,0.259,0.35,63.3,508007,266.1,40.4,1015,199.94,Medio
MUN_102,Chapecó,SC,43,23.78,28.03,57.24,7.79,0.363,2.84,63.3,508007,266.1,40.4,741,146.05,Baixo
MUN_102,Chapecó,SC,44,20.85,23.77,83.57,7.52,0.39,0.0,63.3,508007,266.1,40.4,966,190.2,Medio
MUN_102,Chapecó,SC,45,17.7,26.74,64.47,24.01,0.3,0.0,63.3,508007,266.1,40.4,733,144.31,Baixo
MUN_102,Chapecó,SC,46,21.86,27.45,58.14,22.77,0.209,0.33,63.3,508007,266.1,40.4,994,195.69,Medio
MUN_102,Chapecó,SC,47,23.53,33.89,50.03,28.36,0.271,4.58,63.3,508007,266.1,40.4,709,139.73,Baixo
MUN_102,Chapecó,SC,48,18.77,28.52,76.12,0.9,0.118,0.0,63.3,508007,266.1,40.4,544,107.28,Baixo
MUN_102,Chapecó,SC,49,25.35,28.01,76.0,14.17,0.326,0.0,63.3,508007,266.1,40.4,1019,200.76,Medio
MUN_102,Chapecó,SC,50,24.07,29.44,68.37,7.27,0.302,0.0,63.3,508007,266.1,40.4,582,114.57,Baixo
MUN_103,Rondonópolis,MT,1,28.15,32.21,59.23,10.74,0.203,2.48,242.4,1140389,214.6,30.7,1545,135.49,Baixo
MUN_103,Rondonópolis,MT,2,26.38,30.07,52.08,16.53,0.242,0.67,242.4,1140389,214.6,30.7,1658,145.41,Baixo
MUN_103,Rondonópolis,MT,3,17.67,25.67,73.43,5.53,0.446,0.0,242.4,1140389,214.6,30.7,1960,171.91,Medio
MUN_103,Rondonópolis,MT,4,21.88,27.72,56.44,6.63,0.269,7.62,242.4,1140389,214.6,30.7,1324,116.18,Baixo
MUN_103,Rondonópolis,MT,5,28.38,38.61,55.25,3.8,0.292,0.0,242.4,1140389,214.6,30.7,1012,88.79,Baixo
MUN_103,Rondonópolis,MT,6,31.63,41.12,66.87,17.49,0.507,0.0,242.4,1140389,214.6,30.7,3302,289.63,Alto
MUN_103,Rondonópolis,MT,7,27.69,30.89,72.36,23.05,0.131,0.0,242.4,1140389,214.6,30.7,2814,246.81,Medio
MUN_103,Rondonópolis,MT,8,26.24,32.19,66.6,8.02,0.486,1.97,242.4,1140389,214.6,30.7,2307,202.37,Medio
MUN_103,Rondonópolis,MT,9,24.44,27.81,67.44,11.3,0.566,10.09,242.4,1140389,214.6,30.7,2660,233.26,Medio
MUN_103,Rondonópolis,MT,10,28.92,33.87,82.17,13.81,0.407,0.0,242.4,1140389,214.6,30.7,2085,182.88,Medio
MUN_103,Rondonópolis,MT,11,32.01,41.1,68.52,37.25,0.542,8.68,242.4,1140389,214.6,30.7,2294,201.18,Medio
MUN_103,Rondonópolis,MT,12,26.88,30.25,60.28,25.3,0.405,0.0,242.4,1140389,214.6,30.7,2378,208.6,Medio
MUN_103,Rondonópolis,MT,13,29.52,33.53,88.89,46.96,0.417,4.44,242.4,1140389,214.6,30.7,2864,251.18,Alto
MUN_103,Rondonópolis,MT,14,28.79,35.93,71.92,86.49,0.242,7.63,242.4,1140389,214.6,30.7,2144,188.03,Medio
MUN_103,Rondonópolis,MT,15,32.12,37.71,80.25,28.85,0.576,0.0,242.4,1140389,214.6,30.7,4031,353.56,Alto
MUN_103,Rondonópolis,MT,16,31.48,40.11,94.18,7.24,0.338,3.13,242.4,1140389,214.6,30.7,2045,179.34,Medio
MUN_103,Rondonópolis,MT,17,32.86,35.02,63.62,80.41,0.622,11.9,242.4,1140389,214.6,30.7,3534,309.9,Alto
MUN_103,Rondonópolis,MT,18,34.83,37.11,75.51,56.45,0.435,2.34,242.4,1140389,214.6,30.7,4025,352.97,Alto
MUN_103,Rondonópolis,MT,19,32.03,37.34,85.8,158.99,0.438,8.78,242.4,1140389,214.6,30.7,5508,483.01,Alto
MUN_103,Rondonópolis,MT,20,30.04,38.34,95.94,33.02,0.696,4.3,242.4,1140389,214.6,30.7,4331,379.87,Alto
MUN_103,Rondonópolis,MT,21,34.21,41.48,88.05,82.98,0.675,6.28,242.4,1140389,214.6,30.7,5449,477.88,Alto
MUN_103,Rondonópolis,MT,22,28.81,38.01,65.46,92.85,0.636,5.49,242.4,1140389,214.6,30.7,4557,399.62,Alto
MUN_103,Rondonópolis,MT,23,25.91,35.43,56.58,41.19,0.593,4.04,242.4,1140389,214.6,30.7,2427,212.86,Medio
MUN_103,Rondonópolis,MT,24,22.67,25.19,92.47,126.85,0.175,7.33,242.4,1140389,214.6,30.7,3466,303.98,Alto
MUN_103,Rondonópolis,MT,25,32.6,35.15,59.52,74.5,0.307,3.47,242.4,1140389,214.6,30.7,3146,275.92,Alto
MUN_103,Rondonópolis,MT,26,27.69,35.41,59.95,81.58,0.501,9.68,242.4,1140389,214.6,30.7,2771,243.0,Medio
MUN_103,Rondonópolis,MT,27,28.05,34.56,57.92,55.73,0.317,0.0,242.4,1140389,214.6,30.7,2949,258.67,Alto
MUN_103,Rondonópolis,MT,28,30.18,40.64,48.38,16.14,0.275,6.25,242.4,1140389,214.6,30.7,2772,243.14,Medio
MUN_103,Rondonópolis,MT,29,19.61,24.45,85.78,13.5,0.324,0.0,242.4,1140389,214.6,30.7,2416,211.9,Medio
MUN_103,Rondonópolis,MT,30,21.06,24.93,42.78,5.29,0.259,5.4,242.4,1140389,214.6,30.7,2141,187.77,Medio
MUN_103,Rondonópolis,MT,31,22.23,29.34,36.05,2.16,0.352,13.79,242.4,1140389,214.6,30.7,3439,301.57,Alto
MUN_103,Rondonópolis,MT,32,25.25,33.75,71.0,46.79,0.427,9.95,242.4,1140389,214.6,30.7,2256,197.89,Medio
MUN_103,Rondonópolis,MT,33,21.76,24.11,69.51,10.49,0.457,0.34,242.4,1140389,214.6,30.7,2659,233.25,Medio
MUN_103,Rondonópolis,MT,34,20.09,22.94,71.52,4.69,0.187,0.48,242.4,1140389,214.6,30.7,3363,294.93,Alto
MUN_103,Rondonópolis,MT,35,17.91,23.6,50.37,7.88,0.295,0.0,242.4,1140389,214.6,30.7,2920,256.07,Alto
MUN_103,Rondonópolis,MT,36,21.71,32.01,34.22,16.46,0.248,0.7,242.4,1140389,214.6,30.7,1846,161.9,Medio
MUN_103,Rondonópolis,MT,37,25.91,30.68,66.3,5.21,0.438,0.0,242.4,1140389,214.6,30.7,1644,144.24,Baixo
MUN_103,Rondonópolis,MT,38,22.77,26.28,72.66,16.34,0.298,1.29,242.4,1140389,214.6,30.7,3350,293.76,Alto
MUN_103,Rondonópolis,MT,39,27.43,34.33,48.32,26.57,0.356,0.0,242.4,1140389,214.6,30.7,3921,343.85,Alto
MUN_103,Rondonópolis,MT,40,23.51,31.05,48.03,4.32,0.232,4.6,242.4,1140389,214.6,30.7,2109,185.02,Medio
MUN_103,Rondonópolis,MT,41,21.78,29.49,40.44,68.71,0.282,7.18,242.4,1140389,214.6,30.7,2288,200.69,Medio
MUN_103,Rondonópolis,MT,42,22.45,25.34,70.25,9.51,0.332,0.77,242.4,1140389,214.6,30.7,1992,174.74,Medio
MUN_103,Rondonópolis,MT,43,21.17,27.4,49.96,18.19,0.392,3.68,242.4,1140389,214.6,30.7,1760,154.38,Baixo
MUN_103,Rondonópolis,MT,44,20.61,27.24,64.78,7.18,0.478,7.91,242.4,1140389,214.6,30.7,2343,205.47,Medio
MUN_103,Rondonópolis,MT,45,24.38,26.69,44.37,1.41,0.42,10.18,242.4,1140389,214.6,30.7,2702,237.02,Medio
MUN_103,Rondonópolis,MT,46,25.53,27.56,50.97,4.94,0.386,6.49,242.4,1140389,214.6,30.7,2310,202.61,Medio
MUN_103,Rondonópolis,MT,47,21.74,29.53,56.63,2.41,0.296,0.0,242.4,1140389,214.6,30.7,2793,244.98,Medio
MUN_103,Rondonópolis,MT,48,22.96,29.39,53.95,0.38,0.56,0.0,242.4,1140389,214.6,30.7,2491,218.46,Medio
MUN_103,Rondonópolis,MT,49,17.68,25.18,35.44,58.83,0.229,13.88,242.4,1140389,214.6,30.7,2948,258.52,Alto
MUN_103,Rondonópolis,MT,50,24.31,31.83,94.24,3.5,0.164,2.73,242.4,1140389,214.6,30.7,3936,345.15,Alto
MUN_104,Novo Hamburgo,RS,1,14.92,20.46,63.97,18.82,0.262,0.0,330.3,1413194,116.0,69.4,1249,88.44,Baixo
MUN_104,Novo Hamburgo,RS,2,18.41,22.41,71.73,13.13,0.308,8.71,330.3,1413194,116.0,69.4,2348,166.2,Medio
MUN_104,Novo Hamburgo,RS,3,19.98,27.46,59.64,19.11,0.535,5.72,330.3,1413194,116.0,69.4,2123,150.27,Baixo
MUN_104,Novo Hamburgo,RS,4,16.81,20.61,40.5,7.94,0.307,3.04,330.3,1413194,116.0,69.4,322,22.8,Baixo
MUN_104,Novo Hamburgo,RS,5,15.06,18.99,55.49,8.33,0.399,0.06,330.3,1413194,116.0,69.4,0,0.0,Baixo
MUN_104,Novo Hamburgo,RS,6,16.85,22.23,84.9,6.93,0.409,3.6,330.3,1413194,116.0,69.4,1281,90.7,Baixo
MUN_104,Novo Hamburgo,RS,7,24.1,33.8,51.47,2.42,0.44,0.0,330.3,1413194,116.0,69.4,2050,145.09,Baixo
MUN_104,Novo Hamburgo,RS,8,19.32,22.56,62.99,8.11,0.459,2.63,330.3,1413194,116.0,69.4,441,31.23,Baixo
MUN_104,Novo Hamburgo,RS,9,28.46,35.73,70.9,22.03,0.609,0.0,330.3,1413194,116.0,69.4,3551,251.29,Alto
MUN_104,Novo Hamburgo,RS,10,17.35,21.87,87.18,29.54,0.343,0.0,330.3,1413194,116.0,69.4,1325,93.8,Baixo
MUN_104,Novo Hamburgo,RS,11,27.16,36.7,87.09,39.25,0.46,6.84,330.3,1413194,116.0,69.4,2057,145.56,Baixo
MUN_104,Novo Hamburgo,RS,12,25.43,31.43,92.3,162.02,0.602,10.45,330.3,1413194,116.0,69.4,5075,359.15,Alto
MUN_104,Novo Hamburgo,RS,13,23.67,28.01,75.0,29.87,0.606,0.0,330.3,1413194,116.0,69.4,2121,150.15,Baixo
MUN_104,Novo Hamburgo,RS,14,18.47,25.37,74.16,18.4,0.524,4.39,330.3,1413194,116.0,69.4,2719,192.45,Medio
MUN_104,Novo Hamburgo,RS,15,27.47,30.34,88.36,0.16,0.513,0.0,330.3,1413194,116.0,69.4,5571,394.24,Alto
MUN_104,Novo Hamburgo,RS,16,25.59,33.25,100.0,50.61,0.71,11.18,330.3,1413194,116.0,69.4,3294,233.13,Medio
MUN_104,Novo Hamburgo,RS,17,24.55,33.2,79.81,60.9,0.534,6.36,330.3,1413194,116.0,69.4,2493,176.43,Medio
MUN_104,Novo Hamburgo,RS,18,26.9,35.51,69.3,283.77,0.53,14.01,330.3,1413194,116.0,69.4,3693,261.34,Alto
MUN_104,Novo Hamburgo,RS,19,25.76,32.63,61.28,12.93,0.541,4.75,330.3,1413194,116.0,69.4,2036,144.1,Baixo
MUN_104,Novo Hamburgo,RS,20,22.57,25.63,68.76,5.73,0.731,0.57,330.3,1413194,116.0,69.4,2542,179.94,Medio
MUN_104,Novo Hamburgo,RS,21,25.01,29.25,78.94,15.15,0.586,0.0,330.3,1413194,116.0,69.4,2686,190.13,Medio
MUN_104,Novo Hamburgo,RS,22,28.15,38.47,70.65,2.47,0.628,0.0,330.3,1413194,116.0,69.4,3186,225.5,Medio
MUN_104,Novo Hamburgo,RS,23,25.33,34.04,60.05,148.69,0.451,8.8,330.3,1413194,116.0,69.4,4261,301.57,Alto
MUN_104,Novo Hamburgo,RS,24,20.25,30.15,43.75,18.24,0.41,13.68,330.3,1413194,116.0,69.4,1537,108.8,Baixo
MUN_104,Novo Hamburgo,RS,25,28.92,32.15,53.7,17.94,0.537,3.71,330.3,1413194,116.0,69.4,1698,120.2,Baixo
MUN_104,Novo Hamburgo,RS,26,28.22,32.67,64.43,30.21,0.547,0.0,330.3,1413194,116.0,69.4,2406,170.32,Medio
MUN_104,Novo Hamburgo,RS,27,22.96,27.35,59.81,10.12,0.623,0.0,330.3,1413194,116.0,69.4,2779,196.66,Medio
MUN_104,Novo Hamburgo,RS,28,22.7,25.84,62.01,73.77,0.148,8.22,330.3,1413194,116.0,69.4,2111,149.39,Baixo
MUN_104,Novo Hamburgo,RS,29,21.99,32.43,79.17,60.91,0.314,0.0,330.3,1413194,116.0,69.4,2670,188.97,Medio
MUN_104,Novo Hamburgo,RS,30,21.13,31.36,76.59,12.61,0.387,0.06,330.3,1413194,116.0,69.4,2716,192.21,Medio
MUN_104,Novo Hamburgo,RS,31,23.34,33.49,69.99,4.93,0.336,4.41,330.3,1413194,116.0,69.4,2645,187.21,Medio
MUN_104,Novo Hamburgo,RS,32,16.6,21.68,78.26,33.19,0.285,0.0,330.3,1413194,116.0,69.4,2053,145.33,Baixo
MUN_104,Novo Hamburgo,RS,33,10.0,19.78,69.98,9.0,0.088,0.0,330.3,1413194,116.0,69.4,123,8.72,Baixo
MUN_104,Novo Hamburgo,RS,34,10.0,15.55,36.54,30.46,0.138,0.0,330.3,1413194,116.0,69.4,815,57.72,Baixo
MUN_104,Novo Hamburgo,RS,35,16.34,18.35,49.17,27.05,0.367,0.0,330.3,1413194,116.0,69.4,746,52.82,Baixo
MUN_104,Novo Hamburgo,RS,36,20.68,25.43,66.91,5.18,0.101,0.0,330.3,1413194,116.0,69.4,1133,80.23,Baixo
MUN_104,Novo Hamburgo,RS,37,18.12,23.36,42.74,1.47,0.208,0.0,330.3,1413194,116.0,69.4,275,19.5,Baixo
MUN_104,Novo Hamburgo,RS,38,21.34,26.91,56.85,3.08,0.377,2.01,330.3,1413194,116.0,69.4,0,0.0,Baixo
MUN_104,Novo Hamburgo,RS,39,14.8,19.65,58.89,4.0,0.174,6.66,330.3,1413194,116.0,69.4,0,0.0,Baixo
MUN_104,Novo Hamburgo,RS,40,13.5,23.23,49.08,4.71,0.384,6.98,330.3,1413194,116.0,69.4,0,0.0,Baixo
MUN_104,Novo Hamburgo,RS,41,10.32,15.33,54.04,3.0,0.043,9.05,330.3,1413194,116.0,69.4,0,0.0,Baixo
MUN_104,Novo Hamburgo,RS,42,20.47,24.11,50.52,2.14,0.149,0.0,330.3,1413194,116.0,69.4,538,38.08,Baixo
MUN_104,Novo Hamburgo,RS,43,13.78,22.96,64.06,6.47,0.462,5.85,330.3,1413194,116.0,69.4,1131,80.08,Baixo
MUN_104,Novo Hamburgo,RS,44,20.71,28.62,65.97,2.32,0.138,1.86,330.3,1413194,116.0,69.4,1495,105.79,Baixo
MUN_104,Novo Hamburgo,RS,45,13.17,19.08,42.83,15.32,0.322,5.93,330.3,1413194,116.0,69.4,1370,96.97,Baixo
MUN_104,Novo Hamburgo,RS,46,17.44,23.28,58.11,18.59,0.507,3.34,330.3,1413194,116.0,69.4,1648,116.63,Baixo
MUN_104,Novo Hamburgo,RS,47,19.2,27.65,74.82,5.6,0.236,0.0,330.3,1413194,116.0,69.4,1642,116.21,Baixo
MUN_104,Novo Hamburgo,RS,48,17.65,24.38,50.38,1.44,0.213,0.0,330.3,1413194,116.0,69.4,447,31.66,Baixo
MUN_104,Novo Hamburgo,RS,49,15.28,17.3,47.14,0.54,0.156,3.14,330.3,1413194,116.0,69.4,114,8.13,Baixo
MUN_104,Novo Hamburgo,RS,50,12.97,23.33,80.6,0.11,0.244,0.0,330.3,1413194,116.0,69.4,488,34.54,Baixo
MUN_105,São Leopoldo,RS,1,21.69,25.74,63.08,3.36,0.247,3.29,111.1,2362517,308.3,96.9,3234,136.91,Baixo
MUN_105,São Leopoldo,RS,2,20.08,30.21,71.12,16.4,0.409,5.44,111.1,2362517,308.3,96.9,5950,251.86,Alto
MUN_105,São Leopoldo,RS,3,15.83,23.23,72.45,11.14,0.412,9.46,111.1,2362517,308.3,96.9,3850,162.98,Medio
MUN_105,São Leopoldo,RS,4,20.43,24.04,69.57,19.41,0.239,0.0,111.1,2362517,308.3,96.9,3205,135.67,Baixo
MUN_105,São Leopoldo,RS,5,17.79,25.92,98.25,13.18,0.332,1.02,111.1,2362517,308.3,96.9,3291,139.32,Baixo
MUN_105,São Leopoldo,RS,6,23.02,32.62,68.26,7.29,0.398,0.45,111.1,2362517,308.3,96.9,6551,277.33,Alto
MUN_105,São Leopoldo,RS,7,23.47,32.68,78.97,8.55,0.355,3.24,111.1,2362517,308.3,96.9,7762,328.57,Alto
MUN_105,São Leopoldo,RS,8,18.92,29.2,84.34,0.33,0.498,8.97,111.1,2362517,308.3,96.9,501,21.22,Baixo
MUN_105,São Leopoldo,RS,9,27.7,34.08,83.29,71.78,0.412,8.31,111.1,2362517,308.3,96.9,6619,280.18,Alto
MUN_105,São Leopoldo,RS,10,22.22,30.9,71.0,7.92,0.408,0.0,111.1,2362517,308.3,96.9,6203,262.59,Alto
MUN_105,São Leopoldo,RS,11,22.37,28.26,91.88,10.64,0.686,0.0,111.1,2362517,308.3,96.9,4646,196.66,Medio
MUN_105,São Leopoldo,RS,12,18.73,22.44,98.12,51.1,0.453,3.96,111.1,2362517,308.3,96.9,5426,229.68,Medio
MUN_105,São Leopoldo,RS,13,23.81,30.45,76.22,83.04,0.423,17.08,111.1,2362517,308.3,96.9,10890,460.95,Alto
MUN_105,São Leopoldo,RS,14,31.24,39.05,68.88,121.38,0.585,0.0,111.1,2362517,308.3,96.9,6641,281.11,Alto
MUN_105,São Leopoldo,RS,15,24.96,31.19,50.2,104.27,0.499,5.84,111.1,2362517,308.3,96.9,6625,280.44,Alto
MUN_105,São Leopoldo,RS,16,30.53,38.08,74.95,18.62,0.583,0.0,111.1,2362517,308.3,96.9,5509,233.21,Medio
MUN_105,São Leopoldo,RS,17,28.03,32.21,71.89,101.51,0.425,6.06,111.1,2362517,308.3,96.9,6733,285.02,Alto
MUN_105,São Leopoldo,RS,18,30.24,36.17,87.39,45.03,0.736,10.49,111.1,2362517,308.3,96.9,6925,293.15,Alto
MUN_105,São Leopoldo,RS,19,22.18,32.09,68.54,192.26,0.874,19.54,111.1,2362517,308.3,96.9,7147,302.53,Alto
MUN_105,São Leopoldo,RS,20,33.88,39.9,90.02,142.86,0.443,16.67,111.1,2362517,308.3,96.9,7479,316.61,Alto
MUN_105,São Leopoldo,RS,21,26.93,37.08,49.43,141.18,0.504,6.45,111.1,2362517,308.3,96.9,4879,206.54,Medio
MUN_105,São Leopoldo,RS,22,21.88,29.97,63.12,34.41,0.442,3.94,111.1,2362517,308.3,96.9,3432,145.29,Baixo
MUN_105,São Leopoldo,RS,23,24.45,34.55,51.73,19.08,0.465,0.0,111.1,2362517,308.3,96.9,3709,157.02,Medio
MUN_105,São Leopoldo,RS,24,25.06,28.78,70.8,0.92,0.363,6.75,111.1,2362517,308.3,96.9,3032,128.35,Baixo
MUN_105,São Leopoldo,RS,25,24.17,34.36,81.16,23.72,0.521,0.65,111.1,2362517,308.3,96.9,4441,188.01,Medio
MUN_105,São Leopoldo,RS,26,29.51,37.55,89.35,10.41,0.229,0.0,111.1,2362517,308.3,96.9,6270,265.41,Alto
MUN_105,São Leopoldo,RS,27,24.39,33.84,62.59,11.51,0.405,6.83,111.1,2362517,308.3,96.9,5123,216.88,Medio
MUN_105,São Leopoldo,RS,28,22.48,24.84,60.54,34.4,0.712,0.0,111.1,2362517,308.3,96.9,6030,255.27,Alto
MUN_105,São Leopoldo,RS,29,13.81,20.29,74.07,0.41,0.161,0.0,111.1,2362517,308.3,96.9,1568,66.38,Baixo
MUN_105,São Leopoldo,RS,30,14.32,17.0,58.35,5.52,0.114,5.13,111.1,2362517,308.3,96.9,779,32.98,Baixo
MUN_105,São Leopoldo,RS,31,23.91,33.04,51.48,1.04,0.087,0.0,111.1,2362517,308.3,96.9,2617,110.81,Baixo
MUN_105,São Leopoldo,RS,32,14.85,17.68,70.47,9.15,0.308,2.31,111.1,2362517,308.3,96.9,2635,111.56,Baixo
MUN_105,São Leopoldo,RS,33,20.78,25.04,45.78,24.28,0.147,8.3,111.1,2362517,308.3,96.9,3424,144.97,Baixo
MUN_105,São Leopoldo,RS,34,20.87,22.91,48.02,15.8,0.127,0.16,111.1,2362517,308.3,96.9,3345,141.61,Baixo
MUN_105,São Leopoldo,RS,35,15.62,19.43,49.23,10.55,0.203,0.0,111.1,2362517,308.3,96.9,3838,162.46,Medio
MUN_105,São Leopoldo,RS,36,22.8,31.09,56.03,1.6,0.303,3.08,111.1,2362517,308.3,96.9,3281,138.91,Baixo
MUN_105,São Leopoldo,RS,37,15.32,20.55,64.95,1.18,0.292,8.54,111.1,2362517,308.3,96.9,0,0.0,Baixo
MUN_105,São Leopoldo,RS,38,16.23,19.8,55.76,24.76,0.421,2.56,111.1,2362517,308.3,96.9,1613,68.31,Baixo
MUN_105,São Leopoldo,RS,39,19.63,24.73,36.12,0.36,0.285,1.34,111.1,2362517,308.3,96.9,3583,151.7,Baixo
MUN_105,São Leopoldo,RS,40,20.43,26.83,71.14,2.59,0.441,9.88,111.1,2362517,308.3,96.9,4148,175.59,Medio
MUN_105,São Leopoldo,RS,41,17.2,25.92,51.62,9.02,0.177,1.98,111.1,2362517,308.3,96.9,2191,92.76,Baixo
MUN_105,São Leopoldo,RS,42,29.73,39.74,62.68,2.72,0.228,3.18,111.1,2362517,308.3,96.9,4987,211.1,Medio
MUN_105,São Leopoldo,RS,43,21.26,29.17,48.15,7.21,0.184,0.0,111.1,2362517,308.3,96.9,3283,139.0,Baixo
MUN_105,São Leopoldo,RS,44,20.15,23.62,82.66,1.45,0.577,0.0,111.1,2362517,308.3,96.9,4212,178.31,Medio
MUN_105,São Leopoldo,RS,45,22.22,24.74,72.1,40.94,0.128,0.0,111.1,2362517,308.3,96.9,5459,231.08,Medio
MUN_105,São Leopoldo,RS,46,19.1,28.36,48.6,8.93,0.231,0.43,111.1,2362517,308.3,96.9,5292,224.0,Medio
MUN_105,São Leopoldo,RS,47,12.56,22.84,42.33,1.13,0.668,0.0,111.1,2362517,308.3,96.9,1928,81.65,Baixo
MUN_105,São Leopoldo,RS,48,15.82,20.32,71.35,19.0,0.178,2.35,111.1,2362517,308.3,96.9,896,37.94,Baixo
MUN_105,São Leopoldo,RS,49,21.84,26.94,51.06,27.42,0.296,0.0,111.1,2362517,308.3,96.9,3091,130.86,Baixo
MUN_105,São Leopoldo,RS,50,14.22,17.95,39.22,3.03,0.243,0.0,111.1,2362517,308.3,96.9,1744,73.84,Baixo
MUN_106,Juazeiro do Norte,CE,1,26.53,35.04,50.15,39.78,0.288,0.0,143.2,1223104,48.1,51.9,991,81.09,Baixo
MUN_106,Juazeiro do Norte,CE,2,20.22,25.36,30.37,43.58,0.23,10.26,143.2,1223104,48.1,51.9,549,44.91,Baixo
MUN_106,Juazeiro do Norte,CE,3,21.5,26.96,47.81,12.4,0.323,0.36,143.2,1223104,48.1,51.9,880,71.98,Baixo
MUN_106,Juazeiro do Norte,CE,4,23.04,33.04,62.82,1.49,0.368,3.27,143.2,1223104,48.1,51.9,2330,190.5,Medio
MUN_106,Juazeiro do Norte,CE,5,28.9,37.17,62.64,18.1,0.117,5.09,143.2,1223104,48.1,51.9,3737,305.54,Alto
MUN_106,Juazeiro do Norte,CE,6,25.64,27.72,59.32,42.03,0.583,7.01,143.2,1223104,48.1,51.9,1841,150.52,Baixo
MUN_106,Juazeiro do Norte,CE,7,28.83,38.94,72.16,21.89,0.381,0.8,143.2,1223104,48.1,51.9,1918,156.85,Medio
MUN_106,Juazeiro do Norte,CE,8,26.51,35.59,70.6,8.69,0.287,3.08,143.2,1223104,48.1,51.9,2138,174.84,Medio
MUN_106,Juazeiro do Norte,CE,9,27.47,32.58,79.13,272.79,0.251,19.25,143.2,1223104,48.1,51.9,1993,162.96,Medio
MUN_106,Juazeiro do Norte,CE,10,31.5,35.06,54.8,51.6,0.562,1.29,143.2,1223104,48.1,51.9,3024,247.32,Medio
MUN_106,Juazeiro do Norte,CE,11,38.2,40.25,65.28,2.56,0.32,5.25,143.2,1223104,48.1,51.9,2573,210.44,Medio
MUN_106,Juazeiro do Norte,CE,12,35.48,42.13,93.44,13.83,0.648,0.32,143.2,1223104,48.1,51.9,2117,173.11,Medio
MUN_106,Juazeiro do Norte,CE,13,34.47,39.34,90.22,33.12,0.466,6.11,143.2,1223104,48.1,51.9,1842,150.63,Baixo
MUN_106,Juazeiro do Norte,CE,14,33.55,43.34,100.0,50.1,0.703,3.54,143.2,1223104,48.1,51.9,3149,257.51,Alto
MUN_106,Juazeiro do Norte,CE,15,33.84,38.6,69.28,141.55,0.684,13.15,143.2,1223104,48.1,51.9,4376,357.85,Alto
MUN_106,Juazeiro do Norte,CE,16,40.0,46.0,85.27,83.43,0.464,6.84,143.2,1223104,48.1,51.9,2975,243.29,Medio
MUN_106,Juazeiro do Norte,CE,17,36.35,45.72,62.28,93.97,0.566,4.94,143.2,1223104,48.1,51.9,2485,203.24,Medio
MUN_106,Juazeiro do Norte,CE,18,31.92,38.67,75.79,49.03,0.532,2.97,143.2,1223104,48.1,51.9,2131,174.27,Medio
MUN_106,Juazeiro do Norte,CE,19,31.4,39.45,69.19,10.63,0.792,5.47,143.2,1223104,48.1,51.9,1108,90.67,Baixo
MUN_106,Juazeiro do Norte,CE,20,32.73,40.96,68.77,68.26,0.437,1.39,143.2,1223104,48.1,51.9,3685,301.33,Alto
MUN_106,Juazeiro do Norte,CE,21,29.49,31.94,77.37,3.62,0.527,12.13,143.2,1223104,48.1,51.9,2506,204.91,Medio
MUN_106,Juazeiro do Norte,CE,22,27.44,37.19,81.86,42.89,0.517,0.0,143.2,1223104,48.1,51.9,3605,294.78,Alto
MUN_106,Juazeiro do Norte,CE,23,24.82,35.09,65.6,11.17,0.384,0.0,143.2,1223104,48.1,51.9,2053,167.91,Medio
MUN_106,Juazeiro do Norte,CE,24,34.15,40.89,86.18,19.04,0.511,3.3,143.2,1223104,48.1,51.9,2681,219.2,Medio
MUN_106,Juazeiro do Norte,CE,25,30.31,32.46,68.55,21.07,0.757,1.39,143.2,1223104,48.1,51.9,2078,169.97,Medio
MUN_106,Juazeiro do Norte,CE,26,21.52,30.76,73.99,75.92,0.579,8.09,143.2,1223104,48.1,51.9,2605,213.06,Medio
MUN_106,Juazeiro do Norte,CE,27,32.05,42.5,58.86,16.97,0.618,2.23,143.2,1223104,48.1,51.9,2845,232.61,Medio
MUN_106,Juazeiro do Norte,CE,28,29.14,36.12,63.25,1.19,0.422,0.0,143.2,1223104,48.1,51.9,1396,114.2,Baixo
MUN_106,Juazeiro do Norte,CE,29,24.63,27.52,33.03,0.54,0.371,0.0,143.2,1223104,48.1,51.9,1919,156.9,Medio
MUN_106,Juazeiro do Norte,CE,30,20.41,30.88,50.57,2.8,0.311,4.25,143.2,1223104,48.1,51.9,968,79.19,Baixo
MUN_106,Juazeiro do Norte,CE,31,27.99,32.6,48.96,11.62,0.392,13.8,143.2,1223104,48.1,51.9,368,30.16,Baixo
MUN_106,Juazeiro do Norte,CE,32,26.12,35.84,56.68,0.21,0.32,0.0,143.2,1223104,48.1,51.9,1616,132.19,Baixo
MUN_106,Juazeiro do Norte,CE,33,22.06,30.52,41.67,0.09,0.159,5.68,143.2,1223104,48.1,51.9,1396,114.21,Baixo
MUN_106,Juazeiro do Norte,CE,34,23.71,30.59,48.75,16.78,0.542,2.41,143.2,1223104,48.1,51.9,1283,104.94,Baixo
MUN_106,Juazeiro do Norte,CE,35,20.8,27.65,82.46,9.82,0.331,3.54,143.2,1223104,48.1,51.9,1131,92.54,Baixo
MUN_106,Juazeiro do Norte,CE,36,27.88,37.4,48.87,3.78,0.491,6.73,143.2,1223104,48.1,51.9,1851,151.38,Baixo
MUN_106,Juazeiro do Norte,CE,37,27.22,29.74,86.9,0.82,0.338,0.0,143.2,1223104,48.1,51.9,2109,172.47,Medio
MUN_106,Juazeiro do Norte,CE,38,22.74,25.58,77.83,0.88,0.313,0.0,143.2,1223104,48.1,51.9,2474,202.3,Medio
MUN_106,Juazeiro do Norte,CE,39,20.08,28.22,64.46,3.81,0.296,5.76,143.2,1223104,48.1,51.9,1283,104.92,Baixo
MUN_106,Juazeiro do Norte,CE,40,21.13,25.66,75.02,5.78,0.264,5.56,143.2,1223104,48.1,51.9,1658,135.62,Baixo
MUN_106,Juazeiro do Norte,CE,41,25.16,34.27,35.85,3.04,0.42,1.9,143.2,1223104,48.1,51.9,342,28.04,Baixo
MUN_106,Juazeiro do Norte,CE,42,26.17,32.39,68.5,5.94,0.442,3.76,143.2,1223104,48.1,51.9,1101,90.08,Baixo
MUN_106,Juazeiro do Norte,CE,43,27.26,32.08,50.28,14.09,0.327,2.67,143.2,1223104,48.1,51.9,570,46.66,Baixo
MUN_106,Juazeiro do Norte,CE,44,20.91,30.65,60.12,7.64,0.39,3.6,143.2,1223104,48.1,51.9,726,59.43,Baixo
MUN_106,Juazeiro do Norte,CE,45,23.59,29.13,65.27,12.82,0.313,5.11,143.2,1223104,48.1,51.9,134,10.98,Baixo
MUN_106,Juazeiro do Norte,CE,46,26.15,32.64,46.94,7.39,0.129,0.0,143.2,1223104,48.1,51.9,864,70.7,Baixo
MUN_106,Juazeiro do Norte,CE,47,28.26,34.35,47.99,2.19,0.264,1.2,143.2,1223104,48.1,51.9,477,39.01,Baixo
MUN_106,Juazeiro do Norte,CE,48,21.5,25.73,48.17,15.78,0.145,0.0,143.2,1223104,48.1,51.9,974,79.69,Baixo
MUN_106,Juazeiro do Norte,CE,49,21.29,31.52,75.76,1.45,0.345,0.0,143.2,1223104,48.1,51.9,724,59.21,Baixo
MUN_106,Juazeiro do Norte,CE,50,18.16,27.84,55.1,0.59,0.38,2.68,143.2,1223104,48.1,51.9,0,0.0,Baixo
MUN_107,Divinópolis,MG,1,23.11,25.18,50.26,0.28,0.333,2.75,725.7,873523,46.2,86.2,1822,208.61,Medio
MUN_107,Divinópolis,MG,2,11.51,21.8,67.32,10.48,0.202,2.17,725.7,873523,46.2,86.2,2712,310.53,Alto
MUN_107,Divinópolis,MG,3,21.3,28.59,54.63,0.63,0.333,3.8,725.7,873523,46.2,86.2,1469,168.18,Medio
MUN_107,Divinópolis,MG,4,18.46,20.68,92.85,3.2,0.132,0.0,725.7,873523,46.2,86.2,1815,207.83,Medio
MUN_107,Divinópolis,MG,5,21.81,28.93,52.31,13.56,0.407,0.0,725.7,873523,46.2,86.2,2548,291.72,Alto
MUN_107,Divinópolis,MG,6,23.68,30.12,72.55,21.84,0.381,6.57,725.7,873523,46.2,86.2,1529,175.06,Medio
MUN_107,Divinópolis,MG,7,25.91,32.77,75.9,10.59,0.337,0.5,725.7,873523,46.2,86.2,1720,196.99,Medio
MUN_107,Divinópolis,MG,8,22.51,31.12,83.69,2.46,0.506,0.0,725.7,873523,46.2,86.2,2041,233.69,Medio
MUN_107,Divinópolis,MG,9,25.59,34.19,76.09,108.66,0.378,11.46,725.7,873523,46.2,86.2,2568,294.03,Alto
MUN_107,Divinópolis,MG,10,20.67,23.28,81.86,73.56,0.575,6.5,725.7,873523,46.2,86.2,2432,278.42,Alto
MUN_107,Divinópolis,MG,11,25.95,29.21,67.04,300.0,0.118,16.55,725.7,873523,46.2,86.2,2107,241.23,Medio
MUN_107,Divinópolis,MG,12,23.92,25.94,93.67,3.17,0.647,4.59,725.7,873523,46.2,86.2,2116,242.29,Medio
MUN_107,Divinópolis,MG,13,20.58,25.47,84.42,116.67,0.446,7.06,725.7,873523,46.2,86.2,2288,261.98,Alto
MUN_107,Divinópolis,MG,14,22.23,29.12,58.88,91.39,0.193,0.0,725.7,873523,46.2,86.2,2433,278.56,Alto
MUN_107,Divinópolis,MG,15,25.41,34.47,100.0,39.68,0.616,2.93,725.7,873523,46.2,86.2,2409,275.86,Alto
MUN_107,Divinópolis,MG,16,23.06,32.2,100.0,143.62,0.529,14.31,725.7,873523,46.2,86.2,3179,364.03,Alto
MUN_107,Divinópolis,MG,17,26.55,32.07,70.0,228.06,0.777,19.72,725.7,873523,46.2,86.2,3087,353.44,Alto
MUN_107,Divinópolis,MG,18,23.75,26.22,81.96,27.86,0.47,0.0,725.7,873523,46.2,86.2,2477,283.57,Alto
MUN_107,Divinópolis,MG,19,25.51,33.7,71.17,119.66,0.603,11.29,725.7,873523,46.2,86.2,1841,210.82,Medio
MUN_107,Divinópolis,MG,20,24.49,32.67,84.59,13.05,0.462,12.53,725.7,873523,46.2,86.2,1372,157.17,Medio
MUN_107,Divinópolis,MG,21,27.92,34.36,85.02,89.89,0.557,6.02,725.7,873523,46.2,86.2,2471,282.97,Alto
MUN_107,Divinópolis,MG,22,23.12,32.66,75.07,5.51,0.876,5.3,725.7,873523,46.2,86.2,2688,307.74,Alto
MUN_107,Divinópolis,MG,23,26.71,33.97,89.05,131.7,0.403,21.84,725.7,873523,46.2,86.2,2891,331.02,Alto
MUN_107,Divinópolis,MG,24,25.35,34.03,66.38,25.24,0.162,0.0,725.7,873523,46.2,86.2,1749,200.27,Medio
MUN_107,Divinópolis,MG,25,19.66,29.81,55.36,17.78,0.358,6.34,725.7,873523,46.2,86.2,1035,118.52,Baixo
MUN_107,Divinópolis,MG,26,24.67,29.62,75.76,31.11,0.236,8.22,725.7,873523,46.2,86.2,1999,228.95,Medio
MUN_107,Divinópolis,MG,27,23.29,32.63,70.35,15.83,0.472,5.96,725.7,873523,46.2,86.2,2575,294.79,Alto
MUN_107,Divinópolis,MG,28,19.74,27.88,66.5,40.16,0.445,0.82,725.7,873523,46.2,86.2,835,95.66,Baixo
MUN_107,Divinópolis,MG,29,17.18,20.08,72.21,9.83,0.349,2.21,725.7,873523,46.2,86.2,1635,187.26,Medio
MUN_107,Divinópolis,MG,30,22.68,26.77,67.22,19.72,0.225,2.84,725.7,873523,46.2,86.2,1888,216.25,Medio
MUN_107,Divinópolis,MG,31,16.63,21.2,50.15,16.82,0.214,0.0,725.7,873523,46.2,86.2,507,58.13,Baixo
MUN_107,Divinópolis,MG,32,18.34,25.95,74.77,16.64,0.1,2.15,725.7,873523,46.2,86.2,0,0.0,Baixo
MUN_107,Divinópolis,MG,33,24.69,34.78,53.08,7.74,0.283,4.11,725.7,873523,46.2,86.2,833,95.42,Baixo
MUN_107,Divinópolis,MG,34,17.94,20.83,63.02,3.26,0.399,0.0,725.7,873523,46.2,86.2,1263,144.67,Baixo
MUN_107,Divinópolis,MG,35,10.73,14.0,59.56,11.28,0.222,5.09,725.7,873523,46.2,86.2,905,103.71,Baixo
MUN_107,Divinópolis,MG,36,21.38,24.92,63.18,0.4,0.413,3.97,725.7,873523,46.2,86.2,1499,171.7,Medio
MUN_107,Divinópolis,MG,37,19.56,26.27,69.76,0.98,0.485,4.52,725.7,873523,46.2,86.2,1502,172.05,Medio
MUN_107,Divinópolis,MG,38,20.33,24.05,43.98,13.64,0.438,6.96,725.7,873523,46.2,86.2,746,85.47,Baixo
MUN_107,Divinópolis,MG,39,21.71,24.97,38.31,0.66,0.125,5.19,725.7,873523,46.2,86.2,650,74.46,Baixo
MUN_107,Divinópolis,MG,40,20.58,28.12,66.65,20.41,0.095,1.24,725.7,873523,46.2,86.2,1058,121.17,Baixo
MUN_107,Divinópolis,MG,41,17.92,25.61,62.95,9.42,0.334,0.64,725.7,873523,46.2,86.2,1113,127.5,Baixo
MUN_107,Divinópolis,MG,42,17.59,22.87,88.16,12.11,0.403,8.69,725.7,873523,46.2,86.2,1773,203.06,Medio
MUN_107,Divinópolis,MG,43,21.21,29.36,89.66,15.84,0.198,3.3,725.7,873523,46.2,86.2,1813,207.65,Medio
MUN_107,Divinópolis,MG,44,17.86,23.21,58.13,2.96,0.371,2.79,725.7,873523,46.2,86.2,1067,122.25,Baixo
MUN_107,Divinópolis,MG,45,19.67,21.84,58.22,3.56,0.31,0.0,725.7,873523,46.2,86.2,1946,222.84,Medio
MUN_107,Divinópolis,MG,46,27.23,31.12,59.95,12.39,0.321,2.56,725.7,873523,46.2,86.2,1712,196.02,Medio
MUN_107,Divinópolis,MG,47,21.79,28.22,50.98,4.31,0.269,4.35,725.7,873523,46.2,86.2,2327,266.4,Alto
MUN_107,Divinópolis,MG,48,12.92,22.93,50.15,36.93,0.441,0.0,725.7,873523,46.2,86.2,2114,242.04,Medio
MUN_107,Divinópolis,MG,49,21.14,25.18,69.88,8.26,0.343,0.6,725.7,873523,46.2,86.2,951,108.96,Baixo
MUN_107,Divinópolis,MG,50,11.97,16.21,66.84,3.41,0.034,6.48,725.7,873523,46.2,86.2,195,22.35,Baixo
MUN_108,Ipatinga,MG,1,21.55,31.8,41.3,5.33,0.275,4.64,735.5,1216887,17.7,10.0,203,16.72,Baixo
MUN_108,Ipatinga,MG,2,18.29,26.73,56.16,11.59,0.554,6.63,735.5,1216887,17.7,10.0,892,73.37,Baixo
MUN_108,Ipatinga,MG,3,17.0,21.28,55.6,37.7,0.394,3.08,735.5,1216887,17.7,10.0,1481,121.74,Baixo
MUN_108,Ipatinga,MG,4,17.34,22.8,68.2,24.4,0.276,3.97,735.5,1216887,17.7,10.0,2894,237.9,Medio
MUN_108,Ipatinga,MG,5,15.82,21.34,90.01,1.98,0.236,1.06,735.5,1216887,17.7,10.0,1209,99.42,Baixo
MUN_108,Ipatinga,MG,6,17.3,26.07,49.62,55.24,0.493,2.73,735.5,1216887,17.7,10.0,1985,163.16,Medio
MUN_108,Ipatinga,MG,7,19.75,24.03,92.44,7.07,0.283,3.38,735.5,1216887,17.7,10.0,2079,170.88,Medio
MUN_108,Ipatinga,MG,8,26.02,34.27,61.67,39.4,0.419,7.27,735.5,1216887,17.7,10.0,2213,181.87,Medio
MUN_108,Ipatinga,MG,9,22.0,26.42,69.11,0.91,0.513,0.0,735.5,1216887,17.7,10.0,1461,120.14,Baixo
MUN_108,Ipatinga,MG,10,29.68,39.77,54.42,69.86,0.616,1.56,735.5,1216887,17.7,10.0,2128,174.94,Medio
MUN_108,Ipatinga,MG,11,22.65,29.58,66.33,300.0,0.548,17.42,735.5,1216887,17.7,10.0,3168,260.34,Alto
MUN_108,Ipatinga,MG,12,33.62,41.07,94.52,58.91,0.483,1.67,735.5,1216887,17.7,10.0,1943,159.72,Medio
MUN_108,Ipatinga,MG,13,29.63,34.35,81.04,39.35,0.551,2.17,735.5,1216887,17.7,10.0,2212,181.85,Medio
MUN_108,Ipatinga,MG,14,25.32,33.38,74.23,66.68,0.512,1.16,735.5,1216887,17.7,10.0,2772,227.87,Medio
MUN_108,Ipatinga,MG,15,32.68,37.84,61.6,24.64,0.621,0.0,735.5,1216887,17.7,10.0,2741,225.25,Medio
MUN_108,Ipatinga,MG,16,26.33,36.18,95.87,118.16,0.443,10.22,735.5,1216887,17.7,10.0,3860,317.28,Alto
MUN_108,Ipatinga,MG,17,31.67,34.57,87.12,4.66,0.492,0.0,735.5,1216887,17.7,10.0,2456,201.85,Medio
MUN_108,Ipatinga,MG,18,32.87,41.55,73.18,16.53,0.53,11.91,735.5,1216887,17.7,10.0,2602,213.87,Medio
MUN_108,Ipatinga,MG,19,26.88,35.18,83.64,70.78,0.789,6.91,735.5,1216887,17.7,10.0,3775,310.28,Alto
MUN_108,Ipatinga,MG,20,30.02,38.56,72.02,62.29,0.552,7.35,735.5,1216887,17.7,10.0,3413,280.52,Alto
MUN_108,Ipatinga,MG,21,29.38,39.72,84.48,20.92,0.43,2.82,735.5,1216887,17.7,10.0,3070,252.35,Alto
MUN_108,Ipatinga,MG,22,26.62,31.18,66.13,12.51,0.239,0.0,735.5,1216887,17.7,10.0,3281,269.66,Alto
MUN_108,Ipatinga,MG,23,15.48,25.6,80.17,168.96,0.668,12.72,735.5,1216887,17.7,10.0,3639,299.06,Alto
MUN_108,Ipatinga,MG,24,28.07,31.99,68.07,42.94,0.436,8.81,735.5,1216887,17.7,10.0,2224,182.8,Medio
MUN_108,Ipatinga,MG,25,24.91,27.4,78.14,24.71,0.315,7.41,735.5,1216887,17.7,10.0,1526,125.46,Baixo
MUN_108,Ipatinga,MG,26,19.21,23.59,99.12,2.09,0.477,4.33,735.5,1216887,17.7,10.0,2635,216.59,Medio
MUN_108,Ipatinga,MG,27,21.58,29.98,77.51,0.7,0.295,4.83,735.5,1216887,17.7,10.0,554,45.59,Baixo
MUN_108,Ipatinga,MG,28,19.88,24.05,68.58,1.05,0.14,0.0,735.5,1216887,17.7,10.0,1794,147.5,Baixo
MUN_108,Ipatinga,MG,29,24.05,33.34,62.03,11.83,0.542,0.0,735.5,1216887,17.7,10.0,1098,90.29,Baixo
MUN_108,Ipatinga,MG,30,19.74,28.28,61.72,2.7,0.134,0.98,735.5,1216887,17.7,10.0,819,67.31,Baixo
MUN_108,Ipatinga,MG,31,14.81,22.12,62.69,44.42,0.269,9.4,735.5,1216887,17.7,10.0,0,0.0,Baixo
MUN_108,Ipatinga,MG,32,10.0,14.0,83.81,17.76,0.374,0.0,735.5,1216887,17.7,10.0,940,77.28,Baixo
MUN_108,Ipatinga,MG,33,18.2,27.13,73.85,1.56,0.317,0.47,735.5,1216887,17.7,10.0,857,70.5,Baixo
MUN_108,Ipatinga,MG,34,14.89,24.73,60.18,17.57,0.266,9.45,735.5,1216887,17.7,10.0,152,12.51,Baixo
MUN_108,Ipatinga,MG,35,19.3,29.36,48.96,7.26,0.03,0.0,735.5,1216887,17.7,10.0,0,0.0,Baixo
MUN_108,Ipatinga,MG,36,17.1,20.89,51.86,4.35,0.307,4.87,735.5,1216887,17.7,10.0,739,60.75,Baixo
MUN_108,Ipatinga,MG,37,17.86,20.2,42.05,25.58,0.373,4.05,735.5,1216887,17.7,10.0,1316,108.21,Baixo
MUN_108,Ipatinga,MG,38,18.5,25.1,42.54,15.15,0.323,0.0,735.5,1216887,17.7,10.0,1063,87.37,Baixo
MUN_108,Ipatinga,MG,39,21.66,24.68,74.61,46.14,0.268,7.02,735.5,1216887,17.7,10.0,1077,88.54,Baixo
MUN_108,Ipatinga,MG,40,18.68,23.41,51.36,12.11,0.401,4.52,735.5,1216887,17.7,10.0,2355,193.6,Medio
MUN_108,Ipatinga,MG,41,20.73,29.66,58.93,1.28,0.118,0.0,735.5,1216887,17.7,10.0,2090,171.79,Medio
MUN_108,Ipatinga,MG,42,17.94,20.54,48.37,34.67,0.339,0.0,735.5,1216887,17.7,10.0,310,25.51,Baixo
MUN_108,Ipatinga,MG,43,16.71,20.04,64.94,1.41,0.166,2.91,735.5,1216887,17.7,10.0,1623,133.41,Baixo
MUN_108,Ipatinga,MG,44,18.95,23.27,63.5,2.56,0.105,0.0,735.5,1216887,17.7,10.0,2162,177.72,Medio
MUN_108,Ipatinga,MG,45,18.01,27.22,73.13,0.36,0.03,3.17,735.5,1216887,17.7,10.0,1208,99.32,Baixo
MUN_108,Ipatinga,MG,46,21.52,26.2,70.13,33.62,0.326,3.31,735.5,1216887,17.7,10.0,911,74.89,Baixo
MUN_108,Ipatinga,MG,47,15.97,25.08,74.36,4.97,0.38,0.0,735.5,1216887,17.7,10.0,0,0.0,Baixo
MUN_108,Ipatinga,MG,48,22.59,31.04,59.96,5.69,0.523,0.0,735.5,1216887,17.7,10.0,396,32.61,Baixo
MUN_108,Ipatinga,MG,49,22.13,31.37,69.55,0.22,0.411,0.0,735.5,1216887,17.7,10.0,912,74.97,Baixo
MUN_108,Ipatinga,MG,50,15.66,18.41,71.57,3.47,0.264,0.99,735.5,1216887,17.7,10.0,539,44.36,Baixo
MUN_109,Sumaré,SP,1,10.71,16.3,75.09,0.8,0.283,0.0,892.4,717409,244.4,99.0,0,0.0,Baixo
MUN_109,Sumaré,SP,2,16.44,18.83,39.54,4.22,0.359,4.83,892.4,717409,244.4,99.0,1154,160.93,Medio
MUN_109,Sumaré,SP,3,13.96,22.57,60.88,11.42,0.281,7.9,892.4,717409,244.4,99.0,792,110.46,Baixo
MUN_109,Sumaré,SP,4,13.65,24.04,69.63,31.95,0.435,9.99,892.4,717409,244.4,99.0,1210,168.68,Medio
MUN_109,Sumaré,SP,5,19.95,25.96,73.75,25.74,0.459,0.0,892.4,717409,244.4,99.0,1696,236.53,Medio
MUN_109,Sumaré,SP,6,22.95,29.93,80.37,63.74,0.353,5.34,892.4,717409,244.4,99.0,2006,279.74,Alto
MUN_109,Sumaré,SP,7,20.93,27.19,80.27,65.19,0.33,7.03,892.4,717409,244.4,99.0,1374,191.6,Medio
MUN_109,Sumaré,SP,8,24.23,28.18,85.79,8.43,0.214,0.0,892.4,717409,244.4,99.0,1554,216.71,Medio
MUN_109,Sumaré,SP,9,20.99,29.25,64.54,60.22,0.439,5.14,892.4,717409,244.4,99.0,1779,248.11,Medio
MUN_109,Sumaré,SP,10,20.89,29.24,60.44,300.0,0.534,21.21,892.4,717409,244.4,99.0,2382,332.03,Alto
MUN_109,Sumaré,SP,11,27.95,37.85,77.76,124.5,0.511,3.09,892.4,717409,244.4,99.0,1505,209.89,Medio
MUN_109,Sumaré,SP,12,23.7,30.21,88.84,38.3,0.535,5.85,892.4,717409,244.4,99.0,2249,313.59,Alto
MUN_109,Sumaré,SP,13,24.49,34.79,87.58,74.71,0.572,2.88,892.4,717409,244.4,99.0,2414,336.54,Alto
MUN_109,Sumaré,SP,14,26.36,32.41,77.57,5.47,0.594,8.93,892.4,717409,244.4,99.0,2012,280.57,Alto
MUN_109,Sumaré,SP,15,29.82,37.71,86.3,63.64,0.75,8.44,892.4,717409,244.4,99.0,2174,303.13,Alto
MUN_109,Sumaré,SP,16,29.28,32.37,96.47,0.35,0.738,1.17,892.4,717409,244.4,99.0,1376,191.9,Medio
MUN_109,Sumaré,SP,17,20.36,24.59,72.11,18.78,0.628,0.0,892.4,717409,244.4,99.0,1099,153.31,Baixo
MUN_109,Sumaré,SP,18,24.98,27.1,84.18,13.7,0.359,4.86,892.4,717409,244.4,99.0,1891,263.66,Alto
MUN_109,Sumaré,SP,19,32.52,36.82,94.34,11.58,0.538,0.0,892.4,717409,244.4,99.0,2997,417.84,Alto
MUN_109,Sumaré,SP,20,24.68,29.99,72.87,16.28,0.469,1.51,892.4,717409,244.4,99.0,1053,146.8,Baixo
MUN_109,Sumaré,SP,21,26.28,31.54,89.6,8.83,0.365,0.0,892.4,717409,244.4,99.0,1921,267.78,Alto
MUN_109,Sumaré,SP,22,22.54,32.7,78.65,68.39,0.63,4.83,892.4,717409,244.4,99.0,2018,281.37,Alto
MUN_109,Sumaré,SP,23,28.58,38.32,66.75,9.79,0.799,1.82,892.4,717409,244.4,99.0,2502,348.83,Alto
MUN_109,Sumaré,SP,24,21.11,24.76,71.93,64.23,0.622,17.06,892.4,717409,244.4,99.0,1724,240.4,Medio
MUN_109,Sumaré,SP,25,23.37,28.69,81.36,36.01,0.36,11.22,892.4,717409,244.4,99.0,1613,224.86,Medio
MUN_109,Sumaré,SP,26,19.17,28.04,73.02,106.52,0.3,10.63,892.4,717409,244.4,99.0,1781,248.29,Alto
MUN_109,Sumaré,SP,27,15.61,25.54,85.15,15.31,0.402,4.8,892.4,717409,244.4,99.0,639,89.14,Baixo
MUN_109,Sumaré,SP,28,22.26,26.58,64.72,12.09,0.326,8.32,892.4,717409,244.4,99.0,1098,153.13,Baixo
MUN_109,Sumaré,SP,29,12.7,16.55,51.39,3.98,0.459,6.79,892.4,717409,244.4,99.0,112,15.69,Baixo
MUN_109,Sumaré,SP,30,18.07,26.29,68.33,1.62,0.293,0.0,892.4,717409,244.4,99.0,1297,180.86,Medio
MUN_109,Sumaré,SP,31,18.98,22.47,71.81,13.36,0.145,0.0,892.4,717409,244.4,99.0,321,44.86,Baixo
MUN_109,Sumaré,SP,32,18.58,23.67,74.49,9.61,0.178,0.0,892.4,717409,244.4,99.0,757,105.55,Baixo
MUN_109,Sumaré,SP,33,17.56,26.25,22.96,78.75,0.245,2.9,892.4,717409,244.4,99.0,1629,227.12,Medio
MUN_109,Sumaré,SP,34,14.63,22.96,50.71,3.25,0.224,6.49,892.4,717409,244.4,99.0,699,97.56,Baixo
MUN_109,Sumaré,SP,35,19.9,27.6,43.94,6.7,0.324,1.78,892.4,717409,244.4,99.0,795,110.87,Baixo
MUN_109,Sumaré,SP,36,17.55,24.03,50.08,7.76,0.343,5.19,892.4,717409,244.4,99.0,740,103.16,Baixo
MUN_109,Sumaré,SP,37,16.01,22.04,70.86,10.79,0.473,0.0,892.4,717409,244.4,99.0,1445,201.5,Medio
MUN_109,Sumaré,SP,38,16.49,20.73,63.44,68.12,0.257,0.0,892.4,717409,244.4,99.0,959,133.68,Baixo
MUN_109,Sumaré,SP,39,18.06,22.11,49.82,56.85,0.384,3.49,892.4,717409,244.4,99.0,994,138.63,Baixo
MUN_109,Sumaré,SP,40,22.88,30.78,55.59,5.14,0.03,3.27,892.4,717409,244.4,99.0,1342,187.19,Medio
MUN_109,Sumaré,SP,41,18.09,26.43,40.83,8.58,0.49,0.96,892.4,717409,244.4,99.0,1440,200.75,Medio
MUN_109,Sumaré,SP,42,22.1,28.88,67.17,24.31,0.236,0.0,892.4,717409,244.4,99.0,1066,148.61,Baixo
MUN_109,Sumaré,SP,43,15.68,26.13,45.24,2.27,0.417,0.0,892.4,717409,244.4,99.0,506,70.63,Baixo
MUN_109,Sumaré,SP,44,21.49,25.96,48.91,3.04,0.281,0.0,892.4,717409,244.4,99.0,1267,176.61,Medio
MUN_109,Sumaré,SP,45,19.09,25.89,53.88,10.44,0.452,0.01,892.4,717409,244.4,99.0,1201,167.45,Medio
MUN_109,Sumaré,SP,46,16.92,26.9,47.83,25.71,0.252,0.72,892.4,717409,244.4,99.0,613,85.54,Baixo
MUN_109,Sumaré,SP,47,17.11,19.74,71.92,18.13,0.568,0.0,892.4,717409,244.4,99.0,1224,170.73,Medio
MUN_109,Sumaré,SP,48,19.38,25.66,59.12,25.14,0.172,9.1,892.4,717409,244.4,99.0,1281,178.63,Medio
MUN_109,Sumaré,SP,49,18.74,23.48,52.05,5.63,0.253,0.0,892.4,717409,244.4,99.0,652,90.95,Baixo
MUN_109,Sumaré,SP,50,18.98,26.49,55.68,10.94,0.326,2.17,892.4,717409,244.4,99.0,644,89.89,Baixo
MUN_110,Marília,SP,1,17.89,21.23,31.87,0.19,0.312,0.37,917.4,728168,122.0,12.8,299,41.11,Baixo
MUN_110,Marília,SP,2,15.13,17.66,70.45,36.38,0.418,6.84,917.4,728168,122.0,12.8,0,0.0,Baixo
MUN_110,Marília,SP,3,20.66,25.17,45.96,5.54,0.178,3.44,917.4,728168,122.0,12.8,145,20.02,Baixo
MUN_110,Marília,SP,4,16.02,25.97,58.0,1.79,0.587,9.03,917.4,728168,122.0,12.8,293,40.26,Baixo
MUN_110,Marília,SP,5,10.48,17.12,37.59,16.23,0.235,6.71,917.4,728168,122.0,12.8,628,86.35,Baixo
MUN_110,Marília,SP,6,19.07,27.5,79.22,27.91,0.339,3.47,917.4,728168,122.0,12.8,597,82.08,Baixo
MUN_110,Marília,SP,7,14.55,18.78,77.97,106.0,0.555,19.05,917.4,728168,122.0,12.8,1340,184.1,Medio
MUN_110,Marília,SP,8,18.94,23.43,67.07,66.52,0.351,2.23,917.4,728168,122.0,12.8,1582,217.35,Medio
MUN_110,Marília,SP,9,11.75,20.8,48.59,10.62,0.606,0.0,917.4,728168,122.0,12.8,857,117.7,Baixo
MUN_110,Marília,SP,10,20.8,27.33,58.34,60.34,0.538,1.7,917.4,728168,122.0,12.8,1822,250.29,Alto
MUN_110,Marília,SP,11,21.73,24.72,74.59,33.01,0.525,6.21,917.4,728168,122.0,12.8,1383,190.01,Medio
MUN_110,Marília,SP,12,23.82,29.45,75.13,60.64,0.475,4.01,917.4,728168,122.0,12.8,1915,263.03,Alto
MUN_110,Marília,SP,13,27.43,30.83,87.15,26.05,0.727,3.25,917.4,728168,122.0,12.8,1569,215.6,Medio
MUN_110,Marília,SP,14,26.97,31.03,98.64,10.53,0.763,0.0,917.4,728168,122.0,12.8,1401,192.46,Medio
MUN_110,Marília,SP,15,28.65,34.32,70.17,10.42,0.481,0.0,917.4,728168,122.0,12.8,1655,227.31,Medio
MUN_110,Marília,SP,16,28.25,38.36,74.66,46.44,0.761,0.0,917.4,728168,122.0,12.8,1959,269.15,Alto
MUN_110,Marília,SP,17,26.12,36.27,91.06,228.47,0.612,7.49,917.4,728168,122.0,12.8,2572,353.27,Alto
MUN_110,Marília,SP,18,22.79,27.11,75.24,44.43,0.51,0.0,917.4,728168,122.0,12.8,1241,170.44,Medio
MUN_110,Marília,SP,19,22.73,29.67,71.99,7.67,0.643,4.65,917.4,728168,122.0,12.8,1169,160.59,Medio
MUN_110,Marília,SP,20,31.21,34.57,100.0,28.07,0.558,0.51,917.4,728168,122.0,12.8,1436,197.28,Medio
MUN_110,Marília,SP,21,23.28,30.6,61.92,32.54,0.491,7.29,917.4,728168,122.0,12.8,1555,213.58,Medio
MUN_110,Marília,SP,22,28.43,32.24,79.03,75.4,0.769,12.38,917.4,728168,122.0,12.8,1403,192.79,Medio
MUN_110,Marília,SP,23,22.47,30.79,91.74,7.42,0.42,0.83,917.4,728168,122.0,12.8,1009,138.6,Baixo
MUN_110,Marília,SP,24,22.54,27.35,87.56,83.74,0.593,11.27,917.4,728168,122.0,12.8,2107,289.45,Alto
MUN_110,Marília,SP,25,23.08,25.26,72.86,91.88,0.529,4.73,917.4,728168,122.0,12.8,727,99.97,Baixo
MUN_110,Marília,SP,26,19.99,23.66,66.33,50.46,0.341,10.22,917.4,728168,122.0,12.8,1002,137.62,Baixo
MUN_110,Marília,SP,27,20.46,30.72,75.75,25.87,0.415,0.0,917.4,728168,122.0,12.8,1259,172.92,Medio
MUN_110,Marília,SP,28,15.87,23.34,55.55,2.73,0.446,6.94,917.4,728168,122.0,12.8,888,122.06,Baixo
MUN_110,Marília,SP,29,12.5,17.38,55.53,3.27,0.42,0.0,917.4,728168,122.0,12.8,1158,159.07,Medio
MUN_110,Marília,SP,30,19.24,21.51,39.34,24.08,0.235,0.0,917.4,728168,122.0,12.8,652,89.67,Baixo
MUN_110,Marília,SP,31,14.15,20.81,37.58,9.56,0.09,0.0,917.4,728168,122.0,12.8,0,0.0,Baixo
MUN_110,Marília,SP,32,18.68,26.46,53.42,3.89,0.306,7.34,917.4,728168,122.0,12.8,1211,166.36,Medio
MUN_110,Marília,SP,33,18.83,24.64,81.16,10.87,0.315,0.0,917.4,728168,122.0,12.8,930,127.73,Baixo
MUN_110,Marília,SP,34,21.38,27.58,62.33,0.48,0.223,1.51,917.4,728168,122.0,12.8,388,53.31,Baixo
MUN_110,Marília,SP,35,17.09,21.48,41.24,2.89,0.246,0.0,917.4,728168,122.0,12.8,936,128.6,Baixo
MUN_110,Marília,SP,36,19.32,29.45,61.28,4.76,0.246,0.84,917.4,728168,122.0,12.8,889,122.21,Baixo
MUN_110,Marília,SP,37,13.21,15.34,62.31,47.16,0.365,0.0,917.4,728168,122.0,12.8,625,85.86,Baixo
MUN_110,Marília,SP,38,16.59,19.96,33.05,4.01,0.348,6.05,917.4,728168,122.0,12.8,499,68.57,Baixo
MUN_110,Marília,SP,39,24.74,29.92,57.36,5.72,0.321,1.84,917.4,728168,122.0,12.8,953,130.97,Baixo
MUN_110,Marília,SP,40,16.56,21.84,38.97,11.91,0.414,3.7,917.4,728168,122.0,12.8,285,39.17,Baixo
MUN_110,Marília,SP,41,10.0,15.16,61.96,13.68,0.34,0.2,917.4,728168,122.0,12.8,1112,152.81,Baixo
MUN_110,Marília,SP,42,14.17,23.1,48.35,6.42,0.369,0.0,917.4,728168,122.0,12.8,479,65.85,Baixo
MUN_110,Marília,SP,43,16.52,22.53,70.37,0.43,0.273,6.82,917.4,728168,122.0,12.8,148,20.44,Baixo
MUN_110,Marília,SP,44,15.41,25.16,35.0,5.27,0.61,7.1,917.4,728168,122.0,12.8,795,109.21,Baixo
MUN_110,Marília,SP,45,14.71,24.32,71.46,15.08,0.122,1.81,917.4,728168,122.0,12.8,1131,155.41,Baixo
MUN_110,Marília,SP,46,21.16,28.53,54.4,7.61,0.448,4.36,917.4,728168,122.0,12.8,147,20.26,Baixo
MUN_110,Marília,SP,47,24.41,27.79,60.81,6.78,0.242,0.0,917.4,728168,122.0,12.8,1380,189.62,Medio
MUN_110,Marília,SP,48,19.62,28.72,81.49,26.91,0.304,2.55,917.4,728168,122.0,12.8,1414,194.25,Medio
MUN_110,Marília,SP,49,16.67,26.59,73.29,4.03,0.154,1.63,917.4,728168,122.0,12.8,446,61.29,Baixo
MUN_110,Marília,SP,50,17.13,27.45,80.69,9.24,0.265,0.0,917.4,728168,122.0,12.8,19,2.63,Baixo
MUN_111,Presidente Prudente,SP,1,20.61,27.58,52.58,76.78,0.364,1.27,872.8,2991293,161.1,56.3,2888,96.55,Baixo
MUN_111,Presidente Prudente,SP,2,10.82,17.46,78.11,3.34,0.406,0.23,872.8,2991293,161.1,56.3,2905,97.13,Baixo
MUN_111,Presidente Prudente,SP,3,11.8,20.68,67.93,28.8,0.133,6.62,872.8,2991293,161.1,56.3,3194,106.79,Baixo
MUN_111,Presidente Prudente,SP,4,17.4,26.59,62.01,19.84,0.279,10.34,872.8,2991293,161.1,56.3,3620,121.03,Baixo
MUN_111,Presidente Prudente,SP,5,18.59,27.8,58.01,7.36,0.118,2.61,872.8,2991293,161.1,56.3,1370,45.8,Baixo
MUN_111,Presidente Prudente,SP,6,13.32,23.57,59.3,53.98,0.2,4.28,872.8,2991293,161.1,56.3,3443,115.12,Baixo
MUN_111,Presidente Prudente,SP,7,17.74,26.91,68.3,5.84,0.325,1.4,872.8,2991293,161.1,56.3,1232,41.2,Baixo
MUN_111,Presidente Prudente,SP,8,21.18,30.48,75.31,10.48,0.297,2.25,872.8,2991293,161.1,56.3,4338,145.04,Baixo
MUN_111,Presidente Prudente,SP,9,30.54,32.87,97.74,127.44,0.627,8.2,872.8,2991293,161.1,56.3,10479,350.35,Alto
MUN_111,Presidente Prudente,SP,10,25.37,28.6,63.05,35.49,0.411,4.63,872.8,2991293,161.1,56.3,6986,233.55,Medio
MUN_111,Presidente Prudente,SP,11,24.39,27.63,99.01,103.17,0.563,5.58,872.8,2991293,161.1,56.3,8188,273.75,Alto
MUN_111,Presidente Prudente,SP,12,25.01,30.62,61.93,66.44,0.43,1.46,872.8,2991293,161.1,56.3,4867,162.72,Medio
MUN_111,Presidente Prudente,SP,13,30.91,38.27,82.07,62.82,0.641,6.85,872.8,2991293,161.1,56.3,6772,226.42,Medio
MUN_111,Presidente Prudente,SP,14,15.78,22.61,96.2,46.21,0.723,4.56,872.8,2991293,161.1,56.3,4718,157.73,Medio
MUN_111,Presidente Prudente,SP,15,27.33,34.36,51.12,133.98,0.626,8.12,872.8,2991293,161.1,56.3,7244,242.2,Medio
MUN_111,Presidente Prudente,SP,16,19.94,28.24,95.79,25.38,0.615,7.75,872.8,2991293,161.1,56.3,5879,196.55,Medio
MUN_111,Presidente Prudente,SP,17,27.61,32.11,77.88,88.16,0.628,5.43,872.8,2991293,161.1,56.3,7422,248.15,Medio
MUN_111,Presidente Prudente,SP,18,28.86,35.91,74.06,36.89,0.614,0.35,872.8,2991293,161.1,56.3,4154,138.88,Baixo
MUN_111,Presidente Prudente,SP,19,27.55,37.84,74.61,70.87,0.533,7.71,872.8,2991293,161.1,56.3,8238,275.41,Alto
MUN_111,Presidente Prudente,SP,20,29.55,39.61,56.66,20.58,0.547,2.57,872.8,2991293,161.1,56.3,4491,150.15,Baixo
MUN_111,Presidente Prudente,SP,21,22.68,31.79,74.11,57.97,0.548,0.0,872.8,2991293,161.1,56.3,6720,224.67,Medio
MUN_111,Presidente Prudente,SP,22,31.31,36.83,75.99,111.39,0.507,15.63,872.8,2991293,161.1,56.3,9934,332.12,Alto
MUN_111,Presidente Prudente,SP,23,30.64,41.13,86.0,2.11,0.502,3.93,872.8,2991293,161.1,56.3,10044,335.79,Alto
MUN_111,Presidente Prudente,SP,24,21.5,28.4,100.0,118.52,0.439,5.51,872.8,2991293,161.1,56.3,9602,321.02,Alto
MUN_111,Presidente Prudente,SP,25,21.23,26.03,86.35,24.85,0.633,0.74,872.8,2991293,161.1,56.3,7798,260.71,Alto
MUN_111,Presidente Prudente,SP,26,25.14,28.61,63.73,90.87,0.323,3.57,872.8,2991293,161.1,56.3,5282,176.6,Medio
MUN_111,Presidente Prudente,SP,27,17.68,27.23,52.86,13.23,0.266,0.0,872.8,2991293,161.1,56.3,439,14.69,Baixo
MUN_111,Presidente Prudente,SP,28,23.96,33.03,52.37,68.24,0.367,5.14,872.8,2991293,161.1,56.3,6253,209.06,Medio
MUN_111,Presidente Prudente,SP,29,19.34,29.82,74.34,20.09,0.215,2.92,872.8,2991293,161.1,56.3,3527,117.93,Baixo
MUN_111,Presidente Prudente,SP,30,12.69,21.65,47.05,5.68,0.442,0.0,872.8,2991293,161.1,56.3,1898,63.46,Baixo
MUN_111,Presidente Prudente,SP,31,15.27,25.22,40.27,21.08,0.122,2.01,872.8,2991293,161.1,56.3,3601,120.4,Baixo
MUN_111,Presidente Prudente,SP,32,17.4,23.12,46.87,25.0,0.419,0.25,872.8,2991293,161.1,56.3,6429,214.95,Medio
MUN_111,Presidente Prudente,SP,33,22.08,26.05,46.85,0.29,0.228,0.0,872.8,2991293,161.1,56.3,808,27.02,Baixo
MUN_111,Presidente Prudente,SP,34,23.34,27.27,55.15,10.05,0.304,2.8,872.8,2991293,161.1,56.3,4789,160.13,Medio
MUN_111,Presidente Prudente,SP,35,17.11,27.43,43.83,8.88,0.283,3.88,872.8,2991293,161.1,56.3,3430,114.69,Baixo
MUN_111,Presidente Prudente,SP,36,16.63,21.46,36.22,8.82,0.22,3.4,872.8,2991293,161.1,56.3,77,2.6,Baixo
MUN_111,Presidente Prudente,SP,37,22.52,29.24,65.88,29.84,0.454,5.18,872.8,2991293,161.1,56.3,4923,164.58,Medio
MUN_111,Presidente Prudente,SP,38,16.21,20.44,65.32,9.44,0.53,0.0,872.8,2991293,161.1,56.3,4115,137.59,Baixo
MUN_111,Presidente Prudente,SP,39,22.95,28.38,83.76,6.56,0.247,5.57,872.8,2991293,161.1,56.3,3325,111.18,Baixo
MUN_111,Presidente Prudente,SP,40,22.06,30.04,53.89,8.81,0.09,0.0,872.8,2991293,161.1,56.3,1040,34.78,Baixo
MUN_111,Presidente Prudente,SP,41,17.37,23.45,74.82,2.09,0.343,0.0,872.8,2991293,161.1,56.3,614,20.55,Baixo
MUN_111,Presidente Prudente,SP,42,22.96,27.68,65.21,4.59,0.439,1.79,872.8,2991293,161.1,56.3,3115,104.15,Baixo
MUN_111,Presidente Prudente,SP,43,11.93,14.79,68.3,11.11,0.607,0.74,872.8,2991293,161.1,56.3,3617,120.92,Baixo
MUN_111,Presidente Prudente,SP,44,19.79,25.93,81.52,1.18,0.18,0.0,872.8,2991293,161.1,56.3,1385,46.32,Baixo
MUN_111,Presidente Prudente,SP,45,26.34,28.91,57.14,0.56,0.266,7.76,872.8,2991293,161.1,56.3,5994,200.4,Medio
MUN_111,Presidente Prudente,SP,46,17.89,20.38,58.27,10.79,0.343,0.0,872.8,2991293,161.1,56.3,2671,89.3,Baixo
MUN_111,Presidente Prudente,SP,47,21.61,27.26,84.63,3.98,0.418,0.0,872.8,2991293,161.1,56.3,3172,106.05,Baixo
MUN_111,Presidente Prudente,SP,48,18.06,22.75,52.51,41.8,0.398,4.25,872.8,2991293,161.1,56.3,2522,84.32,Baixo
MUN_111,Presidente Prudente,SP,49,19.92,30.27,64.39,10.09,0.344,1.9,872.8,2991293,161.1,56.3,2040,68.23,Baixo
MUN_111,Presidente Prudente,SP,50,17.53,21.8,48.0,3.92,0.169,0.97,872.8,2991293,161.1,56.3,465,15.57,Baixo
MUN_112,Rio Verde,GO,1,19.07,23.73,67.39,35.24,0.364,0.0,751.2,36949,127.4,81.5,45,123.14,Baixo
MUN_112,Rio Verde,GO,2,16.44,23.52,75.15,18.63,0.402,1.32,751.2,36949,127.4,81.5,74,202.71,Medio
MUN_112,Rio Verde,GO,3,25.69,29.69,48.82,17.47,0.533,1.78,751.2,36949,127.4,81.5,120,325.53,Alto
MUN_112,Rio Verde,GO,4,17.05,27.35,72.71,9.66,0.133,3.25,751.2,36949,127.4,81.5,38,103.47,Baixo
MUN_112,Rio Verde,GO,5,10.0,18.75,41.77,6.91,0.362,2.2,751.2,36949,127.4,81.5,0,0.0,Baixo
MUN_112,Rio Verde,GO,6,19.0,21.6,50.67,8.16,0.495,5.3,751.2,36949,127.4,81.5,2,6.0,Baixo
MUN_112,Rio Verde,GO,7,24.73,27.25,67.98,16.16,0.426,0.0,751.2,36949,127.4,81.5,53,146.12,Baixo
MUN_112,Rio Verde,GO,8,24.38,32.96,60.54,58.6,0.438,6.32,751.2,36949,127.4,81.5,68,186.09,Medio
MUN_112,Rio Verde,GO,9,21.51,30.68,75.37,67.53,0.457,12.85,751.2,36949,127.4,81.5,80,219.2,Medio
MUN_112,Rio Verde,GO,10,23.92,33.28,76.8,16.12,0.616,0.0,751.2,36949,127.4,81.5,60,163.55,Medio
MUN_112,Rio Verde,GO,11,19.91,29.15,60.09,39.36,0.607,6.3,751.2,36949,127.4,81.5,95,259.03,Alto
MUN_112,Rio Verde,GO,12,25.71,28.16,53.71,32.36,0.69,8.05,751.2,36949,127.4,81.5,117,318.59,Alto
MUN_112,Rio Verde,GO,13,26.17,29.84,82.25,128.21,0.783,10.15,751.2,36949,127.4,81.5,76,207.37,Medio
MUN_112,Rio Verde,GO,14,26.44,31.81,61.78,89.51,0.669,14.96,751.2,36949,127.4,81.5,102,276.85,Alto
MUN_112,Rio Verde,GO,15,29.62,35.35,93.5,13.9,0.691,3.21,751.2,36949,127.4,81.5,70,189.94,Medio
MUN_112,Rio Verde,GO,16,33.6,42.14,62.79,16.44,0.523,0.0,751.2,36949,127.4,81.5,151,409.82,Alto
MUN_112,Rio Verde,GO,17,24.4,29.58,57.69,63.94,0.63,7.78,751.2,36949,127.4,81.5,116,315.81,Alto
MUN_112,Rio Verde,GO,18,31.37,41.12,92.31,68.78,0.562,2.17,751.2,36949,127.4,81.5,110,299.18,Alto
MUN_112,Rio Verde,GO,19,25.09,34.42,73.38,173.22,0.646,12.62,751.2,36949,127.4,81.5,90,244.79,Medio
MUN_112,Rio Verde,GO,20,20.29,30.36,61.9,53.05,0.495,6.57,751.2,36949,127.4,81.5,98,265.63,Alto
MUN_112,Rio Verde,GO,21,25.48,34.24,67.28,56.5,0.526,11.32,751.2,36949,127.4,81.5,122,331.25,Alto
MUN_112,Rio Verde,GO,22,22.86,29.13,78.42,300.0,0.642,19.14,751.2,36949,127.4,81.5,144,389.77,Alto
MUN_112,Rio Verde,GO,23,25.55,30.28,94.9,22.49,0.686,0.0,751.2,36949,127.4,81.5,108,294.3,Alto
MUN_112,Rio Verde,GO,24,25.87,34.3,89.94,6.88,0.528,0.52,751.2,36949,127.4,81.5,92,250.33,Alto
MUN_112,Rio Verde,GO,25,19.98,24.59,60.71,223.85,0.67,19.97,751.2,36949,127.4,81.5,129,351.41,Alto
MUN_112,Rio Verde,GO,26,20.47,29.95,77.93,5.97,0.364,1.22,751.2,36949,127.4,81.5,74,202.42,Medio
MUN_112,Rio Verde,GO,27,20.48,23.77,100.0,51.12,0.197,7.53,751.2,36949,127.4,81.5,61,166.79,Medio
MUN_112,Rio Verde,GO,28,25.03,34.16,75.06,21.17,0.405,5.33,751.2,36949,127.4,81.5,77,209.86,Medio
MUN_112,Rio Verde,GO,29,21.64,30.7,68.8,0.78,0.483,3.63,751.2,36949,127.4,81.5,39,107.52,Baixo
MUN_112,Rio Verde,GO,30,19.51,22.73,50.12,11.0,0.158,0.24,751.2,36949,127.4,81.5,67,181.34,Medio
MUN_112,Rio Verde,GO,31,23.46,30.72,41.01,0.77,0.03,0.0,751.2,36949,127.4,81.5,18,51.31,Baixo
MUN_112,Rio Verde,GO,32,23.42,29.76,51.34,35.74,0.282,4.17,751.2,36949,127.4,81.5,94,255.54,Alto
MUN_112,Rio Verde,GO,33,13.64,20.29,64.96,0.72,0.531,5.41,751.2,36949,127.4,81.5,54,147.06,Baixo
MUN_112,Rio Verde,GO,34,22.92,31.42,64.7,13.15,0.286,0.0,751.2,36949,127.4,81.5,71,193.86,Medio
MUN_112,Rio Verde,GO,35,20.27,23.91,49.12,1.1,0.204,2.56,751.2,36949,127.4,81.5,57,156.67,Medio
MUN_112,Rio Verde,GO,36,17.56,20.17,69.44,13.18,0.44,3.14,751.2,36949,127.4,81.5,67,183.53,Medio
MUN_112,Rio Verde,GO,37,19.25,26.46,28.12,0.94,0.422,2.27,751.2,36949,127.4,81.5,19,51.87,Baixo
MUN_112,Rio Verde,GO,38,21.36,24.53,83.81,2.49,0.365,2.77,751.2,36949,127.4,81.5,54,148.18,Baixo
MUN_112,Rio Verde,GO,39,19.7,27.74,22.36,11.21,0.207,1.63,751.2,36949,127.4,81.5,69,188.84,Medio
MUN_112,Rio Verde,GO,40,16.77,21.96,60.28,12.77,0.309,3.23,751.2,36949,127.4,81.5,68,185.97,Medio
MUN_112,Rio Verde,GO,41,23.23,27.27,59.28,5.9,0.314,0.03,751.2,36949,127.4,81.5,43,117.85,Baixo
MUN_112,Rio Verde,GO,42,17.22,22.12,62.39,1.61,0.173,4.07,751.2,36949,127.4,81.5,46,125.25,Baixo
MUN_112,Rio Verde,GO,43,20.29,23.75,68.29,7.48,0.472,8.93,751.2,36949,127.4,81.5,75,205.44,Medio
MUN_112,Rio Verde,GO,44,20.84,30.35,48.95,4.12,0.108,0.0,751.2,36949,127.4,81.5,45,123.07,Baixo
MUN_112,Rio Verde,GO,45,20.62,29.13,51.0,37.67,0.25,1.64,751.2,36949,127.4,81.5,45,124.05,Baixo
MUN_112,Rio Verde,GO,46,16.51,23.79,66.46,0.25,0.282,4.42,751.2,36949,127.4,81.5,101,273.91,Alto
MUN_112,Rio Verde,GO,47,17.38,22.93,57.34,9.6,0.266,0.0,751.2,36949,127.4,81.5,41,113.57,Baixo
MUN_112,Rio Verde,GO,48,23.44,28.53,47.22,7.02,0.31,2.57,751.2,36949,127.4,81.5,46,124.97,Baixo
MUN_112,Rio Verde,GO,49,17.97,25.57,81.38,11.63,0.393,5.64,751.2,36949,127.4,81.5,28,77.48,Baixo
MUN_112,Rio Verde,GO,50,15.07,24.46,44.24,0.5,0.465,4.0,751.2,36949,127.4,81.5,37,102.72,Baixo
MUN_113,Sinop,MT,1,24.46,33.37,55.0,6.61,0.269,0.22,207.6,2603619,110.1,82.3,3051,117.2,Baixo
MUN_113,Sinop,MT,2,19.75,24.95,61.48,13.32,0.22,0.0,207.6,2603619,110.1,82.3,1881,72.26,Baixo
MUN_113,Sinop,MT,3,25.09,30.11,55.68,8.08,0.42,5.9,207.6,2603619,110.1,82.3,5140,197.44,Medio
MUN_113,Sinop,MT,4,35.88,39.91,68.86,10.8,0.176,0.84,207.6,2603619,110.1,82.3,6891,264.69,Alto
MUN_113,Sinop,MT,5,26.73,36.14,62.23,35.11,0.177,5.16,207.6,2603619,110.1,82.3,6659,255.79,Alto
MUN_113,Sinop,MT,6,30.64,38.44,65.11,94.54,0.275,13.48,207.6,2603619,110.1,82.3,5431,208.63,Medio
MUN_113,Sinop,MT,7,28.82,35.07,76.22,13.79,0.326,0.33,207.6,2603619,110.1,82.3,5476,210.33,Medio
MUN_113,Sinop,MT,8,27.75,36.14,64.39,57.81,0.431,4.93,207.6,2603619,110.1,82.3,2471,94.92,Baixo
MUN_113,Sinop,MT,9,34.28,39.76,70.8,134.83,0.495,12.2,207.6,2603619,110.1,82.3,7282,279.69,Alto
MUN_113,Sinop,MT,10,31.41,33.42,84.16,10.41,0.45,1.73,207.6,2603619,110.1,82.3,6573,252.46,Alto
MUN_113,Sinop,MT,11,28.35,35.76,74.57,81.64,0.617,0.0,207.6,2603619,110.1,82.3,5724,219.86,Medio
MUN_113,Sinop,MT,12,32.0,41.33,79.2,300.0,0.359,16.61,207.6,2603619,110.1,82.3,6966,267.56,Alto
MUN_113,Sinop,MT,13,26.48,36.06,90.29,40.93,0.584,3.21,207.6,2603619,110.1,82.3,5256,201.91,Medio
MUN_113,Sinop,MT,14,34.62,39.31,83.04,111.88,0.606,9.67,207.6,2603619,110.1,82.3,8292,318.51,Alto
MUN_113,Sinop,MT,15,26.39,34.35,91.18,19.54,0.662,5.14,207.6,2603619,110.1,82.3,8546,328.24,Alto
MUN_113,Sinop,MT,16,35.3,43.46,64.53,84.9,0.497,5.53,207.6,2603619,110.1,82.3,6760,259.65,Alto
MUN_113,Sinop,MT,17,31.37,39.98,66.36,8.26,0.578,5.95,207.6,2603619,110.1,82.3,7094,272.47,Alto
MUN_113,Sinop,MT,18,34.72,40.37,69.53,300.0,0.614,13.47,207.6,2603619,110.1,82.3,10561,405.63,Alto
MUN_113,Sinop,MT,19,37.34,42.65,91.92,173.53,0.563,10.24,207.6,2603619,110.1,82.3,7881,302.7,Alto
MUN_113,Sinop,MT,20,25.03,28.75,74.02,85.79,0.444,8.5,207.6,2603619,110.1,82.3,7758,297.97,Alto
MUN_113,Sinop,MT,21,33.49,36.64,77.1,101.98,0.663,4.53,207.6,2603619,110.1,82.3,7833,300.87,Alto
MUN_113,Sinop,MT,22,32.41,37.87,75.58,9.24,0.67,0.0,207.6,2603619,110.1,82.3,4647,178.5,Medio
MUN_113,Sinop,MT,23,27.19,33.68,82.98,109.86,0.274,4.14,207.6,2603619,110.1,82.3,9623,369.62,Alto
MUN_113,Sinop,MT,24,26.96,32.86,79.64,134.43,0.654,8.54,207.6,2603619,110.1,82.3,9073,348.49,Alto
MUN_113,Sinop,MT,25,27.19,35.12,59.0,113.28,0.429,8.23,207.6,2603619,110.1,82.3,5260,202.04,Medio
MUN_113,Sinop,MT,26,20.33,23.7,52.41,27.55,0.325,2.75,207.6,2603619,110.1,82.3,5004,192.2,Medio
MUN_113,Sinop,MT,27,31.24,39.63,59.15,28.28,0.331,0.0,207.6,2603619,110.1,82.3,6063,232.89,Medio
MUN_113,Sinop,MT,28,33.22,42.18,64.24,80.52,0.498,5.63,207.6,2603619,110.1,82.3,5185,199.18,Medio
MUN_113,Sinop,MT,29,21.11,28.71,41.37,18.75,0.437,0.0,207.6,2603619,110.1,82.3,2679,102.9,Baixo
MUN_113,Sinop,MT,30,22.9,26.78,74.09,16.14,0.347,0.25,207.6,2603619,110.1,82.3,1762,67.71,Baixo
MUN_113,Sinop,MT,31,29.85,35.69,54.43,3.7,0.42,0.0,207.6,2603619,110.1,82.3,1667,64.04,Baixo
MUN_113,Sinop,MT,32,25.45,28.0,75.42,19.92,0.12,7.24,207.6,2603619,110.1,82.3,1094,42.03,Baixo
MUN_113,Sinop,MT,33,25.58,33.28,71.65,3.52,0.39,0.0,207.6,2603619,110.1,82.3,1500,57.62,Baixo
MUN_113,Sinop,MT,34,24.85,27.72,55.01,8.91,0.135,1.11,207.6,2603619,110.1,82.3,2720,104.48,Baixo
MUN_113,Sinop,MT,35,20.85,30.16,87.01,7.05,0.435,1.08,207.6,2603619,110.1,82.3,6514,250.21,Alto
MUN_113,Sinop,MT,36,23.22,27.05,67.49,4.41,0.356,5.96,207.6,2603619,110.1,82.3,3790,145.59,Baixo
MUN_113,Sinop,MT,37,26.32,32.93,42.27,6.27,0.356,0.15,207.6,2603619,110.1,82.3,2351,90.33,Baixo
MUN_113,Sinop,MT,38,25.82,33.24,66.09,25.06,0.148,3.05,207.6,2603619,110.1,82.3,2563,98.45,Baixo
MUN_113,Sinop,MT,39,25.38,33.92,64.57,1.1,0.512,2.27,207.6,2603619,110.1,82.3,0,0.0,Baixo
MUN_113,Sinop,MT,40,23.12,30.07,70.07,2.73,0.264,2.69,207.6,2603619,110.1,82.3,739,28.42,Baixo
MUN_113,Sinop,MT,41,19.38,27.26,61.08,21.67,0.405,10.36,207.6,2603619,110.1,82.3,2857,109.75,Baixo
MUN_113,Sinop,MT,42,17.56,27.05,68.8,12.81,0.273,4.16,207.6,2603619,110.1,82.3,3123,119.97,Baixo
MUN_113,Sinop,MT,43,22.21,31.79,18.0,18.16,0.399,1.1,207.6,2603619,110.1,82.3,3489,134.03,Baixo
MUN_113,Sinop,MT,44,28.31,31.73,83.89,16.15,0.119,7.25,207.6,2603619,110.1,82.3,3542,136.05,Baixo
MUN_113,Sinop,MT,45,21.08,23.82,63.19,22.13,0.185,0.42,207.6,2603619,110.1,82.3,3127,120.14,Baixo
MUN_113,Sinop,MT,46,26.5,36.16,69.02,8.38,0.042,4.83,207.6,2603619,110.1,82.3,5419,208.14,Medio
MUN_113,Sinop,MT,47,23.08,28.75,43.3,24.95,0.272,0.0,207.6,2603619,110.1,82.3,5989,230.05,Medio
MUN_113,Sinop,MT,48,21.44,28.83,69.59,16.47,0.134,3.5,207.6,2603619,110.1,82.3,4302,165.25,Medio
MUN_113,Sinop,MT,49,22.97,33.27,49.39,11.7,0.103,3.2,207.6,2603619,110.1,82.3,3024,116.15,Baixo
MUN_113,Sinop,MT,50,18.29,21.63,76.9,24.49,0.232,9.84,207.6,2603619,110.1,82.3,4254,163.41,Medio
MUN_114,Parauapebas,PA,1,28.8,35.43,47.08,6.95,0.271,0.0,58.3,737689,253.0,64.7,1750,237.26,Medio
MUN_114,Parauapebas,PA,2,25.5,34.25,76.35,43.83,0.354,7.62,58.3,737689,253.0,64.7,2184,296.18,Alto
MUN_114,Parauapebas,PA,3,23.54,27.15,55.94,46.94,0.389,5.49,58.3,737689,253.0,64.7,1932,261.94,Alto
MUN_114,Parauapebas,PA,4,26.17,36.53,62.25,32.17,0.432,4.21,58.3,737689,253.0,64.7,1397,189.46,Medio
MUN_114,Parauapebas,PA,5,24.03,32.37,66.75,22.23,0.258,5.59,58.3,737689,253.0,64.7,2092,283.69,Alto
MUN_114,Parauapebas,PA,6,30.63,40.72,45.72,83.69,0.405,13.29,58.3,737689,253.0,64.7,2048,277.66,Alto
MUN_114,Parauapebas,PA,7,26.69,30.13,63.63,3.65,0.455,3.72,58.3,737689,253.0,64.7,1688,228.89,Medio
MUN_114,Parauapebas,PA,8,33.02,39.64,79.95,74.64,0.366,16.85,58.3,737689,253.0,64.7,2255,305.74,Alto
MUN_114,Parauapebas,PA,9,32.48,35.19,72.45,93.45,0.431,2.99,58.3,737689,253.0,64.7,3169,429.6,Alto
MUN_114,Parauapebas,PA,10,24.58,29.07,72.33,96.92,0.54,4.16,58.3,737689,253.0,64.7,1665,225.82,Medio
MUN_114,Parauapebas,PA,11,31.81,34.01,91.58,300.0,0.448,26.49,58.3,737689,253.0,64.7,2292,310.76,Alto
MUN_114,Parauapebas,PA,12,35.67,38.47,58.74,74.53,0.638,12.75,58.3,737689,253.0,64.7,3362,455.75,Alto
MUN_114,Parauapebas,PA,13,35.66,45.37,48.81,39.91,0.419,6.01,58.3,737689,253.0,64.7,2578,349.6,Alto
MUN_114,Parauapebas,PA,14,29.81,38.39,91.32,10.5,0.654,0.0,58.3,737689,253.0,64.7,2591,351.25,Alto
MUN_114,Parauapebas,PA,15,32.47,40.23,97.52,7.3,0.667,4.24,58.3,737689,253.0,64.7,2059,279.25,Alto
MUN_114,Parauapebas,PA,16,31.76,34.7,86.54,1.93,0.377,0.78,58.3,737689,253.0,64.7,1781,241.54,Medio
MUN_114,Parauapebas,PA,17,32.91,37.62,80.01,148.71,0.418,5.77,58.3,737689,253.0,64.7,2369,321.26,Alto
MUN_114,Parauapebas,PA,18,33.3,43.59,64.81,57.47,0.599,1.9,58.3,737689,253.0,64.7,2615,354.51,Alto
MUN_114,Parauapebas,PA,19,34.95,38.14,55.57,300.0,0.316,22.2,58.3,737689,253.0,64.7,2878,390.21,Alto
MUN_114,Parauapebas,PA,20,34.97,38.05,93.75,28.33,0.678,0.0,58.3,737689,253.0,64.7,2216,300.48,Alto
MUN_114,Parauapebas,PA,21,34.13,43.01,71.16,83.74,0.441,0.17,58.3,737689,253.0,64.7,3182,431.47,Alto
MUN_114,Parauapebas,PA,22,31.06,37.67,94.59,8.53,0.769,0.0,58.3,737689,253.0,64.7,1401,189.94,Medio
MUN_114,Parauapebas,PA,23,33.13,40.42,65.3,115.74,0.664,6.09,58.3,737689,253.0,64.7,2606,353.38,Alto
MUN_114,Parauapebas,PA,24,32.69,39.43,60.99,300.0,0.548,11.84,58.3,737689,253.0,64.7,2268,307.53,Alto
MUN_114,Parauapebas,PA,25,31.38,40.27,84.75,29.18,0.44,0.54,58.3,737689,253.0,64.7,1960,265.75,Alto
MUN_114,Parauapebas,PA,26,29.29,34.04,88.77,39.63,0.587,5.09,58.3,737689,253.0,64.7,2731,370.33,Alto
MUN_114,Parauapebas,PA,27,31.26,40.64,81.74,60.15,0.297,6.82,58.3,737689,253.0,64.7,2062,279.61,Alto
MUN_114,Parauapebas,PA,28,28.82,36.55,84.55,11.53,0.468,0.0,58.3,737689,253.0,64.7,2547,345.4,Alto
MUN_114,Parauapebas,PA,29,29.49,35.53,70.97,16.49,0.341,2.48,58.3,737689,253.0,64.7,2056,278.8,Alto
MUN_114,Parauapebas,PA,30,30.8,41.27,73.24,10.23,0.145,1.26,58.3,737689,253.0,64.7,1919,260.26,Alto
MUN_114,Parauapebas,PA,31,25.35,29.25,73.93,1.71,0.242,6.46,58.3,737689,253.0,64.7,2048,277.65,Alto
MUN_114,Parauapebas,PA,32,24.46,33.6,49.5,16.12,0.349,0.0,58.3,737689,253.0,64.7,1678,227.48,Medio
MUN_114,Parauapebas,PA,33,24.1,34.01,62.03,0.19,0.364,3.03,58.3,737689,253.0,64.7,1440,195.26,Medio
MUN_114,Parauapebas,PA,34,24.98,30.92,52.63,1.58,0.322,1.16,58.3,737689,253.0,64.7,1206,163.5,Medio
MUN_114,Parauapebas,PA,35,27.14,29.61,33.39,8.32,0.23,2.52,58.3,737689,253.0,64.7,1205,163.48,Medio
MUN_114,Parauapebas,PA,36,23.39,29.84,67.15,28.83,0.305,0.63,58.3,737689,253.0,64.7,682,92.55,Baixo
MUN_114,Parauapebas,PA,37,26.51,33.2,49.51,6.78,0.486,0.0,58.3,737689,253.0,64.7,1432,194.17,Medio
MUN_114,Parauapebas,PA,38,25.16,34.4,48.36,8.0,0.061,0.0,58.3,737689,253.0,64.7,1277,173.22,Medio
MUN_114,Parauapebas,PA,39,21.35,29.4,77.51,3.49,0.038,0.0,58.3,737689,253.0,64.7,996,135.12,Baixo
MUN_114,Parauapebas,PA,40,24.46,28.71,65.5,29.27,0.194,0.0,58.3,737689,253.0,64.7,1268,171.95,Medio
MUN_114,Parauapebas,PA,41,24.67,32.52,45.12,5.82,0.107,0.0,58.3,737689,253.0,64.7,838,113.7,Baixo
MUN_114,Parauapebas,PA,42,25.59,33.08,54.05,1.15,0.271,0.0,58.3,737689,253.0,64.7,264,35.92,Baixo
MUN_114,Parauapebas,PA,43,19.52,24.83,71.64,10.35,0.233,3.13,58.3,737689,253.0,64.7,991,134.45,Baixo
MUN_114,Parauapebas,PA,44,19.96,27.11,55.82,5.59,0.41,4.52,58.3,737689,253.0,64.7,1225,166.08,Medio
MUN_114,Parauapebas,PA,45,25.22,31.55,85.64,50.82,0.043,5.51,58.3,737689,253.0,64.7,616,83.58,Baixo
MUN_114,Parauapebas,PA,46,30.47,40.73,73.47,19.67,0.364,0.0,58.3,737689,253.0,64.7,1334,180.86,Medio
MUN_114,Parauapebas,PA,47,25.45,34.02,69.12,42.33,0.323,3.5,58.3,737689,253.0,64.7,1864,252.77,Alto
MUN_114,Parauapebas,PA,48,27.01,32.52,54.55,16.68,0.094,0.0,58.3,737689,253.0,64.7,767,104.02,Baixo
MUN_114,Parauapebas,PA,49,22.98,31.7,57.85,0.46,0.19,3.32,58.3,737689,253.0,64.7,352,47.83,Baixo
MUN_114,Parauapebas,PA,50,19.69,22.18,55.86,45.62,0.274,0.0,58.3,737689,253.0,64.7,890,120.76,Baixo
MUN_115,Passo Fundo,RS,1,20.31,27.18,53.03,14.07,0.257,0.0,73.9,680199,20.6,34.5,729,107.28,Baixo
MUN_115,Passo Fundo,RS,2,19.89,23.72,62.86,16.49,0.372,3.96,73.9,680199,20.6,34.5,1341,197.25,Medio
MUN_115,Passo Fundo,RS,3,26.29,31.78,66.32,11.63,0.159,0.0,73.9,680199,20.6,34.5,1415,208.04,Medio
MUN_115,Passo Fundo,RS,4,23.98,27.03,54.32,63.96,0.143,2.42,73.9,680199,20.6,34.5,1722,253.26,Alto
MUN_115,Passo Fundo,RS,5,18.5,26.79,59.88,7.23,0.263,1.33,73.9,680199,20.6,34.5,956,140.66,Baixo
MUN_115,Passo Fundo,RS,6,25.91,32.19,41.22,22.36,0.358,0.0,73.9,680199,20.6,34.5,710,104.47,Baixo
MUN_115,Passo Fundo,RS,7,25.62,28.02,71.04,7.04,0.521,1.27,73.9,680199,20.6,34.5,1364,200.65,Medio
MUN_115,Passo Fundo,RS,8,26.29,32.92,94.28,41.24,0.424,8.66,73.9,680199,20.6,34.5,1882,276.78,Alto
MUN_115,Passo Fundo,RS,9,27.34,32.4,77.71,39.92,0.402,3.13,73.9,680199,20.6,34.5,945,138.97,Baixo
MUN_115,Passo Fundo,RS,10,26.8,36.1,70.78,42.66,0.54,1.35,73.9,680199,20.6,34.5,2297,337.73,Alto
MUN_115,Passo Fundo,RS,11,27.77,34.63,68.59,53.58,0.329,7.96,73.9,680199,20.6,34.5,1789,263.14,Alto
MUN_115,Passo Fundo,RS,12,24.05,32.24,66.58,26.85,0.3,8.86,73.9,680199,20.6,34.5,1410,207.4,Medio
MUN_115,Passo Fundo,RS,13,27.84,34.25,74.5,51.45,0.542,0.0,73.9,680199,20.6,34.5,1324,194.74,Medio
MUN_115,Passo Fundo,RS,14,23.85,34.12,65.38,95.08,0.718,8.2,73.9,680199,20.6,34.5,2789,410.16,Alto
MUN_115,Passo Fundo,RS,15,27.49,30.36,84.73,22.27,0.771,0.76,73.9,680199,20.6,34.5,1387,203.96,Medio
MUN_115,Passo Fundo,RS,16,16.04,22.43,77.88,3.93,0.696,0.0,73.9,680199,20.6,34.5,818,120.27,Baixo
MUN_115,Passo Fundo,RS,17,29.17,34.4,75.37,85.26,0.441,9.2,73.9,680199,20.6,34.5,2017,296.61,Alto
MUN_115,Passo Fundo,RS,18,22.87,32.07,53.02,34.57,0.624,0.3,73.9,680199,20.6,34.5,2129,313.07,Alto
MUN_115,Passo Fundo,RS,19,31.23,36.73,89.85,69.61,0.377,0.0,73.9,680199,20.6,34.5,2400,352.85,Alto
MUN_115,Passo Fundo,RS,20,27.92,33.87,63.19,125.01,0.687,0.0,73.9,680199,20.6,34.5,2538,373.27,Alto
MUN_115,Passo Fundo,RS,21,27.04,34.17,74.26,101.81,0.405,7.67,73.9,680199,20.6,34.5,3035,446.22,Alto
MUN_115,Passo Fundo,RS,22,26.83,34.22,92.62,60.0,0.503,6.46,73.9,680199,20.6,34.5,2893,425.36,Alto
MUN_115,Passo Fundo,RS,23,24.03,27.92,79.0,131.38,0.686,13.27,73.9,680199,20.6,34.5,2234,328.45,Alto
MUN_115,Passo Fundo,RS,24,26.56,28.76,85.82,10.07,0.615,0.0,73.9,680199,20.6,34.5,2124,312.37,Alto
MUN_115,Passo Fundo,RS,25,14.46,19.1,72.44,46.14,0.495,12.96,73.9,680199,20.6,34.5,1586,233.24,Medio
MUN_115,Passo Fundo,RS,26,23.38,25.66,87.58,123.01,0.624,13.98,73.9,680199,20.6,34.5,2933,431.26,Alto
MUN_115,Passo Fundo,RS,27,26.71,33.6,78.7,16.91,0.271,2.41,73.9,680199,20.6,34.5,2701,397.22,Alto
MUN_115,Passo Fundo,RS,28,16.68,22.2,43.3,17.59,0.285,4.96,73.9,680199,20.6,34.5,548,80.7,Baixo
MUN_115,Passo Fundo,RS,29,19.58,26.56,64.12,1.91,0.251,0.0,73.9,680199,20.6,34.5,1077,158.41,Medio
MUN_115,Passo Fundo,RS,30,18.28,21.6,65.58,2.43,0.18,1.68,73.9,680199,20.6,34.5,2098,308.44,Alto
MUN_115,Passo Fundo,RS,31,24.11,31.56,62.56,32.82,0.131,0.97,73.9,680199,20.6,34.5,1353,198.92,Medio
MUN_115,Passo Fundo,RS,32,14.15,16.6,46.78,9.03,0.301,6.21,73.9,680199,20.6,34.5,695,102.3,Baixo
MUN_115,Passo Fundo,RS,33,15.54,25.78,69.72,26.28,0.244,1.56,73.9,680199,20.6,34.5,189,27.9,Baixo
MUN_115,Passo Fundo,RS,34,20.86,24.84,49.74,12.37,0.305,1.89,73.9,680199,20.6,34.5,800,117.71,Baixo
MUN_115,Passo Fundo,RS,35,20.91,24.11,72.17,3.58,0.427,0.0,73.9,680199,20.6,34.5,348,51.26,Baixo
MUN_115,Passo Fundo,RS,36,22.86,28.04,81.48,12.86,0.085,7.35,73.9,680199,20.6,34.5,1615,237.48,Medio
MUN_115,Passo Fundo,RS,37,15.52,22.6,43.71,2.84,0.237,2.67,73.9,680199,20.6,34.5,783,115.14,Baixo
MUN_115,Passo Fundo,RS,38,19.17,27.78,61.75,0.6,0.371,0.0,73.9,680199,20.6,34.5,816,120.06,Baixo
MUN_115,Passo Fundo,RS,39,24.13,29.11,73.34,10.43,0.489,11.96,73.9,680199,20.6,34.5,1527,224.62,Medio
MUN_115,Passo Fundo,RS,40,18.31,24.26,42.57,3.79,0.367,3.12,73.9,680199,20.6,34.5,1244,182.93,Medio
MUN_115,Passo Fundo,RS,41,19.44,25.75,40.99,14.64,0.3,5.81,73.9,680199,20.6,34.5,981,144.34,Baixo
MUN_115,Passo Fundo,RS,42,20.54,30.91,56.77,0.09,0.045,0.1,73.9,680199,20.6,34.5,1264,185.91,Medio
MUN_115,Passo Fundo,RS,43,12.61,22.81,67.16,9.9,0.407,0.64,73.9,680199,20.6,34.5,1458,214.44,Medio
MUN_115,Passo Fundo,RS,44,18.59,26.08,54.06,20.15,0.362,0.0,73.9,680199,20.6,34.5,864,127.16,Baixo
MUN_115,Passo Fundo,RS,45,21.45,28.05,66.88,0.3,0.309,0.0,73.9,680199,20.6,34.5,1076,158.25,Medio
MUN_115,Passo Fundo,RS,46,16.7,20.0,80.74,1.86,0.36,0.0,73.9,680199,20.6,34.5,1472,216.45,Medio
MUN_115,Passo Fundo,RS,47,14.85,24.1,73.92,5.91,0.375,1.34,73.9,680199,20.6,34.5,980,144.15,Baixo
MUN_115,Passo Fundo,RS,48,23.94,33.02,74.33,0.82,0.344,0.66,73.9,680199,20.6,34.5,655,96.4,Baixo
MUN_115,Passo Fundo,RS,49,19.67,23.62,76.98,6.21,0.51,0.0,73.9,680199,20.6,34.5,1204,177.01,Medio
MUN_115,Passo Fundo,RS,50,17.23,24.85,47.67,11.4,0.413,6.53,73.9,680199,20.6,34.5,1171,172.28,Medio
MUN_116,Várzea Grande,MT,1,26.18,35.19,56.63,1.39,0.352,1.14,218.8,2385242,48.0,72.3,836,35.06,Baixo
MUN_116,Várzea Grande,MT,2,30.66,33.95,40.96,9.8,0.24,5.17,218.8,2385242,48.0,72.3,0,0.0,Baixo
MUN_116,Várzea Grande,MT,3,25.61,31.56,72.11,11.2,0.248,0.0,218.8,2385242,48.0,72.3,0,0.0,Baixo
MUN_116,Várzea Grande,MT,4,23.35,26.08,68.16,0.21,0.282,0.0,218.8,2385242,48.0,72.3,493,20.67,Baixo
MUN_116,Várzea Grande,MT,5,26.04,34.04,66.21,1.8,0.095,0.0,218.8,2385242,48.0,72.3,0,0.0,Baixo
MUN_116,Várzea Grande,MT,6,25.55,32.85,65.93,159.21,0.184,13.11,218.8,2385242,48.0,72.3,4447,186.45,Medio
MUN_116,Várzea Grande,MT,7,25.44,32.26,58.03,19.83,0.231,0.02,218.8,2385242,48.0,72.3,2564,107.51,Baixo
MUN_116,Várzea Grande,MT,8,29.96,32.83,69.73,59.94,0.253,0.0,218.8,2385242,48.0,72.3,1208,50.65,Baixo
MUN_116,Várzea Grande,MT,9,23.04,30.26,83.1,55.97,0.644,4.66,218.8,2385242,48.0,72.3,3300,138.36,Baixo
MUN_116,Várzea Grande,MT,10,25.04,27.67,77.4,1.49,0.575,0.0,218.8,2385242,48.0,72.3,284,11.93,Baixo
MUN_116,Várzea Grande,MT,11,35.19,40.44,91.32,78.36,0.445,5.51,218.8,2385242,48.0,72.3,7331,307.36,Alto
MUN_116,Várzea Grande,MT,12,32.84,34.9,64.99,39.73,0.575,6.52,218.8,2385242,48.0,72.3,7604,318.8,Alto
MUN_116,Várzea Grande,MT,13,32.97,43.26,86.18,9.03,0.608,0.0,218.8,2385242,48.0,72.3,4176,175.1,Medio
MUN_116,Várzea Grande,MT,14,37.2,40.07,92.57,125.14,0.495,0.53,218.8,2385242,48.0,72.3,6009,251.93,Alto
MUN_116,Várzea Grande,MT,15,32.92,36.65,61.22,72.89,0.736,0.31,218.8,2385242,48.0,72.3,4884,204.8,Medio
MUN_116,Várzea Grande,MT,16,29.64,33.6,97.82,159.07,0.601,16.29,218.8,2385242,48.0,72.3,8840,370.64,Alto
MUN_116,Várzea Grande,MT,17,37.14,41.78,100.0,4.97,0.664,2.61,218.8,2385242,48.0,72.3,5586,234.21,Medio
MUN_116,Várzea Grande,MT,18,33.05,37.33,81.52,300.0,0.747,22.87,218.8,2385242,48.0,72.3,7890,330.81,Alto
MUN_116,Várzea Grande,MT,19,29.65,39.02,92.0,34.33,0.491,11.43,218.8,2385242,48.0,72.3,8271,346.79,Alto
MUN_116,Várzea Grande,MT,20,33.38,38.2,85.17,138.55,0.585,9.78,218.8,2385242,48.0,72.3,7840,328.72,Alto
MUN_116,Várzea Grande,MT,21,33.34,39.1,70.23,132.51,0.365,3.94,218.8,2385242,48.0,72.3,7750,324.94,Alto
MUN_116,Várzea Grande,MT,22,35.65,42.38,94.52,300.0,0.463,10.23,218.8,2385242,48.0,72.3,8605,360.79,Alto
MUN_116,Várzea Grande,MT,23,33.61,38.81,68.47,26.31,0.273,4.59,218.8,2385242,48.0,72.3,5742,240.75,Medio
MUN_116,Várzea Grande,MT,24,26.42,34.4,66.23,40.45,0.483,7.05,218.8,2385242,48.0,72.3,3207,134.48,Baixo
MUN_116,Várzea Grande,MT,25,26.02,30.97,79.23,4.33,0.424,8.96,218.8,2385242,48.0,72.3,5226,219.13,Medio
MUN_116,Várzea Grande,MT,26,29.13,36.72,70.59,3.64,0.335,1.38,218.8,2385242,48.0,72.3,6404,268.5,Alto
MUN_116,Várzea Grande,MT,27,33.59,37.14,67.09,0.09,0.386,0.0,218.8,2385242,48.0,72.3,6067,254.38,Alto
MUN_116,Várzea Grande,MT,28,28.04,34.94,56.92,1.53,0.229,2.92,218.8,2385242,48.0,72.3,2555,107.14,Baixo
MUN_116,Várzea Grande,MT,29,23.02,29.69,77.26,23.7,0.316,0.0,218.8,2385242,48.0,72.3,0,0.0,Baixo
MUN_116,Várzea Grande,MT,30,24.58,29.89,69.47,49.97,0.22,0.0,218.8,2385242,48.0,72.3,2985,125.17,Baixo
MUN_116,Várzea Grande,MT,31,22.28,29.65,44.09,0.29,0.342,0.0,218.8,2385242,48.0,72.3,1214,50.93,Baixo
MUN_116,Várzea Grande,MT,32,19.08,24.55,86.08,16.73,0.445,3.95,218.8,2385242,48.0,72.3,3862,161.94,Medio
MUN_116,Várzea Grande,MT,33,20.98,29.81,65.39,5.49,0.13,2.21,218.8,2385242,48.0,72.3,2057,86.27,Baixo
MUN_116,Várzea Grande,MT,34,16.19,26.05,78.52,21.66,0.33,6.55,218.8,2385242,48.0,72.3,2826,118.48,Baixo
MUN_116,Várzea Grande,MT,35,20.86,30.47,66.92,5.93,0.351,0.0,218.8,2385242,48.0,72.3,3172,133.02,Baixo
MUN_116,Várzea Grande,MT,36,22.36,25.18,64.06,18.1,0.355,1.23,218.8,2385242,48.0,72.3,3056,128.13,Baixo
MUN_116,Várzea Grande,MT,37,24.93,27.82,49.72,8.29,0.588,15.0,218.8,2385242,48.0,72.3,2637,110.59,Baixo
MUN_116,Várzea Grande,MT,38,18.69,24.07,75.37,3.09,0.364,5.23,218.8,2385242,48.0,72.3,4204,176.27,Medio
MUN_116,Várzea Grande,MT,39,28.76,38.73,67.17,1.04,0.371,0.0,218.8,2385242,48.0,72.3,4757,199.44,Medio
MUN_116,Várzea Grande,MT,40,24.59,27.56,54.55,18.75,0.297,2.73,218.8,2385242,48.0,72.3,3114,130.57,Baixo
MUN_116,Várzea Grande,MT,41,26.13,34.32,43.02,35.99,0.401,5.69,218.8,2385242,48.0,72.3,4817,201.96,Medio
MUN_116,Várzea Grande,MT,42,22.07,24.46,74.32,3.12,0.213,0.0,218.8,2385242,48.0,72.3,1864,78.18,Baixo
MUN_116,Várzea Grande,MT,43,26.21,30.43,58.77,78.42,0.272,2.45,218.8,2385242,48.0,72.3,4185,175.49,Medio
MUN_116,Várzea Grande,MT,44,29.94,34.26,66.35,4.58,0.447,6.14,218.8,2385242,48.0,72.3,1255,52.65,Baixo
MUN_116,Várzea Grande,MT,45,31.2,38.45,67.6,4.95,0.424,0.0,218.8,2385242,48.0,72.3,1295,54.32,Baixo
MUN_116,Várzea Grande,MT,46,31.06,40.96,52.88,1.75,0.446,2.07,218.8,2385242,48.0,72.3,3788,158.81,Medio
MUN_116,Várzea Grande,MT,47,29.18,32.72,61.0,8.55,0.435,2.9,218.8,2385242,48.0,72.3,5048,211.65,Medio
MUN_116,Várzea Grande,MT,48,24.77,30.81,88.49,13.72,0.186,2.32,218.8,2385242,48.0,72.3,3432,143.92,Baixo
MUN_116,Várzea Grande,MT,49,28.56,33.7,55.53,5.72,0.385,0.0,218.8,2385242,48.0,72.3,4481,187.9,Medio
MUN_116,Várzea Grande,MT,50,28.21,38.56,65.45,1.17,0.282,0.0,218.8,2385242,48.0,72.3,5923,248.34,Alto
MUN_117,Colombo,PR,1,15.72,21.27,43.38,3.32,0.167,6.54,916.1,2299464,287.5,99.0,0,0.0,Baixo
MUN_117,Colombo,PR,2,10.0,14.0,83.12,3.58,0.367,5.21,916.1,2299464,287.5,99.0,1265,55.04,Baixo
MUN_117,Colombo,PR,3,15.64,19.4,59.78,1.38,0.408,0.86,916.1,2299464,287.5,99.0,1206,52.45,Baixo
MUN_117,Colombo,PR,4,21.07,28.32,62.31,6.37,0.453,4.68,916.1,2299464,287.5,99.0,3380,147.01,Baixo
MUN_117,Colombo,PR,5,17.88,22.6,63.67,6.81,0.398,1.29,916.1,2299464,287.5,99.0,1087,47.3,Baixo
MUN_117,Colombo,PR,6,10.51,14.0,52.41,19.63,0.352,1.04,916.1,2299464,287.5,99.0,1128,49.07,Baixo
MUN_117,Colombo,PR,7,21.33,24.86,55.89,79.01,0.487,6.57,916.1,2299464,287.5,99.0,5057,219.96,Medio
MUN_117,Colombo,PR,8,21.03,25.01,63.31,7.29,0.466,4.04,916.1,2299464,287.5,99.0,1738,75.62,Baixo
MUN_117,Colombo,PR,9,29.94,35.95,69.24,85.83,0.574,5.7,916.1,2299464,287.5,99.0,4336,188.57,Medio
MUN_117,Colombo,PR,10,27.1,35.02,57.58,26.28,0.353,0.0,916.1,2299464,287.5,99.0,4495,195.51,Medio
MUN_117,Colombo,PR,11,18.54,23.81,78.08,102.79,0.555,0.99,916.1,2299464,287.5,99.0,5978,259.99,Alto
MUN_117,Colombo,PR,12,24.27,28.1,100.0,124.61,0.429,4.86,916.1,2299464,287.5,99.0,5115,222.47,Medio
MUN_117,Colombo,PR,13,13.96,20.38,94.31,39.67,0.374,4.27,916.1,2299464,287.5,99.0,4569,198.73,Medio
MUN_117,Colombo,PR,14,22.87,31.17,87.04,28.96,0.571,4.97,916.1,2299464,287.5,99.0,2473,107.56,Baixo
MUN_117,Colombo,PR,15,27.19,36.56,77.93,18.82,0.553,4.52,916.1,2299464,287.5,99.0,575,25.02,Baixo
MUN_117,Colombo,PR,16,24.48,32.63,63.47,34.74,0.335,0.0,916.1,2299464,287.5,99.0,972,42.3,Baixo
MUN_117,Colombo,PR,17,21.94,26.83,94.86,34.61,0.604,5.76,916.1,2299464,287.5,99.0,2113,91.9,Baixo
MUN_117,Colombo,PR,18,29.4,31.68,78.83,33.26,0.352,2.55,916.1,2299464,287.5,99.0,2528,109.95,Baixo
MUN_117,Colombo,PR,19,25.47,31.07,63.35,85.55,0.492,0.0,916.1,2299464,287.5,99.0,3304,143.71,Baixo
MUN_117,Colombo,PR,20,23.96,26.55,79.85,76.33,0.474,7.8,916.1,2299464,287.5,99.0,4947,215.15,Medio
MUN_117,Colombo,PR,21,21.94,30.2,94.36,60.73,0.58,0.0,916.1,2299464,287.5,99.0,7283,316.73,Alto
MUN_117,Colombo,PR,22,19.7,29.3,81.34,16.76,0.404,8.0,916.1,2299464,287.5,99.0,3307,143.84,Baixo
MUN_117,Colombo,PR,23,19.51,29.21,82.55,144.74,0.526,14.89,916.1,2299464,287.5,99.0,3770,163.99,Medio
MUN_117,Colombo,PR,24,21.28,30.66,53.56,1.07,0.608,3.11,916.1,2299464,287.5,99.0,226,9.87,Baixo
MUN_117,Colombo,PR,25,24.59,32.16,57.39,156.13,0.47,14.95,916.1,2299464,287.5,99.0,3212,139.69,Baixo
MUN_117,Colombo,PR,26,20.35,30.3,80.16,7.92,0.467,2.96,916.1,2299464,287.5,99.0,1044,45.41,Baixo
MUN_117,Colombo,PR,27,18.92,22.92,58.02,24.5,0.664,0.0,916.1,2299464,287.5,99.0,2043,88.87,Baixo
MUN_117,Colombo,PR,28,16.15,20.88,62.3,5.24,0.344,8.71,916.1,2299464,287.5,99.0,785,34.18,Baixo
MUN_117,Colombo,PR,29,13.47,21.7,40.05,63.31,0.379,4.39,916.1,2299464,287.5,99.0,926,40.28,Baixo
MUN_117,Colombo,PR,30,25.0,29.14,71.84,36.37,0.367,0.0,916.1,2299464,287.5,99.0,209,9.13,Baixo
MUN_117,Colombo,PR,31,16.32,24.96,45.22,5.48,0.383,3.17,916.1,2299464,287.5,99.0,0,0.0,Baixo
MUN_117,Colombo,PR,32,19.67,29.38,41.66,21.09,0.331,0.0,916.1,2299464,287.5,99.0,1657,72.07,Baixo
MUN_117,Colombo,PR,33,15.65,23.44,73.86,4.87,0.299,1.24,916.1,2299464,287.5,99.0,985,42.86,Baixo
MUN_117,Colombo,PR,34,12.31,15.52,92.41,0.12,0.306,4.01,916.1,2299464,287.5,99.0,0,0.0,Baixo
MUN_117,Colombo,PR,35,20.72,24.93,53.35,7.85,0.399,0.0,916.1,2299464,287.5,99.0,0,0.0,Baixo
MUN_117,Colombo,PR,36,17.23,24.76,98.95,20.51,0.291,6.57,916.1,2299464,287.5,99.0,2351,102.27,Baixo
MUN_117,Colombo,PR,37,12.53,16.69,65.38,18.33,0.307,0.0,916.1,2299464,287.5,99.0,75,3.3,Baixo
MUN_117,Colombo,PR,38,17.93,27.23,66.72,1.81,0.363,2.22,916.1,2299464,287.5,99.0,456,19.85,Baixo
MUN_117,Colombo,PR,39,19.21,27.69,72.48,5.69,0.416,0.0,916.1,2299464,287.5,99.0,2494,108.47,Baixo
MUN_117,Colombo,PR,40,11.84,14.33,68.62,8.31,0.352,9.28,916.1,2299464,287.5,99.0,1419,61.74,Baixo
MUN_117,Colombo,PR,41,14.02,22.3,62.39,3.29,0.202,0.0,916.1,2299464,287.5,99.0,1167,50.79,Baixo
MUN_117,Colombo,PR,42,19.4,28.08,47.79,0.24,0.271,3.53,916.1,2299464,287.5,99.0,615,26.77,Baixo
MUN_117,Colombo,PR,43,16.84,19.02,80.23,5.99,0.331,10.27,916.1,2299464,287.5,99.0,2022,87.96,Baixo
MUN_117,Colombo,PR,44,10.0,17.36,62.72,5.8,0.222,0.0,916.1,2299464,287.5,99.0,4102,178.4,Medio
MUN_117,Colombo,PR,45,12.73,22.32,75.1,0.23,0.325,0.0,916.1,2299464,287.5,99.0,461,20.06,Baixo
MUN_117,Colombo,PR,46,21.59,28.33,79.16,78.11,0.394,2.32,916.1,2299464,287.5,99.0,2640,114.82,Baixo
MUN_117,Colombo,PR,47,17.16,24.02,78.2,7.01,0.346,2.31,916.1,2299464,287.5,99.0,1599,69.55,Baixo
MUN_117,Colombo,PR,48,15.19,19.02,48.92,50.24,0.434,0.0,916.1,2299464,287.5,99.0,1458,63.43,Baixo
MUN_117,Colombo,PR,49,15.01,22.62,76.26,9.0,0.306,1.71,916.1,2299464,287.5,99.0,709,30.84,Baixo
MUN_117,Colombo,PR,50,17.36,21.45,51.96,0.15,0.257,0.58,916.1,2299464,287.5,99.0,1401,60.95,Baixo
MUN_118,Americana,SP,1,16.34,22.94,76.75,3.29,0.199,3.72,765.1,958818,20.0,54.4,184,19.23,Baixo
MUN_118,Americana,SP,2,16.7,21.17,36.57,4.65,0.542,0.73,765.1,958818,20.0,54.4,109,11.45,Baixo
MUN_118,Americana,SP,3,20.02,23.71,78.74,4.16,0.268,0.0,765.1,958818,20.0,54.4,738,76.97,Baixo
MUN_118,Americana,SP,4,16.45,23.9,70.74,4.61,0.24,3.16,765.1,958818,20.0,54.4,955,99.65,Baixo
MUN_118,Americana,SP,5,19.3,27.83,75.05,11.99,0.215,0.0,765.1,958818,20.0,54.4,491,51.23,Baixo
MUN_118,Americana,SP,6,19.34,24.29,62.5,71.84,0.289,5.55,765.1,958818,20.0,54.4,2187,228.14,Medio
MUN_118,Americana,SP,7,19.17,27.54,79.97,72.14,0.471,10.59,765.1,958818,20.0,54.4,2772,289.21,Alto
MUN_118,Americana,SP,8,24.65,30.57,67.88,49.07,0.475,11.89,765.1,958818,20.0,54.4,1835,191.46,Medio
MUN_118,Americana,SP,9,24.01,30.24,69.44,58.02,0.657,0.84,765.1,958818,20.0,54.4,1804,188.16,Medio
MUN_118,Americana,SP,10,23.81,32.17,62.47,81.53,0.477,0.0,765.1,958818,20.0,54.4,1709,178.32,Medio
MUN_118,Americana,SP,11,20.38,30.86,76.12,94.14,0.744,13.07,765.1,958818,20.0,54.4,1983,206.89,Medio
MUN_118,Americana,SP,12,23.72,27.25,57.65,110.79,0.611,0.0,765.1,958818,20.0,54.4,1842,192.18,Medio
MUN_118,Americana,SP,13,22.59,32.17,79.17,39.5,0.501,11.21,765.1,958818,20.0,54.4,1917,199.94,Medio
MUN_118,Americana,SP,14,29.33,37.7,78.57,9.96,0.667,0.0,765.1,958818,20.0,54.4,2152,224.46,Medio
MUN_118,Americana,SP,15,29.72,37.18,84.95,9.43,0.42,0.0,765.1,958818,20.0,54.4,1987,207.27,Medio
MUN_118,Americana,SP,16,29.8,40.28,83.0,38.95,0.674,10.26,765.1,958818,20.0,54.4,3345,348.91,Alto
MUN_118,Americana,SP,17,27.09,33.74,74.15,11.56,0.607,0.0,765.1,958818,20.0,54.4,1235,128.83,Baixo
MUN_118,Americana,SP,18,25.15,28.41,42.38,49.76,0.587,8.69,765.1,958818,20.0,54.4,2606,271.88,Alto
MUN_118,Americana,SP,19,23.16,30.67,67.56,29.24,0.486,7.1,765.1,958818,20.0,54.4,1548,161.53,Medio
MUN_118,Americana,SP,20,24.25,28.79,87.53,32.88,0.621,10.08,765.1,958818,20.0,54.4,1203,125.55,Baixo
MUN_118,Americana,SP,21,22.3,32.35,90.1,267.36,0.463,19.54,765.1,958818,20.0,54.4,2444,254.94,Alto
MUN_118,Americana,SP,22,22.8,30.18,81.81,2.42,0.655,10.73,765.1,958818,20.0,54.4,1106,115.37,Baixo
MUN_118,Americana,SP,23,22.02,29.78,77.68,92.14,0.54,12.28,765.1,958818,20.0,54.4,1777,185.4,Medio
MUN_118,Americana,SP,24,22.35,25.59,77.07,174.14,0.523,20.28,765.1,958818,20.0,54.4,2565,267.54,Alto
MUN_118,Americana,SP,25,19.58,27.51,79.47,69.57,0.338,6.79,765.1,958818,20.0,54.4,2215,231.05,Medio
MUN_118,Americana,SP,26,19.67,21.8,53.54,9.16,0.474,5.67,765.1,958818,20.0,54.4,1968,205.27,Medio
MUN_118,Americana,SP,27,17.53,23.02,57.66,1.7,0.614,3.93,765.1,958818,20.0,54.4,431,45.02,Baixo
MUN_118,Americana,SP,28,21.16,30.18,54.45,1.95,0.17,0.0,765.1,958818,20.0,54.4,0,0.0,Baixo
MUN_118,Americana,SP,29,23.61,25.74,68.02,1.92,0.434,2.83,765.1,958818,20.0,54.4,313,32.73,Baixo
MUN_118,Americana,SP,30,23.96,30.62,50.21,2.73,0.1,0.0,765.1,958818,20.0,54.4,0,0.0,Baixo
MUN_118,Americana,SP,31,11.79,20.91,60.55,3.94,0.387,0.0,765.1,958818,20.0,54.4,0,0.0,Baixo
MUN_118,Americana,SP,32,20.07,25.34,62.08,9.36,0.568,0.01,765.1,958818,20.0,54.4,740,77.22,Baixo
MUN_118,Americana,SP,33,25.04,34.83,39.87,4.26,0.313,2.29,765.1,958818,20.0,54.4,441,46.01,Baixo
MUN_118,Americana,SP,34,22.97,30.36,38.25,2.0,0.364,1.56,765.1,958818,20.0,54.4,2029,211.69,Medio
MUN_118,Americana,SP,35,11.73,18.75,43.28,20.32,0.252,0.0,765.1,958818,20.0,54.4,2480,258.72,Alto
MUN_118,Americana,SP,36,25.3,31.28,63.43,9.26,0.245,8.09,765.1,958818,20.0,54.4,1409,147.01,Baixo
MUN_118,Americana,SP,37,20.95,24.77,74.36,11.83,0.266,3.07,765.1,958818,20.0,54.4,522,54.46,Baixo
MUN_118,Americana,SP,38,16.56,21.59,73.47,1.55,0.299,1.77,765.1,958818,20.0,54.4,983,102.53,Baixo
MUN_118,Americana,SP,39,19.78,21.95,65.44,44.91,0.387,5.91,765.1,958818,20.0,54.4,1944,202.78,Medio
MUN_118,Americana,SP,40,13.09,22.29,62.81,37.95,0.256,0.05,765.1,958818,20.0,54.4,1513,157.82,Medio
MUN_118,Americana,SP,41,24.22,26.83,55.59,5.54,0.215,0.82,765.1,958818,20.0,54.4,424,44.23,Baixo
MUN_118,Americana,SP,42,16.63,20.29,52.99,2.98,0.03,3.57,765.1,958818,20.0,54.4,426,44.44,Baixo
MUN_118,Americana,SP,43,11.75,17.28,56.54,13.82,0.478,6.54,765.1,958818,20.0,54.4,1474,153.75,Baixo
MUN_118,Americana,SP,44,18.4,24.19,49.03,0.53,0.279,0.0,765.1,958818,20.0,54.4,252,26.38,Baixo
MUN_118,Americana,SP,45,14.75,25.21,52.73,0.4,0.463,3.84,765.1,958818,20.0,54.4,239,24.98,Baixo
MUN_118,Americana,SP,46,13.57,16.7,24.77,7.29,0.292,0.0,765.1,958818,20.0,54.4,430,44.88,Baixo
MUN_118,Americana,SP,47,25.79,27.83,63.59,58.04,0.298,5.7,765.1,958818,20.0,54.4,1545,161.19,Medio
MUN_118,Americana,SP,48,17.58,23.58,75.14,4.74,0.413,6.3,765.1,958818,20.0,54.4,32,3.35,Baixo
MUN_118,Americana,SP,49,19.78,26.72,51.99,3.85,0.254,1.43,765.1,958818,20.0,54.4,334,34.88,Baixo
MUN_118,Americana,SP,50,18.25,22.02,64.49,5.7,0.359,6.72,765.1,958818,20.0,54.4,301,31.47,Baixo
MUN_119,Cachoeiro de Itapemirim,ES,1,30.54,34.12,41.57,4.08,0.23,8.96,65.6,2257712,106.7,80.7,489,21.7,Baixo
MUN_119,Cachoeiro de Itapemirim,ES,2,23.69,25.72,57.31,5.83,0.296,4.43,65.6,2257712,106.7,80.7,3317,146.95,Baixo
MUN_119,Cachoeiro de Itapemirim,ES,3,27.56,34.13,61.59,5.86,0.479,0.0,65.6,2257712,106.7,80.7,2893,128.15,Baixo
MUN_119,Cachoeiro de Itapemirim,ES,4,24.21,34.08,79.21,9.47,0.341,7.25,65.6,2257712,106.7,80.7,4796,212.45,Medio
MUN_119,Cachoeiro de Itapemirim,ES,5,23.44,32.8,60.75,16.71,0.369,0.73,65.6,2257712,106.7,80.7,4271,189.2,Medio
MUN_119,Cachoeiro de Itapemirim,ES,6,35.15,44.7,79.36,106.99,0.219,2.32,65.6,2257712,106.7,80.7,7476,331.17,Alto
MUN_119,Cachoeiro de Itapemirim,ES,7,27.37,31.71,58.08,4.17,0.362,5.33,65.6,2257712,106.7,80.7,4452,197.22,Medio
MUN_119,Cachoeiro de Itapemirim,ES,8,30.17,33.81,72.07,223.04,0.496,12.81,65.6,2257712,106.7,80.7,8521,377.45,Alto
MUN_119,Cachoeiro de Itapemirim,ES,9,27.1,32.08,72.64,61.14,0.471,7.9,65.6,2257712,106.7,80.7,8504,376.68,Alto
MUN_119,Cachoeiro de Itapemirim,ES,10,26.91,32.46,55.82,85.82,0.305,11.65,65.6,2257712,106.7,80.7,6986,309.45,Alto
MUN_119,Cachoeiro de Itapemirim,ES,11,23.88,32.15,71.21,177.48,0.504,14.29,65.6,2257712,106.7,80.7,7103,314.64,Alto
MUN_119,Cachoeiro de Itapemirim,ES,12,28.41,38.02,99.75,93.7,0.54,12.12,65.6,2257712,106.7,80.7,6336,280.67,Alto
MUN_119,Cachoeiro de Itapemirim,ES,13,27.38,34.13,90.1,130.43,0.657,16.53,65.6,2257712,106.7,80.7,6554,290.32,Alto
MUN_119,Cachoeiro de Itapemirim,ES,14,30.37,35.2,81.55,66.81,0.761,8.52,65.6,2257712,106.7,80.7,7115,315.18,Alto
MUN_119,Cachoeiro de Itapemirim,ES,15,38.33,46.0,82.9,257.97,0.499,11.8,65.6,2257712,106.7,80.7,6268,277.67,Alto
MUN_119,Cachoeiro de Itapemirim,ES,16,29.89,39.08,91.79,135.76,0.7,13.63,65.6,2257712,106.7,80.7,5869,259.96,Alto
MUN_119,Cachoeiro de Itapemirim,ES,17,34.69,44.71,63.99,107.95,0.656,12.26,65.6,2257712,106.7,80.7,8478,375.53,Alto
MUN_119,Cachoeiro de Itapemirim,ES,18,34.09,36.76,74.66,57.43,0.484,7.38,65.6,2257712,106.7,80.7,5987,265.18,Alto
MUN_119,Cachoeiro de Itapemirim,ES,19,32.85,40.86,70.8,17.76,0.881,3.33,65.6,2257712,106.7,80.7,5511,244.12,Medio
MUN_119,Cachoeiro de Itapemirim,ES,20,35.69,42.35,91.73,57.79,0.427,9.2,65.6,2257712,106.7,80.7,7273,322.18,Alto
MUN_119,Cachoeiro de Itapemirim,ES,21,25.63,30.85,100.0,40.9,0.155,0.0,65.6,2257712,106.7,80.7,2705,119.82,Baixo
MUN_119,Cachoeiro de Itapemirim,ES,22,27.76,32.36,79.81,91.52,0.774,6.08,65.6,2257712,106.7,80.7,4805,212.85,Medio
MUN_119,Cachoeiro de Itapemirim,ES,23,27.11,31.09,70.78,15.43,0.531,0.0,65.6,2257712,106.7,80.7,4933,218.53,Medio
MUN_119,Cachoeiro de Itapemirim,ES,24,31.18,35.61,78.24,24.44,0.444,6.99,65.6,2257712,106.7,80.7,5708,252.84,Alto
MUN_119,Cachoeiro de Itapemirim,ES,25,29.52,38.54,81.68,49.69,0.623,1.37,65.6,2257712,106.7,80.7,2667,118.16,Baixo
MUN_119,Cachoeiro de Itapemirim,ES,26,35.35,40.79,71.18,75.38,0.582,0.0,65.6,2257712,106.7,80.7,7459,330.41,Alto
MUN_119,Cachoeiro de Itapemirim,ES,27,28.35,36.72,77.53,109.4,0.542,5.38,65.6,2257712,106.7,80.7,7542,334.07,Alto
MUN_119,Cachoeiro de Itapemirim,ES,28,24.82,31.03,77.66,8.67,0.316,0.0,65.6,2257712,106.7,80.7,2254,99.87,Baixo
MUN_119,Cachoeiro de Itapemirim,ES,29,26.09,33.72,74.66,20.46,0.263,4.58,65.6,2257712,106.7,80.7,770,34.12,Baixo
MUN_119,Cachoeiro de Itapemirim,ES,30,21.47,29.91,91.57,12.97,0.321,2.18,65.6,2257712,106.7,80.7,5681,251.63,Alto
MUN_119,Cachoeiro de Itapemirim,ES,31,26.34,33.55,53.76,9.0,0.312,2.2,65.6,2257712,106.7,80.7,2793,123.73,Baixo
MUN_119,Cachoeiro de Itapemirim,ES,32,21.79,24.23,79.35,26.4,0.385,7.73,65.6,2257712,106.7,80.7,4719,209.02,Medio
MUN_119,Cachoeiro de Itapemirim,ES,33,27.71,36.2,51.34,33.92,0.311,5.99,65.6,2257712,106.7,80.7,2634,116.71,Baixo
MUN_119,Cachoeiro de Itapemirim,ES,34,22.32,25.06,84.65,1.05,0.172,0.0,65.6,2257712,106.7,80.7,3602,159.58,Medio
MUN_119,Cachoeiro de Itapemirim,ES,35,22.91,25.44,71.81,9.3,0.155,1.81,65.6,2257712,106.7,80.7,3909,173.18,Medio
MUN_119,Cachoeiro de Itapemirim,ES,36,28.68,30.75,63.28,4.3,0.347,3.35,65.6,2257712,106.7,80.7,2373,105.11,Baixo
MUN_119,Cachoeiro de Itapemirim,ES,37,26.99,33.23,30.12,1.21,0.288,0.0,65.6,2257712,106.7,80.7,1563,69.23,Baixo
MUN_119,Cachoeiro de Itapemirim,ES,38,27.97,37.4,42.01,31.69,0.505,6.73,65.6,2257712,106.7,80.7,924,40.94,Baixo
MUN_119,Cachoeiro de Itapemirim,ES,39,27.61,31.74,50.59,13.34,0.384,0.0,65.6,2257712,106.7,80.7,3257,144.29,Baixo
MUN_119,Cachoeiro de Itapemirim,ES,40,22.86,26.27,58.28,26.83,0.168,0.39,65.6,2257712,106.7,80.7,5078,224.93,Medio
MUN_119,Cachoeiro de Itapemirim,ES,41,27.37,32.98,73.99,5.1,0.315,0.0,65.6,2257712,106.7,80.7,6010,266.21,Alto
MUN_119,Cachoeiro de Itapemirim,ES,42,26.55,31.66,64.62,16.66,0.402,3.07,65.6,2257712,106.7,80.7,4763,210.97,Medio
MUN_119,Cachoeiro de Itapemirim,ES,43,34.65,41.6,45.9,6.73,0.213,6.74,65.6,2257712,106.7,80.7,2883,127.7,Baixo
MUN_119,Cachoeiro de Itapemirim,ES,44,23.55,27.71,53.5,25.9,0.181,8.3,65.6,2257712,106.7,80.7,723,32.03,Baixo
MUN_119,Cachoeiro de Itapemirim,ES,45,19.06,25.73,70.51,10.16,0.426,1.87,65.6,2257712,106.7,80.7,0,0.0,Baixo
MUN_119,Cachoeiro de Itapemirim,ES,46,24.95,33.14,76.2,4.59,0.405,5.28,65.6,2257712,106.7,80.7,4588,203.24,Medio
MUN_119,Cachoeiro de Itapemirim,ES,47,19.9,30.21,67.01,15.22,0.416,2.59,65.6,2257712,106.7,80.7,2325,103.0,Baixo
MUN_119,Cachoeiro de Itapemirim,ES,48,24.63,29.09,65.67,0.83,0.326,4.23,65.6,2257712,106.7,80.7,2896,128.29,Baixo
MUN_119,Cachoeiro de Itapemirim,ES,49,22.74,31.66,78.69,10.07,0.328,13.29,65.6,2257712,106.7,80.7,3516,155.74,Baixo
MUN_119,Cachoeiro de Itapemirim,ES,50,19.43,23.25,63.78,57.75,0.352,6.4,65.6,2257712,106.7,80.7,4105,181.83,Medio
MUN_120,Governador Valadares,MG,1,10.0,18.19,69.63,9.2,0.354,3.41,711.0,121865,155.7,51.0,61,50.41,Baixo
MUN_120,Governador Valadares,MG,2,17.3,26.71,63.37,4.12,0.229,3.55,711.0,121865,155.7,51.0,101,83.46,Baixo
MUN_120,Governador Valadares,MG,3,17.2,20.43,44.17,10.1,0.632,0.0,711.0,121865,155.7,51.0,301,247.33,Medio
MUN_120,Governador Valadares,MG,4,24.42,29.38,56.54,1.16,0.209,0.0,711.0,121865,155.7,51.0,250,205.38,Medio
MUN_120,Governador Valadares,MG,5,13.86,23.94,61.88,29.21,0.119,3.26,711.0,121865,155.7,51.0,164,134.9,Baixo
MUN_120,Governador Valadares,MG,6,21.59,28.09,46.52,38.18,0.479,0.0,711.0,121865,155.7,51.0,181,149.08,Baixo
MUN_120,Governador Valadares,MG,7,17.01,19.5,54.43,53.92,0.519,3.74,711.0,121865,155.7,51.0,187,153.55,Baixo
MUN_120,Governador Valadares,MG,8,24.56,26.99,47.34,30.37,0.28,0.0,711.0,121865,155.7,51.0,213,175.02,Medio
MUN_120,Governador Valadares,MG,9,17.83,20.67,63.09,56.77,0.362,0.0,711.0,121865,155.7,51.0,148,121.73,Baixo
MUN_120,Governador Valadares,MG,10,22.81,26.76,71.77,30.04,0.545,3.86,711.0,121865,155.7,51.0,235,193.07,Medio
MUN_120,Governador Valadares,MG,11,23.2,33.05,34.0,58.41,0.332,5.52,711.0,121865,155.7,51.0,215,176.82,Medio
MUN_120,Governador Valadares,MG,12,27.98,37.9,85.69,6.87,0.402,2.25,711.0,121865,155.7,51.0,238,195.51,Medio
MUN_120,Governador Valadares,MG,13,26.81,29.13,77.14,148.36,0.489,17.48,711.0,121865,155.7,51.0,320,263.22,Alto
MUN_120,Governador Valadares,MG,14,25.41,28.61,61.85,61.62,0.633,6.16,711.0,121865,155.7,51.0,273,224.47,Medio
MUN_120,Governador Valadares,MG,15,28.22,38.54,73.41,189.56,0.638,23.63,711.0,121865,155.7,51.0,369,303.15,Alto
MUN_120,Governador Valadares,MG,16,31.68,38.59,79.08,149.48,0.462,6.86,711.0,121865,155.7,51.0,303,248.96,Alto
MUN_120,Governador Valadares,MG,17,23.91,32.36,88.07,23.51,0.676,1.15,711.0,121865,155.7,51.0,267,219.76,Medio
MUN_120,Governador Valadares,MG,18,24.98,28.16,56.61,77.99,0.422,3.13,711.0,121865,155.7,51.0,240,197.53,Medio
MUN_120,Governador Valadares,MG,19,18.97,23.91,83.94,277.24,0.694,14.15,711.0,121865,155.7,51.0,382,313.67,Alto
MUN_120,Governador Valadares,MG,20,25.19,31.25,68.18,124.94,0.559,6.1,711.0,121865,155.7,51.0,425,348.91,Alto
MUN_120,Governador Valadares,MG,21,21.1,28.23,84.14,84.24,0.593,6.85,711.0,121865,155.7,51.0,298,244.59,Medio
MUN_120,Governador Valadares,MG,22,25.65,31.97,90.13,11.82,0.38,0.0,711.0,121865,155.7,51.0,69,56.82,Baixo
MUN_120,Governador Valadares,MG,23,27.15,29.64,80.14,48.09,0.45,0.0,711.0,121865,155.7,51.0,218,179.68,Medio
MUN_120,Governador Valadares,MG,24,27.23,29.33,52.27,14.21,0.463,0.0,711.0,121865,155.7,51.0,147,121.16,Baixo
MUN_120,Governador Valadares,MG,25,22.4,27.23,69.6,78.36,0.26,0.0,711.0,121865,155.7,51.0,258,211.83,Medio
MUN_120,Governador Valadares,MG,26,24.48,31.61,85.51,19.45,0.415,9.25,711.0,121865,155.7,51.0,183,150.63,Baixo
MUN_120,Governador Valadares,MG,27,19.33,28.7,81.2,204.03,0.205,13.4,711.0,121865,155.7,51.0,218,179.26,Medio
MUN_120,Governador Valadares,MG,28,22.2,25.84,74.26,0.94,0.294,0.0,711.0,121865,155.7,51.0,132,108.34,Baixo
MUN_120,Governador Valadares,MG,29,18.4,27.85,70.28,1.58,0.121,1.44,711.0,121865,155.7,51.0,86,70.89,Baixo
MUN_120,Governador Valadares,MG,30,15.04,24.31,76.41,16.84,0.064,0.0,711.0,121865,155.7,51.0,0,0.0,Baixo
MUN_120,Governador Valadares,MG,31,17.06,19.08,69.08,17.1,0.342,1.46,711.0,121865,155.7,51.0,159,130.65,Baixo
MUN_120,Governador Valadares,MG,32,13.8,21.88,43.96,2.79,0.444,0.0,711.0,121865,155.7,51.0,49,40.46,Baixo
MUN_120,Governador Valadares,MG,33,17.97,25.56,53.42,3.82,0.448,1.43,711.0,121865,155.7,51.0,183,150.3,Baixo
MUN_120,Governador Valadares,MG,34,18.93,28.09,53.67,2.48,0.366,1.08,711.0,121865,155.7,51.0,125,103.31,Baixo
MUN_120,Governador Valadares,MG,35,11.48,15.06,69.71,7.2,0.388,8.05,711.0,121865,155.7,51.0,104,85.76,Baixo
MUN_120,Governador Valadares,MG,36,15.99,25.5,59.14,6.84,0.057,0.0,711.0,121865,155.7,51.0,0,0.0,Baixo
MUN_120,Governador Valadares,MG,37,23.94,32.6,31.63,1.01,0.21,0.0,711.0,121865,155.7,51.0,109,89.61,Baixo
MUN_120,Governador Valadares,MG,38,22.67,29.55,73.79,0.14,0.43,6.09,711.0,121865,155.7,51.0,71,58.54,Baixo
MUN_120,Governador Valadares,MG,39,23.11,28.64,48.92,12.33,0.237,0.0,711.0,121865,155.7,51.0,231,190.04,Medio
MUN_120,Governador Valadares,MG,40,22.05,28.0,72.49,15.61,0.136,3.43,711.0,121865,155.7,51.0,172,141.95,Baixo
MUN_120,Governador Valadares,MG,41,15.89,22.37,61.62,23.04,0.406,1.29,711.0,121865,155.7,51.0,147,120.94,Baixo
MUN_120,Governador Valadares,MG,42,16.29,19.15,37.44,4.22,0.388,0.0,711.0,121865,155.7,51.0,46,37.91,Baixo
MUN_120,Governador Valadares,MG,43,22.83,27.89,63.38,0.12,0.252,6.75,711.0,121865,155.7,51.0,69,57.31,Baixo
MUN_120,Governador Valadares,MG,44,24.98,29.23,46.9,8.16,0.168,9.52,711.0,121865,155.7,51.0,0,0.0,Baixo
MUN_120,Governador Valadares,MG,45,20.96,28.14,33.14,1.59,0.208,0.0,711.0,121865,155.7,51.0,32,26.42,Baixo
MUN_120,Governador Valadares,MG,46,20.24,28.09,62.22,3.85,0.432,2.08,711.0,121865,155.7,51.0,56,46.18,Baixo
MUN_120,Governador Valadares,MG,47,18.67,27.31,69.85,0.94,0.49,5.98,711.0,121865,155.7,51.0,172,141.34,Baixo
MUN_120,Governador Valadares,MG,48,24.77,33.44,64.34,23.8,0.169,4.58,711.0,121865,155.7,51.0,130,106.77,Baixo
MUN_120,Governador Valadares,MG,49,16.42,22.56,69.15,17.58,0.332,1.25,711.0,121865,155.7,51.0,190,156.41,Baixo
MUN_120,Governador Valadares,MG,50,17.31,27.7,71.45,19.76,0.331,4.01,711.0,121865,155.7,51.0,129,106.55,Baixo
MUN_121,Juazeiro,BA,1,31.04,39.84,52.33,2.01,0.332,0.65,215.5,1459551,22.6,82.0,3355,229.91,Medio
MUN_121,Juazeiro,BA,2,24.1,28.63,52.83,4.18,0.252,0.0,215.5,1459551,22.6,82.0,1653,113.32,Baixo
MUN_121,Juazeiro,BA,3,25.31,32.61,47.99,3.19,0.226,7.94,215.5,1459551,22.6,82.0,715,49.01,Baixo
MUN_121,Juazeiro,BA,4,20.71,29.67,62.58,0.65,0.185,6.43,215.5,1459551,22.6,82.0,1119,76.68,Baixo
MUN_121,Juazeiro,BA,5,21.94,26.23,69.53,0.1,0.39,0.0,215.5,1459551,22.6,82.0,2111,144.68,Baixo
MUN_121,Juazeiro,BA,6,22.86,27.36,59.18,13.38,0.278,7.84,215.5,1459551,22.6,82.0,3237,221.8,Medio
MUN_121,Juazeiro,BA,7,26.3,36.72,84.25,31.44,0.375,2.12,215.5,1459551,22.6,82.0,2252,154.31,Baixo
MUN_121,Juazeiro,BA,8,23.3,28.54,65.49,26.39,0.27,0.0,215.5,1459551,22.6,82.0,944,64.72,Baixo
MUN_121,Juazeiro,BA,9,24.42,32.07,65.78,21.32,0.369,11.58,215.5,1459551,22.6,82.0,2766,189.55,Medio
MUN_121,Juazeiro,BA,10,26.4,35.84,100.0,35.86,0.535,4.83,215.5,1459551,22.6,82.0,2833,194.13,Medio
MUN_121,Juazeiro,BA,11,22.92,31.18,72.89,82.49,0.442,1.45,215.5,1459551,22.6,82.0,2425,166.18,Medio
MUN_121,Juazeiro,BA,12,27.36,30.85,84.49,21.15,0.506,1.35,215.5,1459551,22.6,82.0,2939,201.43,Medio
MUN_121,Juazeiro,BA,13,32.18,34.47,70.7,55.91,0.669,0.19,215.5,1459551,22.6,82.0,2902,198.88,Medio
MUN_121,Juazeiro,BA,14,31.57,35.68,66.05,19.21,0.468,0.0,215.5,1459551,22.6,82.0,2729,186.98,Medio
MUN_121,Juazeiro,BA,15,34.94,40.99,84.4,48.68,0.556,5.46,215.5,1459551,22.6,82.0,5022,344.13,Alto
MUN_121,Juazeiro,BA,16,32.62,39.02,92.27,125.58,0.719,14.39,215.5,1459551,22.6,82.0,5725,392.26,Alto
MUN_121,Juazeiro,BA,17,35.39,39.78,92.36,52.45,0.593,2.9,215.5,1459551,22.6,82.0,5819,398.74,Alto
MUN_121,Juazeiro,BA,18,27.89,34.56,92.47,92.26,0.696,9.47,215.5,1459551,22.6,82.0,4925,337.48,Alto
MUN_121,Juazeiro,BA,19,34.51,44.51,58.38,30.34,0.503,6.82,215.5,1459551,22.6,82.0,3909,267.86,Alto
MUN_121,Juazeiro,BA,20,29.66,36.46,82.39,6.2,0.778,7.86,215.5,1459551,22.6,82.0,2505,171.69,Medio
MUN_121,Juazeiro,BA,21,28.56,36.44,83.86,60.58,0.584,3.6,215.5,1459551,22.6,82.0,2877,197.16,Medio
MUN_121,Juazeiro,BA,22,30.11,36.09,84.38,52.3,0.567,8.26,215.5,1459551,22.6,82.0,886,60.72,Baixo
MUN_121,Juazeiro,BA,23,26.16,29.74,69.57,6.13,0.566,2.93,215.5,1459551,22.6,82.0,2850,195.28,Medio
MUN_121,Juazeiro,BA,24,29.35,31.83,80.99,18.24,0.485,3.01,215.5,1459551,22.6,82.0,3523,241.4,Medio
MUN_121,Juazeiro,BA,25,29.47,36.03,81.26,8.73,0.493,0.0,215.5,1459551,22.6,82.0,3591,246.06,Medio
MUN_121,Juazeiro,BA,26,30.72,39.62,72.67,63.44,0.255,1.49,215.5,1459551,22.6,82.0,2522,172.83,Medio
MUN_121,Juazeiro,BA,27,20.95,29.67,61.7,0.05,0.483,0.73,215.5,1459551,22.6,82.0,1031,70.68,Baixo
MUN_121,Juazeiro,BA,28,31.16,35.51,66.1,33.63,0.281,0.0,215.5,1459551,22.6,82.0,2403,164.67,Medio
MUN_121,Juazeiro,BA,29,21.94,27.62,43.92,31.37,0.286,8.19,215.5,1459551,22.6,82.0,2283,156.46,Baixo
MUN_121,Juazeiro,BA,30,25.97,33.96,56.35,4.0,0.277,0.0,215.5,1459551,22.6,82.0,261,17.9,Baixo
MUN_121,Juazeiro,BA,31,23.48,27.6,57.88,6.26,0.085,0.33,215.5,1459551,22.6,82.0,0,0.0,Baixo
MUN_121,Juazeiro,BA,32,30.92,35.51,58.98,5.29,0.477,2.39,215.5,1459551,22.6,82.0,1384,94.87,Baixo
MUN_121,Juazeiro,BA,33,24.44,29.61,39.02,3.75,0.423,4.55,215.5,1459551,22.6,82.0,2646,181.32,Medio
MUN_121,Juazeiro,BA,34,24.52,31.0,60.22,4.12,0.081,0.11,215.5,1459551,22.6,82.0,967,66.29,Baixo
MUN_121,Juazeiro,BA,35,20.31,28.75,42.81,1.35,0.347,8.95,215.5,1459551,22.6,82.0,1182,81.03,Baixo
MUN_121,Juazeiro,BA,36,23.62,33.7,82.16,23.85,0.174,0.0,215.5,1459551,22.6,82.0,2065,141.5,Baixo
MUN_121,Juazeiro,BA,37,20.56,25.43,82.89,1.39,0.243,0.0,215.5,1459551,22.6,82.0,316,21.66,Baixo
MUN_121,Juazeiro,BA,38,26.8,33.17,83.18,18.9,0.29,0.62,215.5,1459551,22.6,82.0,2531,173.42,Medio
MUN_121,Juazeiro,BA,39,26.04,29.29,62.91,2.21,0.365,5.24,215.5,1459551,22.6,82.0,2780,190.52,Medio
MUN_121,Juazeiro,BA,40,20.61,27.57,79.61,0.73,0.301,0.0,215.5,1459551,22.6,82.0,627,42.98,Baixo
MUN_121,Juazeiro,BA,41,16.57,22.68,62.43,2.8,0.251,3.99,215.5,1459551,22.6,82.0,2324,159.26,Medio
MUN_121,Juazeiro,BA,42,13.63,22.11,59.07,0.5,0.448,0.0,215.5,1459551,22.6,82.0,1516,103.88,Baixo
MUN_121,Juazeiro,BA,43,25.97,31.9,69.04,4.78,0.401,2.92,215.5,1459551,22.6,82.0,3029,207.57,Medio
MUN_121,Juazeiro,BA,44,21.19,26.9,41.98,4.62,0.203,1.67,215.5,1459551,22.6,82.0,639,43.82,Baixo
MUN_121,Juazeiro,BA,45,19.84,28.12,53.8,14.87,0.249,4.98,215.5,1459551,22.6,82.0,1147,78.65,Baixo
MUN_121,Juazeiro,BA,46,17.71,26.96,37.71,3.08,0.446,4.02,215.5,1459551,22.6,82.0,865,59.28,Baixo
MUN_121,Juazeiro,BA,47,21.1,28.05,23.62,1.06,0.251,3.89,215.5,1459551,22.6,82.0,991,67.91,Baixo
MUN_121,Juazeiro,BA,48,19.05,25.59,38.22,5.57,0.378,0.0,215.5,1459551,22.6,82.0,274,18.81,Baixo
MUN_121,Juazeiro,BA,49,22.65,29.85,41.71,5.61,0.359,3.17,215.5,1459551,22.6,82.0,1204,82.54,Baixo
MUN_121,Juazeiro,BA,50,17.41,24.73,59.06,1.35,0.29,5.26,215.5,1459551,22.6,82.0,0,0.0,Baixo
MUN_122,Caruaru,PE,1,21.1,27.89,84.27,2.13,0.485,0.0,120.3,1597438,107.3,64.3,2891,181.03,Medio
MUN_122,Caruaru,PE,2,23.68,33.92,67.11,0.03,0.218,4.7,120.3,1597438,107.3,64.3,2159,135.2,Baixo
MUN_122,Caruaru,PE,3,23.69,29.44,64.99,1.16,0.237,0.0,120.3,1597438,107.3,64.3,2047,128.18,Baixo
MUN_122,Caruaru,PE,4,16.69,20.48,69.09,0.53,0.344,0.0,120.3,1597438,107.3,64.3,448,28.05,Baixo
MUN_122,Caruaru,PE,5,32.69,36.34,64.28,18.46,0.374,1.87,120.3,1597438,107.3,64.3,4665,292.07,Alto
MUN_122,Caruaru,PE,6,25.78,35.79,79.48,14.38,0.507,4.83,120.3,1597438,107.3,64.3,3704,231.88,Medio
MUN_122,Caruaru,PE,7,23.09,26.4,63.3,23.53,0.45,2.69,120.3,1597438,107.3,64.3,3252,203.61,Medio
MUN_122,Caruaru,PE,8,25.16,28.25,53.41,50.53,0.246,7.77,120.3,1597438,107.3,64.3,2570,160.9,Medio
MUN_122,Caruaru,PE,9,28.32,35.5,61.58,134.74,0.582,10.15,120.3,1597438,107.3,64.3,7357,460.6,Alto
MUN_122,Caruaru,PE,10,30.61,40.64,85.67,22.87,0.503,0.0,120.3,1597438,107.3,64.3,4618,289.13,Alto
MUN_122,Caruaru,PE,11,32.39,41.62,86.11,5.19,0.52,3.36,120.3,1597438,107.3,64.3,5497,344.14,Alto
MUN_122,Caruaru,PE,12,32.56,41.51,65.46,27.1,0.625,12.13,120.3,1597438,107.3,64.3,5260,329.3,Alto
MUN_122,Caruaru,PE,13,29.43,36.91,91.26,19.07,0.628,1.36,120.3,1597438,107.3,64.3,2443,152.94,Baixo
MUN_122,Caruaru,PE,14,37.11,40.98,77.52,44.04,0.448,0.67,120.3,1597438,107.3,64.3,3895,243.83,Medio
MUN_122,Caruaru,PE,15,29.29,35.12,89.88,4.89,0.328,0.0,120.3,1597438,107.3,64.3,3657,228.95,Medio
MUN_122,Caruaru,PE,16,29.42,38.95,82.62,138.27,0.542,4.17,120.3,1597438,107.3,64.3,2060,128.99,Baixo
MUN_122,Caruaru,PE,17,35.18,41.73,67.26,28.28,0.562,6.63,120.3,1597438,107.3,64.3,3731,233.6,Medio
MUN_122,Caruaru,PE,18,34.54,40.77,70.87,88.91,0.464,0.0,120.3,1597438,107.3,64.3,5039,315.46,Alto
MUN_122,Caruaru,PE,19,35.66,42.19,73.19,50.21,0.477,0.0,120.3,1597438,107.3,64.3,4645,290.84,Alto
MUN_122,Caruaru,PE,20,32.85,37.54,87.72,48.06,0.655,0.0,120.3,1597438,107.3,64.3,5009,313.6,Alto
MUN_122,Caruaru,PE,21,30.75,39.21,84.99,155.6,0.598,13.86,120.3,1597438,107.3,64.3,4919,307.99,Alto
MUN_122,Caruaru,PE,22,29.39,37.42,54.42,69.84,0.522,0.0,120.3,1597438,107.3,64.3,2814,176.21,Medio
MUN_122,Caruaru,PE,23,30.3,35.47,99.43,183.93,0.184,10.76,120.3,1597438,107.3,64.3,4642,290.64,Alto
MUN_122,Caruaru,PE,24,29.79,34.47,83.2,143.12,0.507,15.22,120.3,1597438,107.3,64.3,5834,365.22,Alto
MUN_122,Caruaru,PE,25,27.68,36.37,56.96,17.02,0.431,0.0,120.3,1597438,107.3,64.3,3081,192.88,Medio
MUN_122,Caruaru,PE,26,21.05,26.19,87.07,18.46,0.419,9.14,120.3,1597438,107.3,64.3,3533,221.19,Medio
MUN_122,Caruaru,PE,27,22.9,31.6,80.98,12.47,0.249,4.56,120.3,1597438,107.3,64.3,3389,212.21,Medio
MUN_122,Caruaru,PE,28,27.28,35.71,58.61,2.29,0.397,0.0,120.3,1597438,107.3,64.3,1392,87.17,Baixo
MUN_122,Caruaru,PE,29,21.91,26.49,60.73,1.39,0.421,0.0,120.3,1597438,107.3,64.3,157,9.87,Baixo
MUN_122,Caruaru,PE,30,26.83,29.11,77.19,54.6,0.36,2.43,120.3,1597438,107.3,64.3,3530,221.04,Medio
MUN_122,Caruaru,PE,31,24.97,29.91,53.34,0.62,0.443,0.0,120.3,1597438,107.3,64.3,2413,151.11,Baixo
MUN_122,Caruaru,PE,32,18.14,22.12,67.96,2.75,0.323,12.13,120.3,1597438,107.3,64.3,888,55.61,Baixo
MUN_122,Caruaru,PE,33,23.7,27.74,51.99,12.06,0.253,0.0,120.3,1597438,107.3,64.3,791,49.56,Baixo
MUN_122,Caruaru,PE,34,27.63,31.71,63.62,1.34,0.466,0.0,120.3,1597438,107.3,64.3,1523,95.36,Baixo
MUN_122,Caruaru,PE,35,20.47,29.38,57.91,1.17,0.122,5.2,120.3,1597438,107.3,64.3,2346,146.88,Baixo
MUN_122,Caruaru,PE,36,24.25,32.71,72.9,6.92,0.036,0.0,120.3,1597438,107.3,64.3,3108,194.61,Medio
MUN_122,Caruaru,PE,37,25.54,29.24,53.84,0.09,0.408,0.0,120.3,1597438,107.3,64.3,2032,127.21,Baixo
MUN_122,Caruaru,PE,38,26.39,32.99,40.74,17.22,0.52,0.0,120.3,1597438,107.3,64.3,2754,172.41,Medio
MUN_122,Caruaru,PE,39,29.49,37.61,52.78,18.21,0.311,2.67,120.3,1597438,107.3,64.3,3652,228.65,Medio
MUN_122,Caruaru,PE,40,26.87,31.92,73.74,4.09,0.187,0.0,120.3,1597438,107.3,64.3,3003,188.04,Medio
MUN_122,Caruaru,PE,41,26.47,33.45,54.53,9.84,0.216,0.0,120.3,1597438,107.3,64.3,2304,144.25,Baixo
MUN_122,Caruaru,PE,42,20.99,24.71,48.96,2.4,0.27,4.29,120.3,1597438,107.3,64.3,2097,131.33,Baixo
MUN_122,Caruaru,PE,43,24.46,30.55,72.9,26.26,0.464,0.0,120.3,1597438,107.3,64.3,3642,228.03,Medio
MUN_122,Caruaru,PE,44,30.85,34.38,46.22,8.37,0.246,7.67,120.3,1597438,107.3,64.3,3835,240.09,Medio
MUN_122,Caruaru,PE,45,26.99,30.15,65.81,10.14,0.249,4.96,120.3,1597438,107.3,64.3,1903,119.15,Baixo
MUN_122,Caruaru,PE,46,21.07,29.55,60.08,2.1,0.365,0.0,120.3,1597438,107.3,64.3,1629,102.01,Baixo
MUN_122,Caruaru,PE,47,32.42,34.81,56.34,2.29,0.386,0.0,120.3,1597438,107.3,64.3,2384,149.25,Baixo
MUN_122,Caruaru,PE,48,25.79,31.03,39.9,9.58,0.323,1.55,120.3,1597438,107.3,64.3,1504,94.2,Baixo
MUN_122,Caruaru,PE,49,22.46,30.66,68.0,0.53,0.184,2.69,120.3,1597438,107.3,64.3,2930,183.48,Medio
MUN_122,Caruaru,PE,50,27.99,31.66,53.89,0.17,0.186,2.53,120.3,1597438,107.3,64.3,1493,93.52,Baixo
MUN_123,Santana de Parnaíba,SP,1,22.42,29.86,42.96,19.72,0.339,5.36,864.2,97661,89.5,82.0,6,6.25,Baixo
MUN_123,Santana de Parnaíba,SP,2,22.75,30.86,66.89,9.59,0.221,6.7,864.2,97661,89.5,82.0,63,65.43,Baixo
MUN_123,Santana de Parnaíba,SP,3,16.02,22.89,57.48,26.4,0.389,4.91,864.2,97661,89.5,82.0,0,0.0,Baixo
MUN_123,Santana de Parnaíba,SP,4,13.8,23.55,58.44,6.48,0.289,0.0,864.2,97661,89.5,82.0,65,67.44,Baixo
MUN_123,Santana de Parnaíba,SP,5,15.51,23.76,79.52,1.25,0.289,4.0,864.2,97661,89.5,82.0,10,10.26,Baixo
MUN_123,Santana de Parnaíba,SP,6,16.45,22.58,44.2,56.21,0.239,0.0,864.2,97661,89.5,82.0,101,104.36,Baixo
MUN_123,Santana de Parnaíba,SP,7,18.25,26.29,75.12,89.95,0.152,6.41,864.2,97661,89.5,82.0,110,112.77,Baixo
MUN_123,Santana de Parnaíba,SP,8,20.31,27.16,84.53,72.12,0.661,14.75,864.2,97661,89.5,82.0,168,172.33,Medio
MUN_123,Santana de Parnaíba,SP,9,17.77,23.77,72.32,21.57,0.429,8.05,864.2,97661,89.5,82.0,23,23.65,Baixo
MUN_123,Santana de Parnaíba,SP,10,22.64,31.51,85.47,90.23,0.549,7.51,864.2,97661,89.5,82.0,173,177.22,Medio
MUN_123,Santana de Parnaíba,SP,11,21.52,27.4,36.03,31.85,0.582,8.64,864.2,97661,89.5,82.0,55,56.33,Baixo
MUN_123,Santana de Parnaíba,SP,12,23.6,31.06,57.9,5.81,0.522,2.53,864.2,97661,89.5,82.0,92,94.61,Baixo
MUN_123,Santana de Parnaíba,SP,13,21.73,30.42,91.08,14.25,0.41,0.0,864.2,97661,89.5,82.0,99,101.76,Baixo
MUN_123,Santana de Parnaíba,SP,14,25.65,30.55,84.27,118.24,0.46,4.51,864.2,97661,89.5,82.0,104,107.36,Baixo
MUN_123,Santana de Parnaíba,SP,15,27.51,30.64,63.49,111.25,0.584,12.39,864.2,97661,89.5,82.0,173,177.66,Medio
MUN_123,Santana de Parnaíba,SP,16,25.33,31.41,88.12,300.0,0.601,15.86,864.2,97661,89.5,82.0,337,345.48,Alto
MUN_123,Santana de Parnaíba,SP,17,29.54,35.23,67.57,87.42,0.482,6.7,864.2,97661,89.5,82.0,228,233.56,Medio
MUN_123,Santana de Parnaíba,SP,18,30.44,40.7,100.0,75.67,0.583,5.91,864.2,97661,89.5,82.0,268,275.42,Alto
MUN_123,Santana de Parnaíba,SP,19,28.06,34.16,74.68,68.35,0.679,5.91,864.2,97661,89.5,82.0,237,243.61,Medio
MUN_123,Santana de Parnaíba,SP,20,23.96,30.32,68.92,21.34,0.692,9.38,864.2,97661,89.5,82.0,210,215.51,Medio
MUN_123,Santana de Parnaíba,SP,21,18.68,25.81,74.69,32.72,0.415,0.0,864.2,97661,89.5,82.0,143,147.37,Baixo
MUN_123,Santana de Parnaíba,SP,22,24.49,33.77,85.83,10.63,0.597,0.0,864.2,97661,89.5,82.0,118,120.98,Baixo
MUN_123,Santana de Parnaíba,SP,23,20.64,28.98,62.4,270.4,0.476,15.54,864.2,97661,89.5,82.0,263,269.68,Alto
MUN_123,Santana de Parnaíba,SP,24,18.24,24.72,84.05,49.05,0.539,4.5,864.2,97661,89.5,82.0,185,190.16,Medio
MUN_123,Santana de Parnaíba,SP,25,23.85,31.65,82.22,95.78,0.345,9.11,864.2,97661,89.5,82.0,148,152.2,Baixo
MUN_123,Santana de Parnaíba,SP,26,19.02,22.15,54.39,136.25,0.475,13.05,864.2,97661,89.5,82.0,148,152.29,Baixo
MUN_123,Santana de Parnaíba,SP,27,21.57,26.53,52.1,3.38,0.632,0.0,864.2,97661,89.5,82.0,2,2.94,Baixo
MUN_123,Santana de Parnaíba,SP,28,20.15,26.06,90.39,24.96,0.25,0.16,864.2,97661,89.5,82.0,12,13.22,Baixo
MUN_123,Santana de Parnaíba,SP,29,16.51,22.64,52.79,7.95,0.609,0.15,864.2,97661,89.5,82.0,0,0.0,Baixo
MUN_123,Santana de Parnaíba,SP,30,13.86,22.72,43.65,21.65,0.335,4.49,864.2,97661,89.5,82.0,0,0.0,Baixo
MUN_123,Santana de Parnaíba,SP,31,22.08,26.64,62.02,0.9,0.407,4.78,864.2,97661,89.5,82.0,126,129.21,Baixo
MUN_123,Santana de Parnaíba,SP,32,16.89,25.96,61.42,2.52,0.484,1.27,864.2,97661,89.5,82.0,6,6.34,Baixo
MUN_123,Santana de Parnaíba,SP,33,11.85,19.13,50.61,1.38,0.126,1.01,864.2,97661,89.5,82.0,0,0.0,Baixo
MUN_123,Santana de Parnaíba,SP,34,14.35,19.24,82.08,23.68,0.201,3.68,864.2,97661,89.5,82.0,58,59.66,Baixo
MUN_123,Santana de Parnaíba,SP,35,15.96,20.71,44.44,7.3,0.38,4.8,864.2,97661,89.5,82.0,49,50.44,Baixo
MUN_123,Santana de Parnaíba,SP,36,15.44,24.68,64.88,12.49,0.237,7.0,864.2,97661,89.5,82.0,0,0.0,Baixo
MUN_123,Santana de Parnaíba,SP,37,16.98,19.74,64.57,0.01,0.103,2.52,864.2,97661,89.5,82.0,0,0.0,Baixo
MUN_123,Santana de Parnaíba,SP,38,19.0,28.05,72.3,20.99,0.35,2.22,864.2,97661,89.5,82.0,90,93.15,Baixo
MUN_123,Santana de Parnaíba,SP,39,21.03,29.87,58.77,6.19,0.321,0.0,864.2,97661,89.5,82.0,0,0.0,Baixo
MUN_123,Santana de Parnaíba,SP,40,20.07,29.07,50.23,25.71,0.335,1.89,864.2,97661,89.5,82.0,3,3.71,Baixo
MUN_123,Santana de Parnaíba,SP,41,15.52,24.52,67.61,1.19,0.227,4.78,864.2,97661,89.5,82.0,60,61.5,Baixo
MUN_123,Santana de Parnaíba,SP,42,20.67,28.39,65.24,9.88,0.458,0.0,864.2,97661,89.5,82.0,42,43.65,Baixo
MUN_123,Santana de Parnaíba,SP,43,20.29,22.6,49.65,78.71,0.261,0.43,864.2,97661,89.5,82.0,32,33.62,Baixo
MUN_123,Santana de Parnaíba,SP,44,15.14,21.82,94.81,0.27,0.079,0.12,864.2,97661,89.5,82.0,0,0.0,Baixo
MUN_123,Santana de Parnaíba,SP,45,12.46,17.13,79.84,29.18,0.397,9.58,864.2,97661,89.5,82.0,85,87.35,Baixo
MUN_123,Santana de Parnaíba,SP,46,14.41,20.87,70.7,4.94,0.193,0.0,864.2,97661,89.5,82.0,0,0.0,Baixo
MUN_123,Santana de Parnaíba,SP,47,13.7,17.98,62.24,6.48,0.274,1.39,864.2,97661,89.5,82.0,45,46.6,Baixo
MUN_123,Santana de Parnaíba,SP,48,14.67,18.81,56.11,3.45,0.44,2.25,864.2,97661,89.5,82.0,93,95.28,Baixo
MUN_123,Santana de Parnaíba,SP,49,23.5,31.95,75.84,13.81,0.148,0.0,864.2,97661,89.5,82.0,55,56.92,Baixo
MUN_123,Santana de Parnaíba,SP,50,15.67,20.15,74.12,18.62,0.259,0.0,864.2,97661,89.5,82.0,107,110.42,Baixo
MUN_124,Cabo Frio,RJ,1,20.08,29.75,74.92,5.03,0.404,3.46,200.5,2576026,106.1,62.4,2403,93.29,Baixo
MUN_124,Cabo Frio,RJ,2,21.15,29.0,80.81,10.77,0.437,8.5,200.5,2576026,106.1,62.4,5511,213.95,Medio
MUN_124,Cabo Frio,RJ,3,25.4,34.65,68.55,6.15,0.282,3.51,200.5,2576026,106.1,62.4,2736,106.23,Baixo
MUN_124,Cabo Frio,RJ,4,27.75,32.36,56.92,3.31,0.362,0.0,200.5,2576026,106.1,62.4,1976,76.74,Baixo
MUN_124,Cabo Frio,RJ,5,23.67,30.46,68.91,21.13,0.328,0.01,200.5,2576026,106.1,62.4,751,29.16,Baixo
MUN_124,Cabo Frio,RJ,6,26.01,33.13,65.78,9.28,0.243,0.0,200.5,2576026,106.1,62.4,4324,167.89,Medio
MUN_124,Cabo Frio,RJ,7,24.16,29.1,77.34,10.07,0.325,2.58,200.5,2576026,106.1,62.4,2307,89.59,Baixo
MUN_124,Cabo Frio,RJ,8,26.57,31.27,42.69,54.1,0.309,0.0,200.5,2576026,106.1,62.4,1746,67.79,Baixo
MUN_124,Cabo Frio,RJ,9,31.87,39.49,47.35,2.64,0.358,1.53,200.5,2576026,106.1,62.4,1939,75.3,Baixo
MUN_124,Cabo Frio,RJ,10,35.29,38.6,61.29,105.38,0.425,0.11,200.5,2576026,106.1,62.4,4685,181.87,Medio
MUN_124,Cabo Frio,RJ,11,32.19,38.11,89.65,40.63,0.364,0.0,200.5,2576026,106.1,62.4,7573,293.98,Alto
MUN_124,Cabo Frio,RJ,12,33.55,38.27,100.0,61.9,0.63,17.21,200.5,2576026,106.1,62.4,8086,313.91,Alto
MUN_124,Cabo Frio,RJ,13,28.04,32.59,81.24,57.84,0.541,6.46,200.5,2576026,106.1,62.4,5066,196.66,Medio
MUN_124,Cabo Frio,RJ,14,31.15,34.66,73.89,124.94,0.576,13.86,200.5,2576026,106.1,62.4,8481,329.23,Alto
MUN_124,Cabo Frio,RJ,15,32.23,40.8,78.03,22.65,0.474,0.0,200.5,2576026,106.1,62.4,5923,229.93,Medio
MUN_124,Cabo Frio,RJ,16,32.36,42.5,76.35,44.49,0.578,7.05,200.5,2576026,106.1,62.4,6408,248.76,Alto
MUN_124,Cabo Frio,RJ,17,34.73,44.95,66.06,55.33,0.535,0.0,200.5,2576026,106.1,62.4,4892,189.94,Medio
MUN_124,Cabo Frio,RJ,18,28.15,32.5,62.95,103.89,0.47,8.16,200.5,2576026,106.1,62.4,6610,256.6,Alto
MUN_124,Cabo Frio,RJ,19,29.04,32.27,73.7,29.19,0.579,1.53,200.5,2576026,106.1,62.4,5332,206.99,Medio
MUN_124,Cabo Frio,RJ,20,29.15,38.86,100.0,55.35,0.548,3.43,200.5,2576026,106.1,62.4,6953,269.94,Alto
MUN_124,Cabo Frio,RJ,21,38.78,45.18,76.45,64.59,0.485,0.0,200.5,2576026,106.1,62.4,8606,334.09,Alto
MUN_124,Cabo Frio,RJ,22,23.82,30.2,83.03,92.11,0.614,3.1,200.5,2576026,106.1,62.4,7890,306.31,Alto
MUN_124,Cabo Frio,RJ,23,31.96,34.86,82.8,74.78,0.5,11.91,200.5,2576026,106.1,62.4,5870,227.9,Medio
MUN_124,Cabo Frio,RJ,24,26.63,28.64,65.6,23.42,0.396,0.0,200.5,2576026,106.1,62.4,4543,176.38,Medio
MUN_124,Cabo Frio,RJ,25,29.98,37.74,63.66,82.78,0.423,10.27,200.5,2576026,106.1,62.4,9680,375.8,Alto
MUN_124,Cabo Frio,RJ,26,29.63,31.81,68.31,13.14,0.348,1.68,200.5,2576026,106.1,62.4,6988,271.29,Alto
MUN_124,Cabo Frio,RJ,27,26.0,31.54,67.43,56.01,0.372,4.37,200.5,2576026,106.1,62.4,4018,156.0,Baixo
MUN_124,Cabo Frio,RJ,28,28.89,37.98,49.1,8.38,0.174,4.08,200.5,2576026,106.1,62.4,1817,70.56,Baixo
MUN_124,Cabo Frio,RJ,29,26.86,33.38,49.68,37.87,0.366,4.75,200.5,2576026,106.1,62.4,4129,160.29,Medio
MUN_124,Cabo Frio,RJ,30,28.12,36.16,50.43,27.62,0.304,0.66,200.5,2576026,106.1,62.4,4662,180.98,Medio
MUN_124,Cabo Frio,RJ,31,18.74,25.06,65.12,7.37,0.423,0.77,200.5,2576026,106.1,62.4,5115,198.6,Medio
MUN_124,Cabo Frio,RJ,32,20.27,30.19,62.92,9.28,0.429,4.54,200.5,2576026,106.1,62.4,3570,138.62,Baixo
MUN_124,Cabo Frio,RJ,33,24.2,30.48,77.68,22.25,0.273,0.0,200.5,2576026,106.1,62.4,4928,191.32,Medio
MUN_124,Cabo Frio,RJ,34,21.27,27.29,68.87,6.69,0.343,0.0,200.5,2576026,106.1,62.4,369,14.34,Baixo
MUN_124,Cabo Frio,RJ,35,26.97,30.39,49.92,0.86,0.379,0.0,200.5,2576026,106.1,62.4,766,29.77,Baixo
MUN_124,Cabo Frio,RJ,36,35.15,42.51,49.24,5.28,0.326,0.29,200.5,2576026,106.1,62.4,4570,177.42,Medio
MUN_124,Cabo Frio,RJ,37,22.81,30.0,57.33,7.16,0.43,6.06,200.5,2576026,106.1,62.4,0,0.0,Baixo
MUN_124,Cabo Frio,RJ,38,20.28,24.75,63.27,9.07,0.453,3.97,200.5,2576026,106.1,62.4,622,24.18,Baixo
MUN_124,Cabo Frio,RJ,39,24.38,28.15,65.27,0.78,0.257,3.11,200.5,2576026,106.1,62.4,0,0.0,Baixo
MUN_124,Cabo Frio,RJ,40,22.17,25.79,73.08,1.83,0.3,1.04,200.5,2576026,106.1,62.4,3659,142.05,Baixo
MUN_124,Cabo Frio,RJ,41,23.21,27.94,47.54,8.15,0.366,0.0,200.5,2576026,106.1,62.4,2269,88.12,Baixo
MUN_124,Cabo Frio,RJ,42,23.59,26.96,55.63,6.1,0.094,0.0,200.5,2576026,106.1,62.4,3052,118.49,Baixo
MUN_124,Cabo Frio,RJ,43,13.75,20.79,52.38,2.77,0.348,7.15,200.5,2576026,106.1,62.4,2069,80.33,Baixo
MUN_124,Cabo Frio,RJ,44,15.55,21.63,88.61,25.93,0.364,0.56,200.5,2576026,106.1,62.4,1310,50.87,Baixo
MUN_124,Cabo Frio,RJ,45,22.99,30.67,75.3,0.29,0.364,0.0,200.5,2576026,106.1,62.4,1645,63.87,Baixo
MUN_124,Cabo Frio,RJ,46,20.58,28.87,55.03,64.37,0.348,0.0,200.5,2576026,106.1,62.4,2849,110.6,Baixo
MUN_124,Cabo Frio,RJ,47,23.41,28.84,25.49,3.01,0.46,1.56,200.5,2576026,106.1,62.4,1710,66.39,Baixo
MUN_124,Cabo Frio,RJ,48,27.15,34.27,72.34,5.9,0.451,0.98,200.5,2576026,106.1,62.4,5525,214.48,Medio
MUN_124,Cabo Frio,RJ,49,21.71,26.84,75.7,15.34,0.225,0.0,200.5,2576026,106.1,62.4,3459,134.28,Baixo
MUN_124,Cabo Frio,RJ,50,24.0,29.22,55.31,15.81,0.213,3.47,200.5,2576026,106.1,62.4,4296,166.79,Medio
MUN_125,Lages,SC,1,24.01,27.99,68.06,0.14,0.36,2.54,80.8,1245502,28.3,49.6,1251,100.45,Baixo
MUN_125,Lages,SC,2,25.25,35.26,61.11,17.43,0.467,2.67,80.8,1245502,28.3,49.6,2505,201.16,Medio
MUN_125,Lages,SC,3,16.03,22.16,45.46,9.79,0.394,2.87,80.8,1245502,28.3,49.6,781,62.75,Baixo
MUN_125,Lages,SC,4,24.89,28.17,48.9,4.68,0.194,1.83,80.8,1245502,28.3,49.6,1181,94.85,Baixo
MUN_125,Lages,SC,5,21.82,31.41,56.7,9.33,0.134,0.16,80.8,1245502,28.3,49.6,0,0.0,Baixo
MUN_125,Lages,SC,6,23.49,25.71,64.44,23.62,0.203,0.61,80.8,1245502,28.3,49.6,1686,135.4,Baixo
MUN_125,Lages,SC,7,23.69,26.35,69.19,65.11,0.476,2.52,80.8,1245502,28.3,49.6,1927,154.76,Baixo
MUN_125,Lages,SC,8,28.38,30.76,60.58,23.81,0.373,0.19,80.8,1245502,28.3,49.6,2648,212.66,Medio
MUN_125,Lages,SC,9,19.0,27.35,73.71,5.08,0.302,3.35,80.8,1245502,28.3,49.6,1042,83.72,Baixo
MUN_125,Lages,SC,10,23.72,27.72,47.49,6.42,0.443,5.71,80.8,1245502,28.3,49.6,1238,99.45,Baixo
MUN_125,Lages,SC,11,25.66,32.79,85.72,151.71,0.423,9.32,80.8,1245502,28.3,49.6,4022,322.95,Alto
MUN_125,Lages,SC,12,28.39,38.4,69.03,70.18,0.38,7.11,80.8,1245502,28.3,49.6,3573,286.95,Alto
MUN_125,Lages,SC,13,31.13,41.2,70.79,87.06,0.462,0.13,80.8,1245502,28.3,49.6,4812,386.43,Alto
MUN_125,Lages,SC,14,26.73,31.86,85.72,28.71,0.691,1.51,80.8,1245502,28.3,49.6,4203,337.5,Alto
MUN_125,Lages,SC,15,26.27,34.19,80.01,300.0,0.526,28.54,80.8,1245502,28.3,49.6,4977,399.63,Alto
MUN_125,Lages,SC,16,28.68,36.21,73.11,3.76,0.593,4.34,80.8,1245502,28.3,49.6,2158,173.27,Medio
MUN_125,Lages,SC,17,27.12,36.57,63.81,3.88,0.592,3.48,80.8,1245502,28.3,49.6,3252,261.13,Alto
MUN_125,Lages,SC,18,18.87,25.31,100.0,83.14,0.646,7.11,80.8,1245502,28.3,49.6,4346,348.94,Alto
MUN_125,Lages,SC,19,23.08,25.27,65.6,211.89,0.729,11.89,80.8,1245502,28.3,49.6,3070,246.52,Medio
MUN_125,Lages,SC,20,32.94,37.7,92.1,5.55,0.464,3.11,80.8,1245502,28.3,49.6,3373,270.83,Alto
MUN_125,Lages,SC,21,31.07,40.08,64.45,185.57,0.589,11.24,80.8,1245502,28.3,49.6,4372,351.03,Alto
MUN_125,Lages,SC,22,27.78,31.96,77.35,78.48,0.513,0.0,80.8,1245502,28.3,49.6,2404,193.09,Medio
MUN_125,Lages,SC,23,24.24,27.22,75.92,64.8,0.588,2.48,80.8,1245502,28.3,49.6,4197,337.01,Alto
MUN_125,Lages,SC,24,26.42,29.61,70.81,25.18,0.581,0.0,80.8,1245502,28.3,49.6,2635,211.6,Medio
MUN_125,Lages,SC,25,24.0,28.71,83.55,28.9,0.327,0.0,80.8,1245502,28.3,49.6,3022,242.71,Medio
MUN_125,Lages,SC,26,22.62,29.75,79.35,287.7,0.343,17.8,80.8,1245502,28.3,49.6,4132,331.8,Alto
MUN_125,Lages,SC,27,16.36,21.7,62.01,16.87,0.426,6.52,80.8,1245502,28.3,49.6,2453,196.98,Medio
MUN_125,Lages,SC,28,19.81,28.42,58.35,54.4,0.088,8.53,80.8,1245502,28.3,49.6,2759,221.54,Medio
MUN_125,Lages,SC,29,11.33,14.86,49.87,34.98,0.34,11.29,80.8,1245502,28.3,49.6,741,59.5,Baixo
MUN_125,Lages,SC,30,22.38,25.78,58.98,8.21,0.415,0.0,80.8,1245502,28.3,49.6,2091,167.96,Medio
MUN_125,Lages,SC,31,16.07,24.24,45.9,11.79,0.37,0.0,80.8,1245502,28.3,49.6,679,54.58,Baixo
MUN_125,Lages,SC,32,17.2,26.27,78.37,0.96,0.25,0.0,80.8,1245502,28.3,49.6,465,37.39,Baixo
MUN_125,Lages,SC,33,18.86,28.51,57.73,9.53,0.371,0.88,80.8,1245502,28.3,49.6,1506,120.96,Baixo
MUN_125,Lages,SC,34,23.1,31.83,51.92,62.27,0.469,0.0,80.8,1245502,28.3,49.6,1885,151.36,Baixo
MUN_125,Lages,SC,35,22.89,33.36,71.84,8.83,0.344,1.24,80.8,1245502,28.3,49.6,2677,214.94,Medio
MUN_125,Lages,SC,36,21.94,28.47,79.14,9.45,0.377,0.0,80.8,1245502,28.3,49.6,2052,164.78,Medio
MUN_125,Lages,SC,37,19.31,23.37,66.01,1.8,0.184,0.0,80.8,1245502,28.3,49.6,1706,137.04,Baixo
MUN_125,Lages,SC,38,23.26,27.23,48.23,11.99,0.378,5.64,80.8,1245502,28.3,49.6,2099,168.56,Medio
MUN_125,Lages,SC,39,20.41,24.88,62.03,17.4,0.421,0.0,80.8,1245502,28.3,49.6,1439,115.57,Baixo
MUN_125,Lages,SC,40,20.84,29.86,66.62,7.45,0.386,2.52,80.8,1245502,28.3,49.6,2407,193.27,Medio
MUN_125,Lages,SC,41,21.67,26.3,56.99,0.52,0.497,2.53,80.8,1245502,28.3,49.6,1108,89.0,Baixo
MUN_125,Lages,SC,42,26.4,30.09,56.14,21.41,0.317,6.21,80.8,1245502,28.3,49.6,658,52.89,Baixo
MUN_125,Lages,SC,43,16.36,23.19,36.64,23.84,0.392,0.9,80.8,1245502,28.3,49.6,912,73.24,Baixo
MUN_125,Lages,SC,44,18.23,27.91,55.12,16.89,0.258,3.25,80.8,1245502,28.3,49.6,1583,127.13,Baixo
MUN_125,Lages,SC,45,20.09,26.43,54.47,0.67,0.204,0.0,80.8,1245502,28.3,49.6,763,61.28,Baixo
MUN_125,Lages,SC,46,22.62,31.46,61.61,28.74,0.387,7.09,80.8,1245502,28.3,49.6,1410,113.27,Baixo
MUN_125,Lages,SC,47,18.93,22.56,74.68,8.14,0.205,0.0,80.8,1245502,28.3,49.6,2061,165.5,Medio
MUN_125,Lages,SC,48,26.3,34.53,61.98,0.06,0.643,4.14,80.8,1245502,28.3,49.6,1848,148.39,Baixo
MUN_125,Lages,SC,49,18.02,22.99,84.73,22.24,0.281,6.99,80.8,1245502,28.3,49.6,2694,216.34,Medio
MUN_125,Lages,SC,50,12.82,22.47,58.43,5.12,0.328,3.09,80.8,1245502,28.3,49.6,1129,90.71,Baixo
MUN_126,Itabuna,BA,1,24.06,26.13,88.79,2.43,0.22,0.0,116.4,2222614,26.2,33.8,1115,50.2,Baixo
MUN_126,Itabuna,BA,2,31.16,34.2,57.75,35.35,0.32,9.38,116.4,2222614,26.2,33.8,4743,213.44,Medio
MUN_126,Itabuna,BA,3,23.83,29.9,45.5,1.94,0.428,2.0,116.4,2222614,26.2,33.8,3324,149.56,Baixo
MUN_126,Itabuna,BA,4,20.99,31.42,71.06,2.86,0.103,0.0,116.4,2222614,26.2,33.8,1238,55.72,Baixo
MUN_126,Itabuna,BA,5,23.95,31.49,70.8,18.02,0.466,4.68,116.4,2222614,26.2,33.8,5281,237.62,Medio
MUN_126,Itabuna,BA,6,22.32,32.34,78.29,16.13,0.278,8.07,116.4,2222614,26.2,33.8,2813,126.58,Baixo
MUN_126,Itabuna,BA,7,25.9,28.12,74.38,45.19,0.294,1.76,116.4,2222614,26.2,33.8,5554,249.93,Alto
MUN_126,Itabuna,BA,8,23.43,32.1,76.13,118.24,0.24,0.29,116.4,2222614,26.2,33.8,6221,279.92,Alto
MUN_126,Itabuna,BA,9,25.26,33.87,99.22,6.34,0.583,3.64,116.4,2222614,26.2,33.8,7195,323.74,Alto
MUN_126,Itabuna,BA,10,28.86,37.27,77.35,6.06,0.221,1.44,116.4,2222614,26.2,33.8,1796,80.81,Baixo
MUN_126,Itabuna,BA,11,32.76,42.04,70.33,62.04,0.658,7.72,116.4,2222614,26.2,33.8,8591,386.54,Alto
MUN_126,Itabuna,BA,12,35.36,42.82,77.03,17.45,0.23,5.71,116.4,2222614,26.2,33.8,4566,205.47,Medio
MUN_126,Itabuna,BA,13,27.81,35.61,56.79,300.0,0.607,22.02,116.4,2222614,26.2,33.8,5296,238.32,Medio
MUN_126,Itabuna,BA,14,31.62,33.82,64.27,22.6,0.492,0.0,116.4,2222614,26.2,33.8,4897,220.33,Medio
MUN_126,Itabuna,BA,15,26.55,30.53,67.63,107.32,0.393,5.07,116.4,2222614,26.2,33.8,6831,307.35,Alto
MUN_126,Itabuna,BA,16,26.82,34.56,95.29,216.27,0.594,17.33,116.4,2222614,26.2,33.8,8305,373.69,Alto
MUN_126,Itabuna,BA,17,28.55,31.49,70.88,148.92,0.479,4.9,116.4,2222614,26.2,33.8,9341,420.3,Alto
MUN_126,Itabuna,BA,18,29.33,39.79,98.99,15.11,0.516,5.49,116.4,2222614,26.2,33.8,5488,246.94,Medio
MUN_126,Itabuna,BA,19,35.91,38.86,73.46,82.84,0.497,12.84,116.4,2222614,26.2,33.8,8324,374.52,Alto
MUN_126,Itabuna,BA,20,30.85,35.19,79.75,0.13,0.649,7.57,116.4,2222614,26.2,33.8,6614,297.6,Alto
MUN_126,Itabuna,BA,21,27.4,30.97,62.09,104.53,0.726,5.52,116.4,2222614,26.2,33.8,5652,254.31,Alto
MUN_126,Itabuna,BA,22,32.66,39.5,91.49,111.9,0.569,9.47,116.4,2222614,26.2,33.8,9821,441.89,Alto
MUN_126,Itabuna,BA,23,30.07,39.07,73.18,5.96,0.7,0.0,116.4,2222614,26.2,33.8,4652,209.34,Medio
MUN_126,Itabuna,BA,24,32.91,39.58,89.98,1.28,0.528,0.13,116.4,2222614,26.2,33.8,4913,221.08,Medio
MUN_126,Itabuna,BA,25,28.4,32.53,63.93,34.25,0.445,12.3,116.4,2222614,26.2,33.8,6230,280.32,Alto
MUN_126,Itabuna,BA,26,28.38,37.9,86.51,27.15,0.451,3.44,116.4,2222614,26.2,33.8,6312,284.02,Alto
MUN_126,Itabuna,BA,27,21.41,25.38,93.02,38.81,0.56,11.11,116.4,2222614,26.2,33.8,2857,128.56,Baixo
MUN_126,Itabuna,BA,28,26.05,32.49,62.41,5.59,0.316,1.56,116.4,2222614,26.2,33.8,4318,194.32,Medio
MUN_126,Itabuna,BA,29,21.59,31.65,65.31,7.11,0.283,5.26,116.4,2222614,26.2,33.8,4112,185.01,Medio
MUN_126,Itabuna,BA,30,20.41,28.28,22.31,2.52,0.1,0.0,116.4,2222614,26.2,33.8,0,0.0,Baixo
MUN_126,Itabuna,BA,31,23.79,29.84,28.96,15.05,0.304,0.0,116.4,2222614,26.2,33.8,2997,134.87,Baixo
MUN_126,Itabuna,BA,32,16.16,20.25,44.2,3.47,0.038,0.0,116.4,2222614,26.2,33.8,2114,95.12,Baixo
MUN_126,Itabuna,BA,33,28.71,35.36,33.93,9.19,0.158,3.43,116.4,2222614,26.2,33.8,290,13.09,Baixo
MUN_126,Itabuna,BA,34,26.91,30.56,75.38,2.65,0.164,8.05,116.4,2222614,26.2,33.8,3018,135.82,Baixo
MUN_126,Itabuna,BA,35,22.98,27.17,67.95,37.19,0.315,0.11,116.4,2222614,26.2,33.8,1169,52.63,Baixo
MUN_126,Itabuna,BA,36,29.93,32.38,57.92,28.87,0.03,3.89,116.4,2222614,26.2,33.8,860,38.7,Baixo
MUN_126,Itabuna,BA,37,22.61,30.28,53.36,5.29,0.48,0.0,116.4,2222614,26.2,33.8,538,24.23,Baixo
MUN_126,Itabuna,BA,38,19.92,25.21,60.46,8.42,0.5,0.0,116.4,2222614,26.2,33.8,650,29.26,Baixo
MUN_126,Itabuna,BA,39,24.01,29.36,61.11,11.41,0.428,2.83,116.4,2222614,26.2,33.8,4421,198.93,Medio
MUN_126,Itabuna,BA,40,24.89,31.48,48.19,9.24,0.23,13.69,116.4,2222614,26.2,33.8,3357,151.06,Baixo
MUN_126,Itabuna,BA,41,22.85,32.34,44.79,16.29,0.287,0.0,116.4,2222614,26.2,33.8,3967,178.49,Medio
MUN_126,Itabuna,BA,42,23.05,32.69,60.07,53.37,0.216,6.83,116.4,2222614,26.2,33.8,3886,174.87,Medio
MUN_126,Itabuna,BA,43,23.17,25.43,67.78,1.43,0.425,5.38,116.4,2222614,26.2,33.8,3034,136.51,Baixo
MUN_126,Itabuna,BA,44,23.71,31.69,47.68,26.27,0.286,0.0,116.4,2222614,26.2,33.8,4173,187.77,Medio
MUN_126,Itabuna,BA,45,31.11,40.67,69.33,3.28,0.233,0.0,116.4,2222614,26.2,33.8,5316,239.19,Medio
MUN_126,Itabuna,BA,46,25.86,29.12,52.89,4.4,0.343,0.0,116.4,2222614,26.2,33.8,356,16.03,Baixo
MUN_126,Itabuna,BA,47,25.99,33.87,64.48,5.37,0.441,1.79,116.4,2222614,26.2,33.8,995,44.79,Baixo
MUN_126,Itabuna,BA,48,25.15,28.6,37.87,0.44,0.185,0.0,116.4,2222614,26.2,33.8,3944,177.45,Medio
MUN_126,Itabuna,BA,49,26.02,33.81,49.72,0.77,0.425,4.34,116.4,2222614,26.2,33.8,2578,116.02,Baixo
MUN_126,Itabuna,BA,50,21.02,29.61,85.79,18.4,0.343,3.73,116.4,2222614,26.2,33.8,3485,156.83,Medio
MUN_127,Teófilo Otoni,MG,1,18.47,22.02,62.12,10.94,0.318,0.0,733.6,1477960,151.4,64.8,767,51.92,Baixo
MUN_127,Teófilo Otoni,MG,2,12.87,21.12,57.64,41.67,0.068,0.0,733.6,1477960,151.4,64.8,1393,94.27,Baixo
MUN_127,Teófilo Otoni,MG,3,18.68,25.13,67.3,0.6,0.199,2.07,733.6,1477960,151.4,64.8,2390,161.74,Medio
MUN_127,Teófilo Otoni,MG,4,19.16,22.39,40.0,9.43,0.521,3.93,733.6,1477960,151.4,64.8,1827,123.65,Baixo
MUN_127,Teófilo Otoni,MG,5,17.51,20.87,68.43,1.47,0.366,10.71,733.6,1477960,151.4,64.8,1709,115.7,Baixo
MUN_127,Teófilo Otoni,MG,6,23.18,28.24,70.81,4.83,0.581,0.0,733.6,1477960,151.4,64.8,3215,217.58,Medio
MUN_127,Teófilo Otoni,MG,7,19.19,25.14,57.78,95.25,0.357,8.92,733.6,1477960,151.4,64.8,4361,295.11,Alto
MUN_127,Teófilo Otoni,MG,8,23.55,32.5,57.82,31.24,0.43,10.54,733.6,1477960,151.4,64.8,3117,210.96,Medio
MUN_127,Teófilo Otoni,MG,9,29.09,37.26,78.9,29.35,0.441,5.42,733.6,1477960,151.4,64.8,4537,307.0,Alto
MUN_127,Teófilo Otoni,MG,10,19.58,24.19,49.71,61.6,0.656,0.4,733.6,1477960,151.4,64.8,1971,133.42,Baixo
MUN_127,Teófilo Otoni,MG,11,26.86,31.81,90.38,83.45,0.646,6.53,733.6,1477960,151.4,64.8,5158,349.04,Alto
MUN_127,Teófilo Otoni,MG,12,25.5,28.92,83.58,12.02,0.377,4.09,733.6,1477960,151.4,64.8,3201,216.62,Medio
MUN_127,Teófilo Otoni,MG,13,26.2,34.1,81.12,37.75,0.73,0.35,733.6,1477960,151.4,64.8,4869,329.48,Alto
MUN_127,Teófilo Otoni,MG,14,17.61,21.69,74.88,90.54,0.875,7.5,733.6,1477960,151.4,64.8,3564,241.18,Medio
MUN_127,Teófilo Otoni,MG,15,27.6,32.15,76.52,20.98,0.56,0.31,733.6,1477960,151.4,64.8,2637,178.45,Medio
MUN_127,Teófilo Otoni,MG,16,24.37,29.99,74.31,10.9,0.431,0.0,733.6,1477960,151.4,64.8,3139,212.42,Medio
MUN_127,Teófilo Otoni,MG,17,26.76,35.29,62.71,31.21,0.575,11.37,733.6,1477960,151.4,64.8,2467,166.93,Medio
MUN_127,Teófilo Otoni,MG,18,26.38,31.1,77.51,115.89,0.659,11.51,733.6,1477960,151.4,64.8,5044,341.3,Alto
MUN_127,Teófilo Otoni,MG,19,26.61,33.03,54.18,31.55,0.429,0.44,733.6,1477960,151.4,64.8,4003,270.9,Alto
MUN_127,Teófilo Otoni,MG,20,29.77,39.71,81.44,9.86,0.557,4.59,733.6,1477960,151.4,64.8,4659,315.28,Alto
MUN_127,Teófilo Otoni,MG,21,26.01,32.34,87.76,236.83,0.693,17.93,733.6,1477960,151.4,64.8,6463,437.33,Alto
MUN_127,Teófilo Otoni,MG,22,16.45,18.92,86.17,62.98,0.659,8.47,733.6,1477960,151.4,64.8,4329,292.91,Alto
MUN_127,Teófilo Otoni,MG,23,17.69,25.08,81.48,53.27,0.349,8.38,733.6,1477960,151.4,64.8,3109,210.37,Medio
MUN_127,Teófilo Otoni,MG,24,19.33,22.96,90.08,5.38,0.573,0.0,733.6,1477960,151.4,64.8,3567,241.35,Medio
MUN_127,Teófilo Otoni,MG,25,21.39,26.51,85.75,204.17,0.536,17.19,733.6,1477960,151.4,64.8,3167,214.34,Medio
MUN_127,Teófilo Otoni,MG,26,23.55,32.15,60.51,10.55,0.418,4.98,733.6,1477960,151.4,64.8,2402,162.53,Medio
MUN_127,Teófilo Otoni,MG,27,16.89,20.39,75.93,18.9,0.495,0.0,733.6,1477960,151.4,64.8,2400,162.45,Medio
MUN_127,Teófilo Otoni,MG,28,18.75,22.36,54.19,12.14,0.376,7.08,733.6,1477960,151.4,64.8,3142,212.63,Medio
MUN_127,Teófilo Otoni,MG,29,10.0,18.9,70.76,28.4,0.469,9.32,733.6,1477960,151.4,64.8,3338,225.9,Medio
MUN_127,Teófilo Otoni,MG,30,18.96,24.67,47.75,8.01,0.323,0.46,733.6,1477960,151.4,64.8,1906,128.99,Baixo
MUN_127,Teófilo Otoni,MG,31,19.43,29.93,86.74,20.45,0.063,2.8,733.6,1477960,151.4,64.8,2502,169.3,Medio
MUN_127,Teófilo Otoni,MG,32,20.26,23.06,56.43,11.84,0.316,5.65,733.6,1477960,151.4,64.8,2427,164.25,Medio
MUN_127,Teófilo Otoni,MG,33,17.17,20.27,63.05,2.43,0.337,0.36,733.6,1477960,151.4,64.8,1306,88.38,Baixo
MUN_127,Teófilo Otoni,MG,34,17.11,20.77,58.26,3.03,0.356,0.0,733.6,1477960,151.4,64.8,3015,204.0,Medio
MUN_127,Teófilo Otoni,MG,35,17.34,25.86,66.63,3.23,0.295,0.0,733.6,1477960,151.4,64.8,3075,208.08,Medio
MUN_127,Teófilo Otoni,MG,36,22.02,25.23,63.37,4.75,0.331,0.51,733.6,1477960,151.4,64.8,1596,107.99,Baixo
MUN_127,Teófilo Otoni,MG,37,20.29,24.33,65.38,5.27,0.179,2.98,733.6,1477960,151.4,64.8,2733,184.96,Medio
MUN_127,Teófilo Otoni,MG,38,14.47,22.64,56.2,4.4,0.441,11.15,733.6,1477960,151.4,64.8,2379,160.98,Medio
MUN_127,Teófilo Otoni,MG,39,16.31,21.13,58.38,7.31,0.391,1.72,733.6,1477960,151.4,64.8,2743,185.66,Medio
MUN_127,Teófilo Otoni,MG,40,16.39,22.15,54.09,20.97,0.299,0.0,733.6,1477960,151.4,64.8,111,7.54,Baixo
MUN_127,Teófilo Otoni,MG,41,25.0,32.1,23.9,9.01,0.389,0.35,733.6,1477960,151.4,64.8,2304,155.95,Baixo
MUN_127,Teófilo Otoni,MG,42,18.26,26.03,74.27,30.63,0.239,3.13,733.6,1477960,151.4,64.8,2342,158.51,Medio
MUN_127,Teófilo Otoni,MG,43,24.8,33.54,64.06,2.75,0.18,1.44,733.6,1477960,151.4,64.8,1738,117.65,Baixo
MUN_127,Teófilo Otoni,MG,44,16.23,24.36,53.02,44.27,0.148,0.0,733.6,1477960,151.4,64.8,1874,126.8,Baixo
MUN_127,Teófilo Otoni,MG,45,19.97,26.11,77.24,10.44,0.341,0.0,733.6,1477960,151.4,64.8,3005,203.36,Medio
MUN_127,Teófilo Otoni,MG,46,17.53,26.0,62.0,60.59,0.44,3.19,733.6,1477960,151.4,64.8,1262,85.41,Baixo
MUN_127,Teófilo Otoni,MG,47,15.56,20.3,55.34,19.36,0.376,3.02,733.6,1477960,151.4,64.8,1078,72.98,Baixo
MUN_127,Teófilo Otoni,MG,48,15.07,20.93,58.17,33.0,0.434,4.45,733.6,1477960,151.4,64.8,1763,119.35,Baixo
MUN_127,Teófilo Otoni,MG,49,10.0,14.25,41.91,15.52,0.185,14.15,733.6,1477960,151.4,64.8,1412,95.59,Baixo
MUN_127,Teófilo Otoni,MG,50,16.32,21.86,55.4,8.14,0.378,3.16,733.6,1477960,151.4,64.8,1317,89.13,Baixo
MUN_128,Arapiraca,AL,1,27.63,33.61,58.69,37.87,0.442,0.0,17.3,2153221,121.1,56.2,5877,272.96,Alto
MUN_128,Arapiraca,AL,2,20.68,27.57,69.0,5.03,0.373,7.2,17.3,2153221,121.1,56.2,4957,230.25,Medio
MUN_128,Arapiraca,AL,3,26.85,29.33,41.58,5.38,0.404,0.0,17.3,2153221,121.1,56.2,4880,226.65,Medio
MUN_128,Arapiraca,AL,4,19.9,27.67,65.31,3.7,0.188,1.71,17.3,2153221,121.1,56.2,3166,147.05,Baixo
MUN_128,Arapiraca,AL,5,30.19,34.28,36.44,5.14,0.229,0.0,17.3,2153221,121.1,56.2,2808,130.45,Baixo
MUN_128,Arapiraca,AL,6,29.02,31.28,48.68,8.49,0.2,4.51,17.3,2153221,121.1,56.2,5232,243.03,Medio
MUN_128,Arapiraca,AL,7,24.66,28.67,77.92,57.25,0.198,0.0,17.3,2153221,121.1,56.2,7850,364.58,Alto
MUN_128,Arapiraca,AL,8,32.2,41.73,49.86,4.77,0.539,4.89,17.3,2153221,121.1,56.2,3943,183.15,Medio
MUN_128,Arapiraca,AL,9,33.54,42.3,69.0,57.6,0.452,10.37,17.3,2153221,121.1,56.2,6096,283.12,Alto
MUN_128,Arapiraca,AL,10,35.03,37.2,61.43,115.1,0.325,7.31,17.3,2153221,121.1,56.2,8733,405.6,Alto
MUN_128,Arapiraca,AL,11,29.76,37.16,72.2,300.0,0.376,28.54,17.3,2153221,121.1,56.2,6049,280.93,Alto
MUN_128,Arapiraca,AL,12,31.18,34.41,54.12,60.06,0.553,0.0,17.3,2153221,121.1,56.2,7030,326.51,Alto
MUN_128,Arapiraca,AL,13,27.31,30.84,61.7,13.94,0.494,1.19,17.3,2153221,121.1,56.2,4403,204.5,Medio
MUN_128,Arapiraca,AL,14,34.56,42.42,61.19,25.52,0.653,8.28,17.3,2153221,121.1,56.2,6129,284.65,Alto
MUN_128,Arapiraca,AL,15,30.99,38.35,72.79,26.36,0.77,4.57,17.3,2153221,121.1,56.2,7251,336.77,Alto
MUN_128,Arapiraca,AL,16,33.82,42.76,100.0,37.48,0.625,5.85,17.3,2153221,121.1,56.2,9177,426.2,Alto
MUN_128,Arapiraca,AL,17,34.36,36.62,78.96,38.16,0.751,8.34,17.3,2153221,121.1,56.2,6361,295.43,Alto
MUN_128,Arapiraca,AL,18,34.21,44.23,74.26,197.5,0.673,16.32,17.3,2153221,121.1,56.2,9958,462.49,Alto
MUN_128,Arapiraca,AL,19,38.38,44.4,64.46,38.22,0.584,0.0,17.3,2153221,121.1,56.2,9512,441.8,Alto
MUN_128,Arapiraca,AL,20,33.1,36.21,83.2,9.17,0.407,0.0,17.3,2153221,121.1,56.2,6944,322.54,Alto
MUN_128,Arapiraca,AL,21,26.07,30.89,81.15,211.38,0.603,16.11,17.3,2153221,121.1,56.2,8320,386.42,Alto
MUN_128,Arapiraca,AL,22,38.02,41.4,53.41,40.49,0.408,4.95,17.3,2153221,121.1,56.2,7231,335.85,Alto
MUN_128,Arapiraca,AL,23,35.95,40.87,79.21,60.35,0.494,12.33,17.3,2153221,121.1,56.2,10003,464.6,Alto
MUN_128,Arapiraca,AL,24,21.46,24.54,96.37,6.26,0.414,0.0,17.3,2153221,121.1,56.2,7602,353.06,Alto
MUN_128,Arapiraca,AL,25,28.99,38.76,63.61,56.29,0.459,3.05,17.3,2153221,121.1,56.2,7652,355.38,Alto
MUN_128,Arapiraca,AL,26,25.23,29.15,68.55,18.6,0.516,1.83,17.3,2153221,121.1,56.2,6775,314.69,Alto
MUN_128,Arapiraca,AL,27,29.31,32.56,50.25,25.4,0.506,5.31,17.3,2153221,121.1,56.2,4910,228.04,Medio
MUN_128,Arapiraca,AL,28,26.69,30.8,78.72,1.15,0.338,0.0,17.3,2153221,121.1,56.2,2835,131.67,Baixo
MUN_128,Arapiraca,AL,29,26.07,29.77,58.38,54.87,0.363,17.62,17.3,2153221,121.1,56.2,5488,254.88,Alto
MUN_128,Arapiraca,AL,30,21.4,27.71,46.78,3.58,0.137,2.61,17.3,2153221,121.1,56.2,2348,109.07,Baixo
MUN_128,Arapiraca,AL,31,27.61,32.38,55.81,2.72,0.552,6.2,17.3,2153221,121.1,56.2,2396,111.3,Baixo
MUN_128,Arapiraca,AL,32,25.64,34.07,66.36,3.23,0.214,6.24,17.3,2153221,121.1,56.2,4157,193.08,Medio
MUN_128,Arapiraca,AL,33,20.47,24.7,63.94,14.0,0.483,3.69,17.3,2153221,121.1,56.2,3831,177.93,Medio
MUN_128,Arapiraca,AL,34,22.65,32.71,48.5,2.67,0.23,0.0,17.3,2153221,121.1,56.2,2890,134.22,Baixo
MUN_128,Arapiraca,AL,35,28.24,31.5,62.77,2.73,0.382,1.79,17.3,2153221,121.1,56.2,5352,248.6,Alto
MUN_128,Arapiraca,AL,36,25.89,35.6,59.87,0.61,0.409,0.0,17.3,2153221,121.1,56.2,4542,210.96,Medio
MUN_128,Arapiraca,AL,37,15.62,22.18,60.72,4.54,0.25,1.81,17.3,2153221,121.1,56.2,824,38.28,Baixo
MUN_128,Arapiraca,AL,38,28.67,38.33,61.82,5.33,0.213,4.62,17.3,2153221,121.1,56.2,1729,80.31,Baixo
MUN_128,Arapiraca,AL,39,24.24,27.61,49.16,3.66,0.397,0.8,17.3,2153221,121.1,56.2,3952,183.57,Medio
MUN_128,Arapiraca,AL,40,26.54,34.82,65.53,12.72,0.14,2.5,17.3,2153221,121.1,56.2,6693,310.87,Alto
MUN_128,Arapiraca,AL,41,25.88,35.68,61.52,11.13,0.224,0.0,17.3,2153221,121.1,56.2,5315,246.85,Medio
MUN_128,Arapiraca,AL,42,29.25,34.14,80.86,5.89,0.202,8.89,17.3,2153221,121.1,56.2,7251,336.79,Alto
MUN_128,Arapiraca,AL,43,24.25,30.68,93.83,5.0,0.238,0.0,17.3,2153221,121.1,56.2,6038,280.42,Alto
MUN_128,Arapiraca,AL,44,22.91,27.07,77.22,19.99,0.357,0.92,17.3,2153221,121.1,56.2,5757,267.37,Alto
MUN_128,Arapiraca,AL,45,30.51,37.48,79.9,5.85,0.479,5.27,17.3,2153221,121.1,56.2,6836,317.49,Alto
MUN_128,Arapiraca,AL,46,22.86,27.98,53.03,1.04,0.404,3.12,17.3,2153221,121.1,56.2,7011,325.64,Alto
MUN_128,Arapiraca,AL,47,31.45,41.21,64.28,6.7,0.171,3.15,17.3,2153221,121.1,56.2,3325,154.45,Baixo
MUN_128,Arapiraca,AL,48,25.76,32.56,43.14,14.12,0.305,5.61,17.3,2153221,121.1,56.2,3275,152.1,Baixo
MUN_128,Arapiraca,AL,49,28.66,32.02,59.19,28.6,0.453,8.38,17.3,2153221,121.1,56.2,5074,235.68,Medio
MUN_128,Arapiraca,AL,50,25.16,35.06,32.71,0.06,0.332,0.57,17.3,2153221,121.1,56.2,4415,205.06,Medio
MUN_129,Eunápolis,BA,1,23.76,25.97,58.13,31.58,0.03,4.92,60.9,2490072,64.4,69.5,3425,137.58,Baixo
MUN_129,Eunápolis,BA,2,22.74,33.22,46.39,3.81,0.148,0.0,60.9,2490072,64.4,69.5,1966,78.96,Baixo
MUN_129,Eunápolis,BA,3,22.19,26.72,49.72,10.29,0.278,0.0,60.9,2490072,64.4,69.5,623,25.02,Baixo
MUN_129,Eunápolis,BA,4,20.17,24.55,55.71,13.05,0.271,0.78,60.9,2490072,64.4,69.5,3334,133.93,Baixo
MUN_129,Eunápolis,BA,5,26.68,33.38,61.13,14.46,0.371,2.14,60.9,2490072,64.4,69.5,3361,134.98,Baixo
MUN_129,Eunápolis,BA,6,26.53,28.65,87.29,5.7,0.49,1.51,60.9,2490072,64.4,69.5,6704,269.24,Alto
MUN_129,Eunápolis,BA,7,29.5,36.72,89.24,25.98,0.425,1.07,60.9,2490072,64.4,69.5,7521,302.04,Alto
MUN_129,Eunápolis,BA,8,23.71,28.13,70.0,31.99,0.381,1.39,60.9,2490072,64.4,69.5,7637,306.73,Alto
MUN_129,Eunápolis,BA,9,29.26,39.09,80.15,95.43,0.706,2.14,60.9,2490072,64.4,69.5,5203,208.97,Medio
MUN_129,Eunápolis,BA,10,30.82,41.12,79.57,43.77,0.358,0.0,60.9,2490072,64.4,69.5,3332,133.85,Baixo
MUN_129,Eunápolis,BA,11,33.17,39.1,100.0,3.28,0.446,1.77,60.9,2490072,64.4,69.5,8427,338.43,Alto
MUN_129,Eunápolis,BA,12,34.47,43.47,93.63,123.8,0.438,21.45,60.9,2490072,64.4,69.5,5695,228.71,Medio
MUN_129,Eunápolis,BA,13,30.96,40.62,75.84,240.8,0.447,19.57,60.9,2490072,64.4,69.5,9801,393.61,Alto
MUN_129,Eunápolis,BA,14,33.81,41.86,70.49,1.35,0.469,3.68,60.9,2490072,64.4,69.5,4836,194.22,Medio
MUN_129,Eunápolis,BA,15,39.22,41.84,88.94,14.08,0.571,0.0,60.9,2490072,64.4,69.5,8503,341.51,Alto
MUN_129,Eunápolis,BA,16,29.0,36.77,97.2,14.6,0.556,8.26,60.9,2490072,64.4,69.5,6434,258.41,Alto
MUN_129,Eunápolis,BA,17,32.87,35.79,67.54,66.42,0.812,6.4,60.9,2490072,64.4,69.5,8753,351.54,Alto
MUN_129,Eunápolis,BA,18,31.91,37.21,56.55,24.18,0.586,1.89,60.9,2490072,64.4,69.5,6628,266.18,Alto
MUN_129,Eunápolis,BA,19,30.92,40.52,71.35,255.31,0.844,16.98,60.9,2490072,64.4,69.5,6458,259.39,Alto
MUN_129,Eunápolis,BA,20,29.48,32.34,100.0,6.27,0.746,7.85,60.9,2490072,64.4,69.5,7212,289.67,Alto
MUN_129,Eunápolis,BA,21,31.93,36.87,81.79,26.8,0.429,0.0,60.9,2490072,64.4,69.5,8470,340.17,Alto
MUN_129,Eunápolis,BA,22,30.58,37.16,80.38,40.53,0.441,2.38,60.9,2490072,64.4,69.5,5456,219.13,Medio
MUN_129,Eunápolis,BA,23,27.89,30.54,62.93,169.76,0.278,3.26,60.9,2490072,64.4,69.5,6199,248.96,Alto
MUN_129,Eunápolis,BA,24,30.37,32.77,66.32,33.74,0.701,1.93,60.9,2490072,64.4,69.5,7013,281.64,Alto
MUN_129,Eunápolis,BA,25,27.29,36.98,88.91,66.56,0.382,2.28,60.9,2490072,64.4,69.5,9331,374.75,Alto
MUN_129,Eunápolis,BA,26,25.53,29.73,50.9,2.3,0.489,0.0,60.9,2490072,64.4,69.5,7905,317.47,Alto
MUN_129,Eunápolis,BA,27,26.55,30.05,47.11,18.16,0.505,5.8,60.9,2490072,64.4,69.5,5332,214.15,Medio
MUN_129,Eunápolis,BA,28,26.14,29.33,62.79,33.01,0.312,6.73,60.9,2490072,64.4,69.5,5632,226.19,Medio
MUN_129,Eunápolis,BA,29,22.0,31.44,70.28,51.32,0.27,3.85,60.9,2490072,64.4,69.5,3659,146.95,Baixo
MUN_129,Eunápolis,BA,30,26.77,29.18,49.06,35.21,0.165,0.0,60.9,2490072,64.4,69.5,3780,151.82,Baixo
MUN_129,Eunápolis,BA,31,24.7,29.5,50.92,9.98,0.154,0.1,60.9,2490072,64.4,69.5,2646,106.3,Baixo
MUN_129,Eunápolis,BA,32,25.46,30.54,55.52,31.0,0.386,5.12,60.9,2490072,64.4,69.5,6091,244.64,Medio
MUN_129,Eunápolis,BA,33,27.87,31.92,52.79,7.58,0.364,2.29,60.9,2490072,64.4,69.5,1073,43.13,Baixo
MUN_129,Eunápolis,BA,34,20.64,22.64,77.63,7.29,0.516,3.22,60.9,2490072,64.4,69.5,2178,87.48,Baixo
MUN_129,Eunápolis,BA,35,16.48,21.62,52.99,12.09,0.468,0.0,60.9,2490072,64.4,69.5,2333,93.7,Baixo
MUN_129,Eunápolis,BA,36,24.44,27.85,80.86,11.82,0.342,0.0,60.9,2490072,64.4,69.5,2601,104.48,Baixo
MUN_129,Eunápolis,BA,37,20.75,29.02,58.9,4.01,0.313,6.16,60.9,2490072,64.4,69.5,1532,61.55,Baixo
MUN_129,Eunápolis,BA,38,26.29,33.06,53.78,7.89,0.349,3.42,60.9,2490072,64.4,69.5,5749,230.91,Medio
MUN_129,Eunápolis,BA,39,30.2,33.67,47.3,30.26,0.35,0.31,60.9,2490072,64.4,69.5,3892,156.31,Baixo
MUN_129,Eunápolis,BA,40,30.63,37.97,43.27,12.58,0.437,2.51,60.9,2490072,64.4,69.5,3461,139.0,Baixo
MUN_129,Eunápolis,BA,41,30.11,32.62,68.28,8.09,0.426,0.0,60.9,2490072,64.4,69.5,4271,171.53,Medio
MUN_129,Eunápolis,BA,42,21.9,29.05,50.04,8.4,0.325,0.0,60.9,2490072,64.4,69.5,4226,169.75,Medio
MUN_129,Eunápolis,BA,43,27.74,33.91,88.28,12.39,0.436,5.89,60.9,2490072,64.4,69.5,1998,80.26,Baixo
MUN_129,Eunápolis,BA,44,21.6,31.59,51.25,3.06,0.276,4.05,60.9,2490072,64.4,69.5,6768,271.83,Alto
MUN_129,Eunápolis,BA,45,23.1,30.09,56.11,4.91,0.353,0.97,60.9,2490072,64.4,69.5,3446,138.41,Baixo
MUN_129,Eunápolis,BA,46,27.64,30.47,58.12,4.5,0.463,0.0,60.9,2490072,64.4,69.5,5321,213.71,Medio
MUN_129,Eunápolis,BA,47,28.99,34.3,47.99,0.23,0.327,0.87,60.9,2490072,64.4,69.5,4862,195.28,Medio
MUN_129,Eunápolis,BA,48,29.18,32.23,60.21,2.88,0.253,8.11,60.9,2490072,64.4,69.5,5707,229.2,Medio
MUN_129,Eunápolis,BA,49,26.02,36.5,44.34,20.06,0.13,7.89,60.9,2490072,64.4,69.5,3656,146.85,Baixo
MUN_129,Eunápolis,BA,50,26.7,36.52,62.01,0.82,0.321,7.43,60.9,2490072,64.4,69.5,3682,147.87,Baixo
MUN_130,Parnaíba,PI,1,24.68,27.61,50.54,5.29,0.514,0.02,122.4,892522,531.7,37.0,1199,134.34,Baixo
MUN_130,Parnaíba,PI,2,24.92,34.43,67.27,56.97,0.297,8.86,122.4,892522,531.7,37.0,2021,226.48,Medio
MUN_130,Parnaíba,PI,3,29.24,31.62,56.63,50.16,0.34,4.33,122.4,892522,531.7,37.0,1646,184.45,Medio
MUN_130,Parnaíba,PI,4,26.14,31.27,57.16,4.88,0.435,0.86,122.4,892522,531.7,37.0,1807,202.48,Medio
MUN_130,Parnaíba,PI,5,24.59,29.1,75.11,26.2,0.294,1.02,122.4,892522,531.7,37.0,1437,161.11,Medio
MUN_130,Parnaíba,PI,6,34.99,37.11,85.51,217.92,0.279,13.49,122.4,892522,531.7,37.0,3897,436.73,Alto
MUN_130,Parnaíba,PI,7,24.09,28.88,73.07,1.11,0.399,0.0,122.4,892522,531.7,37.0,2146,240.52,Medio
MUN_130,Parnaíba,PI,8,29.34,39.39,56.58,54.25,0.524,2.91,122.4,892522,531.7,37.0,2902,325.16,Alto
MUN_130,Parnaíba,PI,9,27.39,33.36,79.01,60.94,0.404,12.36,122.4,892522,531.7,37.0,4001,448.31,Alto
MUN_130,Parnaíba,PI,10,23.97,31.35,66.91,82.0,0.611,15.96,122.4,892522,531.7,37.0,2402,269.22,Alto
MUN_130,Parnaíba,PI,11,25.96,28.56,90.22,2.34,0.657,6.35,122.4,892522,531.7,37.0,2616,293.13,Alto
MUN_130,Parnaíba,PI,12,33.07,35.96,98.36,117.48,0.418,5.97,122.4,892522,531.7,37.0,4357,488.2,Alto
MUN_130,Parnaíba,PI,13,27.75,33.95,94.04,157.14,0.57,8.04,122.4,892522,531.7,37.0,4010,449.33,Alto
MUN_130,Parnaíba,PI,14,32.46,41.59,74.77,10.21,0.631,7.86,122.4,892522,531.7,37.0,3188,357.28,Alto
MUN_130,Parnaíba,PI,15,35.07,45.51,77.08,47.7,0.52,0.0,122.4,892522,531.7,37.0,4307,482.63,Alto
MUN_130,Parnaíba,PI,16,33.26,39.97,64.74,68.4,0.927,10.37,122.4,892522,531.7,37.0,3241,363.21,Alto
MUN_130,Parnaíba,PI,17,36.56,39.03,86.19,254.67,0.497,18.25,122.4,892522,531.7,37.0,3291,368.76,Alto
MUN_130,Parnaíba,PI,18,34.07,43.17,70.13,24.7,0.649,3.32,122.4,892522,531.7,37.0,2916,326.81,Alto
MUN_130,Parnaíba,PI,19,36.74,39.39,80.04,66.18,0.422,0.0,122.4,892522,531.7,37.0,3179,356.19,Alto
MUN_130,Parnaíba,PI,20,38.21,44.62,77.93,74.6,0.528,14.09,122.4,892522,531.7,37.0,3927,440.03,Alto
MUN_130,Parnaíba,PI,21,32.85,36.62,100.0,91.42,0.672,5.96,122.4,892522,531.7,37.0,3747,419.93,Alto
MUN_130,Parnaíba,PI,22,30.79,35.23,68.12,84.88,0.263,5.81,122.4,892522,531.7,37.0,2456,275.22,Alto
MUN_130,Parnaíba,PI,23,26.42,31.19,91.37,61.74,0.477,2.74,122.4,892522,531.7,37.0,2672,299.45,Alto
MUN_130,Parnaíba,PI,24,34.59,43.0,86.47,72.31,0.561,5.61,122.4,892522,531.7,37.0,3053,342.07,Alto
MUN_130,Parnaíba,PI,25,28.45,30.74,87.16,8.38,0.658,0.0,122.4,892522,531.7,37.0,3301,369.9,Alto
MUN_130,Parnaíba,PI,26,31.47,36.29,62.12,81.86,0.586,3.4,122.4,892522,531.7,37.0,2745,307.65,Alto
MUN_130,Parnaíba,PI,27,25.16,32.55,58.45,16.54,0.44,1.2,122.4,892522,531.7,37.0,2432,272.49,Alto
MUN_130,Parnaíba,PI,28,30.97,34.52,59.27,2.66,0.296,0.0,122.4,892522,531.7,37.0,2007,224.94,Medio
MUN_130,Parnaíba,PI,29,28.09,31.83,77.13,2.49,0.511,5.6,122.4,892522,531.7,37.0,1350,151.3,Baixo
MUN_130,Parnaíba,PI,30,28.64,35.48,69.33,11.04,0.219,4.46,122.4,892522,531.7,37.0,2657,297.71,Alto
MUN_130,Parnaíba,PI,31,18.34,20.66,64.03,24.07,0.45,2.47,122.4,892522,531.7,37.0,2249,252.08,Alto
MUN_130,Parnaíba,PI,32,25.67,34.47,56.21,8.09,0.184,7.84,122.4,892522,531.7,37.0,1589,178.09,Medio
MUN_130,Parnaíba,PI,33,28.0,31.11,61.18,12.29,0.386,8.06,122.4,892522,531.7,37.0,2315,259.4,Alto
MUN_130,Parnaíba,PI,34,29.36,35.31,69.29,1.18,0.178,7.35,122.4,892522,531.7,37.0,3101,347.5,Alto
MUN_130,Parnaíba,PI,35,17.43,26.02,61.35,9.22,0.366,4.88,122.4,892522,531.7,37.0,1361,152.52,Baixo
MUN_130,Parnaíba,PI,36,28.93,35.63,54.6,10.57,0.373,6.07,122.4,892522,531.7,37.0,962,107.8,Baixo
MUN_130,Parnaíba,PI,37,29.63,40.09,61.43,8.9,0.251,4.26,122.4,892522,531.7,37.0,1527,171.2,Medio
MUN_130,Parnaíba,PI,38,23.05,25.97,66.67,6.21,0.147,0.0,122.4,892522,531.7,37.0,1324,148.42,Baixo
MUN_130,Parnaíba,PI,39,25.1,31.02,52.63,10.99,0.386,0.0,122.4,892522,531.7,37.0,1851,207.4,Medio
MUN_130,Parnaíba,PI,40,23.5,25.84,71.05,17.83,0.364,0.0,122.4,892522,531.7,37.0,2838,318.06,Alto
MUN_130,Parnaíba,PI,41,20.91,31.1,60.74,6.05,0.299,0.29,122.4,892522,531.7,37.0,2292,256.89,Alto
MUN_130,Parnaíba,PI,42,21.41,26.44,49.48,1.61,0.32,3.41,122.4,892522,531.7,37.0,2673,299.57,Alto
MUN_130,Parnaíba,PI,43,27.62,35.56,68.57,21.21,0.314,0.84,122.4,892522,531.7,37.0,3171,355.37,Alto
MUN_130,Parnaíba,PI,44,26.79,36.52,65.18,15.52,0.214,4.43,122.4,892522,531.7,37.0,3343,374.66,Alto
MUN_130,Parnaíba,PI,45,23.39,32.67,63.78,1.7,0.355,4.83,122.4,892522,531.7,37.0,1874,210.06,Medio
MUN_130,Parnaíba,PI,46,23.32,29.83,41.11,13.11,0.412,4.63,122.4,892522,531.7,37.0,1674,187.66,Medio
MUN_130,Parnaíba,PI,47,18.66,25.55,91.08,9.78,0.471,0.16,122.4,892522,531.7,37.0,1414,158.43,Medio
MUN_130,Parnaíba,PI,48,23.48,25.75,63.57,4.27,0.23,0.0,122.4,892522,531.7,37.0,1933,216.62,Medio
MUN_130,Parnaíba,PI,49,20.54,26.79,61.83,3.26,0.142,1.84,122.4,892522,531.7,37.0,1780,199.47,Medio
MUN_130,Parnaíba,PI,50,25.85,33.43,49.84,0.02,0.17,3.08,122.4,892522,531.7,37.0,1585,177.67,Medio
MUN_131,Crato,CE,1,21.96,25.62,67.07,0.71,0.318,5.68,38.6,2243573,69.6,88.8,0,0.0,Baixo
MUN_131,Crato,CE,2,28.7,30.75,74.55,15.75,0.337,0.0,38.6,2243573,69.6,88.8,2900,129.27,Baixo
MUN_131,Crato,CE,3,25.75,32.09,50.53,16.5,0.385,1.62,38.6,2243573,69.6,88.8,1346,60.01,Baixo
MUN_131,Crato,CE,4,21.9,24.0,64.85,13.86,0.312,5.88,38.6,2243573,69.6,88.8,2936,130.88,Baixo
MUN_131,Crato,CE,5,30.78,35.73,70.51,9.07,0.521,0.0,38.6,2243573,69.6,88.8,4662,207.83,Medio
MUN_131,Crato,CE,6,24.7,27.33,49.04,23.55,0.539,1.58,38.6,2243573,69.6,88.8,2697,120.24,Baixo
MUN_131,Crato,CE,7,24.78,33.04,60.73,21.03,0.393,0.0,38.6,2243573,69.6,88.8,1749,77.98,Baixo
MUN_131,Crato,CE,8,27.14,31.04,76.39,12.09,0.445,0.0,38.6,2243573,69.6,88.8,6560,292.42,Alto
MUN_131,Crato,CE,9,25.46,30.32,53.21,50.69,0.193,5.74,38.6,2243573,69.6,88.8,6018,268.25,Alto
MUN_131,Crato,CE,10,26.65,36.4,85.73,2.06,0.521,2.82,38.6,2243573,69.6,88.8,1819,81.08,Baixo
MUN_131,Crato,CE,11,29.52,35.16,78.62,300.0,0.375,16.02,38.6,2243573,69.6,88.8,6104,272.11,Alto
MUN_131,Crato,CE,12,28.97,33.72,66.65,51.98,0.538,3.73,38.6,2243573,69.6,88.8,5918,263.8,Alto
MUN_131,Crato,CE,13,34.99,37.97,77.06,173.32,0.584,10.62,38.6,2243573,69.6,88.8,8484,378.15,Alto
MUN_131,Crato,CE,14,30.74,36.49,71.53,112.94,0.503,7.41,38.6,2243573,69.6,88.8,4712,210.05,Medio
MUN_131,Crato,CE,15,32.38,42.64,95.74,6.51,0.662,0.61,38.6,2243573,69.6,88.8,7668,341.8,Alto
MUN_131,Crato,CE,16,32.36,38.13,79.05,11.13,0.627,7.59,38.6,2243573,69.6,88.8,1920,85.59,Baixo
MUN_131,Crato,CE,17,30.85,37.37,84.77,124.68,0.64,10.27,38.6,2243573,69.6,88.8,4416,196.86,Medio
MUN_131,Crato,CE,18,27.75,35.93,80.3,10.37,0.645,8.03,38.6,2243573,69.6,88.8,4652,207.39,Medio
MUN_131,Crato,CE,19,33.64,39.71,66.86,30.29,0.605,4.32,38.6,2243573,69.6,88.8,5997,267.34,Alto
MUN_131,Crato,CE,20,27.81,38.04,70.19,140.25,0.482,8.05,38.6,2243573,69.6,88.8,6039,269.21,Alto
MUN_131,Crato,CE,21,31.31,40.4,84.77,64.52,0.61,2.58,38.6,2243573,69.6,88.8,6159,274.52,Alto
MUN_131,Crato,CE,22,31.0,40.27,56.24,6.55,0.799,5.53,38.6,2243573,69.6,88.8,1979,88.23,Baixo
MUN_131,Crato,CE,23,38.11,40.57,85.4,116.0,0.325,0.0,38.6,2243573,69.6,88.8,8676,386.72,Alto
MUN_131,Crato,CE,24,30.32,36.54,66.16,156.05,0.509,22.63,38.6,2243573,69.6,88.8,10182,453.86,Alto
MUN_131,Crato,CE,25,27.16,34.67,62.33,32.25,0.137,1.98,38.6,2243573,69.6,88.8,4043,180.21,Medio
MUN_131,Crato,CE,26,22.64,30.7,76.96,63.9,0.351,0.0,38.6,2243573,69.6,88.8,4698,209.42,Medio
MUN_131,Crato,CE,27,30.94,37.2,69.45,26.54,0.23,0.54,38.6,2243573,69.6,88.8,3938,175.56,Medio
MUN_131,Crato,CE,28,31.33,38.11,67.82,41.8,0.157,0.0,38.6,2243573,69.6,88.8,5196,231.63,Medio
MUN_131,Crato,CE,29,25.62,27.91,43.83,25.33,0.294,3.29,38.6,2243573,69.6,88.8,3937,175.51,Medio
MUN_131,Crato,CE,30,22.54,27.53,39.69,0.05,0.154,4.6,38.6,2243573,69.6,88.8,1631,72.7,Baixo
MUN_131,Crato,CE,31,28.55,35.18,58.4,2.56,0.298,1.09,38.6,2243573,69.6,88.8,2852,127.15,Baixo
MUN_131,Crato,CE,32,29.95,39.0,68.08,6.04,0.353,0.0,38.6,2243573,69.6,88.8,1640,73.13,Baixo
MUN_131,Crato,CE,33,27.37,33.46,77.96,3.48,0.214,10.66,38.6,2243573,69.6,88.8,1927,85.92,Baixo
MUN_131,Crato,CE,34,25.53,35.1,64.33,16.22,0.147,1.94,38.6,2243573,69.6,88.8,2968,132.3,Baixo
MUN_131,Crato,CE,35,25.8,31.9,52.38,0.11,0.249,1.24,38.6,2243573,69.6,88.8,2893,128.97,Baixo
MUN_131,Crato,CE,36,24.93,33.58,82.5,23.16,0.291,0.0,38.6,2243573,69.6,88.8,2548,113.61,Baixo
MUN_131,Crato,CE,37,24.23,27.74,78.54,9.7,0.418,0.0,38.6,2243573,69.6,88.8,3144,140.14,Baixo
MUN_131,Crato,CE,38,30.34,37.74,57.83,0.02,0.131,0.0,38.6,2243573,69.6,88.8,5555,247.64,Medio
MUN_131,Crato,CE,39,26.86,35.67,44.1,2.41,0.438,0.56,38.6,2243573,69.6,88.8,1558,69.46,Baixo
MUN_131,Crato,CE,40,30.38,33.45,50.04,6.41,0.205,2.76,38.6,2243573,69.6,88.8,3940,175.65,Medio
MUN_131,Crato,CE,41,25.46,31.99,54.5,9.51,0.377,2.94,38.6,2243573,69.6,88.8,4651,207.33,Medio
MUN_131,Crato,CE,42,26.14,32.55,71.37,0.91,0.573,3.25,38.6,2243573,69.6,88.8,6278,279.84,Alto
MUN_131,Crato,CE,43,26.87,35.78,68.76,2.87,0.156,3.23,38.6,2243573,69.6,88.8,5105,227.57,Medio
MUN_131,Crato,CE,44,27.87,34.36,41.71,3.89,0.138,1.63,38.6,2243573,69.6,88.8,1093,48.76,Baixo
MUN_131,Crato,CE,45,23.13,31.03,44.93,19.82,0.249,0.0,38.6,2243573,69.6,88.8,0,0.0,Baixo
MUN_131,Crato,CE,46,17.74,23.36,78.22,22.17,0.129,0.0,38.6,2243573,69.6,88.8,2791,124.43,Baixo
MUN_131,Crato,CE,47,20.44,30.21,53.15,1.11,0.337,0.0,38.6,2243573,69.6,88.8,349,15.57,Baixo
MUN_131,Crato,CE,48,27.82,32.39,53.9,0.05,0.466,1.57,38.6,2243573,69.6,88.8,4530,201.95,Medio
MUN_131,Crato,CE,49,24.1,31.9,49.88,1.27,0.319,0.0,38.6,2243573,69.6,88.8,3155,140.64,Baixo
MUN_131,Crato,CE,50,16.13,21.76,51.66,21.91,0.302,3.28,38.6,2243573,69.6,88.8,1820,81.16,Baixo
MUN_132,Maracanaú,CE,1,27.36,29.97,61.63,11.52,0.16,3.98,37.4,892557,37.8,14.9,824,92.32,Baixo
MUN_132,Maracanaú,CE,2,25.68,35.75,37.81,17.44,0.35,2.0,37.4,892557,37.8,14.9,1932,216.55,Medio
MUN_132,Maracanaú,CE,3,27.12,30.99,89.2,6.59,0.409,0.1,37.4,892557,37.8,14.9,1501,168.26,Medio
MUN_132,Maracanaú,CE,4,23.68,27.09,52.61,13.51,0.28,0.0,37.4,892557,37.8,14.9,726,81.44,Baixo
MUN_132,Maracanaú,CE,5,19.61,26.01,43.77,5.5,0.546,9.38,37.4,892557,37.8,14.9,0,0.0,Baixo
MUN_132,Maracanaú,CE,6,31.0,41.11,69.84,61.36,0.288,6.87,37.4,892557,37.8,14.9,1625,182.15,Medio
MUN_132,Maracanaú,CE,7,31.54,36.61,60.36,60.62,0.365,6.63,37.4,892557,37.8,14.9,1890,211.8,Medio
MUN_132,Maracanaú,CE,8,30.46,33.88,84.92,22.97,0.479,0.0,37.4,892557,37.8,14.9,2215,248.17,Medio
MUN_132,Maracanaú,CE,9,24.9,33.26,78.82,3.34,0.436,0.0,37.4,892557,37.8,14.9,2262,253.48,Alto
MUN_132,Maracanaú,CE,10,36.08,43.71,75.02,58.87,0.597,14.75,37.4,892557,37.8,14.9,3589,402.17,Alto
MUN_132,Maracanaú,CE,11,27.59,30.68,94.86,70.0,0.721,7.82,37.4,892557,37.8,14.9,2510,281.3,Alto
MUN_132,Maracanaú,CE,12,32.1,35.57,52.92,269.35,0.739,21.98,37.4,892557,37.8,14.9,2294,257.02,Alto
MUN_132,Maracanaú,CE,13,34.12,44.2,98.48,63.72,0.533,3.09,37.4,892557,37.8,14.9,3087,345.92,Alto
MUN_132,Maracanaú,CE,14,33.98,40.73,72.46,42.33,0.663,6.36,37.4,892557,37.8,14.9,3549,397.66,Alto
MUN_132,Maracanaú,CE,15,33.31,42.87,94.01,24.7,0.551,5.85,37.4,892557,37.8,14.9,2935,328.88,Alto
MUN_132,Maracanaú,CE,16,30.59,38.59,90.13,28.66,0.602,4.27,37.4,892557,37.8,14.9,3799,425.69,Alto
MUN_132,Maracanaú,CE,17,36.86,39.53,77.07,46.88,0.459,4.46,37.4,892557,37.8,14.9,2670,299.19,Alto
MUN_132,Maracanaú,CE,18,26.06,36.12,71.35,8.66,0.441,0.0,37.4,892557,37.8,14.9,2434,272.71,Alto
MUN_132,Maracanaú,CE,19,28.41,38.22,94.27,157.71,0.523,9.43,37.4,892557,37.8,14.9,3208,359.49,Alto
MUN_132,Maracanaú,CE,20,29.14,38.58,99.8,179.85,0.507,10.7,37.4,892557,37.8,14.9,4462,500.0,Alto
MUN_132,Maracanaú,CE,21,33.57,40.28,66.91,53.87,0.455,0.0,37.4,892557,37.8,14.9,2172,243.38,Medio
MUN_132,Maracanaú,CE,22,30.02,32.98,66.11,1.9,0.404,2.92,37.4,892557,37.8,14.9,3179,356.24,Alto
MUN_132,Maracanaú,CE,23,30.0,39.56,65.11,64.09,0.549,8.67,37.4,892557,37.8,14.9,3585,401.75,Alto
MUN_132,Maracanaú,CE,24,34.96,43.59,80.74,64.55,0.183,0.89,37.4,892557,37.8,14.9,2396,268.46,Alto
MUN_132,Maracanaú,CE,25,35.42,41.18,68.26,45.07,0.354,5.32,37.4,892557,37.8,14.9,1714,192.08,Medio
MUN_132,Maracanaú,CE,26,24.3,32.82,89.78,19.1,0.274,0.0,37.4,892557,37.8,14.9,1893,212.1,Medio
MUN_132,Maracanaú,CE,27,30.85,37.47,70.61,12.71,0.62,0.0,37.4,892557,37.8,14.9,2389,267.75,Alto
MUN_132,Maracanaú,CE,28,24.44,34.21,70.06,66.29,0.347,0.0,37.4,892557,37.8,14.9,1148,128.69,Baixo
MUN_132,Maracanaú,CE,29,27.14,34.97,40.9,44.81,0.3,2.6,37.4,892557,37.8,14.9,2013,225.61,Medio
MUN_132,Maracanaú,CE,30,21.43,25.79,45.98,5.09,0.203,4.95,37.4,892557,37.8,14.9,1198,134.3,Baixo
MUN_132,Maracanaú,CE,31,19.03,22.71,57.69,18.03,0.238,0.0,37.4,892557,37.8,14.9,630,70.65,Baixo
MUN_132,Maracanaú,CE,32,26.0,30.31,50.53,14.29,0.372,0.0,37.4,892557,37.8,14.9,1075,120.45,Baixo
MUN_132,Maracanaú,CE,33,28.64,31.3,48.49,22.43,0.409,7.24,37.4,892557,37.8,14.9,1785,200.01,Medio
MUN_132,Maracanaú,CE,34,25.14,35.51,42.07,5.28,0.446,0.59,37.4,892557,37.8,14.9,1123,125.83,Baixo
MUN_132,Maracanaú,CE,35,25.55,34.61,53.6,19.29,0.325,0.0,37.4,892557,37.8,14.9,1972,220.99,Medio
MUN_132,Maracanaú,CE,36,17.71,23.35,54.45,1.27,0.285,7.96,37.4,892557,37.8,14.9,1662,186.3,Medio
MUN_132,Maracanaú,CE,37,20.54,28.14,45.86,7.36,0.276,10.61,37.4,892557,37.8,14.9,1733,194.18,Medio
MUN_132,Maracanaú,CE,38,20.84,26.71,80.82,7.42,0.291,0.0,37.4,892557,37.8,14.9,1806,202.42,Medio
MUN_132,Maracanaú,CE,39,24.19,30.28,41.19,1.53,0.26,0.38,37.4,892557,37.8,14.9,1537,172.31,Medio
MUN_132,Maracanaú,CE,40,26.61,35.66,35.6,19.74,0.42,0.0,37.4,892557,37.8,14.9,1227,137.49,Baixo
MUN_132,Maracanaú,CE,41,28.26,32.36,79.84,11.01,0.413,8.61,37.4,892557,37.8,14.9,1987,222.72,Medio
MUN_132,Maracanaú,CE,42,21.36,27.3,66.66,0.16,0.223,3.45,37.4,892557,37.8,14.9,1092,122.37,Baixo
MUN_132,Maracanaú,CE,43,29.2,39.45,63.2,21.04,0.472,3.86,37.4,892557,37.8,14.9,2362,264.7,Alto
MUN_132,Maracanaú,CE,44,23.4,25.53,59.19,10.5,0.157,4.38,37.4,892557,37.8,14.9,1177,131.89,Baixo
MUN_132,Maracanaú,CE,45,26.8,33.71,62.1,18.06,0.386,10.56,37.4,892557,37.8,14.9,2701,302.64,Alto
MUN_132,Maracanaú,CE,46,28.1,33.61,71.31,24.48,0.254,3.61,37.4,892557,37.8,14.9,2611,292.59,Alto
MUN_132,Maracanaú,CE,47,20.34,23.42,49.37,1.72,0.33,0.0,37.4,892557,37.8,14.9,2163,242.39,Medio
MUN_132,Maracanaú,CE,48,23.9,33.33,69.08,7.91,0.383,4.57,37.4,892557,37.8,14.9,2712,303.87,Alto
MUN_132,Maracanaú,CE,49,26.25,36.13,66.63,17.66,0.339,0.83,37.4,892557,37.8,14.9,2287,256.28,Alto
MUN_132,Maracanaú,CE,50,24.22,33.87,81.06,6.76,0.199,0.0,37.4,892557,37.8,14.9,2327,260.75,Alto
MUN_133,Itaituba,PA,1,21.4,27.84,74.46,17.82,0.05,2.24,353.1,570677,75.9,53.5,311,54.63,Baixo
MUN_133,Itaituba,PA,2,28.2,30.81,53.14,2.35,0.423,0.89,353.1,570677,75.9,53.5,1115,195.5,Medio
MUN_133,Itaituba,PA,3,25.35,31.83,65.43,8.43,0.167,0.0,353.1,570677,75.9,53.5,832,145.83,Baixo
MUN_133,Itaituba,PA,4,29.33,38.08,48.68,10.86,0.089,0.0,353.1,570677,75.9,53.5,277,48.66,Baixo
MUN_133,Itaituba,PA,5,25.77,32.8,64.53,254.39,0.211,18.66,353.1,570677,75.9,53.5,978,171.46,Medio
MUN_133,Itaituba,PA,6,22.78,25.55,72.15,18.3,0.466,3.51,353.1,570677,75.9,53.5,812,142.33,Baixo
MUN_133,Itaituba,PA,7,24.48,29.73,72.47,120.62,0.514,15.93,353.1,570677,75.9,53.5,1081,189.54,Medio
MUN_133,Itaituba,PA,8,25.53,33.54,57.38,36.58,0.451,6.58,353.1,570677,75.9,53.5,847,148.55,Baixo
MUN_133,Itaituba,PA,9,27.51,34.29,100.0,30.89,0.591,6.41,353.1,570677,75.9,53.5,1403,245.88,Medio
MUN_133,Itaituba,PA,10,28.17,37.18,77.16,163.4,0.373,4.27,353.1,570677,75.9,53.5,1259,220.7,Medio
MUN_133,Itaituba,PA,11,30.19,40.29,80.34,4.59,0.701,4.67,353.1,570677,75.9,53.5,1254,219.75,Medio
MUN_133,Itaituba,PA,12,28.13,32.97,86.21,63.75,0.55,5.61,353.1,570677,75.9,53.5,1534,268.89,Alto
MUN_133,Itaituba,PA,13,25.6,27.87,73.48,300.0,0.655,26.69,353.1,570677,75.9,53.5,1820,319.09,Alto
MUN_133,Itaituba,PA,14,33.55,40.4,95.91,151.99,0.49,17.63,353.1,570677,75.9,53.5,1825,319.86,Alto
MUN_133,Itaituba,PA,15,30.16,38.7,64.27,65.71,0.525,0.0,353.1,570677,75.9,53.5,1461,256.06,Alto
MUN_133,Itaituba,PA,16,33.89,38.94,83.81,200.96,0.653,9.4,353.1,570677,75.9,53.5,2327,407.81,Alto
MUN_133,Itaituba,PA,17,29.88,38.15,79.58,56.47,0.433,0.24,353.1,570677,75.9,53.5,1855,325.06,Alto
MUN_133,Itaituba,PA,18,38.44,46.0,79.97,57.57,0.441,3.38,353.1,570677,75.9,53.5,1751,306.97,Alto
MUN_133,Itaituba,PA,19,30.91,38.2,86.98,44.86,0.602,8.38,353.1,570677,75.9,53.5,1656,290.22,Alto
MUN_133,Itaituba,PA,20,37.58,46.0,76.79,275.19,0.569,19.42,353.1,570677,75.9,53.5,2363,414.12,Alto
MUN_133,Itaituba,PA,21,32.72,42.55,67.11,47.3,0.656,1.46,353.1,570677,75.9,53.5,1344,235.51,Medio
MUN_133,Itaituba,PA,22,30.81,39.64,85.35,97.08,0.474,4.57,353.1,570677,75.9,53.5,1598,280.17,Alto
MUN_133,Itaituba,PA,23,26.65,32.28,74.49,40.42,0.586,4.24,353.1,570677,75.9,53.5,814,142.64,Baixo
MUN_133,Itaituba,PA,24,32.56,36.96,64.12,19.35,0.508,0.0,353.1,570677,75.9,53.5,1010,177.08,Medio
MUN_133,Itaituba,PA,25,28.2,30.95,58.73,44.89,0.632,8.61,353.1,570677,75.9,53.5,1382,242.19,Medio
MUN_133,Itaituba,PA,26,30.27,33.33,85.16,111.21,0.491,5.16,353.1,570677,75.9,53.5,1872,328.07,Alto
MUN_133,Itaituba,PA,27,25.07,34.39,65.04,98.41,0.543,21.28,353.1,570677,75.9,53.5,1866,327.08,Alto
MUN_133,Itaituba,PA,28,27.56,30.18,73.34,205.0,0.29,18.62,353.1,570677,75.9,53.5,2025,354.85,Alto
MUN_133,Itaituba,PA,29,26.09,29.73,58.73,100.59,0.512,8.92,353.1,570677,75.9,53.5,2258,395.76,Alto
MUN_133,Itaituba,PA,30,22.39,28.55,69.05,5.47,0.365,0.0,353.1,570677,75.9,53.5,678,118.94,Baixo
MUN_133,Itaituba,PA,31,25.87,35.28,71.19,1.52,0.324,0.0,353.1,570677,75.9,53.5,1059,185.72,Medio
MUN_133,Itaituba,PA,32,16.61,25.35,74.94,54.44,0.328,7.69,353.1,570677,75.9,53.5,1612,282.59,Alto
MUN_133,Itaituba,PA,33,26.93,35.15,85.36,48.25,0.272,3.52,353.1,570677,75.9,53.5,1240,217.39,Medio
MUN_133,Itaituba,PA,34,26.76,33.41,71.78,18.44,0.492,4.15,353.1,570677,75.9,53.5,1315,230.53,Medio
MUN_133,Itaituba,PA,35,23.12,29.34,47.67,5.0,0.253,0.0,353.1,570677,75.9,53.5,480,84.24,Baixo
MUN_133,Itaituba,PA,36,21.89,25.01,51.86,57.6,0.179,0.06,353.1,570677,75.9,53.5,1521,266.7,Alto
MUN_133,Itaituba,PA,37,19.65,22.4,47.58,10.5,0.184,9.28,353.1,570677,75.9,53.5,1040,182.36,Medio
MUN_133,Itaituba,PA,38,22.52,24.52,38.66,9.53,0.05,0.63,353.1,570677,75.9,53.5,251,44.15,Baixo
MUN_133,Itaituba,PA,39,25.38,34.04,68.56,9.11,0.18,6.5,353.1,570677,75.9,53.5,1304,228.66,Medio
MUN_133,Itaituba,PA,40,29.06,35.38,81.65,5.62,0.349,0.0,353.1,570677,75.9,53.5,1293,226.65,Medio
MUN_133,Itaituba,PA,41,22.4,29.45,71.98,2.02,0.03,0.0,353.1,570677,75.9,53.5,831,145.66,Baixo
MUN_133,Itaituba,PA,42,31.9,41.5,67.64,31.81,0.215,5.57,353.1,570677,75.9,53.5,1757,308.01,Alto
MUN_133,Itaituba,PA,43,25.52,35.77,52.93,35.59,0.239,0.0,353.1,570677,75.9,53.5,1179,206.65,Medio
MUN_133,Itaituba,PA,44,23.31,28.03,45.87,2.54,0.25,0.33,353.1,570677,75.9,53.5,1140,199.85,Medio
MUN_133,Itaituba,PA,45,18.33,22.54,69.41,31.66,0.441,1.16,353.1,570677,75.9,53.5,882,154.6,Baixo
MUN_133,Itaituba,PA,46,30.48,37.48,64.39,28.11,0.283,0.0,353.1,570677,75.9,53.5,335,58.72,Baixo
MUN_133,Itaituba,PA,47,27.86,37.48,39.64,1.53,0.213,3.68,353.1,570677,75.9,53.5,177,31.14,Baixo
MUN_133,Itaituba,PA,48,22.5,26.97,51.99,65.58,0.374,2.45,353.1,570677,75.9,53.5,1047,183.58,Medio
MUN_133,Itaituba,PA,49,20.64,24.35,51.02,5.52,0.28,0.0,353.1,570677,75.9,53.5,722,126.65,Baixo
MUN_133,Itaituba,PA,50,14.12,16.14,45.91,23.93,0.223,6.92,353.1,570677,75.9,53.5,361,63.32,Baixo
MUN_134,Altamira,PA,1,23.99,29.73,55.04,15.4,0.281,0.0,45.0,2926818,221.4,70.7,7004,239.33,Medio
MUN_134,Altamira,PA,2,30.52,38.9,38.9,3.59,0.35,0.0,45.0,2926818,221.4,70.7,8534,291.6,Alto
MUN_134,Altamira,PA,3,26.91,31.75,55.62,26.86,0.609,0.0,45.0,2926818,221.4,70.7,5127,175.18,Medio
MUN_134,Altamira,PA,4,23.88,29.62,63.14,11.23,0.297,0.0,45.0,2926818,221.4,70.7,3849,131.51,Baixo
MUN_134,Altamira,PA,5,22.88,32.84,61.27,45.77,0.402,2.29,45.0,2926818,221.4,70.7,8364,285.78,Alto
MUN_134,Altamira,PA,6,34.56,38.42,70.51,0.01,0.334,0.0,45.0,2926818,221.4,70.7,9287,317.33,Alto
MUN_134,Altamira,PA,7,27.17,35.38,54.84,43.1,0.322,3.99,45.0,2926818,221.4,70.7,6764,231.12,Medio
MUN_134,Altamira,PA,8,31.79,34.11,77.57,284.3,0.46,22.24,45.0,2926818,221.4,70.7,12062,412.15,Alto
MUN_134,Altamira,PA,9,30.38,33.69,75.82,80.52,0.613,2.78,45.0,2926818,221.4,70.7,9674,330.54,Alto
MUN_134,Altamira,PA,10,34.29,37.6,53.26,220.44,0.465,17.26,45.0,2926818,221.4,70.7,12259,418.87,Alto
MUN_134,Altamira,PA,11,28.82,31.75,85.51,119.68,0.594,7.35,45.0,2926818,221.4,70.7,11318,386.72,Alto
MUN_134,Altamira,PA,12,31.86,37.34,88.77,108.65,0.566,7.18,45.0,2926818,221.4,70.7,9158,312.93,Alto
MUN_134,Altamira,PA,13,35.78,40.58,95.75,69.67,0.541,8.47,45.0,2926818,221.4,70.7,12125,414.28,Alto
MUN_134,Altamira,PA,14,29.87,37.05,84.1,34.77,0.518,0.0,45.0,2926818,221.4,70.7,11930,407.61,Alto
MUN_134,Altamira,PA,15,30.62,34.64,89.94,35.25,0.521,8.57,45.0,2926818,221.4,70.7,10043,343.16,Alto
MUN_134,Altamira,PA,16,28.36,36.41,72.82,34.15,0.593,1.59,45.0,2926818,221.4,70.7,7507,256.51,Alto
MUN_134,Altamira,PA,17,32.54,36.19,77.63,300.0,0.592,24.61,45.0,2926818,221.4,70.7,12875,439.93,Alto
MUN_134,Altamira,PA,18,34.0,42.45,79.34,9.68,0.599,2.62,45.0,2926818,221.4,70.7,13216,451.58,Alto
MUN_134,Altamira,PA,19,35.41,41.6,82.0,235.09,0.342,17.71,45.0,2926818,221.4,70.7,11458,391.49,Alto
MUN_134,Altamira,PA,20,34.63,38.86,100.0,241.92,0.541,19.44,45.0,2926818,221.4,70.7,12150,415.15,Alto
MUN_134,Altamira,PA,21,36.1,41.39,63.76,57.39,0.618,14.98,45.0,2926818,221.4,70.7,10514,359.23,Alto
MUN_134,Altamira,PA,22,36.78,42.04,83.56,300.0,0.379,21.13,45.0,2926818,221.4,70.7,14444,493.51,Alto
MUN_134,Altamira,PA,23,37.63,46.0,82.58,1.66,0.577,7.18,45.0,2926818,221.4,70.7,11932,407.69,Alto
MUN_134,Altamira,PA,24,31.5,36.61,99.22,58.58,0.354,6.12,45.0,2926818,221.4,70.7,8636,295.07,Alto
MUN_134,Altamira,PA,25,33.78,37.89,65.09,96.36,0.724,13.03,45.0,2926818,221.4,70.7,10756,367.5,Alto
MUN_134,Altamira,PA,26,25.02,34.64,63.63,88.65,0.495,7.01,45.0,2926818,221.4,70.7,13523,462.06,Alto
MUN_134,Altamira,PA,27,24.31,29.2,55.11,81.72,0.433,2.73,45.0,2926818,221.4,70.7,10707,365.84,Alto
MUN_134,Altamira,PA,28,23.25,28.96,78.88,17.14,0.293,3.02,45.0,2926818,221.4,70.7,7428,253.82,Alto
MUN_134,Altamira,PA,29,26.14,32.28,38.77,173.03,0.14,13.99,45.0,2926818,221.4,70.7,7984,272.81,Alto
MUN_134,Altamira,PA,30,25.07,34.59,83.08,11.32,0.2,0.0,45.0,2926818,221.4,70.7,5289,180.71,Medio
MUN_134,Altamira,PA,31,27.13,33.76,47.71,2.08,0.047,0.71,45.0,2926818,221.4,70.7,5168,176.6,Medio
MUN_134,Altamira,PA,32,31.03,36.18,63.46,48.9,0.248,8.04,45.0,2926818,221.4,70.7,10009,341.98,Alto
MUN_134,Altamira,PA,33,22.5,31.44,66.78,42.21,0.38,5.35,45.0,2926818,221.4,70.7,9431,322.25,Alto
MUN_134,Altamira,PA,34,27.29,37.17,75.4,0.93,0.261,0.0,45.0,2926818,221.4,70.7,8654,295.68,Alto
MUN_134,Altamira,PA,35,30.61,40.83,58.25,23.32,0.587,0.0,45.0,2926818,221.4,70.7,7439,254.18,Alto
MUN_134,Altamira,PA,36,22.83,33.09,42.42,0.08,0.106,3.09,45.0,2926818,221.4,70.7,4662,159.3,Medio
MUN_134,Altamira,PA,37,27.26,29.68,72.16,22.17,0.47,8.58,45.0,2926818,221.4,70.7,8573,292.93,Alto
MUN_134,Altamira,PA,38,35.69,44.67,74.51,6.61,0.461,0.0,45.0,2926818,221.4,70.7,10702,365.68,Alto
MUN_134,Altamira,PA,39,33.02,41.04,73.08,30.34,0.25,4.91,45.0,2926818,221.4,70.7,9490,324.27,Alto
MUN_134,Altamira,PA,40,27.29,37.42,67.92,0.13,0.439,1.58,45.0,2926818,221.4,70.7,9186,313.88,Alto
MUN_134,Altamira,PA,41,23.52,30.77,58.95,11.73,0.293,4.46,45.0,2926818,221.4,70.7,9417,321.77,Alto
MUN_134,Altamira,PA,42,29.5,33.06,48.58,2.2,0.348,3.66,45.0,2926818,221.4,70.7,6362,217.38,Medio
MUN_134,Altamira,PA,43,26.06,34.03,54.32,10.15,0.198,0.0,45.0,2926818,221.4,70.7,7745,264.64,Alto
MUN_134,Altamira,PA,44,25.87,32.11,71.74,18.32,0.359,0.0,45.0,2926818,221.4,70.7,7374,251.96,Alto
MUN_134,Altamira,PA,45,23.0,30.62,83.2,3.12,0.213,0.2,45.0,2926818,221.4,70.7,6502,222.16,Medio
MUN_134,Altamira,PA,46,23.15,27.97,60.56,11.34,0.498,0.0,45.0,2926818,221.4,70.7,6428,219.65,Medio
MUN_134,Altamira,PA,47,27.39,36.08,50.34,23.83,0.2,0.89,45.0,2926818,221.4,70.7,5921,202.32,Medio
MUN_134,Altamira,PA,48,26.34,30.33,52.07,3.38,0.424,9.85,45.0,2926818,221.4,70.7,7229,247.0,Medio
MUN_134,Altamira,PA,49,20.3,27.28,52.48,7.35,0.324,7.2,45.0,2926818,221.4,70.7,8018,273.98,Alto
MUN_134,Altamira,PA,50,25.82,34.54,70.06,16.13,0.182,0.0,45.0,2926818,221.4,70.7,8995,307.35,Alto
MUN_135,Araguaína,TO,1,18.03,25.56,94.12,1.91,0.291,0.0,301.8,2264693,428.0,46.8,3349,147.92,Baixo
MUN_135,Araguaína,TO,2,23.11,29.14,68.14,4.26,0.334,2.08,301.8,2264693,428.0,46.8,3594,158.7,Medio
MUN_135,Araguaína,TO,3,23.94,30.37,44.69,28.95,0.138,7.06,301.8,2264693,428.0,46.8,4691,207.17,Medio
MUN_135,Araguaína,TO,4,21.03,26.59,33.0,55.55,0.268,1.47,301.8,2264693,428.0,46.8,3660,161.63,Medio
MUN_135,Araguaína,TO,5,23.58,32.14,56.61,26.83,0.485,1.52,301.8,2264693,428.0,46.8,3507,154.89,Baixo
MUN_135,Araguaína,TO,6,32.86,42.75,78.01,9.08,0.422,3.14,301.8,2264693,428.0,46.8,4147,183.13,Medio
MUN_135,Araguaína,TO,7,27.98,34.1,62.64,11.23,0.459,1.85,301.8,2264693,428.0,46.8,2987,131.93,Baixo
MUN_135,Araguaína,TO,8,25.21,33.13,79.47,48.53,0.495,10.23,301.8,2264693,428.0,46.8,4747,209.65,Medio
MUN_135,Araguaína,TO,9,27.33,30.24,73.96,35.14,0.312,2.21,301.8,2264693,428.0,46.8,8103,357.8,Alto
MUN_135,Araguaína,TO,10,24.17,26.62,76.77,100.68,0.399,3.6,301.8,2264693,428.0,46.8,6867,303.26,Alto
MUN_135,Araguaína,TO,11,37.15,40.78,100.0,92.46,0.378,4.71,301.8,2264693,428.0,46.8,10620,468.98,Alto
MUN_135,Araguaína,TO,12,35.81,39.77,88.98,136.38,0.766,6.74,301.8,2264693,428.0,46.8,9559,422.11,Alto
MUN_135,Araguaína,TO,13,29.4,35.8,95.06,56.27,0.531,2.48,301.8,2264693,428.0,46.8,8912,393.53,Alto
MUN_135,Araguaína,TO,14,27.16,30.21,100.0,24.15,0.794,0.0,301.8,2264693,428.0,46.8,7020,310.01,Alto
MUN_135,Araguaína,TO,15,25.78,29.43,89.92,177.92,0.496,11.56,301.8,2264693,428.0,46.8,7898,348.78,Alto
MUN_135,Araguaína,TO,16,35.94,39.66,92.32,151.7,0.515,13.31,301.8,2264693,428.0,46.8,7277,321.35,Alto
MUN_135,Araguaína,TO,17,33.28,41.47,91.77,10.69,0.21,0.0,301.8,2264693,428.0,46.8,6938,306.38,Alto
MUN_135,Araguaína,TO,18,29.7,33.15,58.66,18.73,0.766,12.3,301.8,2264693,428.0,46.8,5844,258.07,Alto
MUN_135,Araguaína,TO,19,35.22,40.44,85.35,270.7,0.73,14.36,301.8,2264693,428.0,46.8,10164,448.84,Alto
MUN_135,Araguaína,TO,20,28.71,34.16,81.05,106.55,0.557,1.91,301.8,2264693,428.0,46.8,8533,376.82,Alto
MUN_135,Araguaína,TO,21,33.35,36.26,65.68,64.2,0.701,1.54,301.8,2264693,428.0,46.8,7254,320.35,Alto
MUN_135,Araguaína,TO,22,26.8,30.13,100.0,4.09,0.571,2.64,301.8,2264693,428.0,46.8,5523,243.89,Medio
MUN_135,Araguaína,TO,23,29.65,35.25,89.9,13.55,0.705,10.19,301.8,2264693,428.0,46.8,8171,360.81,Alto
MUN_135,Araguaína,TO,24,22.09,25.62,69.78,0.09,0.594,10.93,301.8,2264693,428.0,46.8,6794,300.01,Alto
MUN_135,Araguaína,TO,25,31.41,36.29,92.23,19.65,0.453,5.31,301.8,2264693,428.0,46.8,7615,336.27,Alto
MUN_135,Araguaína,TO,26,28.42,30.78,67.73,171.55,0.539,19.02,301.8,2264693,428.0,46.8,7540,332.95,Alto
MUN_135,Araguaína,TO,27,25.68,28.21,64.43,36.08,0.569,5.6,301.8,2264693,428.0,46.8,8093,357.39,Alto
MUN_135,Araguaína,TO,28,29.4,36.05,60.64,10.9,0.128,4.56,301.8,2264693,428.0,46.8,5979,264.02,Alto
MUN_135,Araguaína,TO,29,19.36,25.1,77.64,40.24,0.246,6.64,301.8,2264693,428.0,46.8,4895,216.18,Medio
MUN_135,Araguaína,TO,30,24.97,28.39,74.62,7.81,0.158,0.0,301.8,2264693,428.0,46.8,4254,187.85,Medio
MUN_135,Araguaína,TO,31,25.92,34.11,59.37,32.33,0.305,1.87,301.8,2264693,428.0,46.8,6032,266.36,Alto
MUN_135,Araguaína,TO,32,23.27,32.09,62.87,10.08,0.352,0.0,301.8,2264693,428.0,46.8,5500,242.86,Medio
MUN_135,Araguaína,TO,33,18.05,27.9,66.76,25.47,0.353,1.55,301.8,2264693,428.0,46.8,2587,114.25,Baixo
MUN_135,Araguaína,TO,34,23.05,28.66,80.73,6.05,0.228,1.71,301.8,2264693,428.0,46.8,5752,254.02,Alto
MUN_135,Araguaína,TO,35,21.69,25.51,81.91,10.83,0.306,0.03,301.8,2264693,428.0,46.8,5782,255.33,Alto
MUN_135,Araguaína,TO,36,27.61,32.46,67.82,32.5,0.314,1.12,301.8,2264693,428.0,46.8,5357,236.57,Medio
MUN_135,Araguaína,TO,37,23.78,29.21,58.91,7.36,0.286,0.0,301.8,2264693,428.0,46.8,4915,217.04,Medio
MUN_135,Araguaína,TO,38,28.37,33.66,58.43,10.12,0.495,7.32,301.8,2264693,428.0,46.8,5548,245.02,Medio
MUN_135,Araguaína,TO,39,23.51,27.84,57.89,15.43,0.186,0.0,301.8,2264693,428.0,46.8,5736,253.28,Alto
MUN_135,Araguaína,TO,40,26.47,30.59,35.33,1.04,0.386,0.0,301.8,2264693,428.0,46.8,2271,100.31,Baixo
MUN_135,Araguaína,TO,41,24.57,30.41,54.13,14.79,0.161,0.0,301.8,2264693,428.0,46.8,3145,138.88,Baixo
MUN_135,Araguaína,TO,42,26.89,33.72,82.14,14.25,0.199,0.0,301.8,2264693,428.0,46.8,5790,255.7,Alto
MUN_135,Araguaína,TO,43,30.58,41.01,70.01,15.45,0.224,1.6,301.8,2264693,428.0,46.8,5405,238.69,Medio
MUN_135,Araguaína,TO,44,22.11,27.84,55.74,13.96,0.21,6.61,301.8,2264693,428.0,46.8,4530,200.05,Medio
MUN_135,Araguaína,TO,45,23.19,32.78,74.66,4.86,0.419,0.0,301.8,2264693,428.0,46.8,5459,241.07,Medio
MUN_135,Araguaína,TO,46,26.31,34.91,66.04,14.95,0.229,0.0,301.8,2264693,428.0,46.8,4901,216.45,Medio
MUN_135,Araguaína,TO,47,25.17,33.59,57.03,18.75,0.369,10.14,301.8,2264693,428.0,46.8,4497,198.6,Medio
MUN_135,Araguaína,TO,48,22.37,31.98,49.68,35.73,0.403,9.67,301.8,2264693,428.0,46.8,3126,138.04,Baixo
MUN_135,Araguaína,TO,49,26.03,30.11,83.27,49.6,0.185,3.89,301.8,2264693,428.0,46.8,5737,253.35,Alto
MUN_135,Araguaína,TO,50,20.74,23.27,58.42,13.57,0.418,10.72,301.8,2264693,428.0,46.8,2846,125.69,Baixo
MUN_136,Gurupi,TO,1,21.02,28.34,66.17,39.32,0.472,5.06,356.6,2362811,29.6,34.5,878,37.17,Baixo
MUN_136,Gurupi,TO,2,27.45,36.13,75.74,20.55,0.347,3.13,356.6,2362811,29.6,34.5,6053,256.22,Alto
MUN_136,Gurupi,TO,3,19.55,22.26,66.62,7.69,0.227,4.97,356.6,2362811,29.6,34.5,3231,136.78,Baixo
MUN_136,Gurupi,TO,4,21.81,27.35,91.11,1.35,0.095,0.0,356.6,2362811,29.6,34.5,3895,164.85,Medio
MUN_136,Gurupi,TO,5,31.79,38.83,58.74,28.73,0.302,4.73,356.6,2362811,29.6,34.5,8218,347.83,Alto
MUN_136,Gurupi,TO,6,18.6,28.67,48.04,10.24,0.456,0.26,356.6,2362811,29.6,34.5,3693,156.32,Baixo
MUN_136,Gurupi,TO,7,26.4,33.81,88.94,9.06,0.277,6.04,356.6,2362811,29.6,34.5,5075,214.8,Medio
MUN_136,Gurupi,TO,8,23.42,29.39,82.71,39.81,0.359,2.52,356.6,2362811,29.6,34.5,5855,247.84,Medio
MUN_136,Gurupi,TO,9,23.42,30.73,73.26,79.69,0.497,8.88,356.6,2362811,29.6,34.5,6032,255.3,Alto
MUN_136,Gurupi,TO,10,30.74,38.68,64.57,20.99,0.443,7.37,356.6,2362811,29.6,34.5,5873,248.56,Alto
MUN_136,Gurupi,TO,11,28.0,35.37,63.2,47.67,0.237,0.81,356.6,2362811,29.6,34.5,2547,107.82,Baixo
MUN_136,Gurupi,TO,12,28.22,38.26,50.18,39.93,0.74,4.17,356.6,2362811,29.6,34.5,3899,165.04,Medio
MUN_136,Gurupi,TO,13,31.34,40.4,100.0,300.0,0.7,16.8,356.6,2362811,29.6,34.5,7167,303.34,Alto
MUN_136,Gurupi,TO,14,32.82,42.15,90.48,12.71,0.603,0.0,356.6,2362811,29.6,34.5,9868,417.64,Alto
MUN_136,Gurupi,TO,15,28.0,35.96,78.99,20.03,0.508,0.0,356.6,2362811,29.6,34.5,7517,318.14,Alto
MUN_136,Gurupi,TO,16,26.34,36.49,78.23,300.0,0.656,11.55,356.6,2362811,29.6,34.5,4232,179.12,Medio
MUN_136,Gurupi,TO,17,34.22,36.76,99.23,44.22,0.674,1.83,356.6,2362811,29.6,34.5,7616,322.36,Alto
MUN_136,Gurupi,TO,18,31.18,33.39,89.72,58.94,0.628,0.0,356.6,2362811,29.6,34.5,6387,270.32,Alto
MUN_136,Gurupi,TO,19,29.56,35.03,75.84,9.08,0.537,2.02,356.6,2362811,29.6,34.5,2623,111.05,Baixo
MUN_136,Gurupi,TO,20,25.89,34.26,73.56,102.84,0.563,10.23,356.6,2362811,29.6,34.5,8396,355.35,Alto
MUN_136,Gurupi,TO,21,28.43,30.82,90.69,1.26,0.523,0.26,356.6,2362811,29.6,34.5,4914,207.99,Medio
MUN_136,Gurupi,TO,22,24.53,30.7,67.35,136.66,0.347,0.0,356.6,2362811,29.6,34.5,7960,336.89,Alto
MUN_136,Gurupi,TO,23,31.99,35.12,96.54,187.17,0.629,16.34,356.6,2362811,29.6,34.5,7293,308.69,Alto
MUN_136,Gurupi,TO,24,24.17,32.77,62.73,162.53,0.356,15.89,356.6,2362811,29.6,34.5,6735,285.06,Alto
MUN_136,Gurupi,TO,25,31.99,36.59,62.28,39.52,0.333,6.26,356.6,2362811,29.6,34.5,7944,336.24,Alto
MUN_136,Gurupi,TO,26,19.85,29.07,64.74,83.9,0.256,0.0,356.6,2362811,29.6,34.5,5187,219.54,Medio
MUN_136,Gurupi,TO,27,27.79,37.43,56.8,14.49,0.176,7.39,356.6,2362811,29.6,34.5,5829,246.7,Medio
MUN_136,Gurupi,TO,28,23.65,30.54,62.15,60.58,0.437,1.46,356.6,2362811,29.6,34.5,5873,248.57,Alto
MUN_136,Gurupi,TO,29,27.6,31.34,64.29,34.81,0.19,6.05,356.6,2362811,29.6,34.5,5412,229.05,Medio
MUN_136,Gurupi,TO,30,21.62,27.66,58.74,2.02,0.378,1.83,356.6,2362811,29.6,34.5,2767,117.12,Baixo
MUN_136,Gurupi,TO,31,23.42,27.65,57.54,17.14,0.477,0.71,356.6,2362811,29.6,34.5,1859,78.68,Baixo
MUN_136,Gurupi,TO,32,17.18,23.22,41.1,1.25,0.389,3.38,356.6,2362811,29.6,34.5,3903,165.22,Medio
MUN_136,Gurupi,TO,33,19.52,28.32,42.64,6.67,0.429,3.28,356.6,2362811,29.6,34.5,2544,107.7,Baixo
MUN_136,Gurupi,TO,34,33.38,38.23,80.64,0.02,0.227,0.0,356.6,2362811,29.6,34.5,3764,159.33,Medio
MUN_136,Gurupi,TO,35,21.13,29.69,61.03,30.16,0.327,0.0,356.6,2362811,29.6,34.5,4065,172.08,Medio
MUN_136,Gurupi,TO,36,19.97,30.01,47.32,6.17,0.205,0.48,356.6,2362811,29.6,34.5,1047,44.35,Baixo
MUN_136,Gurupi,TO,37,24.48,30.85,47.13,6.57,0.448,1.97,356.6,2362811,29.6,34.5,2586,109.47,Baixo
MUN_136,Gurupi,TO,38,23.49,26.24,59.37,5.39,0.439,6.27,356.6,2362811,29.6,34.5,4349,184.09,Medio
MUN_136,Gurupi,TO,39,27.9,30.63,62.76,5.63,0.242,2.88,356.6,2362811,29.6,34.5,4807,203.48,Medio
MUN_136,Gurupi,TO,40,28.51,32.9,67.32,2.52,0.456,1.71,356.6,2362811,29.6,34.5,4161,176.11,Medio
MUN_136,Gurupi,TO,41,27.99,32.23,67.99,8.94,0.368,8.14,356.6,2362811,29.6,34.5,5941,251.46,Alto
MUN_136,Gurupi,TO,42,21.94,24.3,63.22,6.77,0.538,3.75,356.6,2362811,29.6,34.5,2670,113.02,Baixo
MUN_136,Gurupi,TO,43,20.52,23.93,52.63,5.13,0.31,2.08,356.6,2362811,29.6,34.5,2949,124.84,Baixo
MUN_136,Gurupi,TO,44,22.05,27.69,51.78,5.68,0.281,0.0,356.6,2362811,29.6,34.5,3803,160.99,Medio
MUN_136,Gurupi,TO,45,21.67,27.28,76.39,5.04,0.152,2.57,356.6,2362811,29.6,34.5,4973,210.48,Medio
MUN_136,Gurupi,TO,46,22.66,26.01,67.78,7.79,0.07,0.0,356.6,2362811,29.6,34.5,1640,69.44,Baixo
MUN_136,Gurupi,TO,47,25.08,34.15,49.14,29.72,0.292,0.0,356.6,2362811,29.6,34.5,3954,167.37,Medio
MUN_136,Gurupi,TO,48,24.53,29.68,60.63,5.0,0.315,0.7,356.6,2362811,29.6,34.5,5392,228.23,Medio
MUN_136,Gurupi,TO,49,25.27,35.24,58.96,26.58,0.383,3.51,356.6,2362811,29.6,34.5,3914,165.68,Medio
MUN_136,Gurupi,TO,50,28.3,34.69,54.44,13.56,0.348,1.2,356.6,2362811,29.6,34.5,1586,67.15,Baixo
MUN_137,Picos,PI,1,22.22,25.13,56.11,5.03,0.416,3.21,169.6,312762,337.6,82.6,181,58.17,Baixo
MUN_137,Picos,PI,2,28.4,31.17,87.13,2.02,0.442,6.69,169.6,312762,337.6,82.6,90,29.06,Baixo
MUN_137,Picos,PI,3,26.55,31.85,46.8,9.05,0.148,0.0,169.6,312762,337.6,82.6,331,105.91,Baixo
MUN_137,Picos,PI,4,16.52,23.21,59.73,2.47,0.046,4.78,169.6,312762,337.6,82.6,63,20.19,Baixo
MUN_137,Picos,PI,5,22.46,30.08,63.52,53.0,0.339,2.46,169.6,312762,337.6,82.6,169,54.35,Baixo
MUN_137,Picos,PI,6,23.52,28.68,57.47,1.61,0.318,0.0,169.6,312762,337.6,82.6,171,54.99,Baixo
MUN_137,Picos,PI,7,28.74,38.98,57.19,76.31,0.317,9.88,169.6,312762,337.6,82.6,732,234.36,Medio
MUN_137,Picos,PI,8,21.4,26.44,77.33,18.95,0.399,1.83,169.6,312762,337.6,82.6,785,251.06,Alto
MUN_137,Picos,PI,9,37.21,43.84,90.73,63.61,0.416,16.26,169.6,312762,337.6,82.6,764,244.3,Medio
MUN_137,Picos,PI,10,28.38,32.87,72.76,38.5,0.228,6.14,169.6,312762,337.6,82.6,503,161.11,Medio
MUN_137,Picos,PI,11,28.61,32.75,74.91,130.38,0.621,16.66,169.6,312762,337.6,82.6,915,292.61,Alto
MUN_137,Picos,PI,12,31.6,40.94,82.51,0.7,0.581,0.0,169.6,312762,337.6,82.6,787,251.88,Alto
MUN_137,Picos,PI,13,26.83,36.57,85.4,78.59,0.42,0.0,169.6,312762,337.6,82.6,891,285.09,Alto
MUN_137,Picos,PI,14,30.85,33.45,82.59,51.25,0.523,2.56,169.6,312762,337.6,82.6,1024,327.68,Alto
MUN_137,Picos,PI,15,26.87,34.53,66.74,93.16,0.517,0.0,169.6,312762,337.6,82.6,914,292.26,Alto
MUN_137,Picos,PI,16,35.81,43.17,90.12,30.34,0.775,9.01,169.6,312762,337.6,82.6,656,209.82,Medio
MUN_137,Picos,PI,17,30.42,40.35,86.33,90.65,0.658,3.63,169.6,312762,337.6,82.6,1055,337.52,Alto
MUN_137,Picos,PI,18,33.27,41.93,56.87,40.27,0.463,4.82,169.6,312762,337.6,82.6,762,243.81,Medio
MUN_137,Picos,PI,19,28.65,38.1,93.45,19.97,0.443,10.47,169.6,312762,337.6,82.6,889,284.35,Alto
MUN_137,Picos,PI,20,29.44,38.86,77.24,6.4,0.432,0.0,169.6,312762,337.6,82.6,414,132.59,Baixo
MUN_137,Picos,PI,21,31.46,37.92,83.24,5.51,0.518,0.86,169.6,312762,337.6,82.6,40,12.98,Baixo
MUN_137,Picos,PI,22,32.96,37.54,96.15,49.78,0.506,3.39,169.6,312762,337.6,82.6,705,225.62,Medio
MUN_137,Picos,PI,23,25.2,34.1,86.9,57.79,0.734,7.51,169.6,312762,337.6,82.6,402,128.82,Baixo
MUN_137,Picos,PI,24,28.89,35.46,66.74,36.32,0.433,0.0,169.6,312762,337.6,82.6,197,63.24,Baixo
MUN_137,Picos,PI,25,28.8,38.19,79.98,20.24,0.406,9.11,169.6,312762,337.6,82.6,602,192.75,Medio
MUN_137,Picos,PI,26,31.61,35.57,63.07,36.94,0.579,9.43,169.6,312762,337.6,82.6,668,213.69,Medio
MUN_137,Picos,PI,27,26.85,34.48,83.52,6.94,0.313,5.0,169.6,312762,337.6,82.6,367,117.63,Baixo
MUN_137,Picos,PI,28,28.27,37.84,68.6,30.02,0.197,0.0,169.6,312762,337.6,82.6,403,129.15,Baixo
MUN_137,Picos,PI,29,21.77,27.76,46.22,5.17,0.334,0.0,169.6,312762,337.6,82.6,396,126.86,Baixo
MUN_137,Picos,PI,30,21.19,23.74,58.56,19.12,0.319,0.18,169.6,312762,337.6,82.6,148,47.42,Baixo
MUN_137,Picos,PI,31,30.78,37.12,78.78,2.67,0.296,0.0,169.6,312762,337.6,82.6,694,221.9,Medio
MUN_137,Picos,PI,32,20.65,23.16,53.08,15.23,0.352,5.1,169.6,312762,337.6,82.6,315,100.87,Baixo
MUN_137,Picos,PI,33,29.17,38.74,51.82,5.73,0.302,8.14,169.6,312762,337.6,82.6,252,80.8,Baixo
MUN_137,Picos,PI,34,16.84,20.96,56.92,4.3,0.121,7.21,169.6,312762,337.6,82.6,177,56.61,Baixo
MUN_137,Picos,PI,35,23.81,31.41,43.57,19.6,0.485,5.74,169.6,312762,337.6,82.6,230,73.54,Baixo
MUN_137,Picos,PI,36,21.53,24.84,49.43,0.69,0.298,0.1,169.6,312762,337.6,82.6,0,0.0,Baixo
MUN_137,Picos,PI,37,26.39,32.95,72.87,9.47,0.599,10.3,169.6,312762,337.6,82.6,318,101.74,Baixo
MUN_137,Picos,PI,38,25.47,33.38,42.06,3.76,0.123,5.34,169.6,312762,337.6,82.6,246,78.85,Baixo
MUN_137,Picos,PI,39,25.68,29.43,62.71,4.6,0.372,0.0,169.6,312762,337.6,82.6,201,64.29,Baixo
MUN_137,Picos,PI,40,24.62,32.71,66.13,0.86,0.335,6.99,169.6,312762,337.6,82.6,209,66.95,Baixo
MUN_137,Picos,PI,41,25.2,28.68,45.52,21.76,0.275,6.78,169.6,312762,337.6,82.6,538,172.32,Medio
MUN_137,Picos,PI,42,29.62,35.8,87.39,18.53,0.375,3.6,169.6,312762,337.6,82.6,703,224.98,Medio
MUN_137,Picos,PI,43,24.9,29.46,53.61,6.05,0.302,4.0,169.6,312762,337.6,82.6,361,115.45,Baixo
MUN_137,Picos,PI,44,23.74,26.81,74.36,42.01,0.452,14.93,169.6,312762,337.6,82.6,209,67.09,Baixo
MUN_137,Picos,PI,45,20.2,25.1,63.38,6.73,0.514,3.53,169.6,312762,337.6,82.6,180,57.57,Baixo
MUN_137,Picos,PI,46,25.16,29.8,52.68,1.75,0.57,7.66,169.6,312762,337.6,82.6,0,0.0,Baixo
MUN_137,Picos,PI,47,27.92,33.33,68.52,9.55,0.227,0.0,169.6,312762,337.6,82.6,61,19.76,Baixo
MUN_137,Picos,PI,48,26.73,29.14,55.12,7.09,0.458,4.46,169.6,312762,337.6,82.6,0,0.0,Baixo
MUN_137,Picos,PI,49,21.88,25.71,78.23,1.82,0.402,8.38,169.6,312762,337.6,82.6,227,72.71,Baixo
MUN_137,Picos,PI,50,19.82,27.89,56.05,4.3,0.186,0.0,169.6,312762,337.6,82.6,0,0.0,Baixo
MUN_138,Bacabal,MA,1,22.7,32.08,42.43,0.91,0.424,2.1,86.9,744743,32.3,85.1,0,0.0,Baixo
MUN_138,Bacabal,MA,2,28.11,33.98,55.22,14.49,0.261,0.0,86.9,744743,32.3,85.1,759,101.95,Baixo
MUN_138,Bacabal,MA,3,24.44,30.75,59.68,3.79,0.244,4.28,86.9,744743,32.3,85.1,536,72.1,Baixo
MUN_138,Bacabal,MA,4,26.5,34.88,44.86,9.61,0.602,3.8,86.9,744743,32.3,85.1,677,90.93,Baixo
MUN_138,Bacabal,MA,5,25.01,29.96,48.53,59.36,0.151,2.04,86.9,744743,32.3,85.1,1186,159.34,Medio
MUN_138,Bacabal,MA,6,26.05,28.23,65.89,16.18,0.27,1.42,86.9,744743,32.3,85.1,1086,145.94,Baixo
MUN_138,Bacabal,MA,7,23.89,27.13,69.16,6.72,0.164,3.24,86.9,744743,32.3,85.1,277,37.2,Baixo
MUN_138,Bacabal,MA,8,32.35,39.26,68.99,56.85,0.369,0.0,86.9,744743,32.3,85.1,1402,188.34,Medio
MUN_138,Bacabal,MA,9,29.31,38.41,73.67,26.06,0.477,1.11,86.9,744743,32.3,85.1,1548,207.99,Medio
MUN_138,Bacabal,MA,10,28.64,37.15,79.52,156.21,0.555,4.13,86.9,744743,32.3,85.1,1937,260.16,Alto
MUN_138,Bacabal,MA,11,31.6,37.3,71.42,19.52,0.34,2.8,86.9,744743,32.3,85.1,2390,321.01,Alto
MUN_138,Bacabal,MA,12,30.06,39.01,80.96,12.12,0.55,4.71,86.9,744743,32.3,85.1,1011,135.77,Baixo
MUN_138,Bacabal,MA,13,32.24,36.94,100.0,63.58,0.509,7.87,86.9,744743,32.3,85.1,1821,244.6,Medio
MUN_138,Bacabal,MA,14,33.28,40.0,72.07,17.19,0.498,0.12,86.9,744743,32.3,85.1,1896,254.67,Alto
MUN_138,Bacabal,MA,15,33.38,39.61,83.04,84.53,0.779,17.56,86.9,744743,32.3,85.1,1958,263.03,Alto
MUN_138,Bacabal,MA,16,27.61,30.99,67.12,107.82,0.546,7.97,86.9,744743,32.3,85.1,1057,142.05,Baixo
MUN_138,Bacabal,MA,17,38.87,45.28,90.61,137.49,0.545,8.13,86.9,744743,32.3,85.1,2514,337.58,Alto
MUN_138,Bacabal,MA,18,30.96,37.92,100.0,14.64,0.704,0.83,86.9,744743,32.3,85.1,2753,369.71,Alto
MUN_138,Bacabal,MA,19,25.26,34.53,91.39,15.15,0.585,0.0,86.9,744743,32.3,85.1,1729,232.27,Medio
MUN_138,Bacabal,MA,20,38.36,46.0,89.27,45.2,0.564,4.08,86.9,744743,32.3,85.1,2368,317.99,Alto
MUN_138,Bacabal,MA,21,35.8,40.61,59.98,157.05,0.487,9.98,86.9,744743,32.3,85.1,2596,348.71,Alto
MUN_138,Bacabal,MA,22,30.26,37.6,91.77,18.75,0.223,5.75,86.9,744743,32.3,85.1,1913,256.93,Alto
MUN_138,Bacabal,MA,23,32.0,34.48,66.22,131.89,0.33,8.5,86.9,744743,32.3,85.1,2555,343.09,Alto
MUN_138,Bacabal,MA,24,35.43,44.52,84.5,20.74,0.473,8.92,86.9,744743,32.3,85.1,2369,318.18,Alto
MUN_138,Bacabal,MA,25,30.78,34.46,85.65,0.7,0.411,0.0,86.9,744743,32.3,85.1,1321,177.39,Medio
MUN_138,Bacabal,MA,26,31.31,41.06,87.74,1.56,0.278,3.25,86.9,744743,32.3,85.1,2024,271.78,Alto
MUN_138,Bacabal,MA,27,25.05,29.94,45.69,97.58,0.419,4.42,86.9,744743,32.3,85.1,1084,145.66,Baixo
MUN_138,Bacabal,MA,28,22.29,29.01,66.92,21.34,0.612,1.63,86.9,744743,32.3,85.1,825,110.88,Baixo
MUN_138,Bacabal,MA,29,25.83,36.04,42.52,52.88,0.354,11.68,86.9,744743,32.3,85.1,1175,157.81,Medio
MUN_138,Bacabal,MA,30,24.22,27.22,56.46,33.7,0.453,2.36,86.9,744743,32.3,85.1,1416,190.22,Medio
MUN_138,Bacabal,MA,31,28.31,34.92,42.49,16.65,0.273,0.0,86.9,744743,32.3,85.1,918,123.35,Baixo
MUN_138,Bacabal,MA,32,30.67,33.87,40.77,14.72,0.31,5.16,86.9,744743,32.3,85.1,1682,225.96,Medio
MUN_138,Bacabal,MA,33,25.16,33.7,63.18,0.22,0.36,8.88,86.9,744743,32.3,85.1,902,121.17,Baixo
MUN_138,Bacabal,MA,34,26.8,33.67,74.56,26.82,0.282,7.74,86.9,744743,32.3,85.1,403,54.14,Baixo
MUN_138,Bacabal,MA,35,25.2,31.05,49.44,17.05,0.217,1.66,86.9,744743,32.3,85.1,401,53.89,Baixo
MUN_138,Bacabal,MA,36,27.36,31.57,60.11,41.58,0.09,6.32,86.9,744743,32.3,85.1,1145,153.83,Baixo
MUN_138,Bacabal,MA,37,26.51,34.28,45.0,3.89,0.275,0.66,86.9,744743,32.3,85.1,918,123.28,Baixo
MUN_138,Bacabal,MA,38,18.86,21.02,67.22,87.23,0.402,11.96,86.9,744743,32.3,85.1,988,132.69,Baixo
MUN_138,Bacabal,MA,39,21.95,31.79,23.35,2.81,0.397,0.18,86.9,744743,32.3,85.1,921,123.77,Baixo
MUN_138,Bacabal,MA,40,22.44,32.34,46.1,35.38,0.39,1.76,86.9,744743,32.3,85.1,574,77.17,Baixo
MUN_138,Bacabal,MA,41,26.6,32.21,61.82,3.84,0.172,2.33,86.9,744743,32.3,85.1,298,40.02,Baixo
MUN_138,Bacabal,MA,42,26.23,32.08,58.47,38.47,0.371,3.51,86.9,744743,32.3,85.1,700,94.1,Baixo
MUN_138,Bacabal,MA,43,22.04,31.16,46.44,14.01,0.301,0.97,86.9,744743,32.3,85.1,539,72.44,Baixo
MUN_138,Bacabal,MA,44,26.53,35.54,55.42,7.54,0.498,2.16,86.9,744743,32.3,85.1,1263,169.69,Medio
MUN_138,Bacabal,MA,45,22.42,32.34,51.68,3.18,0.438,0.13,86.9,744743,32.3,85.1,1041,139.85,Baixo
MUN_138,Bacabal,MA,46,26.23,32.82,78.89,15.62,0.3,0.0,86.9,744743,32.3,85.1,532,71.44,Baixo
MUN_138,Bacabal,MA,47,22.41,27.25,50.84,15.68,0.35,0.0,86.9,744743,32.3,85.1,981,131.84,Baixo
MUN_138,Bacabal,MA,48,26.09,35.84,64.69,99.42,0.185,8.17,86.9,744743,32.3,85.1,1320,177.25,Medio
MUN_138,Bacabal,MA,49,21.78,29.73,44.95,3.92,0.401,1.79,86.9,744743,32.3,85.1,89,11.96,Baixo
MUN_138,Bacabal,MA,50,20.95,29.33,47.42,17.49,0.26,12.12,86.9,744743,32.3,85.1,46,6.3,Baixo
MUN_139,Codó,MA,1,29.0,33.48,41.98,1.35,0.346,2.92,73.5,2015296,29.9,99.0,385,19.14,Baixo
MUN_139,Codó,MA,2,21.15,31.22,78.89,4.55,0.354,0.0,73.5,2015296,29.9,99.0,0,0.0,Baixo
MUN_139,Codó,MA,3,23.26,29.97,75.99,22.21,0.445,3.21,73.5,2015296,29.9,99.0,2363,117.3,Baixo
MUN_139,Codó,MA,4,22.46,31.48,54.55,0.59,0.386,0.0,73.5,2015296,29.9,99.0,0,0.0,Baixo
MUN_139,Codó,MA,5,26.02,29.94,64.9,21.32,0.133,2.41,73.5,2015296,29.9,99.0,2488,123.49,Baixo
MUN_139,Codó,MA,6,26.98,34.88,99.33,29.83,0.551,4.0,73.5,2015296,29.9,99.0,2651,131.57,Baixo
MUN_139,Codó,MA,7,25.39,28.88,74.6,10.55,0.485,0.0,73.5,2015296,29.9,99.0,2889,143.39,Baixo
MUN_139,Codó,MA,8,27.85,36.14,64.78,11.77,0.376,3.71,73.5,2015296,29.9,99.0,2986,148.18,Baixo
MUN_139,Codó,MA,9,28.55,38.35,83.26,151.73,0.484,13.56,73.5,2015296,29.9,99.0,6198,307.59,Alto
MUN_139,Codó,MA,10,27.8,32.1,85.03,97.48,0.166,8.51,73.5,2015296,29.9,99.0,4162,206.54,Medio
MUN_139,Codó,MA,11,25.82,28.6,82.35,74.25,0.546,8.07,73.5,2015296,29.9,99.0,5968,296.15,Alto
MUN_139,Codó,MA,12,29.27,32.63,80.35,69.42,0.779,14.36,73.5,2015296,29.9,99.0,8161,404.99,Alto
MUN_139,Codó,MA,13,32.05,38.26,58.58,18.38,0.577,0.0,73.5,2015296,29.9,99.0,3339,165.7,Medio
MUN_139,Codó,MA,14,38.57,46.0,66.63,37.08,0.604,4.66,73.5,2015296,29.9,99.0,3686,182.93,Medio
MUN_139,Codó,MA,15,23.96,30.55,55.32,48.29,0.622,5.35,73.5,2015296,29.9,99.0,3112,154.43,Baixo
MUN_139,Codó,MA,16,34.79,41.95,97.3,293.5,0.686,25.69,73.5,2015296,29.9,99.0,6741,334.52,Alto
MUN_139,Codó,MA,17,30.24,37.0,88.16,18.33,0.65,2.01,73.5,2015296,29.9,99.0,5221,259.08,Alto
MUN_139,Codó,MA,18,33.65,42.42,85.88,101.44,0.488,8.47,73.5,2015296,29.9,99.0,4352,215.98,Medio
MUN_139,Codó,MA,19,31.16,34.77,83.08,20.15,0.693,9.45,73.5,2015296,29.9,99.0,5362,266.1,Alto
MUN_139,Codó,MA,20,36.1,38.63,93.52,35.44,0.556,0.0,73.5,2015296,29.9,99.0,4536,225.12,Medio
MUN_139,Codó,MA,21,30.27,39.85,80.07,40.2,0.47,9.12,73.5,2015296,29.9,99.0,5711,283.42,Alto
MUN_139,Codó,MA,22,27.86,34.74,86.37,32.03,0.693,2.98,73.5,2015296,29.9,99.0,2076,103.05,Baixo
MUN_139,Codó,MA,23,35.27,43.87,92.43,269.85,0.719,13.13,73.5,2015296,29.9,99.0,6673,331.16,Alto
MUN_139,Codó,MA,24,29.86,39.1,54.2,52.74,0.704,3.29,73.5,2015296,29.9,99.0,4913,243.79,Medio
MUN_139,Codó,MA,25,30.01,39.91,58.5,2.61,0.371,0.0,73.5,2015296,29.9,99.0,3159,156.77,Medio
MUN_139,Codó,MA,26,32.44,39.01,57.17,49.92,0.506,5.77,73.5,2015296,29.9,99.0,3678,182.53,Medio
MUN_139,Codó,MA,27,27.29,33.5,65.8,13.21,0.46,4.99,73.5,2015296,29.9,99.0,1481,73.49,Baixo
MUN_139,Codó,MA,28,27.13,31.75,72.23,191.57,0.477,15.85,73.5,2015296,29.9,99.0,7063,350.51,Alto
MUN_139,Codó,MA,29,24.89,31.29,47.4,55.46,0.292,7.5,73.5,2015296,29.9,99.0,1512,75.05,Baixo
MUN_139,Codó,MA,30,25.45,30.79,52.93,59.44,0.547,1.05,73.5,2015296,29.9,99.0,2771,137.54,Baixo
MUN_139,Codó,MA,31,25.74,31.77,51.13,13.17,0.115,0.0,73.5,2015296,29.9,99.0,2177,108.07,Baixo
MUN_139,Codó,MA,32,25.61,33.79,75.06,4.66,0.238,0.0,73.5,2015296,29.9,99.0,740,36.76,Baixo
MUN_139,Codó,MA,33,28.71,37.48,55.99,2.47,0.438,0.0,73.5,2015296,29.9,99.0,1863,92.47,Baixo
MUN_139,Codó,MA,34,28.34,32.48,89.5,7.2,0.229,0.0,73.5,2015296,29.9,99.0,4127,204.8,Medio
MUN_139,Codó,MA,35,27.46,30.82,67.77,1.43,0.32,6.8,73.5,2015296,29.9,99.0,2887,143.27,Baixo
MUN_139,Codó,MA,36,19.93,27.83,50.5,29.68,0.26,8.83,73.5,2015296,29.9,99.0,4027,199.84,Medio
MUN_139,Codó,MA,37,28.53,36.34,50.63,32.96,0.224,2.4,73.5,2015296,29.9,99.0,1393,69.13,Baixo
MUN_139,Codó,MA,38,28.14,37.06,44.8,4.13,0.394,1.86,73.5,2015296,29.9,99.0,1049,52.06,Baixo
MUN_139,Codó,MA,39,27.09,36.31,58.13,19.3,0.153,0.0,73.5,2015296,29.9,99.0,2308,114.57,Baixo
MUN_139,Codó,MA,40,20.87,30.77,54.26,26.89,0.31,0.0,73.5,2015296,29.9,99.0,2874,142.65,Baixo
MUN_139,Codó,MA,41,23.87,30.45,65.84,11.23,0.454,0.0,73.5,2015296,29.9,99.0,2863,142.1,Baixo
MUN_139,Codó,MA,42,25.45,32.18,51.6,6.99,0.167,0.0,73.5,2015296,29.9,99.0,3177,157.68,Medio
MUN_139,Codó,MA,43,23.07,31.05,48.75,33.74,0.03,4.17,73.5,2015296,29.9,99.0,4746,235.51,Medio
MUN_139,Codó,MA,44,27.88,36.7,56.47,93.47,0.313,5.08,73.5,2015296,29.9,99.0,1823,90.46,Baixo
MUN_139,Codó,MA,45,22.92,30.06,74.68,8.45,0.218,5.54,73.5,2015296,29.9,99.0,2034,100.94,Baixo
MUN_139,Codó,MA,46,25.79,28.81,62.88,7.31,0.062,0.38,73.5,2015296,29.9,99.0,2530,125.57,Baixo
MUN_139,Codó,MA,47,26.62,33.77,42.68,3.31,0.096,0.0,73.5,2015296,29.9,99.0,573,28.47,Baixo
MUN_139,Codó,MA,48,24.9,32.56,73.6,35.04,0.423,8.83,73.5,2015296,29.9,99.0,2835,140.72,Baixo
MUN_139,Codó,MA,49,24.17,28.55,59.41,1.95,0.302,4.25,73.5,2015296,29.9,99.0,561,27.87,Baixo
MUN_139,Codó,MA,50,29.95,36.34,56.77,46.26,0.293,2.65,73.5,2015296,29.9,99.0,2286,113.45,Baixo
MUN_140,Açailândia,MA,1,24.72,34.93,44.34,17.51,0.287,2.25,176.5,1120654,333.3,72.4,89,8.01,Baixo
MUN_140,Açailândia,MA,2,21.48,27.81,61.99,4.5,0.287,0.0,176.5,1120654,333.3,72.4,1807,161.3,Medio
MUN_140,Açailândia,MA,3,27.11,31.94,64.83,2.08,0.269,0.0,176.5,1120654,333.3,72.4,1023,91.3,Baixo
MUN_140,Açailândia,MA,4,22.93,32.74,48.12,0.33,0.235,3.83,176.5,1120654,333.3,72.4,499,44.58,Baixo
MUN_140,Açailândia,MA,5,22.98,33.04,67.37,35.45,0.348,10.33,176.5,1120654,333.3,72.4,1275,113.82,Baixo
MUN_140,Açailândia,MA,6,22.72,33.06,59.2,66.22,0.382,0.0,176.5,1120654,333.3,72.4,2549,227.46,Medio
MUN_140,Açailândia,MA,7,33.43,35.63,75.93,0.45,0.285,4.49,176.5,1120654,333.3,72.4,2347,209.47,Medio
MUN_140,Açailândia,MA,8,29.3,39.4,51.49,2.14,0.172,2.39,176.5,1120654,333.3,72.4,2556,228.14,Medio
MUN_140,Açailândia,MA,9,27.6,33.6,95.38,252.79,0.51,18.19,176.5,1120654,333.3,72.4,4239,378.3,Alto
MUN_140,Açailândia,MA,10,31.4,41.27,61.29,5.12,0.481,0.0,176.5,1120654,333.3,72.4,2271,202.67,Medio
MUN_140,Açailândia,MA,11,26.48,28.89,77.51,29.24,0.555,8.47,176.5,1120654,333.3,72.4,3129,279.28,Alto
MUN_140,Açailândia,MA,12,28.67,33.51,83.12,300.0,0.673,20.0,176.5,1120654,333.3,72.4,3648,325.55,Alto
MUN_140,Açailândia,MA,13,34.99,43.68,74.91,39.44,0.423,0.2,176.5,1120654,333.3,72.4,2695,240.56,Medio
MUN_140,Açailândia,MA,14,32.46,40.61,72.63,49.39,0.639,7.53,176.5,1120654,333.3,72.4,3388,302.4,Alto
MUN_140,Açailândia,MA,15,28.43,37.35,83.36,84.23,0.586,0.0,176.5,1120654,333.3,72.4,3846,343.22,Alto
MUN_140,Açailândia,MA,16,38.4,44.62,64.75,151.73,0.584,11.81,176.5,1120654,333.3,72.4,4946,441.42,Alto
MUN_140,Açailândia,MA,17,31.61,41.62,65.35,268.84,0.374,15.29,176.5,1120654,333.3,72.4,3946,352.19,Alto
MUN_140,Açailândia,MA,18,34.88,42.91,84.84,26.99,0.631,0.0,176.5,1120654,333.3,72.4,2581,230.4,Medio
MUN_140,Açailândia,MA,19,32.58,36.75,79.25,300.0,0.6,18.66,176.5,1120654,333.3,72.4,5048,450.51,Alto
MUN_140,Açailândia,MA,20,32.48,37.05,74.59,173.46,0.682,19.21,176.5,1120654,333.3,72.4,2058,183.72,Medio
MUN_140,Açailândia,MA,21,30.53,39.08,59.76,158.85,0.538,8.01,176.5,1120654,333.3,72.4,3077,274.61,Alto
MUN_140,Açailândia,MA,22,33.69,40.26,72.83,293.95,0.516,15.62,176.5,1120654,333.3,72.4,3741,333.9,Alto
MUN_140,Açailândia,MA,23,38.97,46.0,91.89,165.71,0.577,17.76,176.5,1120654,333.3,72.4,5188,462.95,Alto
MUN_140,Açailândia,MA,24,26.49,31.5,66.06,85.86,0.575,8.5,176.5,1120654,333.3,72.4,2253,201.13,Medio
MUN_140,Açailândia,MA,25,32.68,36.67,74.26,125.11,0.478,15.09,176.5,1120654,333.3,72.4,3213,286.77,Alto
MUN_140,Açailândia,MA,26,27.83,37.99,77.24,121.57,0.216,14.91,176.5,1120654,333.3,72.4,3474,310.01,Alto
MUN_140,Açailândia,MA,27,25.54,35.58,53.11,45.23,0.34,10.54,176.5,1120654,333.3,72.4,4397,392.38,Alto
MUN_140,Açailândia,MA,28,26.09,30.05,84.36,61.27,0.314,3.8,176.5,1120654,333.3,72.4,2251,200.87,Medio
MUN_140,Açailândia,MA,29,27.89,30.89,48.95,23.33,0.333,1.28,176.5,1120654,333.3,72.4,2573,229.64,Medio
MUN_140,Açailândia,MA,30,25.8,33.25,46.46,16.02,0.255,0.0,176.5,1120654,333.3,72.4,799,71.31,Baixo
MUN_140,Açailândia,MA,31,23.32,29.74,65.34,9.17,0.261,0.28,176.5,1120654,333.3,72.4,657,58.65,Baixo
MUN_140,Açailândia,MA,32,26.59,36.29,84.69,8.92,0.408,0.0,176.5,1120654,333.3,72.4,1711,152.69,Baixo
MUN_140,Açailândia,MA,33,23.89,28.84,47.35,0.42,0.117,0.0,176.5,1120654,333.3,72.4,1817,162.15,Medio
MUN_140,Açailândia,MA,34,27.3,32.71,46.87,3.5,0.357,5.68,176.5,1120654,333.3,72.4,1074,95.87,Baixo
MUN_140,Açailândia,MA,35,19.99,28.47,57.78,14.75,0.311,9.8,176.5,1120654,333.3,72.4,2654,236.87,Medio
MUN_140,Açailândia,MA,36,24.61,31.49,72.28,10.3,0.338,2.87,176.5,1120654,333.3,72.4,750,66.96,Baixo
MUN_140,Açailândia,MA,37,21.53,31.2,44.7,17.42,0.201,0.0,176.5,1120654,333.3,72.4,1369,122.24,Baixo
MUN_140,Açailândia,MA,38,20.68,24.15,61.11,6.51,0.384,0.53,176.5,1120654,333.3,72.4,2059,183.81,Medio
MUN_140,Açailândia,MA,39,23.49,33.49,67.23,7.62,0.248,6.45,176.5,1120654,333.3,72.4,1410,125.84,Baixo
MUN_140,Açailândia,MA,40,26.38,35.22,31.98,33.14,0.434,4.33,176.5,1120654,333.3,72.4,2470,220.49,Medio
MUN_140,Açailândia,MA,41,24.43,32.61,67.8,5.4,0.181,0.41,176.5,1120654,333.3,72.4,1606,143.31,Baixo
MUN_140,Açailândia,MA,42,18.82,25.21,50.15,12.71,0.205,0.0,176.5,1120654,333.3,72.4,668,59.65,Baixo
MUN_140,Açailândia,MA,43,26.46,31.49,34.53,50.97,0.409,9.01,176.5,1120654,333.3,72.4,1846,164.77,Medio
MUN_140,Açailândia,MA,44,25.45,33.28,71.68,2.18,0.166,4.65,176.5,1120654,333.3,72.4,0,0.0,Baixo
MUN_140,Açailândia,MA,45,30.42,33.52,84.41,6.55,0.49,3.64,176.5,1120654,333.3,72.4,2113,188.6,Medio
MUN_140,Açailândia,MA,46,15.06,20.59,64.03,88.67,0.19,11.19,176.5,1120654,333.3,72.4,3045,271.74,Alto
MUN_140,Açailândia,MA,47,20.03,22.83,61.05,3.8,0.17,0.0,176.5,1120654,333.3,72.4,1592,142.13,Baixo
MUN_140,Açailândia,MA,48,19.9,27.54,44.22,12.07,0.165,0.47,176.5,1120654,333.3,72.4,1476,131.76,Baixo
MUN_140,Açailândia,MA,49,28.73,37.03,67.41,22.99,0.218,0.0,176.5,1120654,333.3,72.4,1207,107.73,Baixo
MUN_140,Açailândia,MA,50,31.63,40.35,74.04,0.82,0.1,0.5,176.5,1120654,333.3,72.4,2162,192.95,Medio
