municipio_codigo,nome_municipio,uf,semana_epidemiologica,temperatura_media_c,temperatura_max_c,umidade_relativa_pct,precipitacao_acumulada_mm,ndvi_medio,cobertura_agua_pct,altitude_media_m,populacao_exposta,densidade_demografica,indice_saneamento_pct,casos_semana_anterior,precip_tendencia,temp_tendencia,nivel_risco
MUN_168,Curitiba,MG,16,27.99,33.58,60.3,22.97,0.183,4.48,286.9,423808,86.4,69.3,23.26,20.57,24.23,Alto
MUN_146,Salvador,SP,26,26.17,29.37,68.98,105.84,0.402,5.01,437.9,2663412,262.1,64.5,46.26,100.64,28.51,Medio
MUN_159,Recife,CE,12,25.12,26.97,63.27,59.63,0.3,6.33,502.5,875311,379.9,69.8,55.05,51.76,23.58,Alto
MUN_150,Sorocaba,GO,49,28.1,32.73,58.12,14.57,0.203,3.02,951.9,1661163,206.9,56.7,47.05,22.17,28.16,Baixo
MUN_159,Palmas,AM,23,24.97,31.66,67.06,42.5,0.314,5.39,290.6,1527953,479.1,58.0,65.27,45.03,26.02,Medio
MUN_176,Itaquaquecetuba,GO,18,29.96,35.33,73.32,36.79,0.214,3.11,510.8,588755,275.9,64.2,50.23,44.24,29.08,Alto
MUN_088,Goiânia,BA,7,21.25,23.3,49.96,19.22,0.213,1.15,435.2,960728,348.5,71.9,40.93,32.22,20.87,Alto
MUN_160,Caxias do Sul,RS,47,19.82,26.57,49.48,37.33,0.276,4.6,205.4,1264915,61.4,89.7,13.1,52.47,15.49,Baixo
MUN_134,Caxias do Sul,GO,35,30.3,35.9,72.0,54.03,0.228,2.74,254.7,2586798,47.6,81.0,30.97,71.81,30.86,Baixo
MUN_098,Belém,BA,4,28.77,32.37,73.38,68.66,0.277,2.86,520.5,668296,140.7,83.0,34.36,75.98,28.73,Baixo
MUN_169,Sorocaba,CE,10,26.57,30.4,78.29,63.84,0.365,1.75,227.7,386859,37.8,72.7,34.27,71.88,26.28,Medio
MUN_024,Itaquaquecetuba,SP,46,28.03,34.52,61.17,76.82,0.484,7.7,451.8,1522845,144.0,87.3,35.42,78.41,25.41,Medio
MUN_164,Araguaína,PR,3,31.88,35.53,90.53,98.51,0.452,8.35,363.3,1265474,141.7,82.3,23.11,87.74,29.59,Medio
MUN_149,Crato,RS,7,24.19,30.19,70.87,126.28,0.335,6.22,489.0,2738213,474.1,48.3,75.64,115.38,21.56,Alto
MUN_072,Fortaleza,PA,38,26.89,33.37,75.18,81.42,0.48,6.56,330.1,1551045,216.7,90.1,32.76,102.36,26.42,Medio
MUN_083,Sorocaba,SP,44,28.04,33.81,58.77,18.14,0.239,0.0,943.4,717342,334.5,70.4,54.08,0.17,29.04,Baixo
MUN_018,Santos,SC,45,27.75,32.8,66.78,1.48,0.055,0.57,490.4,1612568,310.5,57.4,57.28,3.13,29.3,Medio
MUN_172,Belém,PA,20,27.05,33.2,67.93,28.62,0.263,4.2,564.3,2638620,475.8,48.3,70.33,7.82,25.63,Alto
MUN_074,Caxias do Sul,PR,41,27.53,33.25,60.59,44.74,0.29,7.78,931.5,2248379,248.4,75.9,29.58,47.89,27.21,Baixo
MUN_177,Macaé,SC,20,27.95,36.01,70.72,60.11,0.257,5.18,138.9,1559304,389.8,64.0,57.46,47.47,29.1,Alto
MUN_176,Sorocaba,RN,27,24.78,29.24,64.14,77.02,0.387,7.05,196.0,1818067,387.0,53.9,83.75,93.83,24.93,Alto
MUN_176,Ribeirão Preto,SC,7,21.84,26.49,72.26,112.75,0.367,6.79,208.5,269423,103.4,77.6,44.38,114.59,22.94,Medio
MUN_057,Uberlândia,SP,23,21.98,27.14,63.09,17.99,0.248,4.04,585.1,2330486,363.4,76.6,49.03,7.51,19.27,Alto
MUN_159,Caxias do Sul,SC,24,26.83,31.87,49.43,29.89,0.264,8.1,415.5,139406,292.6,83.8,38.8,53.01,27.81,Medio
MUN_059,Goiânia,AM,48,21.43,27.63,62.67,20.9,0.21,4.05,1004.8,279068,79.0,85.3,25.99,18.2,22.88,Baixo
MUN_121,Fortaleza,RJ,5,18.37,23.25,40.26,31.95,0.314,1.2,864.2,1535781,53.1,78.6,27.6,37.22,18.0,Baixo
MUN_139,Montes Claros,RS,37,30.91,35.46,57.46,22.69,0.291,5.82,781.7,2285205,162.0,87.1,16.76,18.52,31.0,Baixo
MUN_030,Itaquaquecetuba,CE,5,28.18,32.85,57.81,19.69,0.276,3.52,995.0,2091948,283.5,79.0,36.38,28.78,23.51,Baixo
MUN_011,Manaus,PA,37,26.34,34.44,74.84,29.91,0.281,2.71,328.5,768913,282.1,74.7,48.76,38.74,25.68,Medio
MUN_137,Campinas,PR,5,27.71,34.7,79.92,63.05,0.104,2.55,521.7,1054232,302.6,61.6,37.76,62.55,26.38,Medio
MUN_060,Araguaína,RS,48,24.09,29.11,50.82,17.31,0.122,9.98,705.0,2873031,341.6,52.7,60.53,4.94,28.7,Medio
MUN_085,Fortaleza,RN,34,25.65,31.87,60.2,36.96,0.4,3.61,558.4,297656,355.2,84.2,62.82,14.11,22.24,Medio
MUN_183,Recife,PR,30,26.54,28.91,48.06,26.1,0.177,4.34,311.4,517084,305.0,73.9,44.68,38.51,26.78,Alto
MUN_153,Itaquaquecetuba,AM,44,30.84,34.39,62.42,43.18,0.123,1.58,1142.0,618974,136.7,88.3,22.8,50.22,29.86,Baixo
MUN_010,Salvador,TO,40,24.83,31.49,54.7,30.54,0.045,5.83,668.3,2634172,332.1,62.7,55.41,28.39,26.84,Medio
MUN_074,Araguaína,TO,42,26.8,31.39,60.38,43.8,0.283,2.9,712.3,508588,487.4,46.8,68.37,48.68,24.44,Alto
MUN_144,Manaus,RJ,29,31.29,35.61,56.8,31.4,0.205,3.24,729.7,785731,356.3,67.5,58.1,37.76,32.74,Baixo
MUN_077,Araguaína,SC,28,33.18,36.36,71.34,47.02,0.131,3.55,863.9,998893,482.5,69.2,82.08,52.38,32.48,Alto
MUN_045,Fortaleza,PA,25,25.87,32.81,83.72,108.5,0.406,7.32,673.1,2818447,474.7,54.1,89.47,120.48,24.9,Alto
MUN_193,Caxias do Sul,RS,12,26.97,33.82,70.44,108.83,0.391,6.72,253.7,2478932,389.1,50.1,68.76,101.98,29.59,Alto
MUN_182,Manaus,GO,5,31.96,37.83,67.04,54.45,0.289,2.94,383.2,2631718,233.7,70.0,45.83,44.51,30.97,Alto
MUN_169,Montes Claros,MG,16,25.24,31.81,74.47,107.5,0.332,6.2,120.5,2289094,476.2,65.5,64.7,95.57,25.8,Medio
MUN_017,Manaus,TO,36,21.2,25.96,68.58,31.01,0.33,2.08,33.9,366386,208.4,68.2,44.2,31.81,21.01,Medio
MUN_037,Macaé,AM,1,26.17,31.26,52.31,18.91,0.18,2.98,1082.2,2125137,279.6,72.7,52.03,7.43,25.24,Baixo
MUN_160,Itaquaquecetuba,RJ,40,26.33,32.01,50.58,20.13,0.176,1.44,247.0,1400829,79.3,87.8,15.58,4.33,27.74,Baixo
MUN_164,Itaquaquecetuba,RN,41,27.71,31.61,68.09,37.82,0.398,2.0,695.8,2957803,369.4,56.7,45.96,29.1,26.85,Alto
MUN_070,Recife,BA,12,28.14,34.22,52.67,21.53,0.335,4.25,119.4,877330,277.4,66.6,43.96,5.38,26.75,Alto
MUN_073,Goiânia,RJ,46,31.06,37.43,77.91,108.68,0.487,6.5,1021.9,1417911,88.8,93.1,12.47,100.63,31.31,Baixo
MUN_116,Caxias do Sul,RJ,35,30.82,36.17,75.57,84.76,0.411,4.06,341.7,1698113,81.1,59.3,36.35,98.08,31.78,Medio
MUN_085,Salvador,RN,40,29.0,32.38,65.42,71.0,0.382,4.92,57.2,448281,486.8,58.5,68.23,67.15,29.91,Alto
MUN_185,Sorocaba,BA,33,25.27,31.4,75.43,133.16,0.486,10.55,35.7,2014957,460.0,60.2,78.38,115.1,25.9,Medio
MUN_183,Araguaína,BA,2,24.89,28.7,53.82,21.23,0.12,5.21,1196.2,920284,159.8,66.6,51.85,33.88,25.05,Baixo
MUN_048,Palmas,CE,17,21.8,25.73,78.67,58.42,0.155,3.7,243.5,1270806,305.0,81.7,45.08,59.2,19.57,Alto
MUN_002,Uberlândia,TO,10,32.01,36.88,69.16,81.45,0.476,5.77,361.6,1265943,183.5,74.6,68.33,99.36,38.11,Medio
MUN_151,Salvador,MG,25,21.37,25.39,58.7,19.27,0.273,1.9,252.8,695261,184.3,75.1,44.99,20.87,18.1,Medio
MUN_107,Caxias do Sul,BA,19,23.22,28.32,43.83,18.01,0.139,0.0,82.9,1455504,328.5,58.2,65.01,34.29,27.86,Medio
MUN_200,Ribeirão Preto,RJ,51,27.32,32.38,57.1,47.43,0.273,0.21,550.5,581622,438.9,57.7,71.68,45.57,29.07,Medio
MUN_007,Belém,MG,4,26.0,31.83,60.27,36.47,0.228,5.07,1013.9,1051597,186.5,58.1,45.13,51.54,25.96,Baixo
MUN_200,Araguaína,RS,2,26.28,31.92,75.62,63.35,0.261,6.22,896.2,254214,158.2,85.2,29.55,46.98,25.25,Baixo
MUN_024,Ribeirão Preto,AM,32,27.1,30.83,66.32,26.02,0.091,0.0,777.6,749783,497.4,57.1,80.13,25.91,30.27,Medio
MUN_100,Uberlândia,SC,9,26.01,30.72,63.18,71.93,0.242,5.02,801.2,1089400,450.4,37.3,76.29,72.56,26.55,Alto
MUN_019,Caxias do Sul,BA,7,24.39,31.93,56.66,15.92,0.195,5.09,124.0,102410,204.1,80.6,19.92,28.08,26.03,Medio
MUN_140,Palmas,AM,25,20.01,26.22,54.75,24.05,0.066,0.51,1021.2,2685017,61.4,81.6,17.19,17.86,19.45,Baixo
MUN_093,Palmas,TO,51,25.09,29.14,84.11,57.26,0.252,4.58,600.6,2109984,407.4,59.3,63.92,55.19,25.16,Medio
MUN_171,Belém,RN,1,20.82,26.05,70.28,79.88,0.319,6.35,91.4,1817782,377.8,52.3,86.09,74.12,24.55,Alto
MUN_024,Santos,SC,11,30.11,35.52,52.39,65.58,0.371,7.5,241.2,2817799,462.3,62.0,68.71,71.42,30.59,Alto
MUN_198,Salvador,PA,27,23.71,29.4,86.25,119.22,0.395,5.91,1157.7,2429413,187.0,86.8,36.49,126.29,24.34,Baixo
MUN_128,Campinas,SC,36,25.42,30.55,64.19,23.72,0.284,1.64,969.8,1002544,478.2,65.2,77.89,19.6,26.66,Medio
MUN_065,Santos,GO,7,30.14,35.32,49.47,16.39,0.254,1.91,706.5,719240,143.4,86.6,1.3,0.42,30.2,Baixo
MUN_163,Natal,PA,40,24.2,27.38,58.25,39.45,0.222,3.05,600.0,1731891,24.8,100.0,8.31,45.23,22.63,Baixo
MUN_175,Manaus,PR,43,25.32,30.42,55.27,21.72,0.211,3.57,545.3,2319057,152.5,70.8,38.37,18.15,24.92,Baixo
MUN_090,Manaus,TO,34,24.3,29.2,74.12,39.14,0.284,2.39,25.6,2772429,452.5,58.5,60.39,50.02,25.22,Medio
MUN_153,Montes Claros,PE,22,26.81,30.43,68.18,62.79,0.381,7.15,339.6,2670890,480.1,55.5,67.72,54.38,23.88,Alto
MUN_173,Santos,RN,17,26.37,33.14,80.49,90.65,0.415,2.39,1185.1,2935983,97.2,80.6,19.6,91.82,27.51,Baixo
MUN_166,Campinas,RS,15,22.16,26.97,60.81,35.73,0.178,2.47,849.1,2947355,95.1,81.0,31.24,46.52,22.87,Baixo
MUN_016,Campinas,TO,12,25.21,28.97,66.11,81.33,0.401,3.81,594.4,2916483,103.0,89.6,0.0,71.17,26.23,Baixo
MUN_027,Uberlândia,TO,24,26.19,30.34,73.84,66.48,0.264,6.64,281.0,2672857,256.0,69.7,38.99,48.19,27.37,Medio
MUN_059,Curitiba,GO,24,27.15,30.84,60.31,40.68,0.333,6.24,807.8,76299,329.6,66.5,57.33,48.64,26.38,Alto
MUN_161,Macaé,RJ,27,29.31,34.45,75.29,46.39,0.238,4.35,305.8,1832904,468.4,59.0,76.02,38.8,31.55,Alto
MUN_057,Araguaína,PA,52,23.65,28.23,83.11,118.45,0.446,9.62,367.6,1070749,113.0,92.4,29.12,129.26,25.9,Medio
MUN_014,Curitiba,GO,23,19.87,25.29,56.82,29.2,0.408,0.0,87.0,823413,477.5,61.8,59.17,33.77,22.94,Medio
MUN_140,Manaus,RN,51,26.53,33.63,56.67,59.16,0.316,4.03,515.7,2432973,390.8,67.4,68.05,59.2,26.16,Alto
MUN_105,Itaquaquecetuba,PR,33,24.67,29.56,85.09,55.93,0.182,5.53,910.8,2916094,487.8,46.5,112.06,41.98,26.23,Alto
MUN_090,Natal,PE,27,24.39,28.64,68.57,57.07,0.5,2.39,990.1,1763357,191.0,90.8,20.53,60.93,22.03,Baixo
MUN_094,Manaus,RJ,43,18.54,24.48,65.29,7.9,0.324,3.49,188.5,446756,418.7,53.6,69.92,7.48,15.63,Alto
MUN_047,Sorocaba,GO,4,26.48,30.82,69.63,56.77,0.125,3.51,588.7,1875482,263.3,70.5,46.73,58.41,27.63,Medio
MUN_186,Santos,PR,38,18.3,24.29,77.43,51.53,0.218,2.59,200.7,264745,377.1,62.6,69.89,54.83,15.47,Alto
MUN_039,Montes Claros,MG,20,28.22,34.43,95.86,97.3,0.49,3.16,145.3,1760675,147.0,93.5,26.41,77.17,29.15,Medio
MUN_135,Ribeirão Preto,RS,47,22.3,24.78,67.59,14.41,0.237,0.0,149.0,861743,43.1,85.1,32.64,20.43,25.24,Baixo
MUN_092,Fortaleza,RS,10,29.31,34.4,73.33,57.44,0.327,3.2,554.2,2098470,337.2,67.6,49.25,65.7,34.62,Medio
MUN_178,Ribeirão Preto,SP,46,26.34,31.19,69.81,36.47,0.313,2.04,13.6,418951,349.0,67.3,48.9,7.02,26.89,Medio
MUN_171,Campinas,CE,46,25.56,31.44,64.48,30.01,0.259,4.56,401.3,867891,487.9,66.8,75.12,39.83,28.62,Alto
MUN_025,Salvador,GO,36,26.27,31.71,80.23,73.1,0.346,8.92,574.3,2782351,86.7,76.1,30.39,54.96,24.82,Baixo
MUN_178,Crato,GO,24,28.44,32.06,66.56,57.99,0.295,4.79,982.8,2671702,45.9,83.4,42.04,70.39,28.46,Baixo
MUN_150,Crato,AM,11,27.47,36.06,71.83,63.41,0.285,9.26,480.6,1505800,377.6,84.7,48.38,48.53,28.68,Alto
MUN_056,Natal,RN,16,28.74,34.67,67.2,87.29,0.426,2.89,265.4,843554,325.4,71.9,60.58,70.29,28.25,Medio
MUN_003,Caxias do Sul,PA,31,26.58,31.26,90.67,130.33,0.386,7.93,501.9,2605070,378.1,73.3,66.63,138.61,30.1,Alto
MUN_042,Curitiba,GO,46,24.81,28.26,70.24,113.67,0.264,7.27,923.8,2338130,303.7,57.0,57.27,124.82,26.21,Alto
MUN_100,Belém,GO,34,23.11,30.45,80.28,57.95,0.374,5.29,316.4,1497392,454.2,58.6,63.36,42.6,22.32,Medio
MUN_009,Araguaína,CE,52,31.41,38.86,62.32,80.18,0.224,5.44,67.9,835767,336.7,64.4,43.32,81.87,29.07,Medio
MUN_022,Uberlândia,SC,25,22.64,27.94,54.79,97.29,0.592,8.12,987.3,1444173,338.4,62.6,61.95,102.23,20.86,Alto
MUN_164,Santos,SP,50,24.9,28.97,68.15,85.85,0.35,5.86,949.7,646795,488.9,39.4,61.41,90.0,24.18,Medio
MUN_138,Goiânia,PE,4,20.77,26.14,65.45,48.98,0.386,3.95,10.6,645194,372.0,53.7,68.65,47.44,23.45,Alto
MUN_082,Manaus,MG,52,26.75,31.96,64.32,43.45,0.212,7.15,524.2,2273390,438.1,52.5,84.96,38.79,28.17,Medio
MUN_053,Caxias do Sul,MG,52,19.46,27.66,63.14,61.67,0.332,5.32,86.0,332310,422.3,59.5,50.22,59.4,21.97,Medio
MUN_004,Palmas,RS,8,24.62,30.53,63.04,55.26,0.34,3.69,215.8,2448753,228.0,58.6,34.61,31.43,28.64,Alto
MUN_157,Palmas,SP,2,25.14,32.01,55.89,8.34,0.138,4.4,920.4,259319,59.6,85.3,43.05,7.86,28.86,Baixo
MUN_033,Curitiba,RN,8,21.61,26.45,53.26,56.12,0.355,8.02,162.3,2691097,273.8,74.4,38.48,41.13,18.76,Medio
MUN_096,Manaus,SC,14,26.54,31.29,48.78,37.13,0.34,4.39,1085.5,2764181,126.8,75.3,30.06,34.53,27.62,Baixo
MUN_114,Araguaína,PR,34,28.85,32.42,70.9,40.69,0.257,0.16,828.5,157594,67.2,73.4,31.52,44.56,26.72,Baixo
MUN_159,Sorocaba,CE,34,23.21,26.97,69.72,88.96,0.382,1.96,518.0,1222954,430.1,67.4,81.19,86.44,21.74,Medio
MUN_188,Curitiba,RN,5,28.47,31.84,55.67,27.95,0.33,2.29,482.6,1862321,280.8,82.7,32.86,33.81,28.99,Medio
MUN_061,Itaquaquecetuba,RJ,44,29.5,34.67,58.61,42.88,0.228,5.37,927.2,968224,123.5,69.5,33.78,56.6,27.41,Baixo
MUN_127,Crato,SC,10,25.93,32.1,83.3,88.75,0.422,4.86,980.3,1954649,439.8,52.5,70.14,101.99,21.03,Alto
MUN_103,Manaus,SP,37,21.68,25.62,59.27,30.64,0.225,0.0,799.5,2095764,370.3,62.6,30.96,55.6,25.61,Baixo
MUN_131,Caxias do Sul,BA,10,22.73,28.36,70.04,84.45,0.24,6.98,713.5,605766,444.1,50.0,61.98,98.82,19.21,Alto
MUN_074,Campinas,RJ,33,20.39,26.13,59.64,26.87,0.154,4.14,62.5,311829,66.4,89.8,14.8,19.29,16.97,Medio
MUN_035,Natal,GO,15,24.24,30.74,65.47,112.91,0.414,6.91,206.2,2767665,432.9,61.5,88.68,107.13,23.65,Alto
MUN_162,Ribeirão Preto,PE,22,27.4,30.56,78.2,48.66,0.129,5.6,765.3,681931,446.6,56.9,75.04,40.33,30.33,Alto
MUN_156,Campinas,BA,41,29.29,33.12,57.84,50.4,0.226,5.83,662.4,2155799,248.3,73.2,34.51,51.51,29.56,Baixo
MUN_159,Belém,PA,18,24.38,28.96,65.77,67.11,0.353,4.71,423.8,910876,407.4,74.0,49.06,60.3,22.57,Medio
MUN_162,Araguaína,AM,23,26.97,31.83,74.77,115.16,0.454,7.34,947.1,2532136,190.5,71.8,59.75,118.4,28.12,Baixo
MUN_149,Goiânia,BA,1,26.41,31.9,61.34,12.6,0.157,2.44,448.8,1808386,315.4,47.1,66.91,22.75,30.85,Alto
MUN_079,Ribeirão Preto,AM,19,28.72,31.84,53.43,31.28,0.169,6.15,890.8,401826,267.5,55.5,46.41,32.49,26.64,Baixo
MUN_163,Recife,MG,4,21.03,25.08,69.14,53.86,0.096,5.23,38.9,1673959,475.0,56.5,70.55,36.56,20.12,Medio
MUN_085,Campinas,CE,50,27.33,31.75,55.86,36.5,0.209,0.9,452.0,1178162,332.5,61.5,27.89,40.7,29.04,Medio
MUN_192,Santos,RS,15,22.7,27.97,54.51,31.38,0.289,4.0,185.0,2558628,412.7,93.7,40.08,31.56,22.58,Alto
MUN_190,Santos,PA,16,27.77,31.45,58.57,29.2,0.263,5.56,392.6,909189,22.9,83.4,18.38,29.51,30.12,Baixo
MUN_188,Campinas,SP,32,26.45,31.9,53.12,8.13,0.218,0.34,732.8,2991985,377.2,51.2,47.39,7.4,24.63,Medio
MUN_049,Belém,BA,19,27.64,32.24,72.82,48.37,0.218,2.53,467.4,1325200,145.5,77.7,21.52,47.86,30.02,Medio
MUN_173,Caxias do Sul,PR,45,22.04,27.89,61.82,48.03,0.245,3.22,530.2,2494839,398.8,78.4,55.37,41.69,23.95,Alto
MUN_097,Belém,PE,32,26.68,31.45,74.96,110.45,0.343,9.92,255.5,330481,381.7,79.3,66.12,98.83,27.27,Alto
MUN_161,Santos,RS,31,25.58,29.63,56.44,80.28,0.411,1.04,198.3,322150,178.4,78.4,29.85,72.07,26.15,Alto
MUN_159,Palmas,PA,26,26.01,32.48,72.46,74.48,0.278,4.32,157.8,2925616,286.1,63.1,42.0,93.2,22.39,Medio
MUN_115,Goiânia,MG,32,19.82,23.95,63.38,23.37,0.332,4.11,323.7,2303997,191.9,70.3,51.24,24.96,21.2,Medio
MUN_068,Palmas,PR,13,27.04,33.35,47.35,40.9,0.376,3.68,701.8,2325285,319.4,71.0,35.95,35.94,29.22,Baixo
MUN_107,Fortaleza,PR,42,28.23,34.22,59.58,73.84,0.153,4.35,894.0,747046,415.9,60.2,71.03,52.34,27.64,Alto
MUN_051,Caxias do Sul,AM,17,30.46,34.27,75.71,64.09,0.329,5.28,58.4,1121651,459.6,50.7,62.7,58.14,26.53,Medio
MUN_154,Palmas,RN,2,25.85,30.31,56.98,35.64,0.396,4.88,303.6,1796945,499.8,54.5,55.65,41.35,27.58,Medio
MUN_089,Sorocaba,BA,22,21.99,28.94,59.76,59.9,0.328,6.45,295.9,189576,328.7,56.5,64.22,64.63,23.29,Alto
MUN_110,Araguaína,RN,13,25.45,31.44,83.35,100.73,0.244,6.84,176.2,478193,461.2,43.9,102.79,114.49,22.84,Alto
MUN_134,Natal,BA,26,24.77,30.18,59.6,13.76,0.294,2.3,849.7,191588,464.6,54.6,82.16,3.62,22.86,Alto
MUN_127,Araguaína,PA,20,27.27,32.54,74.75,85.89,0.336,7.86,1139.0,2250100,344.9,54.1,73.87,87.39,28.04,Baixo
MUN_061,Araguaína,MG,10,27.31,33.1,59.1,39.25,0.237,1.7,323.2,1907851,285.1,66.5,51.58,32.64,26.09,Medio
MUN_116,Uberlândia,BA,23,26.89,32.16,60.19,28.63,0.172,3.94,77.6,2358981,140.1,81.2,24.06,16.96,25.22,Alto
MUN_114,Belém,PR,13,26.36,33.01,62.23,11.2,0.264,2.49,24.1,393984,321.8,71.9,49.91,21.14,26.81,Medio
MUN_027,Belém,RN,11,25.57,30.23,68.15,99.31,0.511,8.0,908.1,316824,278.0,82.0,43.66,93.74,27.88,Baixo
MUN_013,Crato,BA,49,26.87,33.91,73.89,36.66,0.148,0.7,1137.1,823744,280.6,63.7,45.75,43.21,26.08,Baixo
MUN_004,Crato,BA,39,22.44,27.71,70.89,35.93,0.287,3.76,670.8,350056,417.3,61.9,68.1,26.8,25.13,Medio
MUN_104,Uberlândia,SC,24,24.06,29.23,77.93,31.82,0.172,5.14,394.3,1258715,468.1,67.9,71.04,27.13,24.37,Alto
MUN_028,Campinas,RN,30,25.58,31.22,50.36,48.48,0.293,5.19,117.8,620299,134.6,71.7,28.44,61.75,25.51,Medio
MUN_138,Ribeirão Preto,SC,46,28.28,32.24,55.49,35.78,0.302,5.56,492.5,2496753,50.8,84.5,16.41,42.0,27.02,Baixo
MUN_044,Fortaleza,CE,21,33.32,36.56,93.59,84.13,0.414,6.59,752.1,1509210,457.4,64.6,49.63,89.11,33.06,Medio
MUN_092,Fortaleza,RS,10,29.31,34.4,73.33,57.44,0.327,3.2,554.2,2098470,337.2,67.6,49.25,65.7,34.62,Medio
MUN_027,Sorocaba,CE,5,26.49,32.58,59.24,37.95,0.219,2.92,1060.8,2892122,220.1,66.7,44.56,31.11,22.68,Baixo
MUN_150,Uberlândia,PE,24,26.95,31.5,68.53,72.22,0.422,7.33,222.0,410662,219.8,71.7,42.78,67.61,22.2,Alto
MUN_142,Campinas,RJ,30,25.48,29.44,68.17,27.92,0.244,1.94,324.2,1880961,188.7,87.4,25.79,35.81,25.22,Baixo
MUN_045,Curitiba,AM,4,28.17,34.96,62.29,53.41,0.311,3.87,63.4,1789320,422.5,49.3,68.36,48.85,28.15,Medio
MUN_159,Goiânia,BA,45,28.5,33.35,66.75,46.67,0.314,4.95,84.5,1423994,37.8,89.8,18.86,46.75,26.58,Medio
MUN_082,Uberlândia,SP,50,24.37,30.25,79.68,86.83,0.315,2.58,1.3,2653805,451.9,59.2,80.57,81.0,24.03,Medio
MUN_160,Macaé,BA,2,23.39,28.78,61.95,28.91,0.253,1.71,139.3,687044,180.9,71.6,49.25,47.68,21.07,Alto
MUN_123,Manaus,SC,51,26.59,32.63,53.42,54.29,0.271,5.75,798.6,180953,77.8,74.2,39.44,64.31,26.81,Baixo
MUN_029,Sorocaba,PA,52,25.86,31.02,67.65,17.0,0.198,0.74,297.9,2442960,103.8,75.8,36.39,17.99,22.93,Medio
MUN_043,Fortaleza,SC,28,30.42,35.58,66.35,48.52,0.268,6.31,268.3,2185007,497.6,51.6,55.42,52.53,30.96,Medio
MUN_137,Recife,SP,18,36.12,39.74,68.05,38.4,0.335,2.95,224.4,843908,165.8,85.8,36.93,43.01,36.32,Medio
MUN_180,Recife,SP,4,24.86,27.82,81.01,67.28,0.39,8.47,933.5,1806037,35.6,78.3,31.68,70.47,27.57,Baixo
MUN_047,Araguaína,SP,21,24.47,28.2,64.15,26.43,0.14,0.0,1007.3,1389391,270.9,70.9,52.0,43.85,27.66,Baixo
MUN_078,Fortaleza,RS,45,22.84,27.42,69.5,124.38,0.312,4.09,1079.3,2143072,390.3,55.8,72.18,131.25,24.64,Alto
MUN_097,Crato,RN,49,21.21,26.73,50.65,28.26,0.187,0.0,251.8,2183697,290.5,67.2,45.33,22.91,23.56,Alto
MUN_059,Araguaína,AM,4,30.37,36.8,59.43,20.1,0.174,2.26,1178.8,2321319,141.7,87.0,28.34,19.84,30.77,Baixo
MUN_012,Santos,GO,49,22.08,27.41,62.64,98.36,0.323,6.84,920.1,450821,318.2,85.8,27.81,123.02,22.64,Baixo
MUN_017,Santos,PR,43,23.0,26.27,54.42,24.2,0.351,2.97,127.5,2254656,50.4,96.5,34.01,37.69,22.64,Baixo
MUN_042,Itaquaquecetuba,SP,39,21.91,27.97,94.65,139.22,0.282,11.54,254.1,1596558,85.3,84.1,36.5,133.07,23.09,Medio
MUN_139,Araguaína,CE,12,28.55,35.04,75.18,65.28,0.443,4.49,750.7,2989815,101.7,67.2,39.22,77.44,25.61,Baixo
MUN_196,Belém,SC,47,21.18,28.35,66.96,56.36,0.435,5.86,620.9,2873561,387.3,71.1,60.27,54.66,20.1,Medio
MUN_004,Palmas,RS,8,24.62,30.53,63.04,55.26,0.34,3.69,215.8,2448753,228.0,58.6,34.61,31.43,28.64,Alto
MUN_141,Santos,RS,24,27.68,32.9,57.51,49.17,0.466,2.69,922.8,1302380,345.3,66.8,49.33,43.65,27.14,Baixo
MUN_192,Natal,GO,32,23.02,26.36,83.88,209.05,0.706,12.73,107.3,151637,186.3,82.0,39.17,201.79,20.86,Medio
MUN_151,Uberlândia,SC,41,18.63,19.43,80.27,131.35,0.466,4.68,244.9,819652,100.2,85.8,31.26,116.49,20.12,Medio
MUN_100,Crato,PA,11,19.8,24.33,47.3,41.62,0.311,0.82,426.6,1957406,421.6,66.0,55.07,27.66,16.38,Alto
MUN_057,Caxias do Sul,AM,45,28.91,34.49,65.37,99.37,0.347,9.24,349.9,2212679,238.6,61.9,59.29,97.11,30.58,Medio
MUN_179,Palmas,SP,48,25.4,32.18,64.08,64.38,0.34,6.1,386.7,417190,393.0,64.1,75.48,67.57,22.48,Alto
MUN_127,Belém,PA,32,25.65,28.88,59.31,30.87,0.245,7.49,1121.1,1869654,120.8,94.5,25.49,40.14,26.11,Baixo
MUN_078,Salvador,BA,34,28.14,33.79,61.72,39.64,0.238,7.09,746.2,2771457,157.9,86.2,34.56,50.9,28.14,Baixo
MUN_138,Araguaína,AM,39,28.3,32.74,76.72,75.17,0.435,7.69,1012.0,1389032,447.9,46.4,65.95,80.63,25.37,Baixo
MUN_048,Natal,GO,48,32.37,36.84,61.02,41.57,0.312,3.57,304.9,644047,413.0,54.9,61.19,48.96,38.72,Medio
MUN_073,Uberlândia,RS,39,26.05,33.19,66.07,96.75,0.385,3.64,1148.6,2791225,192.9,86.7,27.67,110.9,25.53,Baixo
MUN_080,Palmas,BA,7,20.5,26.51,82.02,53.94,0.278,7.35,387.2,2930054,477.7,55.2,79.93,61.76,17.19,Alto
MUN_116,Montes Claros,RJ,9,23.15,27.56,38.94,7.53,0.156,0.19,8.4,2279674,137.6,79.2,29.79,-3.79,22.63,Medio
MUN_117,Palmas,PA,36,33.09,37.33,51.21,22.41,0.215,2.17,662.9,2658917,299.5,65.7,40.25,31.95,33.37,Baixo
MUN_162,Natal,BA,4,21.52,27.84,67.94,70.34,0.251,4.11,5.8,1543761,129.6,79.3,39.14,78.59,21.68,Medio
MUN_006,Montes Claros,CE,1,34.34,39.47,70.39,52.0,0.337,5.01,984.6,325005,184.9,69.3,32.01,58.12,33.44,Baixo
MUN_012,Caxias do Sul,SC,29,27.07,32.07,42.58,3.3,0.0,2.47,427.6,2191850,442.4,49.6,51.7,7.94,27.51,Alto
MUN_117,Goiânia,RJ,34,24.15,27.87,68.93,44.41,0.263,4.73,70.0,1976328,105.7,84.9,32.6,47.88,21.58,Alto
MUN_101,Fortaleza,SC,31,29.91,34.39,70.28,47.73,0.36,7.33,250.8,2395181,434.4,70.6,39.21,20.9,29.88,Medio
MUN_005,Caxias do Sul,SP,17,25.18,30.87,57.59,20.77,0.183,0.92,821.3,945541,335.8,71.5,26.66,17.09,21.91,Baixo
MUN_179,Montes Claros,TO,8,24.36,30.64,68.36,20.15,0.268,6.5,1186.5,385014,68.1,87.0,15.08,20.87,23.98,Baixo
MUN_003,Recife,CE,32,21.94,28.3,69.45,36.23,0.173,8.07,131.9,492312,323.3,73.1,39.19,35.87,22.27,Medio
MUN_045,Palmas,GO,10,21.94,27.17,72.63,53.67,0.368,4.7,229.9,197567,260.7,76.6,47.28,58.37,24.73,Medio
MUN_148,Santos,PR,7,28.53,33.83,72.29,50.62,0.276,2.29,21.1,2669181,469.9,43.5,78.79,57.74,29.0,Alto
MUN_002,Santos,SC,4,31.11,35.86,74.01,35.27,0.096,4.8,614.3,2440877,384.2,65.6,55.99,24.16,31.76,Medio
MUN_009,Crato,BA,18,24.88,30.68,74.55,90.8,0.506,10.2,446.8,456276,324.6,73.2,68.01,98.06,22.81,Alto
MUN_183,Salvador,PE,36,23.09,28.56,65.65,70.65,0.349,11.09,693.2,420406,351.1,59.7,61.59,80.63,24.19,Alto
MUN_101,Salvador,GO,3,24.12,29.37,70.78,91.87,0.388,8.19,598.1,1739606,287.1,77.5,51.76,78.19,25.42,Medio
MUN_082,Araguaína,GO,5,19.38,24.56,64.31,18.25,0.212,3.33,189.4,1745985,119.6,75.1,28.76,-0.96,16.03,Medio
MUN_075,Fortaleza,MG,15,22.32,27.19,52.14,19.17,0.178,3.18,366.8,1610867,161.1,74.6,26.71,20.26,19.2,Baixo
MUN_135,Montes Claros,PE,17,24.57,29.67,71.44,79.73,0.343,9.79,897.8,2684670,410.7,55.4,75.06,73.69,24.7,Alto
MUN_141,Curitiba,RS,11,31.37,37.22,57.45,18.3,0.271,4.03,1133.8,1240284,422.6,61.0,66.29,37.88,31.59,Baixo
MUN_154,Caxias do Sul,RN,32,30.83,34.11,68.27,28.97,0.265,6.81,513.8,823660,342.1,68.8,41.89,36.15,33.56,Medio
MUN_149,Goiânia,BA,1,26.41,31.9,61.34,12.6,0.157,2.44,448.8,1808386,315.4,47.1,66.91,22.75,30.85,Alto
MUN_096,Belém,CE,21,26.76,31.05,49.34,26.87,0.244,2.22,279.9,2492685,40.2,86.3,8.19,26.75,26.48,Baixo
MUN_099,Fortaleza,MG,12,28.06,33.11,61.45,64.34,0.385,8.27,931.7,2427317,40.6,83.9,29.01,73.41,30.13,Baixo
MUN_187,Itaquaquecetuba,RJ,41,22.2,26.64,57.82,63.57,0.381,6.58,824.9,249454,233.6,66.4,34.33,77.15,22.14,Baixo
MUN_134,Fortaleza,TO,28,31.86,38.21,64.53,48.05,0.333,4.69,212.3,693538,427.9,55.7,78.23,36.67,33.27,Alto
MUN_020,Crato,SC,2,28.28,34.59,62.34,73.09,0.266,7.01,737.4,2158502,218.6,82.3,30.45,52.4,24.68,Baixo
MUN_183,Ribeirão Preto,RS,41,17.66,21.69,59.0,40.01,0.244,3.48,952.0,2782336,145.0,91.3,19.22,47.49,15.51,Baixo
MUN_049,Ribeirão Preto,PE,25,20.04,26.68,76.27,102.55,0.439,8.86,590.3,1284119,375.0,63.6,65.91,104.59,19.69,Alto
MUN_053,Itaquaquecetuba,BA,4,27.14,31.64,54.35,69.82,0.326,4.37,525.8,878318,495.7,54.2,83.36,66.4,26.97,Alto
MUN_040,Araguaína,GO,46,25.08,31.82,61.38,43.42,0.32,1.61,735.6,2301899,49.8,81.5,40.35,51.38,26.19,Baixo
MUN_027,Ribeirão Preto,TO,31,24.92,30.29,72.53,95.81,0.378,7.92,438.0,99091,97.0,76.2,30.96,89.98,22.84,Medio
MUN_158,Macaé,RS,26,30.74,35.83,75.44,62.58,0.353,6.17,183.6,2484514,162.6,72.2,40.92,48.3,34.33,Medio
MUN_153,Salvador,BA,28,27.08,34.43,81.9,54.78,0.31,4.45,938.9,791270,111.7,80.4,31.64,64.03,26.16,Baixo
MUN_143,Salvador,MG,44,25.75,30.9,58.11,51.04,0.227,3.63,486.8,268224,361.1,61.3,42.68,59.33,24.59,Alto
MUN_122,Macaé,PA,30,25.23,28.91,76.17,108.19,0.477,5.28,344.2,954546,383.8,65.1,61.2,119.2,28.02,Medio
MUN_073,Montes Claros,AM,34,25.27,31.22,63.74,22.17,0.226,3.09,907.9,2160575,128.4,89.7,14.5,8.05,25.34,Baixo
MUN_137,Sorocaba,PE,14,26.31,30.72,55.5,28.04,0.288,4.13,900.6,203530,190.5,80.8,30.39,40.68,24.5,Baixo
MUN_023,Natal,BA,2,25.58,30.71,51.85,21.95,0.327,5.35,299.7,696279,401.0,54.2,63.76,37.95,23.57,Alto
MUN_005,Araguaína,RS,50,26.78,33.85,60.2,18.36,0.205,1.68,722.9,2459081,415.3,66.7,55.76,11.7,27.48,Medio
MUN_072,Campinas,SP,30,20.97,26.19,68.21,29.27,0.187,2.15,575.9,1068333,351.8,71.7,59.47,23.46,21.11,Medio
MUN_085,Palmas,PR,12,17.75,23.42,85.45,96.09,0.52,8.54,169.7,2542061,453.5,51.7,81.49,100.58,17.03,Alto
MUN_102,Caxias do Sul,RS,13,27.48,31.92,61.22,63.7,0.283,0.0,636.2,731401,397.2,53.3,58.77,60.84,26.27,Alto
MUN_094,Curitiba,RJ,46,24.81,29.65,52.44,67.76,0.409,7.34,98.6,2777819,231.3,61.1,46.07,46.55,24.37,Medio
MUN_143,Campinas,PA,12,27.6,32.14,66.06,100.73,0.322,8.38,936.7,1065841,23.2,90.6,18.3,118.79,25.72,Baixo
MUN_023,Araguaína,RJ,11,26.6,31.8,57.06,43.27,0.25,7.39,417.3,178143,440.6,55.9,69.79,54.44,25.12,Alto
MUN_036,Sorocaba,RN,52,22.44,27.3,72.73,103.55,0.393,6.33,1152.4,1966405,143.6,76.7,43.7,93.48,22.18,Baixo
MUN_019,Sorocaba,TO,35,23.12,29.22,64.26,77.93,0.351,4.79,228.7,2007848,207.5,58.7,52.59,78.64,19.67,Medio
MUN_053,Montes Claros,RJ,48,25.48,31.15,48.11,27.74,0.242,3.48,835.7,593209,320.1,66.1,34.53,32.13,26.52,Baixo
MUN_099,Uberlândia,BA,48,28.66,35.12,61.99,48.19,0.412,2.76,369.1,2296958,441.1,67.1,58.67,33.52,28.56,Medio
MUN_184,Campinas,SP,38,24.6,27.52,63.3,47.92,0.278,4.3,63.9,739764,126.8,84.8,33.12,49.46,24.7,Alto
MUN_075,Campinas,RJ,21,25.14,32.07,66.27,94.13,0.368,5.89,164.0,285056,75.7,79.4,35.14,89.93,26.42,Medio
MUN_105,Uberlândia,GO,27,24.8,28.43,77.75,69.62,0.279,3.45,725.2,2116925,268.4,81.3,47.37,74.28,24.51,Baixo
MUN_163,Caxias do Sul,PR,3,26.44,33.55,55.59,58.52,0.354,4.29,315.0,185735,366.3,58.2,59.97,71.94,23.87,Medio
MUN_045,Sorocaba,RN,44,30.96,34.9,63.09,40.31,0.287,6.95,16.6,361821,195.5,94.1,24.9,55.79,32.23,Medio
MUN_037,Santos,RS,29,21.0,23.45,41.68,43.49,0.305,3.58,922.4,1791170,406.0,45.8,65.41,30.71,23.12,Alto
MUN_046,Belém,RN,10,22.39,29.31,69.95,45.97,0.443,6.45,849.4,1309137,293.3,82.5,51.99,53.82,24.67,Baixo
MUN_106,Fortaleza,SP,11,26.98,33.08,68.04,40.34,0.253,0.0,30.9,1486177,407.1,74.6,51.82,37.03,25.49,Alto
MUN_069,Palmas,RN,23,25.29,29.89,51.38,16.03,0.308,4.12,10.0,882707,170.1,74.0,23.37,16.14,28.77,Medio
MUN_114,Campinas,MG,38,24.88,30.56,47.37,42.9,0.257,2.04,106.1,671198,235.4,67.1,47.84,38.93,24.45,Medio
MUN_126,Campinas,MG,50,30.05,34.32,56.42,37.11,0.223,4.74,503.9,2501474,142.1,97.5,6.73,42.98,30.49,Baixo
MUN_124,Santos,SC,44,23.99,28.63,79.05,130.98,0.498,11.79,647.6,1995384,150.8,79.3,51.32,139.21,25.7,Medio
MUN_135,Sorocaba,RS,12,26.54,30.76,65.54,34.22,0.263,2.25,950.2,2761952,89.0,78.6,34.52,34.16,28.37,Baixo
MUN_159,Santos,PE,17,24.5,29.63,66.05,36.26,0.262,4.56,891.1,748864,62.1,72.0,15.26,35.52,23.04,Baixo
MUN_078,Palmas,PE,27,26.69,30.87,70.58,40.08,0.252,2.73,648.4,1568653,190.1,72.6,39.73,25.66,27.19,Baixo
MUN_146,Crato,TO,51,29.09,33.46,51.03,40.27,0.305,3.86,477.8,1528280,206.0,80.2,17.62,40.82,28.13,Baixo
MUN_098,Macaé,CE,24,28.8,32.42,73.06,104.3,0.361,6.6,426.2,907963,195.4,79.9,45.9,100.58,28.31,Medio
MUN_106,Macaé,BA,23,23.46,29.49,55.27,41.28,0.231,3.65,400.2,316427,117.2,76.8,35.35,49.93,23.22,Baixo
MUN_057,Manaus,PR,22,19.65,24.91,75.74,89.8,0.371,9.96,35.9,1293541,256.8,62.8,46.62,103.35,19.81,Medio
MUN_056,Araguaína,TO,46,24.68,29.63,57.65,57.83,0.352,3.43,413.9,148628,177.3,93.5,35.43,72.5,26.33,Baixo
MUN_045,Salvador,PR,50,22.94,27.41,56.32,29.68,0.356,1.07,529.9,2503281,317.9,75.0,36.88,25.78,25.81,Medio
MUN_119,Belém,RS,48,22.71,27.79,73.44,104.62,0.446,7.0,278.6,1852681,497.9,56.4,87.24,106.12,22.43,Alto
MUN_132,Montes Claros,SP,44,23.34,27.57,49.51,17.57,0.224,4.76,438.1,2510187,216.3,75.6,36.0,4.48,23.58,Baixo
MUN_048,Goiânia,PR,12,21.46,24.73,71.08,26.49,0.294,6.93,1199.4,349539,53.8,100.0,0.0,30.2,23.65,Baixo
MUN_180,Ribeirão Preto,CE,1,26.72,29.73,58.88,34.3,0.325,4.43,622.5,1880197,241.6,76.1,42.39,20.61,24.16,Baixo
MUN_097,Santos,BA,17,27.74,34.26,60.84,43.59,0.221,3.58,72.8,2598173,261.6,77.4,33.94,45.05,27.72,Alto
MUN_099,Uberlândia,BA,48,28.66,35.12,61.99,48.19,0.412,2.76,369.1,2296958,441.1,67.1,58.67,33.52,28.56,Medio
MUN_072,Montes Claros,RJ,14,27.96,33.36,68.83,45.79,0.236,4.8,335.9,427306,303.0,67.9,56.28,28.82,28.99,Medio
MUN_123,Fortaleza,SC,18,23.67,26.23,66.37,44.93,0.324,3.15,160.7,1915711,238.8,52.3,44.69,34.89,25.21,Medio
MUN_080,Araguaína,BA,24,28.73,34.81,69.0,83.43,0.328,7.22,658.2,2450021,270.4,70.7,31.64,87.84,26.45,Baixo
MUN_051,Macaé,PA,39,22.91,29.79,82.43,86.68,0.357,4.73,650.7,1560910,305.5,58.2,58.92,81.08,25.47,Alto
MUN_134,Fortaleza,TO,28,31.86,38.21,64.53,48.05,0.333,4.69,212.3,693538,427.9,55.7,78.23,36.67,33.27,Alto
MUN_016,Santos,PR,44,23.92,28.98,61.11,69.17,0.293,8.15,606.6,464449,423.9,53.9,63.32,70.44,24.82,Alto
MUN_090,Curitiba,RS,48,22.91,27.4,54.28,57.09,0.416,5.44,933.1,2569120,404.3,60.7,50.66,38.28,26.09,Medio
MUN_126,Manaus,RN,1,24.07,28.69,71.87,26.83,0.222,3.84,710.7,2916123,287.3,50.7,66.05,34.47,24.7,Alto
MUN_019,Itaquaquecetuba,AM,17,32.28,36.0,53.6,37.33,0.258,3.73,704.7,2802404,418.0,66.2,55.29,41.91,31.39,Alto
MUN_158,Araguaína,MG,17,28.51,33.59,65.1,80.78,0.339,6.56,1149.2,693311,412.0,55.0,63.8,77.89,29.33,Baixo
MUN_130,Santos,MG,35,28.32,31.42,48.86,13.11,0.288,4.08,521.1,1745474,51.5,82.7,20.6,1.68,28.43,Baixo
MUN_120,Campinas,AM,49,25.47,31.95,75.13,37.85,0.335,6.55,942.7,123680,485.0,63.4,65.77,42.92,23.14,Medio
MUN_087,Araguaína,PE,11,31.38,35.95,70.44,36.4,0.127,1.42,173.9,1878704,298.9,80.4,59.74,38.04,30.52,Alto
MUN_045,Fortaleza,PA,25,25.87,32.81,83.72,108.5,0.406,7.32,673.1,2818447,474.7,54.1,89.47,120.48,24.9,Alto
MUN_119,Uberlândia,MG,27,24.98,28.55,65.22,54.16,0.131,1.62,196.9,2032934,236.5,74.6,36.67,61.83,23.76,Alto
MUN_056,Montes Claros,PE,28,31.03,37.15,54.51,42.26,0.312,3.71,267.9,266702,139.6,80.4,7.79,35.99,31.17,Medio
MUN_198,Ribeirão Preto,RN,14,24.8,28.91,67.64,39.41,0.309,1.95,764.6,191736,166.5,64.7,35.15,37.55,23.35,Baixo
MUN_047,Recife,RS,46,27.68,33.57,43.94,38.67,0.286,1.29,171.1,2983691,374.6,66.9,48.5,16.46,26.54,Alto
MUN_098,Ribeirão Preto,PA,35,21.6,28.08,71.25,53.38,0.424,2.14,854.3,1179842,86.4,76.1,25.95,73.29,23.54,Baixo
MUN_156,Manaus,GO,5,28.04,32.18,69.32,41.05,0.266,6.3,706.4,1168616,386.4,57.7,58.32,19.85,27.2,Alto
MUN_145,Crato,CE,26,25.58,29.85,69.25,35.4,0.313,3.74,828.7,128245,263.9,65.1,37.56,41.16,24.06,Baixo
MUN_101,Uberlândia,RN,12,23.33,29.53,55.08,64.23,0.374,8.89,1038.8,505896,434.5,67.2,82.4,53.95,23.17,Baixo
MUN_175,Caxias do Sul,RS,26,27.36,31.87,50.73,27.26,0.309,0.8,463.9,1905096,439.3,63.5,59.3,30.27,24.04,Medio
MUN_090,Montes Claros,CE,20,25.72,32.04,71.73,76.56,0.356,2.94,995.5,363107,219.0,61.3,39.88,88.11,26.66,Baixo
MUN_160,Uberlândia,AM,51,28.4,32.43,65.74,28.55,0.301,2.12,117.2,85387,53.7,89.5,8.74,22.06,28.38,Medio
MUN_121,Ribeirão Preto,MG,8,27.53,32.57,81.39,52.74,0.241,2.35,803.0,555614,419.8,63.7,66.55,38.09,26.38,Medio
MUN_162,Natal,BA,4,21.52,27.84,67.94,70.34,0.251,4.11,5.8,1543761,129.6,79.3,39.14,78.59,21.68,Medio
MUN_048,Belém,PR,48,32.42,37.65,70.53,23.6,0.223,3.27,997.9,2054360,243.8,80.9,38.4,21.59,31.9,Baixo
MUN_198,Uberlândia,RN,13,29.59,33.87,74.79,35.98,0.253,2.46,105.5,826010,457.8,71.6,78.93,34.42,29.71,Alto
MUN_013,Itaquaquecetuba,CE,11,28.23,33.3,63.41,21.74,0.245,8.4,295.2,2611026,171.1,89.6,29.33,32.38,26.01,Baixo
MUN_141,Belém,AM,17,18.0,24.93,74.72,66.22,0.302,7.91,119.3,2798179,268.3,69.5,42.96,74.53,21.35,Medio
MUN_108,Belém,PE,1,27.84,32.73,69.42,89.74,0.54,4.29,80.6,1829378,320.6,67.3,55.74,75.06,27.25,Medio
MUN_081,Manaus,RJ,11,22.26,26.46,71.4,66.14,0.339,6.37,911.0,947493,485.1,53.4,61.1,69.84,23.71,Alto
MUN_024,Itaquaquecetuba,AM,16,26.39,34.44,48.03,28.32,0.223,4.21,54.2,252375,264.4,82.3,33.96,35.54,27.92,Medio
MUN_176,Itaquaquecetuba,GO,18,29.96,35.33,73.32,36.79,0.214,3.11,510.8,588755,275.9,64.2,50.23,44.24,29.08,Alto
MUN_001,Itaquaquecetuba,GO,18,22.75,26.94,68.02,64.3,0.235,5.98,231.7,1118257,496.3,65.6,61.43,61.88,20.93,Alto
MUN_133,Ribeirão Preto,PA,48,25.84,32.82,63.08,27.93,0.271,4.2,114.1,2789051,282.4,60.4,53.77,23.73,29.14,Medio
MUN_080,Palmas,BA,7,20.5,26.51,82.02,53.94,0.278,7.35,387.2,2930054,477.7,55.2,79.93,61.76,17.19,Alto
MUN_140,Manaus,CE,5,25.28,28.06,51.65,12.88,0.14,3.58,512.8,1613225,158.9,76.3,26.1,28.15,28.29,Baixo
MUN_082,Palmas,TO,6,27.3,31.54,53.25,36.84,0.276,0.32,1151.8,708945,173.7,84.4,39.24,27.23,25.91,Baixo
MUN_067,Fortaleza,GO,44,28.91,34.32,68.17,14.52,0.15,3.37,613.5,62162,105.0,69.2,38.14,9.53,27.41,Baixo
MUN_030,Sorocaba,RJ,24,27.72,32.62,67.26,139.12,0.292,9.53,583.0,2251296,293.3,80.8,53.44,133.91,25.16,Medio
MUN_184,Palmas,MG,29,27.76,33.07,74.92,36.31,0.299,5.32,574.2,2165889,459.4,54.1,77.93,35.75,31.48,Alto
MUN_174,Itaquaquecetuba,PA,51,22.22,26.72,72.57,32.88,0.243,0.75,24.6,1012742,223.9,73.8,44.49,33.31,19.26,Medio
MUN_140,Palmas,RS,19,25.73,30.04,78.6,45.93,0.338,2.88,321.4,514827,317.5,68.9,61.05,41.24,25.5,Medio
MUN_019,Montes Claros,PR,12,26.0,31.85,64.97,57.56,0.192,2.64,461.1,898750,401.2,67.6,61.08,62.33,22.4,Medio
MUN_104,Araguaína,CE,41,22.43,27.63,53.36,36.77,0.318,2.78,555.2,1428768,244.6,76.4,49.17,17.48,25.73,Alto
MUN_154,Goiânia,TO,30,28.36,35.15,64.35,46.05,0.371,6.29,795.9,2136627,39.6,94.3,22.44,52.6,31.43,Baixo
MUN_026,Belém,SC,41,28.85,31.92,58.55,48.4,0.203,5.55,215.2,1706251,306.3,75.6,66.01,43.4,32.44,Alto
MUN_106,Fortaleza,SP,11,26.98,33.08,68.04,40.34,0.253,0.0,30.9,1486177,407.1,74.6,51.82,37.03,25.49,Alto
MUN_060,Itaquaquecetuba,TO,39,29.03,34.75,61.63,10.36,0.194,1.37,702.0,1936449,171.8,92.3,25.49,8.49,29.91,Baixo
MUN_022,Palmas,PA,45,20.84,26.19,54.09,33.29,0.242,3.98,688.0,2900303,219.3,76.0,31.94,40.04,21.06,Baixo
MUN_162,Ribeirão Preto,BA,17,27.23,31.44,57.43,58.85,0.244,2.39,578.0,783394,167.4,64.0,23.27,52.24,23.45,Baixo
MUN_032,Palmas,PA,42,31.02,37.59,65.36,52.83,0.263,4.35,625.5,653594,227.0,81.0,33.41,48.3,32.33,Medio
MUN_015,Ribeirão Preto,PA,47,27.04,33.86,63.69,39.58,0.329,4.02,635.6,1227389,254.1,77.0,55.48,38.52,29.91,Medio
MUN_015,Santos,RS,49,30.12,35.72,76.1,39.22,0.235,4.3,295.1,2305360,323.9,58.1,75.31,44.46,26.75,Medio
MUN_173,Belém,AM,23,26.48,30.88,60.16,24.39,0.281,0.06,1107.9,1812997,238.6,69.7,52.44,49.47,29.23,Baixo
MUN_090,Montes Claros,BA,8,22.93,27.87,53.56,121.82,0.537,4.5,45.0,848815,161.7,75.3,51.94,108.75,25.11,Alto
MUN_161,Macaé,BA,40,26.64,30.29,55.35,66.55,0.352,3.19,53.2,1061577,496.3,56.9,95.32,62.16,27.08,Alto
MUN_115,Crato,RS,37,21.65,24.77,56.34,37.35,0.2,6.09,233.3,128481,364.3,63.5,61.52,42.19,22.35,Alto
MUN_200,Crato,SP,9,30.27,35.74,42.21,17.53,0.306,4.42,116.8,631528,89.4,82.3,32.96,13.43,32.72,Baixo
MUN_197,Caxias do Sul,CE,36,26.89,30.74,69.29,21.81,0.314,0.0,552.9,922165,384.3,83.9,61.31,8.85,28.98,Medio
MUN_124,Sorocaba,SP,36,22.97,29.34,60.13,10.26,0.167,0.41,1056.8,2158695,460.1,46.9,81.8,4.71,25.71,Baixo
MUN_086,Santos,RN,25,26.31,29.96,64.69,46.35,0.418,2.33,575.3,613963,251.3,87.5,53.77,62.35,27.27,Medio
MUN_079,Natal,PA,29,23.53,28.87,57.14,14.9,0.367,0.92,675.6,1771926,187.3,78.3,21.55,6.29,24.39,Baixo
MUN_005,Araguaína,SP,41,19.78,25.15,69.28,62.36,0.341,5.09,422.0,2275349,231.0,85.2,34.3,51.14,20.8,Alto
MUN_011,Santos,PE,5,24.07,30.0,60.76,53.0,0.244,4.44,800.9,1535989,373.7,73.8,83.41,71.27,24.56,Alto
MUN_191,Natal,SC,43,26.13,29.81,77.43,35.99,0.293,6.25,920.4,1248876,388.5,54.7,61.6,46.33,27.67,Baixo
MUN_106,Fortaleza,GO,17,25.44,29.28,58.56,28.13,0.34,2.53,1164.4,1787561,24.3,88.9,9.95,29.47,26.38,Baixo
MUN_083,Itaquaquecetuba,RN,12,25.3,30.66,63.8,15.47,0.119,1.15,94.3,2534892,175.4,67.3,37.65,32.2,28.61,Alto
MUN_151,Goiânia,AM,35,26.08,30.43,63.35,34.29,0.198,2.49,597.8,235554,111.2,78.6,34.36,43.44,26.03,Baixo
MUN_150,Ribeirão Preto,AM,33,22.88,28.36,69.84,78.9,0.319,8.66,1172.3,1995914,474.7,74.6,59.93,78.49,21.04,Baixo
MUN_141,Salvador,MG,8,23.97,28.9,67.39,27.74,0.284,4.65,466.5,2040648,437.0,66.3,54.53,24.07,26.33,Alto
MUN_145,Macaé,TO,23,27.73,33.98,56.58,69.0,0.295,1.36,634.0,632999,200.2,91.1,24.61,91.03,29.16,Baixo
MUN_168,Goiânia,SC,35,24.66,30.27,58.63,41.67,0.19,5.29,625.6,898644,480.9,66.3,65.37,38.89,25.07,Alto
MUN_010,Araguaína,RN,42,30.36,35.42,55.82,27.11,0.264,6.8,22.8,2620080,427.5,60.2,63.32,10.71,33.62,Alto
MUN_023,Campinas,TO,27,23.85,27.92,52.16,25.45,0.326,1.66,1119.3,804087,149.7,72.0,40.56,36.92,20.49,Baixo
MUN_001,Uberlândia,PA,33,24.99,29.45,60.01,34.52,0.069,3.55,5.7,1863082,27.7,86.6,2.75,19.06,27.22,Medio
MUN_103,Itaquaquecetuba,AM,34,31.25,36.1,59.88,36.63,0.323,5.08,43.1,2754826,311.2,64.6,46.72,28.69,33.12,Alto
MUN_142,Manaus,TO,9,27.41,34.57,67.57,53.82,0.306,3.58,38.9,940093,245.7,59.6,45.39,51.04,29.81,Medio
MUN_162,Macaé,GO,28,32.65,37.36,63.22,25.85,0.304,2.51,953.1,132169,349.4,65.3,48.47,15.82,31.23,Baixo
MUN_165,Recife,RJ,49,25.56,32.09,50.75,12.76,0.22,0.27,824.9,1580421,272.8,80.4,46.84,7.18,24.62,Baixo
MUN_109,Macaé,PR,17,24.04,31.1,51.75,29.33,0.3,4.02,575.8,1790111,248.2,72.0,36.41,20.2,18.67,Baixo
MUN_088,Santos,SC,37,26.98,32.26,63.85,23.96,0.307,2.54,882.3,2964275,335.1,62.3,48.52,20.7,28.34,Baixo
MUN_138,Palmas,CE,4,25.73,27.94,52.67,38.95,0.35,4.39,1174.5,867235,70.6,77.5,15.32,43.95,26.0,Baixo
MUN_110,Araguaína,BA,1,18.02,23.24,68.04,99.82,0.431,6.44,48.2,2989081,338.7,62.7,77.59,92.79,18.69,Alto
MUN_003,Belém,PE,25,33.69,40.7,61.64,59.05,0.189,7.73,1063.6,1643070,94.2,65.0,35.79,47.25,34.49,Baixo
MUN_097,Curitiba,SC,19,29.86,34.42,74.94,135.49,0.407,5.27,1062.6,1209657,443.4,65.6,80.24,132.98,32.02,Medio
MUN_176,Manaus,RJ,31,23.84,28.95,47.81,16.47,0.348,0.0,1113.6,777872,392.0,58.1,68.56,33.77,24.8,Baixo
MUN_084,Caxias do Sul,BA,31,21.43,26.35,81.61,126.99,0.365,8.8,104.9,289803,320.9,65.1,64.18,127.29,20.67,Alto
MUN_137,Campinas,GO,4,25.29,31.01,58.33,66.78,0.314,4.62,298.4,456687,401.7,54.6,57.4,70.73,26.14,Alto
MUN_096,Ribeirão Preto,SP,21,30.65,35.7,63.67,43.14,0.285,4.52,352.2,1721457,307.4,67.0,59.76,32.04,34.14,Alto
MUN_010,Belém,GO,39,23.35,30.73,62.47,40.8,0.219,2.72,54.6,1290845,458.4,47.6,83.13,63.74,25.24,Alto
MUN_095,Santos,AM,34,26.03,32.44,72.59,39.62,0.225,1.8,968.4,2030283,319.7,70.1,44.82,38.09,25.89,Baixo
MUN_198,Curitiba,SP,11,21.1,26.61,58.68,22.36,0.271,5.17,120.0,420055,199.8,76.5,50.15,22.7,17.96,Alto
MUN_106,Campinas,AM,44,33.79,38.65,54.57,18.91,0.323,4.59,444.9,1808325,218.5,70.7,46.46,18.72,32.4,Medio
MUN_009,Recife,MG,30,27.94,29.66,63.35,59.53,0.453,4.88,136.2,2627987,450.5,48.7,67.94,65.48,27.95,Alto
MUN_020,Itaquaquecetuba,MG,41,26.56,31.43,79.03,105.96,0.332,4.57,826.5,1806384,483.2,52.2,81.49,109.28,26.48,Medio
MUN_099,Recife,RN,42,31.47,36.95,67.33,74.36,0.378,3.75,1131.0,1632824,390.2,61.6,71.09,85.75,30.99,Baixo
MUN_124,Natal,PA,48,27.21,32.02,80.77,215.97,0.596,12.06,495.7,2649131,416.5,67.0,55.92,221.17,28.32,Alto
MUN_098,Campinas,PR,16,18.0,22.41,63.3,41.76,0.377,4.67,744.2,2063753,50.1,91.6,19.28,37.44,18.7,Baixo
MUN_148,Recife,GO,35,26.32,32.67,71.52,57.96,0.244,7.35,881.4,2512483,324.8,56.5,59.08,52.25,23.18,Baixo
MUN_064,Santos,TO,43,27.59,32.21,70.43,35.33,0.393,0.0,633.9,438147,484.7,43.9,89.25,27.8,24.62,Alto
MUN_080,Natal,RN,51,22.63,29.19,54.42,74.61,0.446,8.26,620.8,2584186,58.7,78.8,37.76,65.87,20.86,Baixo
MUN_008,Santos,PE,21,26.86,30.0,50.37,63.65,0.178,3.44,554.0,2857918,408.6,56.5,63.89,77.01,29.14,Alto
MUN_086,Recife,PA,28,27.23,34.01,80.09,44.5,0.322,1.54,264.3,1678632,417.8,56.9,59.93,43.2,29.77,Alto
MUN_057,Sorocaba,PA,35,24.54,28.71,54.81,39.43,0.353,3.48,390.9,2196620,220.0,66.5,55.03,50.13,25.43,Medio
MUN_104,Fortaleza,BA,51,24.65,29.27,60.37,19.25,0.374,2.79,772.1,1313734,49.9,100.0,9.38,15.3,23.62,Baixo
MUN_142,Curitiba,PA,42,22.43,26.18,39.02,20.49,0.206,4.67,355.2,2076537,360.6,60.0,72.02,21.26,24.37,Alto
MUN_017,Belém,BA,33,23.94,28.24,70.68,22.55,0.37,0.16,1090.9,1727429,83.2,100.0,9.47,33.28,26.69,Baixo
MUN_148,Manaus,CE,10,28.18,33.13,72.96,20.74,0.293,5.21,1150.5,1775668,394.9,57.9,77.82,18.06,31.35,Baixo
MUN_030,Goiânia,CE,35,25.29,30.26,56.3,39.48,0.341,3.82,500.8,313383,239.0,76.2,28.66,36.1,24.49,Medio
MUN_001,Itaquaquecetuba,GO,18,22.75,26.94,68.02,64.3,0.235,5.98,231.7,1118257,496.3,65.6,61.43,61.88,20.93,Alto
MUN_116,Manaus,GO,49,21.12,25.79,58.09,34.25,0.17,1.12,160.5,2176194,29.7,93.9,22.04,42.12,20.46,Baixo
MUN_191,Fortaleza,RN,24,27.14,30.07,63.06,115.64,0.647,12.96,704.3,2790420,483.0,58.4,70.89,110.28,28.37,Alto
MUN_070,Goiânia,PR,31,29.78,36.46,58.46,30.96,0.296,1.96,1073.8,2769211,134.7,96.7,24.16,19.96,27.1,Baixo
MUN_108,Salvador,AM,50,25.26,30.55,61.04,62.11,0.239,8.6,258.8,1653773,478.5,44.4,79.8,76.95,24.84,Alto
MUN_181,Uberlândia,RN,35,23.82,28.4,75.24,93.61,0.287,6.65,22.5,2959274,108.8,75.4,31.9,96.93,22.69,Alto
MUN_102,Caxias do Sul,SP,27,26.24,30.24,45.31,16.55,0.2,6.9,33.3,501597,331.1,72.7,38.78,19.03,26.97,Medio
MUN_018,Fortaleza,PA,50,24.48,27.26,62.42,35.88,0.203,1.14,1043.9,520583,32.1,81.7,29.36,46.47,27.8,Baixo
MUN_051,Recife,TO,17,25.54,31.21,80.71,77.39,0.355,7.31,541.0,2631235,454.6,65.5,73.47,75.99,26.09,Alto
MUN_014,Ribeirão Preto,GO,8,28.45,33.23,80.12,82.56,0.343,3.47,678.6,2449098,491.5,65.5,62.26,86.99,29.05,Medio
MUN_110,Curitiba,MG,31,26.2,30.58,72.98,56.37,0.345,2.78,203.3,2524040,465.3,51.2,96.58,47.47,26.73,Alto
MUN_137,Santos,PE,3,26.59,31.67,61.65,63.26,0.312,4.82,433.3,2447073,96.4,79.0,27.43,64.67,28.03,Baixo
MUN_154,Palmas,TO,49,27.18,33.79,70.68,12.89,0.332,1.45,374.7,2731635,493.6,70.4,60.4,17.71,29.59,Medio
MUN_153,Curitiba,TO,41,25.46,31.44,60.97,31.66,0.397,4.43,340.3,825271,437.0,55.1,52.19,39.19,24.86,Medio
MUN_190,Campinas,BA,38,23.92,28.94,52.28,13.11,0.27,0.8,212.2,2643794,366.0,63.4,47.64,28.31,19.79,Alto
MUN_182,Macaé,RS,8,27.79,33.48,39.73,17.43,0.099,4.81,478.3,2621475,351.0,59.2,63.34,14.98,26.43,Medio
MUN_100,Crato,SC,33,35.56,40.55,71.17,76.76,0.36,7.53,324.4,2156950,241.0,73.4,21.33,78.99,34.68,Medio
MUN_041,Fortaleza,RJ,13,34.55,39.13,66.99,55.41,0.23,5.68,1113.6,2275878,422.8,59.0,69.34,43.64,33.2,Baixo
MUN_200,Salvador,PR,25,23.81,29.36,59.25,75.51,0.436,6.26,235.2,2822386,111.4,88.1,34.41,73.29,25.74,Medio
MUN_029,Itaquaquecetuba,RS,6,23.23,28.18,60.17,31.03,0.289,5.83,917.6,2687417,425.2,66.2,64.05,36.2,23.09,Baixo
MUN_070,Campinas,TO,44,25.83,29.07,62.46,34.39,0.284,3.52,262.5,206067,152.5,86.2,20.96,30.88,25.62,Baixo
MUN_041,Ribeirão Preto,GO,14,24.16,31.68,64.39,29.41,0.398,0.93,829.0,839061,476.4,55.9,66.44,37.53,21.93,Alto
MUN_080,Itaquaquecetuba,GO,14,25.02,32.65,88.65,114.27,0.377,9.09,362.1,607379,85.2,81.6,38.89,127.26,27.29,Medio
MUN_003,Santos,RN,41,25.11,29.51,59.15,12.91,0.314,3.16,1018.3,2876192,473.7,61.3,74.69,25.18,26.9,Baixo
MUN_152,Goiânia,PA,12,28.85,33.75,64.4,49.64,0.418,7.6,420.8,2329687,136.8,83.8,18.88,43.77,30.8,Medio
MUN_118,Itaquaquecetuba,PE,30,28.22,34.51,70.09,102.46,0.332,8.06,266.3,2175399,376.3,54.8,77.83,109.01,28.03,Alto
MUN_005,Goiânia,TO,19,20.44,22.2,72.99,112.01,0.406,4.59,841.5,1280614,321.6,65.0,61.29,108.43,19.69,Medio
MUN_185,Araguaína,RS,14,19.91,24.12,79.15,85.83,0.37,6.75,805.7,847055,428.4,55.2,75.62,86.39,24.07,Medio
MUN_179,Natal,RJ,43,24.52,31.02,62.99,35.95,0.18,4.2,90.1,1602657,266.6,67.6,28.91,35.95,23.43,Medio
MUN_022,Ribeirão Preto,PE,38,24.11,28.68,70.42,36.53,0.23,1.06,968.4,1807840,452.7,56.4,74.15,28.98,22.76,Alto
MUN_192,Santos,AM,11,26.2,30.28,69.94,66.5,0.349,5.9,510.3,1483290,479.0,53.7,79.27,69.64,22.19,Alto
MUN_091,Uberlândia,AM,38,26.04,30.71,64.79,32.4,0.239,4.72,169.2,400667,387.8,65.3,58.85,49.7,22.69,Alto
MUN_154,Araguaína,RS,42,24.72,31.72,60.06,12.48,0.18,0.4,314.8,2988592,412.6,58.0,75.32,8.04,21.68,Medio
MUN_005,Ribeirão Preto,SP,35,26.98,30.38,79.83,44.17,0.372,7.12,8.9,2586780,121.3,76.6,35.24,46.47,24.59,Medio
MUN_009,Palmas,GO,5,26.13,30.46,55.22,44.29,0.203,6.71,194.5,2626866,91.2,96.9,14.94,45.78,26.37,Medio
MUN_193,Fortaleza,PR,33,29.15,33.88,64.41,62.04,0.373,5.11,569.5,1842281,323.3,62.7,64.71,66.32,27.83,Alto
MUN_140,Manaus,RN,51,26.53,33.63,56.67,59.16,0.316,4.03,515.7,2432973,390.8,67.4,68.05,59.2,26.16,Alto
MUN_045,Manaus,PE,19,25.64,31.44,53.88,14.81,0.173,4.35,260.1,2878572,490.8,52.6,69.46,6.21,23.05,Medio
MUN_072,Goiânia,GO,24,22.82,26.18,54.34,64.51,0.376,2.14,198.2,2765007,315.1,63.7,66.23,62.34,24.06,Alto
MUN_062,Sorocaba,RN,27,28.93,32.82,60.31,12.86,0.178,2.21,858.2,1096721,456.6,51.2,61.5,14.6,27.72,Medio
MUN_078,Macaé,TO,8,24.77,28.55,84.27,110.3,0.324,4.55,13.2,778597,412.0,65.9,55.35,103.46,25.05,Alto
MUN_030,Ribeirão Preto,SP,36,28.88,33.33,61.31,77.84,0.414,3.95,499.9,2679387,489.6,59.6,83.62,90.36,25.66,Medio
MUN_045,Crato,SC,19,23.16,27.97,65.17,76.89,0.312,6.56,648.7,397181,489.8,51.1,72.65,75.41,21.76,Medio
MUN_111,Montes Claros,GO,19,26.06,32.59,77.58,19.12,0.348,2.47,814.4,1856342,404.7,73.7,62.63,12.83,26.87,Baixo
MUN_115,Santos,RS,42,30.49,35.93,59.54,69.75,0.355,3.26,225.0,2504673,495.5,62.5,71.59,66.15,29.49,Alto
MUN_090,Crato,PR,9,26.22,32.54,60.61,35.99,0.349,6.2,523.9,2764922,341.0,61.4,74.53,42.26,26.84,Alto
MUN_034,Santos,MG,33,30.11,34.62,78.86,90.83,0.467,6.45,247.5,1393056,292.6,79.0,60.05,82.07,29.37,Medio
MUN_040,Goiânia,CE,19,32.8,39.55,63.97,43.82,0.342,3.8,48.1,1024564,371.0,71.7,49.37,44.98,31.91,Medio
MUN_091,Sorocaba,BA,44,26.35,31.19,79.62,81.32,0.331,7.21,946.1,1722472,354.3,58.3,55.86,90.0,31.56,Medio
MUN_186,Montes Claros,PE,21,29.08,33.94,66.96,57.81,0.484,2.6,52.2,1567947,429.0,41.3,64.88,68.95,29.84,Alto
MUN_025,Araguaína,SP,50,26.38,29.66,76.25,45.48,0.329,5.42,586.7,449052,343.2,74.5,46.81,44.95,26.74,Medio
MUN_107,Itaquaquecetuba,SP,31,29.52,32.72,53.61,8.67,0.055,1.12,928.8,889920,391.2,58.3,62.65,10.11,29.15,Baixo
MUN_089,Montes Claros,CE,9,28.01,33.25,62.27,46.03,0.387,3.05,396.3,2497145,350.0,57.2,50.43,55.66,28.76,Alto
MUN_050,Crato,CE,34,30.37,36.88,73.29,79.63,0.427,3.14,880.6,2239435,472.1,42.2,81.92,100.46,27.12,Alto
MUN_111,Salvador,PA,41,25.0,31.87,63.18,36.93,0.311,1.49,156.8,836247,211.3,74.3,46.07,41.57,27.54,Medio
MUN_149,Curitiba,MG,23,25.95,30.83,82.81,56.42,0.364,5.71,1169.1,231335,491.5,47.5,72.81,57.86,26.18,Medio
MUN_122,Itaquaquecetuba,TO,33,25.79,31.07,56.08,68.93,0.395,2.96,841.5,2363641,384.5,52.9,70.93,81.78,24.31,Medio
MUN_038,Caxias do Sul,CE,11,24.38,28.98,61.55,35.89,0.206,2.57,56.7,489349,497.3,48.8,76.08,53.38,24.79,Alto
MUN_134,Natal,PR,27,27.91,31.92,53.31,39.84,0.178,4.06,850.3,1682182,168.3,81.9,30.18,42.01,26.98,Baixo
MUN_084,Itaquaquecetuba,BA,7,21.06,26.64,61.5,31.75,0.151,1.19,847.7,1227070,410.6,55.6,65.39,28.05,16.48,Alto
MUN_064,Salvador,PA,37,30.59,34.61,58.92,47.08,0.232,1.72,763.1,790056,399.6,74.2,49.96,39.62,32.52,Baixo
MUN_141,Campinas,PE,50,24.7,30.46,66.15,48.39,0.298,2.21,821.3,909953,107.8,100.0,9.61,57.15,23.9,Baixo
MUN_178,Salvador,MG,27,25.18,30.75,67.97,31.59,0.318,7.32,679.2,2193239,341.3,56.4,61.32,21.45,28.22,Alto
MUN_081,Crato,RS,41,26.34,31.87,53.8,36.08,0.255,5.69,1161.3,1290078,179.7,67.9,35.41,31.55,32.07,Baixo
MUN_021,Uberlândia,BA,29,26.95,32.97,83.42,72.42,0.383,9.74,927.9,368668,433.6,74.1,55.4,93.57,27.08,Medio
MUN_188,Salvador,RN,26,25.09,30.64,54.81,36.4,0.333,5.51,327.8,711869,435.2,47.0,72.82,41.5,25.91,Alto
MUN_086,Goiânia,AM,17,26.66,33.01,64.94,64.42,0.192,6.2,386.3,1158107,199.2,77.6,27.74,65.13,23.49,Medio
MUN_168,Montes Claros,GO,49,30.3,32.81,49.41,27.62,0.245,1.04,259.8,1975645,396.0,56.3,54.04,34.41,26.83,Medio
MUN_077,Araguaína,SC,28,33.18,36.36,71.34,47.02,0.131,3.55,863.9,998893,482.5,69.2,82.08,52.38,32.48,Alto
MUN_030,Araguaína,PR,4,33.0,38.06,66.11,18.05,0.374,6.38,407.8,2524897,380.7,61.5,59.54,14.4,33.35,Medio
MUN_141,Santos,SP,1,32.59,38.58,66.62,75.08,0.355,3.03,275.9,1657379,193.4,74.2,39.85,78.56,32.52,Medio
MUN_134,Natal,BA,26,24.77,30.18,59.6,13.76,0.294,2.3,849.7,191588,464.6,54.6,82.16,3.62,22.86,Alto
MUN_187,Fortaleza,PA,38,25.82,30.35,60.88,42.53,0.335,2.95,892.7,271963,257.4,63.6,27.38,44.01,25.3,Baixo
MUN_164,Araguaína,SC,3,31.84,35.8,69.13,19.69,0.17,4.31,319.4,1879132,325.7,80.7,32.96,18.06,29.37,Medio
MUN_127,Palmas,MG,3,27.99,32.38,50.91,55.54,0.376,4.75,333.3,1541104,342.1,54.2,64.1,63.87,27.12,Alto
MUN_174,Curitiba,RS,4,25.83,32.13,55.49,29.77,0.3,3.41,610.0,420486,227.4,76.9,33.38,27.19,26.55,Baixo
MUN_029,Campinas,SP,50,24.74,32.68,63.68,38.82,0.334,5.82,1055.0,2675133,140.7,81.4,29.24,36.99,24.74,Baixo
MUN_019,Sorocaba,RS,41,29.9,35.01,48.14,13.34,0.285,1.87,653.2,2250350,49.3,100.0,11.29,27.42,28.11,Baixo
MUN_086,Recife,RN,25,26.67,31.84,54.97,40.35,0.327,2.24,208.5,2858120,206.6,79.1,16.03,47.62,29.77,Medio
MUN_198,Santos,CE,49,24.25,32.41,64.51,58.59,0.311,7.33,839.9,763641,367.2,51.3,71.11,68.37,25.19,Alto
MUN_172,Manaus,CE,44,29.58,34.56,61.92,18.63,0.119,1.87,271.6,1134777,422.7,69.1,62.14,11.6,31.14,Medio
MUN_076,Natal,CE,4,26.84,32.3,75.56,60.3,0.335,6.19,344.9,528466,248.4,64.9,41.62,66.62,26.61,Medio
MUN_116,Recife,BA,33,25.89,29.99,51.39,3.81,0.126,0.34,1027.7,1476092,37.1,82.0,21.94,-4.36,26.23,Baixo
MUN_010,Montes Claros,MG,10,27.93,34.35,67.73,36.98,0.239,5.91,667.0,932551,108.6,90.1,6.23,47.89,29.13,Baixo
MUN_179,Goiânia,SC,2,25.21,31.42,68.49,37.08,0.344,5.32,27.4,508851,123.1,73.3,24.13,38.51,27.01,Medio
MUN_193,Recife,GO,41,23.65,29.4,79.09,31.16,0.165,0.69,641.0,2698988,251.6,53.2,59.05,35.59,26.43,Alto
MUN_078,Fortaleza,RS,45,22.84,27.42,69.5,124.38,0.312,4.09,1079.3,2143072,390.3,55.8,72.18,131.25,24.64,Alto
MUN_081,Uberlândia,RS,14,29.08,35.95,50.77,26.79,0.241,0.0,12.3,847603,267.2,71.4,24.96,30.14,28.76,Medio
MUN_134,Natal,CE,40,26.22,30.5,99.42,187.67,0.608,11.04,1042.4,324053,117.4,85.9,45.01,194.93,26.6,Medio
MUN_021,Caxias do Sul,MG,52,28.45,34.84,68.75,31.85,0.205,5.17,440.0,2429134,377.4,57.8,75.28,19.72,28.3,Alto
MUN_180,Natal,SP,51,21.01,24.86,57.35,8.79,0.301,2.18,563.0,512575,356.5,73.3,43.72,16.75,20.03,Baixo
MUN_049,Montes Claros,PA,24,25.77,30.61,58.85,40.03,0.393,0.61,644.6,2653737,35.2,82.4,31.48,37.43,23.98,Baixo
MUN_138,Goiânia,RS,9,29.59,34.81,67.73,71.44,0.438,4.24,393.5,2793804,80.3,77.4,26.07,70.06,28.2,Medio
MUN_079,Araguaína,GO,10,21.59,27.24,57.93,39.57,0.275,2.54,565.9,2169488,278.2,65.1,41.18,47.65,18.99,Medio
MUN_127,Uberlândia,BA,20,26.44,30.21,68.86,84.3,0.4,7.68,793.1,445060,336.6,60.6,65.59,79.89,24.53,Medio
MUN_045,Belém,SP,31,29.33,32.85,40.11,5.42,0.179,4.77,1038.1,2867130,341.7,73.9,35.33,3.08,30.48,Baixo
MUN_030,Ribeirão Preto,SP,36,28.88,33.33,61.31,77.84,0.414,3.95,499.9,2679387,489.6,59.6,83.62,90.36,25.66,Medio
MUN_035,Manaus,GO,8,24.46,29.04,67.0,88.17,0.449,6.59,384.3,1284702,40.1,92.4,9.02,116.14,26.92,Baixo
MUN_028,Macaé,RJ,44,21.64,24.66,62.39,30.33,0.232,2.2,545.1,2926946,421.5,68.9,47.48,29.15,21.98,Alto
MUN_071,Palmas,PA,12,28.88,34.48,56.56,11.35,0.248,2.64,49.6,2000236,207.8,91.1,11.77,21.45,32.06,Medio
MUN_101,Fortaleza,MG,12,28.46,32.6,47.21,12.23,0.362,0.39,1145.5,2991171,324.6,70.8,53.38,7.17,31.95,Baixo
MUN_079,Curitiba,SP,24,22.79,29.03,65.3,34.33,0.218,3.55,171.2,2597157,210.2,69.5,25.87,38.7,21.17,Alto
MUN_105,Araguaína,CE,6,23.57,28.23,75.38,110.31,0.409,6.05,1195.5,902871,231.9,70.7,35.35,111.24,19.8,Baixo
MUN_194,Salvador,GO,25,28.42,32.38,55.58,50.6,0.303,4.91,851.3,934623,316.4,58.1,46.24,47.71,29.28,Baixo
MUN_067,Montes Claros,BA,52,24.98,28.42,75.77,82.76,0.288,6.64,549.9,964219,62.4,90.9,19.97,86.68,25.61,Baixo
MUN_193,Fortaleza,PR,33,29.15,33.88,64.41,62.04,0.373,5.11,569.5,1842281,323.3,62.7,64.71,66.32,27.83,Alto
MUN_029,Salvador,CE,2,33.19,38.96,67.43,86.85,0.424,5.57,234.4,1928079,81.1,82.7,29.2,76.9,36.25,Alto
MUN_165,Curitiba,TO,49,29.65,34.01,49.56,32.6,0.239,2.64,820.8,2781647,416.3,59.4,52.75,49.8,29.71,Medio
MUN_115,Palmas,PR,36,36.63,40.83,62.92,36.0,0.3,1.69,260.1,195216,38.0,92.2,34.37,39.46,37.16,Medio
MUN_125,Manaus,SC,11,26.33,30.3,53.42,35.73,0.218,6.1,649.3,304699,468.8,65.0,66.86,33.89,25.27,Medio
MUN_128,Campinas,PA,33,23.53,28.9,66.69,29.7,0.287,1.23,447.8,202880,441.3,49.3,61.69,24.23,22.33,Alto
MUN_137,Macaé,RN,41,22.99,28.28,66.2,68.45,0.379,3.87,632.6,1362934,372.8,69.8,61.51,55.1,22.39,Alto
MUN_113,Montes Claros,RJ,9,27.7,31.99,62.81,9.1,0.093,5.41,1196.0,593092,418.5,52.1,51.13,10.91,23.08,Baixo
MUN_054,Itaquaquecetuba,RN,41,31.28,38.07,54.09,29.93,0.265,1.7,546.7,2969224,476.5,48.9,59.75,27.72,27.89,Alto
MUN_140,Belém,RS,32,23.8,29.0,61.35,77.5,0.327,5.63,862.9,589352,99.1,75.0,50.18,64.88,26.06,Baixo
MUN_097,Recife,BA,12,26.78,32.54,69.5,56.9,0.372,0.0,1172.4,330391,292.7,70.0,48.09,54.23,26.58,Baixo
MUN_049,Recife,RJ,45,22.46,25.9,71.76,59.68,0.316,6.62,181.2,2072485,396.2,62.9,56.7,81.17,20.65,Medio
MUN_148,Santos,RJ,11,22.85,28.61,50.94,27.43,0.319,2.74,781.0,2597011,323.8,60.3,44.26,24.42,21.87,Baixo
MUN_183,Salvador,PE,36,23.09,28.56,65.65,70.65,0.349,11.09,693.2,420406,351.1,59.7,61.59,80.63,24.19,Alto
MUN_157,Manaus,RS,12,31.69,35.54,60.91,36.59,0.37,4.81,613.3,1604027,448.5,57.1,66.04,42.56,32.22,Alto
MUN_129,Macaé,AM,44,23.9,29.03,60.79,11.43,0.372,3.18,736.1,850947,366.1,52.3,66.91,-4.04,26.71,Alto
MUN_060,Crato,PE,29,25.07,31.37,61.0,3.15,0.141,0.46,454.1,1271064,249.6,58.6,52.29,13.47,23.61,Baixo
MUN_126,Fortaleza,PE,19,23.66,28.76,70.17,46.03,0.302,3.38,298.4,2259592,351.5,62.4,44.83,55.47,26.02,Medio
MUN_142,Palmas,CE,38,27.58,29.93,47.94,22.98,0.258,1.14,672.5,2721573,177.6,100.0,0.0,16.06,23.74,Baixo
MUN_172,Sorocaba,CE,20,23.96,27.57,56.42,37.95,0.177,2.63,788.1,287248,323.4,65.6,44.17,29.54,21.91,Baixo
MUN_191,Salvador,CE,1,28.57,33.74,68.47,45.81,0.283,3.81,628.3,1525487,470.2,49.6,84.25,48.03,27.13,Medio
MUN_024,Sorocaba,PR,6,27.06,31.88,62.55,60.89,0.369,4.51,697.4,409957,40.8,84.8,31.7,54.94,29.94,Baixo
MUN_089,Ribeirão Preto,PA,14,18.49,21.54,58.27,46.57,0.439,5.96,701.0,1973252,395.9,62.1,63.93,53.86,20.62,Medio
MUN_175,Itaquaquecetuba,RJ,18,24.08,28.58,59.1,30.34,0.416,5.73,77.4,2877607,223.4,71.8,45.72,51.08,21.9,Alto
MUN_057,Salvador,MG,33,27.21,32.84,60.34,93.64,0.439,6.27,863.3,678839,334.8,58.0,75.61,82.1,27.27,Alto
MUN_111,Fortaleza,BA,51,30.01,33.42,79.03,116.19,0.499,7.68,465.1,1779658,191.2,74.4,40.22,133.17,28.75,Medio
MUN_184,Ribeirão Preto,AM,25,30.8,33.9,58.01,12.23,0.141,6.65,298.4,2175832,384.3,64.4,60.06,16.4,33.26,Medio
MUN_032,Salvador,TO,26,30.6,36.49,65.03,74.31,0.299,1.51,569.3,694982,390.1,57.8,71.61,69.82,28.25,Medio
MUN_178,Ribeirão Preto,BA,4,34.1,37.7,63.29,15.34,0.337,1.23,610.9,925755,384.4,48.3,65.66,3.5,32.98,Alto
MUN_162,Ribeirão Preto,PE,22,27.4,30.56,78.2,48.66,0.129,5.6,765.3,681931,446.6,56.9,75.04,40.33,30.33,Alto
MUN_160,Campinas,RN,47,26.74,31.9,48.68,41.65,0.275,5.47,528.1,2335965,237.9,69.3,52.24,44.33,24.83,Medio
MUN_014,Palmas,RS,38,24.45,27.7,70.37,60.84,0.371,6.61,264.3,1256769,360.3,64.9,57.04,54.44,23.06,Alto
MUN_119,Sorocaba,TO,1,24.13,29.28,58.79,21.32,0.212,6.42,79.5,2742884,115.2,71.0,32.34,16.43,21.6,Alto
MUN_107,Macaé,RN,18,27.35,32.35,68.9,71.77,0.307,6.21,523.7,2963225,379.8,72.2,55.77,79.13,24.36,Medio
MUN_147,Montes Claros,TO,35,30.29,35.88,72.94,55.13,0.391,5.6,477.7,574161,453.1,67.5,64.95,75.46,27.91,Medio
MUN_090,Araguaína,AM,39,21.5,27.55,65.24,42.04,0.378,2.91,295.8,1677108,310.4,53.1,62.93,46.33,23.58,Alto
MUN_149,Caxias do Sul,SP,37,26.52,32.61,92.28,191.67,0.535,8.18,437.2,532848,397.4,51.7,72.32,196.67,25.91,Alto
MUN_001,Sorocaba,GO,14,24.91,29.32,57.39,31.4,0.332,0.32,763.2,68172,457.1,45.8,66.16,39.91,24.92,Alto
MUN_007,Araguaína,PE,11,21.16,27.44,65.74,61.74,0.322,5.52,1072.9,263571,403.5,60.6,62.66,66.91,19.99,Baixo
MUN_123,Araguaína,PR,37,25.27,29.27,61.57,35.37,0.296,10.7,1143.5,1679746,134.3,81.9,15.68,29.83,27.97,Baixo
MUN_134,Goiânia,GO,1,25.49,29.98,65.8,30.13,0.377,2.42,1107.9,320010,390.4,54.6,55.8,48.25,26.4,Baixo
MUN_105,Fortaleza,AM,32,22.4,26.91,64.73,28.0,0.198,1.36,635.6,2071922,20.1,79.9,9.02,39.55,21.21,Baixo
MUN_110,Natal,RS,40,27.29,31.71,64.86,30.55,0.17,5.66,733.4,2516113,28.1,80.5,16.85,29.85,24.52,Baixo
MUN_053,Ribeirão Preto,BA,28,29.28,34.68,46.89,45.91,0.283,6.82,865.4,1310174,179.5,90.1,20.47,55.38,26.09,Baixo
MUN_150,Palmas,TO,2,22.04,26.65,83.1,64.41,0.371,4.73,140.7,2593316,329.4,58.0,70.94,61.65,21.03,Medio
MUN_069,Caxias do Sul,CE,50,33.03,39.49,75.93,85.25,0.435,8.48,516.0,305047,479.7,50.3,85.6,105.13,29.67,Alto
MUN_185,Montes Claros,PA,17,25.5,29.64,57.97,45.08,0.337,2.39,661.7,761144,153.8,79.4,35.06,33.08,24.64,Baixo
MUN_066,Macaé,CE,39,26.46,32.46,59.31,15.37,0.146,0.64,142.3,1070627,369.9,73.9,49.36,-4.19,24.35,Alto
MUN_053,Caxias do Sul,MG,52,19.46,27.66,63.14,61.67,0.332,5.32,86.0,332310,422.3,59.5,50.22,59.4,21.97,Medio
MUN_065,Manaus,RN,50,28.18,34.52,72.56,119.89,0.421,8.69,635.5,2025319,380.2,60.9,84.85,116.73,26.81,Alto
MUN_018,Santos,PE,25,25.22,30.22,52.79,16.14,0.249,4.6,1000.5,418460,403.3,63.3,55.96,9.09,25.17,Baixo
MUN_052,Recife,MG,18,25.78,31.7,76.82,55.04,0.286,3.59,264.1,2580070,192.4,95.4,20.73,52.78,27.16,Medio
MUN_081,Montes Claros,PE,14,27.37,32.68,49.25,42.11,0.31,0.0,391.7,2511742,372.4,74.7,53.93,43.04,26.11,Medio
MUN_045,Araguaína,GO,21,28.98,34.34,60.73,24.46,0.296,1.18,820.9,1969138,394.4,60.5,56.85,13.04,29.39,Alto
MUN_060,Araguaína,RS,48,24.09,29.11,50.82,17.31,0.122,9.98,705.0,2873031,341.6,52.7,60.53,4.94,28.7,Medio
MUN_165,Curitiba,TO,49,29.65,34.01,49.56,32.6,0.239,2.64,820.8,2781647,416.3,59.4,52.75,49.8,29.71,Medio
MUN_006,Montes Claros,TO,13,27.08,31.77,49.22,19.49,0.154,1.71,883.5,333607,20.3,84.0,18.43,17.51,28.11,Baixo
MUN_128,Sorocaba,RJ,11,19.33,23.22,64.56,91.14,0.254,6.42,86.1,1353890,436.3,65.8,70.33,95.89,17.05,Medio
MUN_031,Sorocaba,CE,34,29.57,34.18,60.76,63.74,0.358,3.54,402.3,599976,287.5,67.4,35.56,75.07,27.81,Medio
MUN_135,Belém,SC,40,24.26,30.22,76.27,80.03,0.453,5.68,1080.8,545458,262.1,69.8,51.88,81.0,24.92,Baixo
MUN_190,Itaquaquecetuba,GO,1,23.15,28.04,61.63,57.99,0.421,4.72,826.9,2697152,374.1,54.9,53.09,61.62,24.58,Alto
MUN_174,Itaquaquecetuba,MG,25,30.77,36.11,57.38,46.88,0.478,6.16,2.2,1004809,346.6,66.7,61.46,66.76,28.54,Alto
MUN_088,Curitiba,PE,7,25.33,28.69,46.96,29.3,0.289,4.09,284.6,1134476,448.2,48.7,70.27,12.8,25.91,Alto
MUN_112,Araguaína,PA,26,24.64,27.33,49.61,14.92,0.136,3.54,173.3,1291572,311.8,70.9,47.06,16.37,25.58,Alto
MUN_070,Santos,BA,15,27.77,33.09,73.38,61.8,0.305,6.2,156.7,2102105,203.5,61.7,23.24,69.17,25.78,Medio
MUN_070,Campinas,TO,44,25.83,29.07,62.46,34.39,0.284,3.52,262.5,206067,152.5,86.2,20.96,30.88,25.62,Baixo
MUN_118,Crato,AM,41,23.3,28.72,64.53,23.79,0.31,3.08,1160.0,1064517,313.4,72.3,54.15,23.08,23.14,Baixo
MUN_127,Campinas,AM,3,24.24,29.78,66.78,94.76,0.164,7.07,1066.5,437918,280.4,58.8,62.9,90.02,21.39,Baixo
MUN_166,Salvador,PE,6,26.28,31.03,56.69,6.4,0.335,0.92,729.0,2403869,330.2,74.4,41.02,-9.66,28.24,Baixo
MUN_003,Goiânia,SP,47,28.11,34.29,51.25,16.89,0.135,2.72,604.9,1901774,185.4,88.4,19.91,13.95,23.65,Baixo
MUN_096,Ribeirão Preto,SP,21,30.65,35.7,63.67,43.14,0.285,4.52,352.2,1721457,307.4,67.0,59.76,32.04,34.14,Alto
MUN_010,Montes Claros,MG,10,27.93,34.35,67.73,36.98,0.239,5.91,667.0,932551,108.6,90.1,6.23,47.89,29.13,Baixo
MUN_021,Campinas,GO,9,16.87,21.06,62.42,19.33,0.334,3.95,297.7,884526,377.5,62.4,56.43,-4.82,16.13,Medio
MUN_155,Araguaína,SC,2,26.87,30.99,61.75,23.87,0.23,5.23,1171.4,865192,189.4,64.6,41.93,22.67,27.92,Baixo
MUN_182,Recife,PE,33,28.62,35.55,55.07,55.34,0.207,3.96,681.5,2450520,426.8,56.3,79.69,62.3,29.97,Alto
MUN_172,Belém,PA,20,27.05,33.2,67.93,28.62,0.263,4.2,564.3,2638620,475.8,48.3,70.33,7.82,25.63,Alto
MUN_047,Palmas,PA,22,26.17,29.72,67.01,28.18,0.296,4.43,747.2,1052416,129.4,74.3,31.17,25.08,25.46,Baixo
MUN_089,Macaé,BA,44,23.9,29.12,55.49,29.33,0.217,5.27,232.8,1361512,460.2,59.1,80.94,29.61,22.66,Alto
MUN_177,Campinas,PR,25,28.32,31.58,57.68,16.66,0.349,2.79,617.7,526685,366.0,51.5,67.29,10.37,24.5,Alto
MUN_011,Goiânia,CE,42,22.67,29.04,74.97,60.85,0.325,8.44,315.8,382674,300.4,82.1,58.29,54.58,23.14,Medio
MUN_002,Araguaína,MG,50,24.69,29.79,83.13,110.78,0.509,9.95,871.0,320369,323.3,66.9,64.33,111.26,25.18,Medio
MUN_187,Ribeirão Preto,CE,27,29.98,34.91,71.51,80.0,0.411,8.82,349.3,1735142,176.2,78.2,34.58,80.69,30.55,Medio
MUN_006,Belém,BA,44,26.21,30.78,72.62,33.29,0.365,4.27,463.9,1597974,119.7,78.9,8.89,41.27,24.96,Baixo
MUN_162,Recife,SC,43,27.19,31.69,42.99,57.8,0.377,4.9,18.8,2633843,85.5,95.7,28.71,66.15,27.57,Alto
MUN_151,Macaé,RJ,39,24.14,28.6,52.3,24.36,0.333,2.98,660.3,458848,188.7,81.6,32.17,26.58,27.69,Baixo
MUN_003,Belém,AM,38,29.24,35.19,61.72,23.08,0.225,3.99,1043.2,1458100,30.3,85.9,6.15,13.62,26.33,Baixo
MUN_084,Macaé,AM,6,22.95,28.62,64.53,94.05,0.348,7.95,803.8,2659255,450.8,54.4,77.96,86.54,20.88,Alto
MUN_027,Itaquaquecetuba,MG,40,24.78,30.05,74.85,68.27,0.26,4.73,555.8,1653202,142.8,65.0,57.37,76.63,24.22,Baixo
MUN_101,Santos,BA,44,21.49,25.1,62.95,86.89,0.503,8.25,1109.6,1079503,246.5,86.6,45.03,109.69,23.42,Baixo
MUN_165,Fortaleza,CE,43,25.7,30.35,62.48,67.39,0.112,5.87,26.2,455016,38.9,75.9,30.1,68.43,24.78,Medio
MUN_166,Belém,AM,18,24.94,27.52,68.07,52.47,0.25,8.97,823.7,650042,372.8,52.6,55.8,42.13,21.31,Medio
MUN_052,Recife,SP,13,30.18,34.4,74.95,91.86,0.324,6.73,797.7,335316,150.8,76.0,34.19,97.6,32.11,Baixo
MUN_131,Santos,GO,16,22.36,26.47,47.75,27.54,0.25,6.0,686.1,1324813,47.2,98.2,15.45,22.46,22.98,Baixo
MUN_118,Sorocaba,PR,34,21.06,24.46,59.88,36.15,0.351,6.5,560.6,1195606,192.8,93.7,26.3,32.28,23.12,Baixo
MUN_161,Itaquaquecetuba,GO,18,26.57,31.91,73.43,78.53,0.421,7.53,735.5,1001013,93.9,76.7,24.66,63.37,25.27,Baixo
MUN_131,Uberlândia,RJ,39,31.19,36.76,51.79,26.37,0.317,4.44,155.4,991956,269.6,78.8,49.75,20.31,32.21,Medio
MUN_033,Manaus,MG,29,26.79,33.54,56.9,31.35,0.159,5.25,770.1,961431,269.4,62.9,62.16,42.44,25.13,Baixo
MUN_127,Santos,RS,13,26.73,30.3,82.54,163.42,0.457,11.4,369.5,2926499,362.3,66.5,77.95,146.61,24.92,Alto
MUN_142,Manaus,MG,25,27.83,32.25,54.81,17.02,0.168,3.93,1098.8,640795,146.7,82.2,28.38,20.92,30.54,Baixo
MUN_036,Curitiba,PA,26,30.82,34.03,81.34,38.65,0.206,2.01,560.7,1412285,349.4,67.2,41.19,23.5,27.51,Alto
MUN_041,Fortaleza,GO,19,29.68,34.19,67.56,52.32,0.283,1.19,455.8,334641,70.8,89.6,18.74,38.39,30.0,Baixo
MUN_058,Uberlândia,RJ,44,28.44,33.85,70.46,24.36,0.267,1.91,1096.1,1571127,271.6,66.5,64.9,21.57,28.07,Baixo
MUN_119,Santos,SP,13,31.11,35.76,62.38,18.09,0.147,2.57,236.6,1870336,304.4,72.5,50.18,10.78,29.38,Alto
MUN_048,Natal,GO,48,32.37,36.84,61.02,41.57,0.312,3.57,304.9,644047,413.0,54.9,61.19,48.96,38.72,Medio
MUN_095,Salvador,MG,43,18.73,23.03,76.52,41.46,0.204,3.4,735.3,1631596,472.6,63.4,53.7,37.97,19.42,Medio
MUN_023,Uberlândia,BA,17,25.38,30.71,78.96,91.81,0.366,8.24,323.7,1066390,264.1,82.1,50.65,83.46,26.03,Alto
MUN_046,Santos,SP,17,32.7,37.53,71.74,74.42,0.377,6.16,206.9,1241527,287.7,67.9,56.06,81.14,35.64,Medio
MUN_047,Crato,BA,28,25.76,30.09,74.28,107.12,0.448,4.96,242.9,1356572,124.9,82.1,31.21,115.28,25.22,Alto
MUN_003,Itaquaquecetuba,BA,2,27.88,32.62,60.03,45.83,0.286,3.59,937.5,1171837,450.9,76.9,63.32,44.17,27.31,Medio
MUN_173,Manaus,RS,40,23.95,27.84,52.54,42.68,0.189,8.67,15.2,1507248,495.9,65.1,65.56,44.66,24.51,Alto
MUN_017,Belém,RS,48,31.1,35.44,59.22,28.47,0.359,0.69,405.9,2107473,30.4,92.8,10.21,20.54,27.9,Baixo
MUN_004,Itaquaquecetuba,RN,4,20.01,23.48,54.32,7.48,0.251,2.75,670.5,2697948,70.5,93.7,4.45,12.98,18.65,Baixo
MUN_150,Belém,AM,23,25.77,29.82,72.01,48.22,0.323,4.04,376.3,2806789,463.2,65.7,72.01,43.25,29.41,Alto
MUN_074,Macaé,TO,11,23.35,28.62,69.4,69.54,0.318,4.64,314.1,212759,235.3,71.6,43.08,80.69,23.11,Medio
MUN_100,Palmas,BA,10,26.16,32.55,60.38,25.52,0.323,4.54,653.6,406627,277.0,73.5,55.26,19.49,24.86,Baixo
MUN_101,Salvador,GO,3,24.12,29.37,70.78,91.87,0.388,8.19,598.1,1739606,287.1,77.5,51.76,78.19,25.42,Medio
MUN_185,Goiânia,PA,28,27.71,31.9,70.07,27.33,0.344,2.34,153.0,1514263,202.0,81.3,32.87,21.9,23.91,Medio
MUN_108,Caxias do Sul,PR,26,25.52,29.68,66.85,36.6,0.309,0.69,39.3,2484997,482.5,58.9,74.84,39.64,25.16,Alto
MUN_021,Fortaleza,RS,43,24.62,31.09,63.08,19.04,0.384,3.66,684.6,1521805,348.4,60.9,66.6,29.67,24.37,Baixo
MUN_149,Manaus,BA,51,26.62,31.71,78.76,52.75,0.366,5.04,687.2,1356804,314.2,58.0,59.22,43.63,25.89,Alto
MUN_036,Macaé,AM,22,26.7,30.53,72.76,60.91,0.27,4.19,707.2,196739,489.2,41.1,99.59,57.27,25.92,Alto
MUN_155,Montes Claros,MG,4,29.88,34.82,70.85,89.89,0.351,5.42,355.2,902980,260.5,77.3,35.74,89.84,26.54,Medio
MUN_087,Belém,CE,3,22.69,28.62,59.49,35.98,0.359,4.59,245.4,1021838,392.3,65.1,63.36,50.83,25.88,Medio
MUN_077,Montes Claros,AM,3,29.84,34.48,62.43,75.74,0.356,2.93,821.6,2530273,201.2,72.4,44.15,73.36,29.21,Baixo
MUN_127,Itaquaquecetuba,AM,49,32.36,35.52,67.67,7.13,0.085,5.6,327.1,1907482,337.2,74.0,61.09,3.23,31.24,Medio
MUN_197,Caxias do Sul,GO,40,24.93,29.48,75.36,99.3,0.427,7.63,158.1,1666225,363.9,54.7,75.08,92.09,27.39,Medio
MUN_106,Campinas,MG,34,25.42,30.44,59.73,43.44,0.269,3.91,511.4,2561824,455.6,80.4,50.2,40.71,28.86,Alto
MUN_071,Santos,PA,28,28.55,31.81,55.23,15.36,0.313,3.58,413.1,920569,122.6,83.6,16.71,25.65,26.92,Baixo
MUN_027,Fortaleza,SC,9,23.34,26.93,66.18,37.08,0.216,4.19,174.6,1430752,147.8,64.7,16.67,28.23,25.23,Baixo
MUN_176,Sorocaba,CE,26,24.4,30.19,55.61,46.42,0.209,4.63,723.7,2830397,351.1,79.2,60.51,55.14,22.82,Medio
MUN_086,Belém,PE,31,26.09,30.24,67.85,74.22,0.394,7.2,780.8,1397555,461.6,71.6,68.76,59.64,24.94,Alto
MUN_050,Itaquaquecetuba,GO,19,24.71,28.62,61.85,42.04,0.313,2.18,1109.5,744072,263.5,77.1,44.3,48.03,25.51,Baixo
MUN_018,Goiânia,RJ,6,24.36,30.52,62.45,75.16,0.473,5.42,819.5,2291602,163.9,83.4,31.29,71.98,24.29,Baixo
MUN_062,Itaquaquecetuba,RN,12,30.17,33.59,79.29,67.91,0.412,3.99,98.8,2412709,368.6,60.3,57.68,66.75,31.91,Alto
MUN_078,Curitiba,CE,51,31.31,35.53,63.31,103.56,0.36,8.9,589.5,1666455,436.9,62.0,77.13,92.71,30.54,Alto
MUN_120,Montes Claros,PR,42,26.23,28.72,67.87,54.37,0.331,7.41,816.3,2370897,91.3,88.3,21.31,55.17,24.88,Baixo
MUN_186,Manaus,BA,14,29.54,34.1,67.76,77.11,0.468,5.37,690.0,1261793,109.6,82.9,34.42,61.69,32.02,Baixo
MUN_087,Araguaína,PE,11,31.38,35.95,70.44,36.4,0.127,1.42,173.9,1878704,298.9,80.4,59.74,38.04,30.52,Alto
MUN_159,Uberlândia,AM,36,26.16,30.46,78.46,85.4,0.376,4.69,731.5,581702,439.1,50.4,73.02,73.38,27.14,Medio
MUN_105,Ribeirão Preto,RN,19,19.65,25.5,59.29,73.5,0.284,7.57,30.8,2352389,463.0,60.4,72.85,89.85,22.31,Alto
MUN_037,Curitiba,PE,49,27.23,32.66,64.03,41.2,0.31,3.21,245.3,1239248,58.0,100.0,16.84,40.77,27.32,Baixo
MUN_160,Araguaína,GO,18,24.33,28.83,46.4,40.5,0.368,4.05,1114.2,2760106,441.6,44.3,68.42,36.33,24.28,Baixo
MUN_077,Palmas,RS,30,22.76,29.08,63.24,58.66,0.171,4.55,1153.8,913246,482.2,62.6,74.49,59.73,24.51,Alto
MUN_006,Santos,SC,36,18.48,22.83,71.47,56.57,0.287,1.79,230.7,177324,280.8,69.0,55.54,49.93,20.86,Medio
MUN_200,Recife,BA,8,27.45,33.99,63.02,51.3,0.198,6.22,864.2,642922,104.1,78.8,10.44,44.92,27.17,Baixo
MUN_150,Uberlândia,PE,24,26.95,31.5,68.53,72.22,0.422,7.33,222.0,410662,219.8,71.7,42.78,67.61,22.2,Alto
MUN_003,Caxias do Sul,PA,31,26.58,31.26,90.67,130.33,0.386,7.93,501.9,2605070,378.1,73.3,66.63,138.61,30.1,Alto
MUN_098,Belém,BA,4,28.77,32.37,73.38,68.66,0.277,2.86,520.5,668296,140.7,83.0,34.36,75.98,28.73,Baixo
MUN_095,Itaquaquecetuba,PA,51,31.6,37.22,84.04,75.89,0.414,2.25,889.5,2864219,227.6,74.0,37.21,61.4,29.76,Baixo
MUN_185,Caxias do Sul,GO,49,24.13,30.55,74.74,58.35,0.305,5.63,737.8,1085564,402.5,56.6,73.69,64.04,24.12,Alto
MUN_038,Curitiba,SC,21,19.86,24.74,50.93,43.03,0.251,1.2,87.6,1493228,176.5,79.3,29.9,43.19,19.2,Medio
MUN_026,Recife,AM,47,28.08,35.2,59.46,46.85,0.273,4.04,673.9,1439692,363.9,64.8,62.22,38.32,28.84,Medio
MUN_083,Campinas,PE,5,23.71,29.37,68.64,59.77,0.359,6.43,291.8,950581,85.2,83.1,29.14,66.56,21.18,Medio
MUN_067,Crato,TO,38,30.68,34.72,73.81,86.13,0.358,0.49,477.3,874345,142.7,73.4,44.62,86.57,32.3,Alto
MUN_135,Recife,BA,51,26.79,33.11,62.73,47.18,0.312,3.02,0.8,1641330,192.2,67.0,33.75,38.05,25.51,Medio
MUN_061,Macaé,CE,50,25.9,30.88,56.62,32.63,0.38,1.86,741.1,1691029,144.5,89.0,20.51,31.77,27.36,Baixo
MUN_195,Curitiba,SC,1,24.84,32.37,65.47,62.86,0.359,6.44,33.3,2974105,147.1,77.8,24.34,56.75,23.82,Medio
MUN_009,Santos,TO,6,24.1,29.2,63.81,67.41,0.387,6.13,184.6,1194425,397.7,66.3,76.19,52.4,24.09,Alto
MUN_175,Recife,TO,39,24.55,30.26,60.24,56.84,0.416,3.72,712.6,1738089,27.2,84.6,27.31,70.69,22.79,Baixo
MUN_101,Santos,MG,13,33.49,38.44,70.11,23.15,0.268,3.31,786.4,1108249,449.8,60.9,66.14,24.39,35.29,Alto
MUN_146,Caxias do Sul,RN,13,25.72,29.09,68.07,39.74,0.437,4.52,505.1,2984580,40.9,89.1,6.68,39.44,26.88,Baixo
MUN_178,Manaus,GO,49,29.48,36.08,70.03,68.83,0.388,5.9,148.7,1472376,141.4,61.4,22.34,74.67,29.73,Medio
MUN_020,Natal,PA,32,25.45,30.35,63.38,108.35,0.475,6.73,179.2,708915,178.3,95.6,26.97,100.95,25.99,Medio
MUN_063,Montes Claros,GO,37,25.89,31.15,61.52,34.34,0.281,5.07,1177.6,1303274,57.6,92.1,4.56,27.08,27.86,Baixo
MUN_182,Crato,RN,31,27.43,32.72,58.46,32.25,0.28,0.73,150.6,1655326,266.5,57.6,55.51,39.01,26.54,Medio
MUN_108,Belém,PE,1,27.84,32.73,69.42,89.74,0.54,4.29,80.6,1829378,320.6,67.3,55.74,75.06,27.25,Medio
MUN_095,Manaus,BA,33,31.23,35.34,68.82,65.79,0.295,5.07,167.0,2381188,257.1,72.6,53.08,46.88,33.66,Alto
MUN_149,Natal,AM,11,35.0,36.94,71.16,91.14,0.55,6.52,114.7,236610,43.8,98.0,30.66,99.15,35.5,Medio
MUN_054,Ribeirão Preto,RJ,29,31.95,36.01,59.82,65.95,0.535,5.96,800.6,2058860,338.3,66.5,49.38,60.7,31.76,Baixo
MUN_035,Natal,CE,41,31.27,36.63,61.35,9.34,0.381,1.42,24.7,1865229,424.9,47.2,68.21,15.65,28.38,Alto
MUN_166,Sorocaba,RJ,46,24.36,30.34,56.12,22.15,0.218,3.3,471.3,695652,486.8,65.5,46.77,24.92,21.07,Medio
MUN_099,Natal,GO,11,23.21,27.91,64.34,104.7,0.357,7.34,168.0,120489,52.4,88.7,11.73,88.91,23.53,Medio
MUN_167,Crato,SP,11,26.89,31.7,53.65,17.72,0.409,2.78,639.4,2680938,224.6,69.2,42.01,22.28,26.12,Baixo
MUN_132,Recife,TO,50,28.55,33.98,53.5,20.83,0.238,1.41,433.4,2870361,345.0,53.1,44.95,13.34,30.54,Medio
MUN_011,Belém,BA,14,31.61,36.84,68.83,70.15,0.304,7.19,1141.8,2382347,30.5,85.3,19.13,77.38,31.66,Baixo
MUN_058,Goiânia,BA,3,28.15,33.82,73.85,34.95,0.187,1.83,1182.1,1365188,112.7,79.6,40.38,30.7,31.66,Baixo
MUN_124,Palmas,RN,42,26.21,29.5,70.14,28.99,0.291,6.97,913.2,2112800,114.3,90.4,23.3,25.12,26.88,Baixo
MUN_193,Sorocaba,RS,25,19.21,24.07,72.58,39.84,0.251,4.26,499.9,2388989,274.4,63.3,48.9,40.51,20.85,Alto
MUN_048,Natal,GO,48,32.37,36.84,61.02,41.57,0.312,3.57,304.9,644047,413.0,54.9,61.19,48.96,38.72,Medio
MUN_019,Goiânia,MG,49,24.78,29.61,70.01,23.88,0.355,4.27,271.4,1124805,336.0,64.4,62.33,31.8,25.19,Alto
MUN_087,Araguaína,SP,36,25.22,28.0,70.61,43.46,0.136,3.46,1157.1,2356640,231.5,74.4,46.73,57.53,25.73,Baixo
MUN_053,Caxias do Sul,PE,31,25.0,30.67,55.51,54.27,0.135,4.48,371.4,848161,369.2,63.2,55.17,56.41,24.81,Alto
MUN_026,Santos,TO,6,25.83,30.35,63.43,21.45,0.203,1.85,478.2,2174817,335.3,71.6,64.76,17.87,26.6,Medio
MUN_053,Santos,MG,30,23.41,27.27,79.14,74.79,0.45,5.95,29.1,53740,346.0,62.0,53.34,72.29,20.5,Medio
MUN_085,Uberlândia,RN,7,29.23,35.11,57.22,52.5,0.228,3.49,989.7,2599413,478.1,52.8,85.0,48.21,29.82,Alto
MUN_198,Natal,GO,32,26.66,28.91,66.03,25.42,0.213,4.93,232.2,1187268,431.5,56.9,55.58,27.99,25.19,Medio
MUN_012,Uberlândia,CE,28,29.81,35.06,73.16,59.72,0.191,2.66,31.3,2471923,145.4,74.7,13.84,55.32,33.05,Medio
MUN_180,Palmas,CE,19,25.94,29.25,55.13,55.38,0.27,3.55,650.4,969591,245.9,77.5,73.17,58.66,25.56,Medio
MUN_141,Recife,PE,42,33.44,39.6,73.16,56.99,0.364,6.8,1198.6,2059334,424.1,52.5,88.08,54.76,33.34,Baixo
MUN_053,Montes Claros,PE,37,30.27,36.33,67.93,59.68,0.272,2.52,1091.9,1391025,349.6,66.7,51.49,49.5,31.46,Baixo
MUN_164,Macaé,AM,31,24.71,30.51,74.63,38.72,0.301,4.27,753.3,2083905,318.7,67.0,46.84,34.1,25.17,Medio
MUN_151,Itaquaquecetuba,MG,50,28.16,32.58,69.36,19.81,0.254,3.66,1090.0,2722237,344.6,64.7,59.44,18.1,25.94,Baixo
MUN_017,Curitiba,CE,20,23.47,26.52,75.89,59.31,0.434,3.03,852.2,105505,343.2,71.4,54.96,65.56,23.87,Medio
MUN_015,Natal,PR,10,24.62,29.12,68.65,49.83,0.346,5.81,1015.0,427129,164.5,73.2,32.97,62.55,27.6,Baixo
MUN_090,Belém,BA,9,28.03,31.76,79.17,117.73,0.469,5.8,856.2,1753684,475.2,72.7,57.14,107.0,26.72,Medio
MUN_155,Sorocaba,BA,44,31.35,35.33,54.0,59.59,0.249,0.0,260.9,2128702,386.1,76.3,65.87,59.23,29.77,Alto
MUN_145,Natal,GO,24,22.67,28.69,74.23,122.78,0.518,8.97,27.4,2283988,319.1,54.7,60.23,120.37,20.62,Medio
MUN_116,Itaquaquecetuba,PA,23,27.49,31.97,74.59,99.92,0.396,6.36,509.9,929191,245.3,81.3,59.36,104.44,27.76,Medio
MUN_013,Caxias do Sul,GO,34,26.41,30.34,58.86,30.55,0.304,1.5,168.2,1191809,278.4,72.3,51.05,14.32,26.41,Medio
MUN_019,Santos,PA,52,28.18,32.42,58.62,48.15,0.257,3.97,568.6,864943,395.5,59.0,54.79,58.4,25.52,Medio
MUN_172,Manaus,SC,15,26.89,31.69,61.86,34.48,0.353,5.7,304.0,2926934,358.2,57.5,49.3,48.5,29.45,Alto
MUN_159,Goiânia,BA,45,28.5,33.35,66.75,46.67,0.314,4.95,84.5,1423994,37.8,89.8,18.86,46.75,26.58,Medio
MUN_039,Curitiba,PR,52,25.59,30.5,61.71,50.39,0.24,2.09,870.0,1783429,170.6,72.6,42.74,57.5,23.81,Baixo
MUN_016,Campinas,MG,37,26.08,30.98,69.17,69.12,0.354,5.59,643.7,1169351,398.9,47.4,76.21,69.55,26.25,Medio
MUN_114,Itaquaquecetuba,PE,20,24.1,28.6,84.43,126.05,0.455,8.69,711.9,2008386,84.4,92.2,22.34,117.79,30.61,Baixo
MUN_198,Uberlândia,RN,13,29.59,33.87,74.79,35.98,0.253,2.46,105.5,826010,457.8,71.6,78.93,34.42,29.71,Alto
MUN_098,Montes Claros,AM,51,25.84,30.24,65.69,52.85,0.305,4.92,893.9,602251,457.7,52.0,69.23,49.87,26.55,Alto
MUN_167,Recife,AM,46,23.14,28.63,69.16,87.01,0.354,1.78,333.1,2384196,434.3,51.6,78.36,96.34,23.64,Medio
MUN_088,Caxias do Sul,BA,19,27.09,33.38,81.42,49.21,0.273,7.01,38.7,1185846,462.3,52.7,75.97,40.94,26.87,Medio
MUN_075,Sorocaba,SC,45,25.96,28.56,74.84,47.32,0.337,5.88,539.4,2012575,35.0,82.5,19.3,24.38,26.17,Baixo
MUN_062,Palmas,SP,48,32.38,37.8,71.55,40.79,0.222,4.64,65.6,2910017,383.8,62.8,55.31,46.03,30.46,Alto
MUN_054,Uberlândia,PA,27,23.56,30.34,70.5,65.28,0.268,6.43,483.7,2606219,190.2,83.1,27.76,55.26,24.11,Medio
MUN_027,Campinas,PA,17,23.22,26.92,59.17,13.8,0.272,4.2,312.9,2893462,413.4,55.6,49.17,29.71,23.45,Medio
MUN_183,Fortaleza,RJ,37,27.83,30.41,76.4,58.43,0.319,3.0,1080.2,400889,121.4,71.1,28.18,60.04,28.69,Baixo
MUN_024,Crato,SC,10,21.34,25.17,49.99,68.51,0.336,7.37,721.6,353332,79.5,83.3,23.25,70.07,20.24,Baixo
MUN_105,Belém,CE,28,30.26,34.74,66.12,42.04,0.298,5.95,315.9,557629,282.1,69.5,47.74,32.91,29.65,Medio
MUN_056,Manaus,GO,13,25.88,29.34,61.06,22.47,0.278,3.68,63.1,1046541,449.9,56.1,79.49,13.94,28.8,Alto
MUN_023,Goiânia,RS,21,20.05,26.68,67.63,44.78,0.263,6.54,1136.0,1258609,381.8,64.9,47.8,40.65,20.33,Baixo
MUN_179,Belém,RJ,23,29.08,35.81,85.3,18.83,0.146,7.18,217.4,996727,181.5,91.1,33.6,27.51,33.6,Medio
MUN_140,Palmas,BA,16,27.16,31.49,48.86,6.76,0.187,0.99,494.9,930696,28.6,92.9,15.95,2.05,27.38,Baixo
MUN_159,Macaé,MG,4,26.91,35.76,52.53,20.09,0.251,2.71,482.7,1960997,380.8,62.5,51.69,38.06,26.74,Alto
MUN_144,Caxias do Sul,AM,4,27.96,33.58,60.9,18.44,0.253,0.0,80.6,2972787,75.1,91.3,26.06,23.95,27.84,Medio
MUN_173,Belém,RS,51,26.4,29.78,58.67,39.36,0.346,6.29,90.1,307359,258.3,72.0,40.55,46.26,24.42,Medio
MUN_195,Sorocaba,AM,41,29.32,34.41,56.36,70.01,0.381,4.64,666.3,642097,342.4,77.5,53.4,73.76,29.22,Alto
MUN_024,Campinas,SC,34,25.39,30.56,82.41,60.6,0.319,5.5,11.9,2111138,278.5,78.0,34.72,49.59,25.34,Medio
MUN_162,Salvador,GO,43,22.28,27.15,63.91,14.54,0.242,4.98,694.1,2026331,106.3,95.6,0.0,12.98,21.84,Baixo
MUN_180,Uberlândia,PE,22,25.37,29.21,71.25,37.69,0.172,7.77,389.9,2047071,344.7,64.0,45.57,34.37,27.17,Medio
MUN_167,Recife,PA,27,27.03,30.92,64.43,37.65,0.339,8.2,443.8,2997086,267.2,66.3,55.8,42.64,28.94,Medio
MUN_063,Belém,PE,40,28.3,32.03,59.3,39.06,0.244,2.29,550.9,1049860,461.2,61.2,63.39,51.17,29.19,Medio
MUN_085,Campinas,SC,20,22.73,27.12,76.21,34.09,0.178,5.89,363.2,2989242,169.4,84.3,26.28,37.69,22.22,Baixo
MUN_152,Fortaleza,AM,34,28.28,33.47,60.82,70.19,0.294,3.94,241.3,2031449,92.3,76.5,20.83,78.41,26.46,Medio
MUN_080,Itaquaquecetuba,CE,15,30.61,33.68,48.45,26.09,0.123,9.06,278.4,2019102,78.7,82.5,29.68,30.03,30.64,Baixo
MUN_151,Itaquaquecetuba,MG,50,28.16,32.58,69.36,19.81,0.254,3.66,1090.0,2722237,344.6,64.7,59.44,18.1,25.94,Baixo
MUN_184,Uberlândia,RS,37,25.29,31.41,63.69,31.72,0.252,3.07,1175.9,2456193,244.1,85.2,41.65,24.12,24.36,Baixo
MUN_118,Ribeirão Preto,SC,19,23.41,29.83,62.04,41.51,0.13,2.42,1051.2,1137263,425.6,47.7,58.87,32.11,24.58,Medio
MUN_111,Itaquaquecetuba,RJ,19,28.8,32.82,58.4,46.02,0.278,4.17,185.1,1772464,247.8,80.2,51.81,53.07,26.69,Medio
MUN_004,Uberlândia,PR,13,31.84,36.17,61.69,20.19,0.158,3.55,235.7,2190556,385.3,67.7,64.54,12.28,32.0,Medio
MUN_184,Belém,PA,8,25.7,33.17,62.06,59.55,0.33,7.8,468.9,1910371,350.7,62.7,61.45,84.63,26.54,Alto
MUN_035,Araguaína,TO,6,30.08,36.74,71.87,113.53,0.391,8.58,433.2,2601923,442.2,65.8,64.95,131.34,29.26,Alto
MUN_008,Uberlândia,CE,7,31.27,35.82,63.91,61.89,0.329,2.43,11.5,1838520,44.7,83.1,12.78,69.44,34.44,Medio
MUN_108,Campinas,MG,4,27.62,32.11,86.23,109.25,0.413,7.09,317.0,306372,196.6,84.1,44.76,103.03,23.54,Medio
MUN_053,Montes Claros,MG,52,24.36,29.74,69.21,57.48,0.174,5.39,926.3,2517299,492.8,49.3,75.06,47.54,23.6,Alto
MUN_120,Campinas,PA,47,21.68,26.23,76.42,16.14,0.259,4.89,940.8,1725300,268.7,67.7,25.15,7.16,20.58,Baixo
MUN_054,Palmas,AM,50,27.83,29.72,69.42,32.99,0.285,6.28,716.8,1499156,317.9,72.4,52.62,31.72,26.79,Baixo
MUN_101,Santos,MG,13,33.49,38.44,70.11,23.15,0.268,3.31,786.4,1108249,449.8,60.9,66.14,24.39,35.29,Alto
MUN_038,Araguaína,MG,22,22.66,28.36,44.89,61.45,0.341,9.02,153.0,621657,211.7,75.4,30.0,61.08,25.6,Alto
MUN_016,Goiânia,MG,46,22.8,28.47,76.19,70.81,0.369,5.74,1035.8,1858144,438.4,78.6,55.01,83.47,22.35,Alto
MUN_125,Caxias do Sul,PR,52,28.69,31.4,68.41,28.3,0.312,7.01,546.0,1630880,335.8,77.4,39.02,10.21,26.32,Medio
MUN_177,Santos,RJ,48,23.85,28.37,72.91,34.76,0.407,0.89,1107.4,55542,288.1,64.7,61.5,36.62,21.82,Baixo
MUN_051,Palmas,CE,50,26.47,30.43,71.19,32.69,0.174,4.24,411.6,2479442,410.5,53.9,69.31,27.3,28.49,Alto
MUN_159,Araguaína,GO,13,30.91,34.32,72.72,53.33,0.064,4.71,837.2,955928,100.7,81.0,28.19,71.57,30.07,Baixo
MUN_146,Uberlândia,RJ,18,28.77,33.17,82.66,59.86,0.255,3.69,634.0,1374820,421.1,48.3,70.01,54.05,32.83,Alto
MUN_086,Recife,PA,28,27.23,34.01,80.09,44.5,0.322,1.54,264.3,1678632,417.8,56.9,59.93,43.2,29.77,Alto
MUN_129,Fortaleza,PE,6,31.44,38.86,65.69,34.75,0.35,5.49,410.7,1581768,460.2,49.3,72.91,43.7,33.55,Alto
MUN_080,Santos,SP,14,30.95,35.88,69.54,57.98,0.383,6.71,1008.7,2122500,452.8,35.9,90.21,55.64,32.42,Alto
MUN_126,Natal,PR,44,30.97,35.2,61.72,20.7,0.355,1.19,296.4,326744,220.3,77.6,47.9,11.09,31.71,Medio
MUN_197,Campinas,PE,50,23.14,27.92,64.19,50.99,0.381,5.76,205.0,2316409,425.8,60.2,71.95,50.93,18.95,Medio
MUN_063,Campinas,PA,34,26.71,31.59,66.71,37.02,0.181,4.21,107.9,74165,478.7,61.4,67.6,42.11,27.04,Alto
MUN_001,Fortaleza,BA,29,20.2,23.61,49.31,19.4,0.232,2.92,573.2,2659807,180.2,74.4,14.34,21.01,22.44,Baixo
MUN_165,Macaé,SP,35,23.57,28.54,81.0,167.69,0.553,14.69,984.5,987822,389.7,49.8,82.53,172.11,25.18,Alto
MUN_198,Natal,BA,28,20.25,24.74,50.82,8.08,0.061,0.0,1079.4,1056835,173.9,74.9,22.31,3.74,20.48,Baixo
MUN_196,Santos,PA,10,28.35,31.58,53.39,53.25,0.346,2.55,818.7,1715350,141.3,55.9,52.69,52.57,26.56,Baixo
MUN_199,Sorocaba,PA,4,27.49,32.28,54.58,24.42,0.242,1.79,684.3,1913474,465.2,73.3,63.81,13.37,25.15,Alto
MUN_115,Salvador,TO,18,23.77,31.08,65.99,66.4,0.328,7.66,762.3,138734,383.1,55.1,54.94,60.05,23.58,Alto
MUN_091,Ribeirão Preto,PR,35,28.41,30.81,68.59,48.65,0.346,3.74,463.5,2220206,332.1,76.2,47.4,42.76,30.84,Medio
MUN_030,Fortaleza,RS,23,29.23,34.55,63.08,52.65,0.441,5.42,132.2,990886,171.5,77.6,22.86,43.71,29.69,Medio
MUN_032,Fortaleza,TO,46,26.29,31.76,68.89,36.27,0.371,3.13,496.2,2113433,378.1,54.9,66.23,47.58,25.93,Alto
MUN_046,Crato,RN,45,25.83,30.56,50.82,31.15,0.288,6.87,342.8,2556614,297.7,57.6,45.21,26.5,24.47,Medio
MUN_162,Curitiba,TO,12,34.05,39.73,45.27,15.52,0.347,0.0,627.6,574994,432.5,59.0,54.58,8.42,35.16,Alto
MUN_153,Macaé,SC,37,24.08,30.28,50.2,23.9,0.171,2.45,31.7,1760663,153.5,87.0,22.95,30.31,27.78,Medio
MUN_020,Salvador,BA,1,18.82,23.95,53.27,62.79,0.327,1.84,679.1,125339,431.9,48.3,78.37,54.16,19.38,Medio
MUN_097,Recife,PA,52,23.12,27.87,61.54,49.02,0.319,4.34,1020.5,2321280,477.3,40.6,92.07,51.05,20.26,Alto
MUN_085,Sorocaba,GO,14,22.52,27.98,56.7,57.44,0.13,2.21,890.4,1628100,159.9,85.0,24.31,31.93,21.35,Baixo
MUN_185,Sorocaba,BA,33,25.27,31.4,75.43,133.16,0.486,10.55,35.7,2014957,460.0,60.2,78.38,115.1,25.9,Medio
MUN_199,Itaquaquecetuba,PR,31,23.66,28.38,79.41,99.32,0.408,6.12,243.8,151147,327.6,60.3,64.69,92.58,21.71,Medio
MUN_116,Araguaína,TO,5,26.89,32.2,61.06,32.57,0.201,8.34,1071.9,693228,65.6,79.1,4.98,25.37,25.96,Baixo
MUN_168,Ribeirão Preto,BA,47,28.66,33.65,69.32,59.08,0.416,5.58,292.4,2374879,130.5,90.1,18.32,56.31,27.15,Medio
MUN_046,Goiânia,PA,9,29.06,34.15,55.87,12.45,0.22,1.31,306.5,287306,269.8,81.2,50.21,8.24,28.14,Medio
MUN_106,Fortaleza,SP,11,26.98,33.08,68.04,40.34,0.253,0.0,30.9,1486177,407.1,74.6,51.82,37.03,25.49,Alto
MUN_011,Palmas,SC,33,23.45,27.04,59.36,41.82,0.423,1.85,81.5,97863,428.2,52.8,67.53,42.58,26.67,Medio
MUN_023,Natal,BA,2,25.58,30.71,51.85,21.95,0.327,5.35,299.7,696279,401.0,54.2,63.76,37.95,23.57,Alto
MUN_089,Crato,SP,34,28.0,32.61,45.83,16.86,0.286,5.59,577.0,2799973,131.3,80.4,20.21,28.65,29.85,Baixo
MUN_126,Goiânia,PA,5,23.07,28.98,73.67,54.92,0.247,4.91,1097.4,2732165,401.5,61.5,68.06,46.02,21.95,Baixo
MUN_113,Ribeirão Preto,PR,30,29.89,35.46,58.69,56.1,0.496,4.8,889.6,2750319,429.5,63.3,56.34,74.08,27.69,Medio
MUN_096,Recife,MG,15,23.81,29.71,46.21,35.28,0.326,4.77,535.8,2777686,40.1,87.5,24.23,37.04,26.74,Baixo
MUN_070,Ribeirão Preto,RN,51,24.12,31.54,49.51,21.83,0.256,1.13,10.2,1270792,453.4,70.1,63.37,14.72,23.32,Alto
MUN_169,Araguaína,PA,43,31.18,36.06,78.61,51.65,0.229,3.77,47.4,1203517,494.6,44.4,74.83,44.84,34.63,Medio
MUN_102,Caxias do Sul,PR,30,28.47,31.84,35.02,25.48,0.264,4.6,179.1,2246145,41.9,87.8,30.52,18.24,27.82,Baixo
MUN_197,Crato,GO,40,22.6,25.44,54.97,47.35,0.231,2.02,628.4,186778,392.1,61.7,60.18,51.22,23.77,Alto
MUN_024,Araguaína,BA,51,26.05,32.07,53.86,66.85,0.22,4.4,87.4,1081879,463.7,53.3,71.74,74.16,25.08,Medio
MUN_096,Itaquaquecetuba,RS,8,25.65,29.12,55.56,21.39,0.234,3.84,626.0,2071459,132.3,89.0,29.95,8.5,27.11,Baixo
MUN_086,Palmas,SC,28,24.88,31.29,63.36,51.36,0.228,6.21,832.7,1492815,302.2,67.0,45.68,61.74,24.74,Baixo
MUN_093,Campinas,PR,7,30.88,36.32,62.01,126.18,0.352,11.63,1013.5,304502,315.8,57.2,67.97,127.12,32.8,Baixo
MUN_112,Montes Claros,RJ,6,34.19,36.7,52.37,38.42,0.225,4.63,1168.0,844888,218.0,82.2,52.94,39.61,34.61,Baixo
MUN_117,Araguaína,RJ,28,25.9,33.86,63.41,60.81,0.41,4.17,1002.5,2088373,331.2,63.4,68.14,59.7,28.2,Baixo
MUN_198,Caxias do Sul,SC,50,26.84,31.39,65.07,40.18,0.155,2.12,794.2,1976070,33.7,75.5,28.04,52.09,27.24,Baixo
MUN_052,Palmas,PA,10,21.12,29.02,55.82,54.55,0.282,5.71,1158.0,1737189,101.1,80.4,22.43,54.69,23.18,Baixo
MUN_152,Montes Claros,GO,29,20.94,26.27,80.41,73.9,0.424,6.59,1189.7,1930961,23.4,89.1,24.12,78.26,21.8,Baixo
MUN_182,Recife,BA,19,23.99,29.08,66.47,87.75,0.384,7.98,412.0,2120570,139.1,75.4,30.8,88.22,19.21,Alto
MUN_060,Araguaína,RS,48,24.09,29.11,50.82,17.31,0.122,9.98,705.0,2873031,341.6,52.7,60.53,4.94,28.7,Medio
MUN_183,Montes Claros,GO,32,26.86,31.97,64.71,93.75,0.395,5.46,343.5,1460083,359.0,52.0,51.32,83.21,28.25,Alto
MUN_113,Manaus,PR,8,17.44,22.51,72.85,65.39,0.485,7.04,842.0,540909,323.7,64.7,52.89,59.34,15.96,Medio
MUN_007,Natal,PE,9,25.98,30.2,80.25,43.25,0.304,6.98,1123.5,739027,330.4,69.2,42.34,44.95,24.21,Baixo
MUN_103,Itaquaquecetuba,AM,34,31.25,36.1,59.88,36.63,0.323,5.08,43.1,2754826,311.2,64.6,46.72,28.69,33.12,Alto
MUN_128,Itaquaquecetuba,RN,44,24.47,28.25,49.7,11.75,0.078,3.61,105.1,1250149,363.8,54.7,62.91,10.72,22.93,Alto
MUN_022,Goiânia,CE,36,30.85,34.53,51.89,13.15,0.229,2.73,566.0,451144,203.1,80.5,44.81,28.24,33.37,Medio
MUN_071,Crato,GO,49,22.94,26.68,70.57,42.99,0.476,3.14,477.8,1672952,191.2,72.6,36.85,51.38,23.57,Baixo
MUN_046,Palmas,BA,17,30.6,38.31,54.02,40.21,0.327,4.65,15.8,1300667,391.7,67.1,48.32,41.6,29.78,Alto
MUN_179,Natal,RN,12,31.97,35.62,75.84,31.67,0.321,8.14,32.4,756253,347.2,73.2,44.8,41.88,32.19,Medio
MUN_089,Salvador,SC,8,31.13,36.23,59.42,37.5,0.117,1.2,220.5,615023,388.9,57.8,69.74,58.93,29.31,Medio
MUN_043,Itaquaquecetuba,MG,28,29.55,32.63,53.76,65.09,0.228,3.97,427.5,2274618,448.1,47.0,84.99,71.32,30.62,Alto
MUN_173,Fortaleza,CE,26,23.96,30.34,71.7,52.84,0.317,2.33,218.7,80071,438.2,57.0,70.58,52.16,22.98,Alto
MUN_071,Itaquaquecetuba,RJ,19,25.22,30.33,64.84,72.85,0.305,7.2,250.0,2508319,382.3,65.9,59.17,69.89,24.68,Alto
MUN_088,Montes Claros,RN,48,26.22,33.71,80.77,79.2,0.361,5.08,67.5,1348115,386.8,41.8,89.37,85.26,28.03,Alto
MUN_128,Caxias do Sul,RS,32,23.55,29.72,71.28,41.8,0.407,5.81,221.0,218665,286.8,56.8,31.75,35.19,21.77,Alto
MUN_080,Goiânia,AM,24,26.52,30.88,61.66,24.18,0.185,1.9,823.4,802323,64.2,85.6,35.64,16.9,21.16,Baixo
MUN_114,Ribeirão Preto,GO,50,28.63,34.39,61.19,73.27,0.348,7.19,466.5,2982436,144.7,94.5,24.16,74.86,30.14,Medio
MUN_003,Crato,BA,19,28.34,31.93,86.11,74.8,0.28,7.88,161.8,1308861,427.1,61.7,76.32,70.15,29.96,Medio
MUN_021,Recife,RJ,26,26.11,30.28,79.21,99.99,0.329,7.32,835.1,2405646,426.8,53.0,84.51,96.06,24.51,Alto
MUN_106,Caxias do Sul,RS,6,26.21,32.44,60.43,37.39,0.272,4.98,912.6,1717118,432.7,66.3,46.5,31.89,24.14,Alto
MUN_106,Fortaleza,SP,11,26.98,33.08,68.04,40.34,0.253,0.0,30.9,1486177,407.1,74.6,51.82,37.03,25.49,Alto
MUN_003,Belém,SP,11,29.61,34.94,62.11,35.6,0.334,2.43,89.5,756365,410.0,52.7,77.9,42.34,26.54,Medio
MUN_045,Recife,RJ,10,22.43,28.9,70.6,25.74,0.179,2.99,138.9,126114,327.1,59.1,70.44,27.92,23.63,Alto
MUN_119,Caxias do Sul,PR,31,13.71,18.24,79.0,111.59,0.359,8.09,510.5,2689434,103.8,97.4,31.57,107.0,14.29,Medio
MUN_080,Curitiba,TO,10,19.22,24.34,52.96,42.99,0.298,4.84,1067.2,515144,413.0,48.3,62.52,50.0,15.84,Baixo
MUN_019,Curitiba,BA,49,27.62,32.03,71.32,27.0,0.209,7.6,94.0,1344241,69.5,86.7,16.89,44.02,29.79,Medio
MUN_063,Belém,MG,37,32.13,37.56,79.64,103.74,0.446,6.94,340.8,768392,255.6,80.5,55.29,90.5,29.7,Medio
MUN_076,Itaquaquecetuba,BA,49,25.18,29.63,72.52,35.46,0.25,2.95,183.9,195419,267.9,61.3,53.38,28.72,23.56,Medio
MUN_085,Fortaleza,RN,34,25.65,31.87,60.2,36.96,0.4,3.61,558.4,297656,355.2,84.2,62.82,14.11,22.24,Medio
MUN_164,Palmas,GO,12,22.02,26.02,66.06,63.77,0.257,8.41,210.5,602658,330.8,68.2,51.11,48.41,20.79,Alto
MUN_042,Sorocaba,MG,33,29.35,35.15,77.09,96.79,0.434,5.28,433.6,2462089,471.2,47.6,90.73,96.07,31.9,Alto
MUN_179,Curitiba,RJ,47,25.42,29.35,68.13,47.15,0.322,2.53,1159.1,1801212,499.3,48.9,64.82,33.03,25.36,Alto
MUN_136,Ribeirão Preto,PE,7,29.5,34.1,67.11,39.65,0.334,3.67,390.3,1008947,470.6,65.9,78.51,37.33,31.22,Alto
MUN_067,Curitiba,TO,49,24.6,28.91,51.39,30.83,0.213,1.47,336.0,452423,338.8,83.1,45.82,42.46,24.07,Medio
MUN_008,Araguaína,RJ,23,27.58,33.65,52.84,36.09,0.338,3.04,126.7,427816,285.7,55.6,37.34,35.88,28.94,Alto
MUN_186,Natal,PA,29,30.04,35.54,63.18,21.0,0.274,3.09,232.3,2289871,53.9,84.3,27.11,6.05,28.71,Baixo
MUN_160,Recife,PE,33,32.76,39.73,51.97,18.7,0.05,0.21,9.0,1807124,197.0,83.9,14.06,14.13,33.51,Medio
MUN_158,Salvador,GO,26,26.33,31.1,68.63,51.25,0.379,4.86,1095.4,1496976,499.3,63.2,63.23,61.48,25.82,Alto
MUN_143,Araguaína,RJ,9,25.43,30.35,75.21,41.61,0.262,7.64,563.6,1992520,302.2,70.7,28.45,28.86,28.46,Medio
MUN_154,Goiânia,AM,37,29.21,35.85,71.44,107.51,0.47,7.51,11.3,1741643,415.6,57.2,85.46,119.26,27.5,Alto
MUN_100,Crato,GO,52,21.55,25.7,67.16,66.01,0.251,4.63,476.5,1792151,225.3,75.3,33.03,60.11,23.26,Medio
MUN_028,Santos,TO,19,23.48,27.61,65.3,21.66,0.252,4.85,39.4,2046218,361.1,56.5,47.8,-7.23,27.18,Alto
MUN_148,Itaquaquecetuba,CE,5,29.61,34.81,55.66,36.96,0.144,4.37,560.8,1375073,499.7,57.5,46.28,27.17,27.36,Medio
MUN_094,Curitiba,RJ,46,24.81,29.65,52.44,67.76,0.409,7.34,98.6,2777819,231.3,61.1,46.07,46.55,24.37,Medio
MUN_093,Fortaleza,RJ,51,22.77,26.34,72.76,51.84,0.245,4.99,1177.8,2160306,77.2,82.0,12.17,53.6,24.17,Baixo
MUN_037,Palmas,TO,41,29.14,35.63,61.84,43.21,0.253,6.25,347.9,2197021,385.8,62.0,73.22,49.01,26.93,Medio
MUN_198,Crato,MG,9,24.93,28.28,62.25,20.23,0.226,4.78,380.1,870652,288.6,65.2,37.6,15.58,23.95,Medio
MUN_125,Natal,PE,52,27.34,33.65,54.66,14.99,0.23,0.66,456.3,2250632,370.2,76.2,63.04,16.65,28.35,Medio
MUN_150,Montes Claros,RS,27,29.56,34.99,56.25,19.29,0.303,3.41,104.9,936912,492.4,55.5,68.68,23.03,29.89,Alto
MUN_196,Palmas,MG,35,26.12,30.55,72.58,75.76,0.334,5.46,481.6,2246946,329.9,70.4,70.88,60.97,24.82,Alto
MUN_033,Curitiba,SC,6,23.17,27.23,60.55,42.53,0.358,2.86,182.2,866969,353.4,50.1,82.14,50.7,23.97,Medio
MUN_149,Recife,PA,24,22.97,28.04,61.09,71.01,0.407,0.07,985.1,2074808,154.8,78.7,31.96,59.16,19.78,Baixo
MUN_022,Curitiba,SP,5,30.1,34.49,79.8,56.35,0.337,7.98,131.6,488230,209.1,66.1,49.28,62.53,28.97,Alto
MUN_074,Montes Claros,TO,42,23.79,25.84,64.34,46.47,0.368,6.25,927.7,1813447,419.8,46.8,62.04,46.47,25.64,Alto
MUN_015,Recife,BA,33,29.61,33.8,66.19,13.88,0.298,1.98,1021.6,2742638,69.0,72.0,44.76,16.48,31.01,Baixo
MUN_156,Montes Claros,MG,10,24.67,30.35,80.07,141.58,0.629,11.77,0.3,2711157,493.2,68.6,73.32,153.77,24.72,Medio
MUN_133,Sorocaba,AM,43,31.42,36.53,66.64,57.02,0.073,5.38,396.9,291755,466.1,70.5,55.8,62.17,35.65,Medio
MUN_068,Natal,BA,48,28.48,32.56,66.32,67.8,0.246,5.28,955.8,1152093,375.0,72.1,47.89,67.08,29.87,Medio
MUN_018,Itaquaquecetuba,GO,14,31.91,37.13,56.63,82.76,0.313,5.36,608.9,256150,437.1,61.8,83.12,94.17,32.71,Medio
MUN_126,Sorocaba,PR,16,23.66,27.98,81.61,68.3,0.33,7.02,255.3,1153061,456.8,60.7,44.01,78.64,25.03,Medio
MUN_194,Uberlândia,MG,27,20.69,26.78,58.11,12.22,0.359,3.54,1099.2,2185924,367.3,71.9,61.28,17.39,21.16,Baixo
MUN_027,Belém,RS,22,28.22,30.42,54.59,26.8,0.245,2.85,574.9,2572277,420.2,72.2,52.09,40.99,25.95,Medio
MUN_019,Montes Claros,MG,18,21.73,28.27,50.15,29.72,0.256,3.19,727.8,1179608,255.3,79.1,48.47,16.45,21.0,Baixo
MUN_146,Crato,PA,13,19.83,24.61,56.14,21.99,0.161,2.96,171.8,673238,349.5,72.3,47.44,16.3,20.08,Alto
MUN_051,Recife,TO,17,25.54,31.21,80.71,77.39,0.355,7.31,541.0,2631235,454.6,65.5,73.47,75.99,26.09,Alto
MUN_081,Crato,TO,46,26.18,31.67,66.6,76.96,0.276,2.3,692.4,1786376,468.2,66.8,60.62,86.12,25.62,Medio
MUN_029,Recife,PA,48,24.64,31.29,49.99,23.42,0.125,3.09,753.8,1290140,78.9,83.8,19.22,43.67,23.18,Baixo
MUN_100,Ribeirão Preto,RJ,31,27.79,33.2,66.57,45.38,0.316,3.18,235.8,2903235,226.8,72.8,39.23,56.46,30.16,Medio
MUN_034,Crato,BA,38,24.61,28.9,46.22,24.9,0.204,4.64,81.4,626077,498.6,53.0,68.19,13.46,22.26,Alto
MUN_021,Araguaína,PE,3,27.27,31.14,60.46,24.42,0.18,2.23,334.6,2654536,278.0,86.8,49.92,23.7,28.46,Medio
MUN_010,Araguaína,RN,42,30.36,35.42,55.82,27.11,0.264,6.8,22.8,2620080,427.5,60.2,63.32,10.71,33.62,Alto
MUN_124,Caxias do Sul,MG,3,24.45,27.28,68.92,46.0,0.343,5.54,878.8,1836711,402.4,57.4,71.96,50.92,21.53,Alto
MUN_176,Crato,TO,28,23.44,30.15,52.36,16.44,0.289,3.75,855.4,1076283,386.6,71.7,52.16,32.95,24.73,Baixo
MUN_041,Curitiba,SP,15,29.74,34.46,70.94,40.7,0.434,4.42,964.8,2403011,262.6,73.3,37.19,38.39,30.51,Baixo
MUN_106,Campinas,AM,44,33.79,38.65,54.57,18.91,0.323,4.59,444.9,1808325,218.5,70.7,46.46,18.72,32.4,Medio
MUN_069,Araguaína,PR,2,28.92,33.41,54.54,6.01,0.335,2.6,923.8,1426930,338.1,50.7,45.27,17.24,28.09,Baixo
MUN_121,Montes Claros,AM,17,20.91,24.6,72.03,89.48,0.585,6.83,219.1,505740,357.0,57.5,42.67,90.37,22.32,Medio
MUN_169,Recife,AM,24,29.23,35.43,74.58,30.99,0.242,3.89,357.5,262918,342.9,67.2,38.91,40.39,31.68,Alto
MUN_124,Montes Claros,PR,51,30.55,36.47,51.98,62.68,0.393,8.43,257.4,1091709,31.5,72.5,34.37,56.01,32.13,Baixo
MUN_027,Recife,AM,37,27.25,31.95,74.33,78.75,0.425,8.81,959.3,1352269,138.0,68.0,45.19,88.2,26.09,Baixo
MUN_046,Manaus,GO,26,26.37,32.01,57.11,60.24,0.353,6.21,13.9,417733,470.3,44.0,74.83,52.49,23.75,Alto
MUN_123,Araguaína,PR,37,25.27,29.27,61.57,35.37,0.296,10.7,1143.5,1679746,134.3,81.9,15.68,29.83,27.97,Baixo
MUN_013,Uberlândia,TO,46,27.17,31.61,49.13,7.02,0.306,2.73,894.6,2791306,260.4,70.9,38.22,-1.66,25.09,Baixo
MUN_086,Manaus,MG,31,29.36,33.13,56.84,17.32,0.156,1.8,371.0,1103754,494.6,58.2,76.52,24.84,29.07,Alto
MUN_013,Uberlândia,CE,19,30.41,37.25,62.69,14.18,0.184,1.44,289.2,1558334,425.3,65.2,55.53,21.75,31.16,Medio
MUN_062,Araguaína,MG,37,28.53,32.3,59.67,35.51,0.31,1.5,287.2,2858259,500.0,46.3,89.14,37.92,30.86,Alto
MUN_042,Natal,BA,34,29.68,34.13,49.88,11.06,0.168,2.96,1078.4,1086729,315.1,74.1,36.07,19.09,30.9,Baixo
MUN_022,Palmas,RJ,15,27.94,35.21,67.19,52.08,0.245,4.69,1046.7,464478,219.9,59.9,45.81,42.56,28.14,Baixo
MUN_169,Recife,AM,24,29.23,35.43,74.58,30.99,0.242,3.89,357.5,262918,342.9,67.2,38.91,40.39,31.68,Alto
MUN_157,Ribeirão Preto,SC,16,28.37,36.42,65.53,60.4,0.323,5.36,126.2,2040940,103.8,79.4,37.39,61.1,28.34,Alto
MUN_186,Macaé,BA,35,31.97,36.53,90.84,121.87,0.447,5.36,1027.3,2400369,474.7,59.2,68.42,107.52,33.34,Alto
MUN_150,Sorocaba,SC,4,21.65,27.94,64.1,63.5,0.125,8.39,508.7,2399259,364.7,62.2,59.45,55.97,23.46,Medio
MUN_137,Itaquaquecetuba,PE,9,26.92,33.67,72.74,81.94,0.356,0.0,167.4,768783,200.8,68.5,48.73,83.55,25.93,Alto
MUN_155,Araguaína,SC,2,26.87,30.99,61.75,23.87,0.23,5.23,1171.4,865192,189.4,64.6,41.93,22.67,27.92,Baixo
MUN_023,Belém,PE,15,33.52,39.72,85.83,67.0,0.3,4.95,356.9,2551611,481.3,52.7,58.48,51.42,38.61,Alto
MUN_081,Natal,RJ,43,24.23,28.85,54.07,27.51,0.195,1.19,22.4,2161892,207.3,66.4,51.55,34.86,24.51,Alto
MUN_151,Macaé,AM,33,31.4,37.83,64.4,42.79,0.12,5.56,123.3,2442033,178.3,77.6,37.79,39.29,28.99,Medio
MUN_147,Fortaleza,PA,2,30.73,35.11,74.61,70.03,0.34,1.03,994.7,1626033,386.8,60.8,62.99,64.54,26.92,Baixo
MUN_048,Goiânia,RN,48,24.46,30.44,72.28,110.26,0.309,5.04,374.5,1329530,455.6,55.8,70.52,114.48,23.6,Medio
MUN_183,Crato,MG,14,29.08,35.05,65.97,54.63,0.428,3.94,408.2,1179782,185.4,75.6,50.73,52.31,33.53,Medio
MUN_130,Uberlândia,SP,20,32.5,35.39,58.58,39.57,0.293,4.8,489.1,2816548,491.5,54.4,63.06,42.55,31.54,Alto
MUN_040,Caxias do Sul,TO,47,23.54,26.87,68.24,79.63,0.394,4.02,1044.2,1693894,56.2,89.8,25.33,91.34,25.56,Baixo
MUN_076,Uberlândia,RN,6,26.21,32.68,74.62,73.72,0.336,4.14,34.2,2385024,388.0,61.4,52.59,82.03,28.6,Medio
MUN_002,Ribeirão Preto,RJ,28,22.89,29.55,63.82,66.14,0.31,6.95,572.3,2476142,285.5,52.6,60.71,49.64,23.88,Alto
MUN_126,Fortaleza,PE,19,23.66,28.76,70.17,46.03,0.302,3.38,298.4,2259592,351.5,62.4,44.83,55.47,26.02,Medio
MUN_013,Itaquaquecetuba,PA,18,20.45,25.96,71.91,106.07,0.486,8.13,177.5,1433632,227.3,71.6,38.92,112.62,22.31,Medio
MUN_146,Recife,RJ,17,28.12,31.51,65.6,15.67,0.038,0.57,1022.2,1165204,262.6,75.9,54.72,-2.99,28.36,Baixo
MUN_004,Campinas,SC,13,25.85,31.27,70.86,58.23,0.381,2.71,385.7,2151836,177.6,73.0,53.07,40.92,23.68,Medio
MUN_055,Fortaleza,RJ,38,21.29,24.77,56.31,6.56,0.19,3.28,805.6,122021,448.1,73.7,60.56,18.4,21.21,Baixo
MUN_110,Macaé,PA,15,26.9,31.79,74.06,69.42,0.276,5.44,301.7,2265173,459.1,55.4,89.32,67.66,24.47,Alto
MUN_158,Araguaína,RN,2,27.59,32.07,70.37,7.29,0.19,2.2,764.0,1900066,25.4,81.1,12.9,12.78,25.25,Baixo
MUN_112,Crato,BA,4,22.89,27.32,80.05,115.93,0.464,9.14,846.7,928643,471.7,53.4,82.43,115.92,24.61,Alto
MUN_170,Itaquaquecetuba,AM,2,28.31,33.63,56.03,24.62,0.248,6.34,111.8,2621910,453.9,60.1,71.04,17.53,25.83,Alto
MUN_046,Campinas,AM,40,21.05,26.42,54.86,17.69,0.127,4.52,607.7,2619125,440.5,68.3,66.1,31.26,21.29,Alto
MUN_164,Palmas,GO,12,22.02,26.02,66.06,63.77,0.257,8.41,210.5,602658,330.8,68.2,51.11,48.41,20.79,Alto
MUN_154,Crato,GO,5,23.31,28.43,67.01,66.59,0.274,4.49,12.0,2447147,496.8,63.6,67.89,66.73,25.1,Alto
MUN_198,Santos,PR,6,23.61,28.8,65.69,68.02,0.344,5.01,440.6,664062,276.5,72.7,42.18,65.84,28.63,Medio
MUN_118,Sorocaba,PR,34,21.06,24.46,59.88,36.15,0.351,6.5,560.6,1195606,192.8,93.7,26.3,32.28,23.12,Baixo
MUN_153,Recife,BA,36,26.42,30.34,63.02,39.95,0.244,4.64,80.4,416793,367.4,69.4,48.16,53.15,27.09,Alto
MUN_127,Sorocaba,SC,3,18.08,22.37,63.67,42.42,0.295,3.53,857.7,1250317,380.8,61.8,64.73,30.12,17.15,Alto
MUN_180,Salvador,PR,31,25.25,29.67,76.7,90.55,0.368,9.7,676.4,233944,378.9,76.6,74.62,79.34,21.8,Alto
MUN_200,Manaus,BA,18,20.58,24.84,51.28,35.88,0.339,6.54,692.3,1686835,473.8,57.6,66.72,38.28,18.42,Medio
MUN_135,Palmas,PA,42,25.06,29.06,74.37,24.81,0.251,2.19,682.7,2592832,145.3,84.7,46.73,28.78,26.29,Baixo
MUN_167,Fortaleza,PA,21,22.8,28.29,62.64,44.76,0.178,5.94,237.2,970573,309.3,62.7,49.82,56.39,21.53,Alto
MUN_197,Ribeirão Preto,RJ,6,29.54,36.92,66.41,17.63,0.141,3.14,538.6,2353171,77.7,88.4,17.51,0.03,29.48,Baixo
MUN_005,Macaé,BA,52,26.16,30.98,76.11,27.2,0.241,2.21,311.2,2982527,416.6,60.2,63.64,13.22,25.78,Medio
MUN_161,Montes Claros,BA,12,24.16,29.74,50.41,42.56,0.204,2.22,836.5,1772618,469.5,44.0,67.51,43.66,24.87,Alto
MUN_056,Macaé,CE,32,26.55,29.58,67.27,122.79,0.254,9.67,302.8,1104046,129.6,79.1,36.79,131.78,29.76,Medio
MUN_110,Palmas,PA,37,21.13,25.77,68.78,47.74,0.396,5.58,1072.7,1532057,101.3,95.2,23.71,30.89,20.0,Baixo
MUN_072,Natal,AM,15,21.69,27.13,48.93,42.54,0.206,4.57,1196.8,688696,449.9,40.6,79.17,56.43,19.68,Baixo
MUN_041,Santos,AM,46,24.69,30.07,69.23,54.13,0.229,5.43,359.2,980686,327.1,65.5,51.6,31.42,20.95,Medio
MUN_022,Palmas,CE,29,27.7,33.8,60.54,28.48,0.187,4.44,1096.6,1721009,260.5,77.4,50.56,20.37,25.67,Baixo
MUN_140,Uberlândia,SP,9,21.74,29.76,51.04,50.99,0.313,5.27,1009.7,2555934,388.9,60.3,70.43,43.75,22.9,Baixo
MUN_035,Salvador,RJ,25,15.53,21.02,81.67,76.97,0.267,4.67,864.3,1626583,231.6,76.9,69.62,56.14,17.56,Baixo
MUN_127,Belém,RN,39,27.41,31.99,63.98,73.05,0.371,4.59,483.9,1704670,496.2,50.4,89.53,62.11,25.28,Alto
MUN_075,Natal,PA,29,22.94,28.34,58.56,52.35,0.258,5.02,214.8,1164980,432.2,63.8,44.1,54.51,20.89,Medio
MUN_067,Araguaína,RN,42,30.33,32.95,60.07,46.56,0.155,5.86,36.7,100526,432.2,60.1,67.24,35.98,31.85,Medio
MUN_063,Sorocaba,RN,40,16.03,20.34,69.11,43.87,0.269,4.72,33.5,279890,445.8,53.9,75.35,34.11,17.72,Alto
MUN_116,Salvador,PE,46,26.59,33.91,53.87,21.15,0.32,6.86,457.4,1317266,404.0,57.8,75.24,38.15,27.83,Medio
MUN_009,Araguaína,MG,12,24.18,28.58,64.94,70.99,0.445,9.86,941.3,921178,169.6,73.6,38.98,74.82,24.78,Baixo
MUN_132,Itaquaquecetuba,SC,9,26.29,30.85,58.52,18.04,0.435,6.41,326.7,1919312,320.5,56.6,60.14,14.86,25.56,Alto
MUN_169,Montes Claros,CE,19,25.33,30.13,69.24,33.19,0.263,4.4,128.9,818473,443.3,62.7,68.02,47.63,26.21,Alto
MUN_064,Fortaleza,TO,46,29.3,34.33,67.94,38.06,0.237,4.15,410.1,2210901,383.5,72.2,59.39,56.65,24.96,Medio
MUN_128,Fortaleza,MG,25,27.76,33.44,64.39,3.6,0.249,0.0,561.1,402482,248.5,86.0,35.1,8.3,27.34,Baixo
MUN_057,Salvador,MG,33,27.21,32.84,60.34,93.64,0.439,6.27,863.3,678839,334.8,58.0,75.61,82.1,27.27,Alto
MUN_074,Ribeirão Preto,RN,18,22.89,25.26,88.57,137.39,0.585,12.21,993.7,1178561,338.4,73.7,60.63,144.36,23.59,Alto
MUN_183,Santos,RS,42,20.51,24.94,64.55,16.85,0.177,1.57,499.8,2275463,468.1,48.4,62.06,7.56,21.46,Medio
MUN_146,Salvador,AM,16,27.55,33.25,79.35,115.52,0.506,12.03,991.2,2080875,280.6,71.1,56.7,113.89,25.16,Medio
MUN_099,Santos,PA,46,22.67,27.66,58.16,47.8,0.369,4.06,692.6,368013,167.4,79.5,24.47,41.86,22.99,Baixo
MUN_096,Santos,TO,26,26.35,30.88,62.83,50.25,0.383,5.63,313.8,1548681,483.0,66.5,80.53,51.36,26.5,Alto
MUN_061,Campinas,RS,20,28.59,31.41,70.69,111.53,0.456,5.24,626.7,620235,453.4,62.1,74.61,109.07,29.17,Medio
MUN_120,Salvador,AM,23,27.76,31.19,59.8,62.51,0.303,0.0,492.8,597598,279.5,72.9,53.99,61.17,26.78,Alto
MUN_141,Santos,SP,1,32.59,38.58,66.62,75.08,0.355,3.03,275.9,1657379,193.4,74.2,39.85,78.56,32.52,Medio
MUN_179,Goiânia,RS,52,26.61,31.03,62.76,46.34,0.28,9.0,838.1,358705,343.5,64.3,65.45,60.56,26.8,Baixo
MUN_117,Belém,GO,1,25.37,29.75,80.67,83.21,0.328,0.1,204.8,268715,391.1,66.3,53.69,104.79,30.17,Medio
MUN_077,Sorocaba,RJ,3,27.97,32.7,62.52,10.37,0.134,4.76,1123.5,164042,122.1,84.9,25.31,9.63,27.0,Baixo
MUN_050,Crato,PR,4,23.5,30.17,69.84,31.29,0.161,4.15,909.2,1492092,488.5,55.8,66.47,42.9,27.31,Alto
MUN_027,Campinas,RN,32,24.75,31.41,69.62,109.38,0.387,6.86,387.1,2767298,171.5,71.9,46.16,113.52,24.66,Medio
MUN_025,Curitiba,PE,39,25.7,29.92,59.21,19.29,0.112,2.86,1158.9,1062720,214.6,80.7,34.12,22.53,26.87,Baixo
MUN_149,Curitiba,GO,41,26.33,30.89,60.35,29.86,0.239,3.91,400.7,2980717,279.3,69.4,31.01,26.91,25.44,Medio
MUN_139,Goiânia,AM,23,22.08,25.54,60.98,27.55,0.334,5.34,232.3,1377432,492.6,47.2,82.04,18.47,26.02,Alto
MUN_087,Campinas,RS,48,31.59,36.85,63.03,87.94,0.503,6.77,586.5,2057204,93.7,81.4,26.22,69.96,30.7,Baixo
MUN_077,Crato,PR,33,25.33,27.96,56.96,30.99,0.242,5.43,973.2,1170959,409.9,60.2,60.75,30.65,23.57,Baixo
MUN_062,Itaquaquecetuba,RN,12,30.17,33.59,79.29,67.91,0.412,3.99,98.8,2412709,368.6,60.3,57.68,66.75,31.91,Alto
MUN_150,Montes Claros,GO,18,26.88,31.03,68.54,38.9,0.172,3.85,472.5,466206,342.4,63.4,52.87,31.78,21.72,Medio
MUN_086,Belém,PR,48,29.87,35.22,65.46,61.59,0.322,3.7,494.8,218742,280.7,69.6,45.12,69.56,29.4,Medio
MUN_156,Macaé,RJ,3,28.9,33.8,51.83,58.97,0.276,6.1,825.0,1023404,406.5,48.6,69.19,56.04,29.45,Alto
MUN_030,Palmas,RN,44,20.8,27.04,45.64,21.77,0.196,2.62,114.1,2294244,403.9,52.3,63.54,43.29,23.1,Alto
MUN_128,Recife,MG,43,20.41,23.79,68.21,75.91,0.349,4.47,530.9,2580070,208.2,71.7,41.65,67.51,21.88,Medio
MUN_071,Caxias do Sul,PR,47,31.4,37.59,70.92,35.14,0.132,2.41,724.0,769977,89.8,76.8,35.6,27.06,33.96,Baixo
MUN_138,Uberlândia,GO,39,27.98,30.96,62.67,44.6,0.455,4.3,424.1,228152,392.7,58.4,89.15,65.78,29.52,Alto
MUN_048,Macaé,RS,10,23.53,28.04,78.71,92.0,0.17,7.84,929.0,1874826,471.4,47.0,88.75,76.72,23.3,Alto
MUN_021,Curitiba,RJ,49,28.43,34.11,71.58,69.43,0.468,6.02,545.1,2258726,248.1,81.1,59.33,91.59,29.1,Medio
MUN_017,Belém,RS,48,31.1,35.44,59.22,28.47,0.359,0.69,405.9,2107473,30.4,92.8,10.21,20.54,27.9,Baixo
MUN_068,Salvador,TO,17,22.37,29.44,49.29,6.9,0.169,0.49,622.8,1006696,363.6,66.9,62.19,20.46,21.8,Alto
MUN_192,Crato,AM,7,28.92,34.73,64.33,76.37,0.298,7.57,772.3,438296,79.5,75.5,32.87,73.82,32.24,Baixo
MUN_080,Caxias do Sul,CE,11,18.45,24.19,53.59,23.59,0.11,2.46,376.5,2460149,74.3,77.7,11.35,15.78,21.39,Baixo
MUN_149,Caxias do Sul,SP,37,26.52,32.61,92.28,191.67,0.535,8.18,437.2,532848,397.4,51.7,72.32,196.67,25.91,Alto
MUN_173,Goiânia,PE,42,31.9,37.04,72.6,90.6,0.353,7.81,9.0,613165,47.8,68.5,35.74,99.95,32.7,Medio
MUN_011,Manaus,PA,51,30.5,34.94,72.15,100.42,0.313,6.45,166.9,404201,205.1,78.1,47.05,93.16,30.19,Medio
MUN_079,Curitiba,SP,24,22.79,29.03,65.3,34.33,0.218,3.55,171.2,2597157,210.2,69.5,25.87,38.7,21.17,Alto
MUN_162,Ribeirão Preto,RN,44,29.1,34.71,62.8,38.56,0.168,4.27,15.0,2867181,407.3,57.5,72.46,37.4,31.11,Medio
MUN_079,Palmas,AM,8,27.19,31.91,59.16,31.5,0.188,2.12,298.0,65190,423.2,61.0,58.91,31.94,26.57,Alto
MUN_128,Uberlândia,RN,46,24.4,29.14,49.37,38.73,0.315,6.83,10.3,2596798,267.2,76.5,27.86,55.03,23.66,Medio
MUN_008,Itaquaquecetuba,GO,5,26.24,30.31,76.73,52.45,0.214,4.74,571.7,1298071,472.1,65.8,71.07,50.11,28.06,Medio
MUN_083,Itaquaquecetuba,PA,28,21.31,24.52,54.16,13.83,0.111,4.87,1187.9,334774,61.5,87.7,0.0,17.45,25.86,Baixo
MUN_141,Salvador,MG,8,23.97,28.9,67.39,27.74,0.284,4.65,466.5,2040648,437.0,66.3,54.53,24.07,26.33,Alto
MUN_148,Montes Claros,SP,45,24.85,31.39,49.12,15.61,0.098,0.0,1029.4,797503,388.1,61.9,52.35,24.12,26.43,Baixo
MUN_011,Sorocaba,AM,28,30.99,36.73,59.64,41.26,0.18,2.52,972.2,2386913,380.0,78.6,53.25,25.12,30.55,Baixo
MUN_124,Uberlândia,PE,9,22.35,27.33,51.84,12.96,0.259,3.19,346.3,1846751,168.0,75.0,52.13,15.73,22.89,Alto
MUN_176,Salvador,PR,10,27.69,32.86,68.32,45.54,0.333,3.85,418.3,335207,43.3,93.3,20.46,63.39,29.27,Baixo
MUN_137,Uberlândia,PE,37,18.61,24.43,64.88,21.33,0.233,3.76,1090.5,1249861,122.0,78.2,34.03,23.22,17.66,Baixo
MUN_069,Santos,SC,37,24.41,30.57,40.08,16.25,0.181,1.61,882.0,425629,216.6,80.5,37.7,9.49,27.01,Baixo
MUN_199,Ribeirão Preto,CE,48,24.05,29.61,60.8,6.18,0.202,2.52,441.5,240055,267.6,63.3,47.92,5.57,20.69,Baixo
MUN_105,Itaquaquecetuba,AM,20,25.78,31.72,82.6,35.98,0.133,1.85,572.2,2281049,376.1,64.3,41.13,49.27,24.04,Medio
MUN_073,Uberlândia,RS,39,26.05,33.19,66.07,96.75,0.385,3.64,1148.6,2791225,192.9,86.7,27.67,110.9,25.53,Baixo
MUN_103,Macaé,TO,22,26.38,31.53,60.32,35.88,0.204,3.9,861.5,2172153,138.1,85.2,42.89,46.35,24.83,Baixo
MUN_083,Belém,RN,28,25.43,31.23,54.81,18.07,0.143,5.33,460.0,585468,323.0,63.8,53.77,37.7,25.66,Alto
MUN_037,Palmas,SC,50,28.5,33.43,66.62,36.85,0.312,3.21,920.8,1236027,422.3,58.7,50.74,44.58,30.01,Medio
MUN_062,Manaus,PR,24,24.4,28.68,63.92,65.13,0.351,7.15,280.6,107395,21.8,87.1,18.8,61.78,19.74,Baixo
MUN_073,Manaus,PA,30,24.22,28.33,60.19,35.42,0.252,1.58,490.7,1476603,448.0,48.9,80.5,38.72,18.94,Alto
MUN_017,Araguaína,CE,19,27.08,31.66,77.19,78.97,0.49,5.72,901.5,98122,44.8,79.9,17.86,73.28,25.55,Baixo
MUN_017,Santos,RS,33,22.86,28.43,59.45,28.82,0.246,1.35,728.4,2493129,412.9,51.5,68.41,12.38,21.85,Alto
MUN_111,Salvador,PE,29,29.08,35.79,64.08,20.47,0.233,8.07,319.0,405959,85.1,81.6,37.0,29.29,32.77,Baixo
MUN_041,Ribeirão Preto,CE,41,24.13,26.67,67.5,99.25,0.368,7.53,1160.2,1125952,285.2,66.1,51.22,99.26,24.63,Baixo
MUN_107,Uberlândia,SP,26,25.71,29.66,64.48,56.57,0.342,4.52,1199.1,2094192,246.5,70.8,49.75,64.23,21.39,Baixo
MUN_104,Campinas,SP,15,20.46,22.54,54.91,46.47,0.203,6.79,228.5,2821593,477.0,62.6,70.95,39.11,18.02,Alto
MUN_126,Recife,TO,29,22.14,27.45,65.67,77.23,0.374,8.22,1077.4,2677574,345.0,79.2,60.11,73.23,22.41,Baixo
MUN_008,Itaquaquecetuba,BA,31,26.56,32.5,53.63,49.56,0.466,7.77,708.7,426656,344.5,65.5,62.81,52.14,24.44,Alto
MUN_063,Campinas,PA,34,26.71,31.59,66.71,37.02,0.181,4.21,107.9,74165,478.7,61.4,67.6,42.11,27.04,Alto
MUN_061,Belém,PR,29,30.94,36.34,66.72,95.71,0.355,10.0,490.4,1852197,227.9,80.1,28.89,108.12,30.74,Medio
MUN_194,Recife,RS,52,21.96,27.6,58.01,73.38,0.271,5.83,37.8,2264086,118.9,86.5,36.91,70.5,26.54,Medio
MUN_137,Natal,BA,11,21.77,23.88,49.29,21.4,0.201,2.84,855.3,1646853,341.2,51.5,67.21,7.56,22.41,Alto
MUN_181,Belém,MG,9,30.22,36.3,67.48,74.37,0.343,3.67,1116.5,1123836,63.0,89.0,35.39,83.31,34.05,Baixo
MUN_198,Itaquaquecetuba,SP,17,23.08,27.74,50.12,35.59,0.299,3.86,598.8,231326,195.3,74.9,36.61,26.04,21.39,Baixo
MUN_051,Palmas,CE,50,26.47,30.43,71.19,32.69,0.174,4.24,411.6,2479442,410.5,53.9,69.31,27.3,28.49,Alto
MUN_142,Montes Claros,PR,33,27.53,31.16,48.95,79.75,0.151,4.48,833.5,883980,103.4,92.7,19.32,98.01,24.56,Baixo
MUN_040,Montes Claros,RS,22,23.14,29.4,56.33,41.2,0.297,2.97,444.5,2098530,337.8,57.4,57.07,63.63,26.53,Medio
MUN_101,Crato,AM,37,19.98,24.1,46.08,13.45,0.218,6.19,849.2,1089547,237.1,73.6,26.01,14.82,22.02,Baixo
MUN_131,Crato,SP,31,30.73,35.58,48.76,6.45,0.176,1.15,132.9,1436690,334.1,53.3,59.73,-1.3,28.69,Alto
MUN_161,Sorocaba,PR,25,29.09,34.45,70.83,57.36,0.145,6.81,189.2,2090473,298.8,66.4,61.27,57.21,32.02,Alto
MUN_159,Santos,PE,17,24.5,29.63,66.05,36.26,0.262,4.56,891.1,748864,62.1,72.0,15.26,35.52,23.04,Baixo
MUN_159,Recife,CE,12,25.12,26.97,63.27,59.63,0.3,6.33,502.5,875311,379.9,69.8,55.05,51.76,23.58,Alto
MUN_052,Itaquaquecetuba,AM,3,19.3,23.63,62.59,27.16,0.292,1.83,209.7,961311,60.8,73.5,8.92,33.04,20.93,Baixo
MUN_081,Montes Claros,PE,14,27.37,32.68,49.25,42.11,0.31,0.0,391.7,2511742,372.4,74.7,53.93,43.04,26.11,Medio
MUN_067,Itaquaquecetuba,CE,50,24.04,28.27,56.46,61.23,0.198,6.05,568.6,1970080,74.2,98.0,11.78,66.09,25.57,Baixo
MUN_179,Palmas,SP,48,25.4,32.18,64.08,64.38,0.34,6.1,386.7,417190,393.0,64.1,75.48,67.57,22.48,Alto
MUN_076,Recife,PE,5,25.68,32.45,70.5,24.86,0.101,5.72,355.8,2525617,84.0,80.7,26.12,17.27,25.62,Medio
MUN_025,Santos,SC,37,27.2,33.1,63.1,48.64,0.254,7.41,416.6,902011,475.5,52.8,83.94,51.36,28.63,Alto
MUN_156,Manaus,SP,42,29.85,34.06,77.38,75.25,0.385,4.22,317.2,1299203,354.0,68.5,58.88,85.18,29.3,Medio
MUN_181,Palmas,RS,15,30.12,35.85,76.38,55.74,0.382,5.42,29.1,2024671,369.0,67.4,49.2,69.81,30.55,Medio
MUN_085,Salvador,PA,40,32.37,37.33,44.3,41.57,0.271,3.85,113.3,670122,21.6,85.9,25.37,61.41,31.13,Medio
MUN_036,Itaquaquecetuba,TO,39,25.35,29.27,67.05,90.52,0.297,6.49,942.2,768754,259.2,67.7,55.41,89.1,26.07,Baixo
MUN_193,Montes Claros,PA,27,23.27,29.5,69.39,55.54,0.107,9.05,48.8,78350,171.4,82.9,22.25,57.44,27.01,Medio
MUN_116,Montes Claros,MG,5,25.1,31.01,66.2,15.97,0.222,2.21,962.0,2855073,221.3,71.4,23.92,4.89,25.81,Baixo
MUN_033,Natal,RJ,40,30.11,34.36,77.49,83.0,0.309,3.29,48.6,1766826,295.9,63.9,64.35,80.37,30.97,Alto
MUN_169,Montes Claros,CE,19,25.33,30.13,69.24,33.19,0.263,4.4,128.9,818473,443.3,62.7,68.02,47.63,26.21,Alto
MUN_089,Salvador,AM,2,22.56,25.69,82.42,77.3,0.305,7.2,813.2,2202304,105.2,81.3,34.91,72.23,24.53,Baixo
MUN_115,Itaquaquecetuba,BA,32,26.61,31.09,49.65,25.78,0.254,3.9,617.4,1466088,104.6,79.8,24.94,10.08,29.48,Baixo
MUN_069,Montes Claros,TO,20,30.91,34.53,64.57,94.3,0.46,10.06,1054.9,2949448,270.4,74.1,58.1,85.14,28.02,Baixo
MUN_175,Araguaína,RN,18,26.79,32.19,72.2,79.74,0.408,2.51,271.0,2407854,55.3,79.7,30.97,71.69,28.73,Baixo
MUN_195,Curitiba,AM,51,31.9,37.76,75.63,40.69,0.266,3.45,250.9,450256,315.3,61.5,27.84,43.16,34.95,Medio
MUN_022,Santos,RS,51,18.82,23.99,69.35,35.87,0.319,4.59,681.5,2500393,430.8,65.5,61.18,28.7,20.29,Medio
MUN_070,Natal,TO,17,28.32,33.66,69.72,41.56,0.28,2.2,915.5,2096482,497.5,63.1,64.82,31.66,26.43,Medio
MUN_156,Sorocaba,GO,23,28.29,34.18,78.08,81.7,0.299,5.9,560.0,1022957,188.2,75.9,39.71,78.85,29.45,Alto
MUN_039,Fortaleza,RJ,19,25.72,31.32,60.89,121.99,0.342,5.21,722.0,584668,102.0,79.0,13.15,122.25,25.74,Baixo
MUN_039,Natal,RN,43,26.96,32.05,52.11,25.55,0.318,3.38,843.7,1637546,369.9,62.5,49.23,30.15,24.2,Baixo
MUN_062,Campinas,RJ,11,25.92,28.21,59.67,46.77,0.281,4.08,776.5,320534,138.9,88.6,37.54,45.46,24.9,Baixo
MUN_140,Araguaína,CE,33,29.53,32.81,50.04,36.45,0.257,6.33,320.4,2545915,296.7,65.7,61.29,25.37,36.04,Medio
MUN_062,Sorocaba,RN,27,28.93,32.82,60.31,12.86,0.178,2.21,858.2,1096721,456.6,51.2,61.5,14.6,27.72,Medio
MUN_113,Manaus,RS,32,30.37,32.67,60.69,30.07,0.332,5.39,402.2,1430235,434.6,60.5,69.94,40.64,32.08,Medio
MUN_149,Uberlândia,SC,18,22.17,25.93,65.41,44.81,0.289,4.37,68.5,2247541,179.2,72.5,45.22,60.99,23.26,Medio
MUN_006,Natal,PE,11,23.56,29.36,83.84,79.83,0.19,7.24,503.8,1982720,473.1,52.6,86.16,71.17,22.03,Alto
MUN_083,Itaquaquecetuba,RN,12,25.3,30.66,63.8,15.47,0.119,1.15,94.3,2534892,175.4,67.3,37.65,32.2,28.61,Alto
MUN_179,Goiânia,SC,2,25.21,31.42,68.49,37.08,0.344,5.32,27.4,508851,123.1,73.3,24.13,38.51,27.01,Medio
MUN_182,Crato,RN,31,27.43,32.72,58.46,32.25,0.28,0.73,150.6,1655326,266.5,57.6,55.51,39.01,26.54,Medio
MUN_161,Caxias do Sul,CE,33,26.37,31.12,61.78,30.83,0.515,2.48,180.1,2722042,245.5,69.8,54.64,32.99,30.36,Alto
MUN_150,Natal,RJ,39,28.89,34.17,65.89,9.06,0.202,2.42,92.4,1125445,215.3,78.1,41.48,9.04,25.46,Medio
MUN_038,Itaquaquecetuba,CE,11,28.36,32.77,42.8,37.24,0.046,3.21,925.5,918908,80.9,89.1,24.61,8.93,29.23,Baixo
MUN_129,Fortaleza,PE,6,31.44,38.86,65.69,34.75,0.35,5.49,410.7,1581768,460.2,49.3,72.91,43.7,33.55,Alto
MUN_074,Sorocaba,MG,17,30.95,36.48,54.21,80.52,0.409,1.95,523.3,1909537,423.7,63.9,64.89,72.89,31.14,Alto
MUN_110,Sorocaba,CE,7,32.37,36.59,73.78,88.42,0.377,3.67,273.9,788344,446.3,64.2,69.48,88.42,35.26,Medio
MUN_120,Curitiba,RJ,11,25.54,31.05,73.49,73.18,0.289,2.51,77.4,1114327,423.2,57.8,63.04,60.13,28.5,Medio
MUN_092,Campinas,RJ,6,28.26,32.18,51.16,26.51,0.251,3.09,1196.8,476365,294.3,60.8,64.17,25.2,26.93,Baixo
MUN_024,Curitiba,RJ,46,28.59,32.32,64.01,64.06,0.366,8.12,1025.3,2454146,281.4,71.5,48.27,52.62,29.52,Baixo
MUN_147,Manaus,MG,26,23.42,27.03,53.96,65.89,0.39,3.12,960.4,2702705,394.0,75.6,51.35,79.6,22.56,Medio
MUN_087,Araguaína,RS,9,28.84,34.13,75.81,42.94,0.278,2.86,600.5,1952113,457.0,54.1,50.16,37.87,28.86,Medio
MUN_052,Fortaleza,AM,41,25.11,28.83,61.99,6.42,0.228,10.65,1142.8,805812,260.5,66.6,53.61,4.3,23.43,Baixo
MUN_052,Recife,MG,18,25.78,31.7,76.82,55.04,0.286,3.59,264.1,2580070,192.4,95.4,20.73,52.78,27.16,Medio
MUN_051,Santos,MG,10,28.65,34.05,62.81,108.8,0.291,7.15,513.7,2053562,489.8,61.1,78.96,120.15,27.2,Alto
MUN_053,Montes Claros,RJ,48,25.48,31.15,48.11,27.74,0.242,3.48,835.7,593209,320.1,66.1,34.53,32.13,26.52,Baixo
MUN_043,Macaé,PE,42,22.0,26.27,67.06,79.23,0.501,5.68,97.9,1567414,229.3,76.7,23.76,87.69,23.65,Alto
MUN_022,Palmas,GO,9,23.72,28.16,60.04,29.16,0.321,3.04,899.0,1307032,274.6,67.4,47.57,43.93,23.49,Baixo
MUN_124,Manaus,PE,29,26.41,32.27,74.02,31.87,0.377,4.48,674.5,1436308,329.7,81.1,34.1,38.97,26.92,Baixo
MUN_011,Itaquaquecetuba,CE,51,23.67,28.64,54.59,51.1,0.368,6.98,936.1,617744,476.7,68.9,71.26,42.93,24.68,Alto
MUN_107,Santos,SC,23,25.0,30.42,88.65,160.94,0.54,10.33,904.3,2449382,249.0,71.5,57.91,169.27,23.1,Alto
MUN_056,Araguaína,TO,46,24.68,29.63,57.65,57.83,0.352,3.43,413.9,148628,177.3,93.5,35.43,72.5,26.33,Baixo
MUN_101,Crato,AM,37,19.98,24.1,46.08,13.45,0.218,6.19,849.2,1089547,237.1,73.6,26.01,14.82,22.02,Baixo
MUN_155,Manaus,RS,1,23.66,26.2,77.95,70.38,0.356,6.14,318.3,1591404,164.8,86.9,36.76,63.12,26.06,Medio
MUN_001,Recife,PE,38,25.72,31.08,63.19,47.6,0.314,6.73,828.4,542830,324.0,75.5,46.76,35.81,23.4,Alto
MUN_013,Natal,MG,30,21.71,24.85,60.74,19.94,0.258,2.13,1144.2,2427925,482.7,66.3,67.83,0.39,20.01,Baixo
MUN_023,Ribeirão Preto,RJ,2,26.6,33.17,63.73,30.52,0.194,0.0,621.4,1343637,298.1,76.6,47.6,27.49,27.73,Baixo
MUN_120,Palmas,TO,40,29.77,37.43,56.86,70.8,0.229,2.53,166.9,425622,113.9,70.0,25.56,66.81,30.64,Medio
MUN_001,Sorocaba,GO,14,24.91,29.32,57.39,31.4,0.332,0.32,763.2,68172,457.1,45.8,66.16,39.91,24.92,Alto
MUN_036,Sorocaba,RN,52,22.44,27.3,72.73,103.55,0.393,6.33,1152.4,1966405,143.6,76.7,43.7,93.48,22.18,Baixo
MUN_160,Araguaína,BA,48,19.68,25.13,61.2,11.82,0.297,3.71,63.9,1018022,498.4,64.1,65.43,20.92,20.23,Medio
MUN_139,Itaquaquecetuba,SP,52,22.05,26.85,74.11,91.02,0.36,7.25,1037.1,801147,216.9,93.5,57.16,84.77,22.49,Baixo
MUN_141,Fortaleza,SP,46,26.16,30.48,62.11,27.19,0.144,4.72,1065.4,2641306,420.6,54.7,83.5,27.53,27.69,Baixo
MUN_197,Natal,RJ,14,25.04,29.93,66.25,27.91,0.271,6.7,578.5,2754058,61.8,79.7,7.8,38.46,27.11,Baixo
MUN_022,Campinas,PA,17,27.13,32.48,70.24,70.24,0.433,4.12,1130.5,1745722,345.3,53.2,57.27,64.08,25.12,Baixo
MUN_099,Uberlândia,BA,48,28.66,35.12,61.99,48.19,0.412,2.76,369.1,2296958,441.1,67.1,58.67,33.52,28.56,Medio
MUN_008,Sorocaba,PE,25,25.13,30.84,70.2,40.92,0.279,0.0,734.6,738772,404.5,69.1,61.2,42.99,25.49,Medio
MUN_007,Santos,RS,23,20.7,26.04,63.84,17.31,0.212,6.39,350.9,2216991,432.7,56.5,64.47,4.09,19.09,Medio
MUN_073,Manaus,PA,30,24.22,28.33,60.19,35.42,0.252,1.58,490.7,1476603,448.0,48.9,80.5,38.72,18.94,Alto
MUN_199,Sorocaba,PA,4,27.49,32.28,54.58,24.42,0.242,1.79,684.3,1913474,465.2,73.3,63.81,13.37,25.15,Alto
MUN_182,Salvador,PR,19,26.26,31.86,67.7,21.71,0.32,6.24,239.6,1256030,403.5,62.3,56.24,26.25,25.05,Medio
MUN_108,Montes Claros,MG,45,29.47,35.09,57.91,27.01,0.236,0.97,376.5,148988,237.8,53.7,44.21,29.7,26.25,Alto
MUN_191,Campinas,PE,15,29.81,35.65,65.94,28.03,0.339,0.02,435.7,1166774,491.5,50.0,59.72,41.23,31.55,Medio
MUN_002,Ribeirão Preto,RJ,28,22.89,29.55,63.82,66.14,0.31,6.95,572.3,2476142,285.5,52.6,60.71,49.64,23.88,Alto
MUN_016,Belém,AM,9,26.19,32.17,57.78,10.72,0.141,2.31,180.1,1030828,282.4,66.6,42.76,1.14,24.61,Alto
MUN_199,Macaé,CE,52,22.31,27.94,58.09,23.77,0.326,1.28,82.4,2387675,368.2,75.4,61.41,6.9,21.51,Medio
MUN_168,Goiânia,BA,9,25.7,30.95,70.59,65.6,0.439,3.26,89.7,2730783,87.5,72.6,30.56,59.59,23.34,Medio
MUN_022,Palmas,RJ,15,27.94,35.21,67.19,52.08,0.245,4.69,1046.7,464478,219.9,59.9,45.81,42.56,28.14,Baixo
MUN_190,Natal,TO,46,23.97,30.96,53.1,22.56,0.051,2.27,833.7,2343871,184.7,68.0,29.26,39.86,26.44,Baixo
MUN_073,Montes Claros,AM,41,28.41,32.52,49.39,16.58,0.312,3.58,677.3,2072124,361.8,68.3,44.87,7.03,27.32,Baixo
MUN_109,Itaquaquecetuba,RN,19,26.39,32.2,65.59,31.37,0.149,5.1,1091.8,2119522,350.4,80.2,44.04,33.54,29.13,Baixo
MUN_026,Salvador,RS,12,23.21,25.73,53.53,24.88,0.39,3.39,796.4,2728558,180.7,77.2,21.19,19.19,21.31,Baixo
MUN_091,Sorocaba,RN,49,25.35,31.13,71.63,31.06,0.289,0.0,895.2,2505320,414.6,68.6,60.87,37.37,22.69,Baixo
MUN_040,Itaquaquecetuba,RN,3,22.73,26.9,64.66,61.5,0.259,4.45,715.3,540791,277.8,73.8,36.08,50.82,20.41,Alto
MUN_149,Curitiba,GO,41,26.33,30.89,60.35,29.86,0.239,3.91,400.7,2980717,279.3,69.4,31.01,26.91,25.44,Medio
MUN_122,Fortaleza,SP,14,26.76,32.89,65.35,73.38,0.425,5.56,922.5,2423336,106.9,79.0,47.6,71.86,26.49,Baixo
MUN_194,Salvador,CE,50,18.5,24.29,79.81,71.71,0.404,3.19,190.7,2117712,224.3,72.9,54.58,76.55,17.15,Medio
MUN_068,Goiânia,PE,18,21.25,28.59,75.56,38.45,0.169,4.5,454.9,1233175,89.2,94.5,16.77,35.79,21.88,Baixo
MUN_180,Crato,PR,14,29.6,34.35,63.35,55.03,0.288,5.33,414.9,317816,30.1,88.0,3.82,79.93,29.58,Baixo
MUN_119,Belém,RS,48,22.71,27.79,73.44,104.62,0.446,7.0,278.6,1852681,497.9,56.4,87.24,106.12,22.43,Alto
MUN_008,Uberlândia,CE,23,26.6,33.69,64.05,30.2,0.25,5.31,929.7,238361,140.0,82.4,13.07,47.11,25.28,Baixo
MUN_093,Palmas,CE,38,25.96,32.82,62.38,38.36,0.231,3.02,694.7,2894292,437.6,60.0,59.03,31.59,25.13,Alto
MUN_166,Belém,GO,43,22.09,26.64,69.26,129.97,0.29,6.19,341.8,1664968,347.5,74.9,60.98,131.11,23.98,Medio
MUN_072,Palmas,RS,8,26.27,28.92,68.6,37.88,0.334,1.5,806.4,950395,384.7,68.5,38.32,42.89,20.04,Baixo
MUN_165,Santos,TO,9,28.39,33.15,55.38,8.68,0.249,2.52,587.5,303780,344.9,70.3,45.29,13.75,27.09,Alto
MUN_050,Montes Claros,GO,25,16.13,21.39,60.69,48.44,0.251,3.11,154.0,1485203,419.6,65.1,69.54,56.61,19.03,Medio
MUN_090,Curitiba,SC,1,22.29,27.59,55.03,11.64,0.185,2.27,581.7,600886,291.3,68.2,53.08,14.97,19.86,Baixo
MUN_144,Uberlândia,CE,27,30.24,35.63,65.98,14.47,0.239,5.69,173.9,1337968,377.0,61.0,58.43,9.8,26.75,Medio
MUN_093,Palmas,PE,36,20.68,25.6,50.16,50.13,0.211,7.61,425.0,1771302,278.4,84.2,37.93,46.19,20.48,Alto
MUN_111,Campinas,PE,43,22.84,27.23,67.12,49.09,0.291,5.75,746.4,1876566,393.2,52.8,86.38,53.37,24.89,Alto
MUN_130,Natal,SC,24,26.7,32.21,69.97,23.6,0.297,3.96,155.9,1140500,38.3,77.8,15.7,29.38,22.88,Medio
MUN_074,Ribeirão Preto,RN,18,22.89,25.26,88.57,137.39,0.585,12.21,993.7,1178561,338.4,73.7,60.63,144.36,23.59,Alto
MUN_131,Ribeirão Preto,GO,20,29.27,36.12,56.01,42.34,0.123,1.8,107.8,2626165,194.2,77.3,44.92,44.28,26.12,Alto
MUN_200,Recife,RS,28,28.12,32.26,67.42,58.04,0.327,2.74,665.7,2042048,187.3,55.2,51.34,74.6,31.97,Baixo
MUN_116,Sorocaba,BA,9,22.68,25.1,62.69,73.86,0.277,9.43,534.4,574965,389.3,60.0,58.93,82.58,23.29,Alto
MUN_087,Ribeirão Preto,AM,18,30.7,38.74,68.66,8.01,0.257,2.57,377.5,1545797,230.1,74.1,32.49,-5.87,33.16,Alto
MUN_003,Macaé,SC,23,29.42,32.79,62.09,29.21,0.254,0.0,587.4,2759688,259.8,72.5,51.01,13.94,27.86,Baixo
MUN_002,Crato,SP,24,25.52,31.74,47.37,52.72,0.302,0.0,538.9,733902,287.7,60.3,45.46,46.38,23.43,Medio
MUN_101,Santos,MG,13,33.49,38.44,70.11,23.15,0.268,3.31,786.4,1108249,449.8,60.9,66.14,24.39,35.29,Alto
MUN_049,Uberlândia,PR,26,34.92,39.0,67.34,22.25,0.268,2.39,501.3,2126115,399.3,59.2,62.22,11.7,32.34,Medio
MUN_033,Goiânia,RS,28,29.63,33.5,68.16,77.95,0.466,8.44,676.2,751947,298.4,71.3,62.69,69.6,32.24,Medio
MUN_028,Crato,RJ,49,23.83,28.93,69.69,93.97,0.499,6.58,412.8,2872516,450.8,61.2,84.24,93.71,22.42,Alto
MUN_027,Curitiba,AM,51,26.18,31.64,65.31,59.56,0.378,3.32,709.9,1636128,484.0,56.3,69.42,50.29,25.2,Medio
MUN_169,Recife,AM,24,29.23,35.43,74.58,30.99,0.242,3.89,357.5,262918,342.9,67.2,38.91,40.39,31.68,Alto
MUN_032,Manaus,SP,40,23.61,28.8,81.03,45.51,0.327,3.91,365.1,188072,269.0,69.0,43.67,42.02,24.75,Medio
MUN_169,Campinas,TO,46,26.39,31.85,59.45,10.52,0.156,0.09,446.4,1491327,24.4,85.6,0.0,5.6,23.69,Baixo
MUN_091,Uberlândia,AM,38,26.04,30.71,64.79,32.4,0.239,4.72,169.2,400667,387.8,65.3,58.85,49.7,22.69,Alto
MUN_092,Salvador,GO,33,23.24,28.47,69.79,68.64,0.31,9.45,925.2,2798799,88.7,73.4,26.57,74.53,25.07,Baixo
MUN_077,Recife,SP,42,23.42,26.15,71.26,50.13,0.302,4.45,326.9,837727,228.3,81.6,33.5,54.8,22.81,Medio
MUN_049,Manaus,PE,4,23.98,30.89,82.41,126.94,0.471,6.13,900.3,1716243,153.9,83.7,34.79,105.75,18.73,Baixo
MUN_160,Recife,PE,33,32.76,39.73,51.97,18.7,0.05,0.21,9.0,1807124,197.0,83.9,14.06,14.13,33.51,Medio
MUN_183,Crato,MG,14,29.08,35.05,65.97,54.63,0.428,3.94,408.2,1179782,185.4,75.6,50.73,52.31,33.53,Medio
MUN_112,Campinas,SP,50,25.87,31.96,68.94,62.62,0.428,6.48,885.2,2484411,347.5,57.1,68.06,55.86,27.24,Medio
MUN_059,Recife,AM,1,27.8,32.12,72.06,45.18,0.306,2.97,895.0,2306511,36.2,69.8,21.47,42.21,23.84,Baixo
MUN_007,Salvador,SC,45,29.79,36.7,65.51,58.71,0.42,3.88,1160.9,547287,32.5,95.4,12.99,76.99,28.55,Baixo
MUN_079,Natal,RN,23,32.01,36.62,69.79,17.37,0.194,1.66,376.3,2371482,412.4,67.4,75.23,7.18,32.64,Alto
MUN_184,Manaus,SP,7,28.53,35.95,69.5,97.28,0.383,7.78,890.1,2562762,276.3,57.6,54.91,74.94,29.39,Medio
MUN_035,Uberlândia,RN,28,29.97,37.26,55.22,30.91,0.332,1.78,1192.6,843593,111.3,72.9,42.32,40.19,31.22,Baixo
MUN_170,Araguaína,PE,18,29.96,35.33,61.86,19.94,0.262,3.92,654.4,249080,141.1,76.5,32.95,38.58,30.94,Baixo
MUN_168,Curitiba,AM,25,26.74,31.02,44.56,14.29,0.154,0.0,882.8,2569117,232.0,62.9,49.04,-1.28,23.39,Baixo
MUN_152,Curitiba,AM,40,26.7,30.49,67.87,39.74,0.287,4.09,214.0,332010,381.6,66.4,65.05,49.58,25.51,Alto
MUN_049,Montes Claros,RS,48,29.33,33.77,77.37,76.03,0.235,6.22,154.9,2850495,272.0,73.1,48.03,84.09,27.64,Medio
MUN_034,Goiânia,SP,52,21.24,28.72,61.18,35.92,0.248,5.8,757.1,759500,67.5,82.5,15.63,37.25,20.61,Baixo
MUN_090,Montes Claros,BA,6,21.2,26.73,69.22,70.22,0.457,9.76,557.5,1445220,254.7,81.8,48.36,70.56,24.22,Medio
MUN_077,Natal,RJ,48,25.46,30.2,59.14,26.5,0.318,1.13,577.0,1731862,371.7,66.6,53.79,2.51,25.22,Alto
MUN_096,Santos,RN,21,27.46,30.39,49.83,51.1,0.112,3.38,965.0,2865680,130.5,75.3,40.55,40.48,21.4,Baixo
MUN_005,Recife,MG,52,22.36,27.7,51.82,50.53,0.348,6.8,194.1,2671422,386.8,75.8,45.32,57.32,20.43,Medio
MUN_050,Crato,MG,38,21.23,26.73,58.03,20.02,0.216,2.35,787.8,1160491,182.1,65.8,32.24,9.05,22.7,Baixo
MUN_200,Araguaína,TO,39,18.75,21.02,64.42,71.59,0.233,4.63,263.3,2098862,435.2,62.3,43.46,84.11,21.42,Medio
MUN_083,Goiânia,SC,17,28.92,33.22,64.12,51.07,0.384,3.59,691.8,554668,227.0,67.1,40.74,40.11,31.5,Medio
MUN_068,Natal,PR,13,23.53,27.99,48.01,15.16,0.304,2.73,476.8,1280003,93.5,82.2,8.26,29.77,23.11,Baixo
MUN_064,Uberlândia,CE,18,23.4,26.86,56.54,55.45,0.324,8.12,1163.7,2707834,321.4,74.1,56.57,60.59,23.95,Baixo
MUN_095,Manaus,PA,26,29.86,34.62,56.42,21.94,0.211,11.57,765.9,2508093,475.1,65.2,53.08,45.66,29.27,Alto
MUN_039,Goiânia,CE,5,27.36,33.64,67.8,89.52,0.495,8.63,280.3,1092972,432.7,69.2,61.92,90.34,27.67,Alto
MUN_122,Montes Claros,BA,23,28.97,34.51,74.06,37.75,0.412,2.96,1163.8,97384,394.1,65.5,65.76,22.3,33.32,Baixo
MUN_093,Caxias do Sul,MG,3,31.09,36.05,61.79,38.51,0.262,2.69,952.7,2380022,360.4,58.5,59.83,48.73,33.87,Baixo
MUN_194,Curitiba,GO,1,24.24,28.11,69.43,38.99,0.203,6.14,738.5,2108477,192.9,68.0,23.52,50.65,25.11,Baixo
MUN_142,Palmas,CE,38,27.58,29.93,47.94,22.98,0.258,1.14,672.5,2721573,177.6,100.0,0.0,16.06,23.74,Baixo
MUN_093,Palmas,SC,1,33.11,37.97,50.0,41.36,0.241,0.23,295.7,911397,49.7,83.3,9.89,40.87,33.17,Baixo
MUN_073,Recife,GO,8,26.25,29.62,56.88,75.71,0.399,4.52,300.9,732155,231.9,65.7,20.39,71.63,28.87,Medio
MUN_179,Caxias do Sul,MG,50,30.41,36.77,63.17,104.26,0.451,10.13,1110.2,1590170,192.0,72.7,34.01,104.54,34.36,Baixo
MUN_005,Araguaína,SP,41,19.78,25.15,69.28,62.36,0.341,5.09,422.0,2275349,231.0,85.2,34.3,51.14,20.8,Alto
MUN_059,Araguaína,PR,22,29.65,35.73,52.97,28.5,0.173,3.16,1188.6,1295627,263.3,62.1,48.51,26.9,34.48,Baixo
MUN_123,Ribeirão Preto,SC,9,21.58,27.31,55.92,21.88,0.184,2.42,624.5,1250675,486.9,52.0,83.54,21.06,23.82,Alto
MUN_020,Sorocaba,SC,30,21.56,28.66,70.37,59.96,0.252,5.62,805.5,1077965,293.7,75.2,54.51,48.51,24.2,Baixo
MUN_138,Macaé,PR,33,25.52,30.94,68.15,111.67,0.48,3.66,1085.6,182614,80.5,71.1,48.59,110.2,25.39,Baixo
MUN_101,Uberlândia,SP,37,29.41,35.78,61.54,35.42,0.276,3.79,371.9,2077171,307.5,62.6,47.87,37.6,26.77,Medio
MUN_124,Palmas,AM,25,34.98,39.22,61.92,106.5,0.434,12.01,320.5,2064206,415.2,56.3,75.36,118.98,35.75,Alto
MUN_073,Macaé,RN,15,28.19,32.32,83.08,117.57,0.359,9.37,561.3,2523808,170.8,78.0,39.53,125.31,31.96,Medio
MUN_086,Campinas,MG,5,25.56,28.67,57.03,32.91,0.291,4.52,134.3,2068506,375.2,68.6,49.03,23.31,28.25,Medio
MUN_019,Itaquaquecetuba,SP,9,25.1,29.98,51.06,17.44,0.26,11.24,305.6,920277,307.8,74.2,38.91,23.71,29.47,Alto
MUN_121,Goiânia,AM,3,21.84,26.09,60.27,29.52,0.163,3.0,345.7,2817367,245.5,65.3,32.36,20.38,22.61,Medio
MUN_133,Araguaína,RN,51,32.08,39.77,65.17,24.37,0.224,2.54,290.2,1878287,171.8,82.5,8.14,35.87,34.36,Baixo
MUN_010,Uberlândia,PA,26,23.33,27.28,48.89,9.9,0.138,2.42,17.6,941750,296.1,71.0,43.56,-6.44,25.91,Medio
MUN_166,Belém,GO,43,22.09,26.64,69.26,129.97,0.29,6.19,341.8,1664968,347.5,74.9,60.98,131.11,23.98,Medio
MUN_049,Macaé,RN,13,19.42,23.61,69.78,88.84,0.449,4.35,779.0,1665353,479.0,59.4,61.14,86.75,19.24,Alto
MUN_084,Palmas,MG,35,24.77,28.47,59.62,42.92,0.17,5.73,460.5,52307,297.9,59.0,52.89,15.62,24.24,Alto
MUN_022,Sorocaba,GO,44,16.37,21.04,51.94,11.77,0.226,3.48,636.3,1570716,414.2,79.6,53.87,22.81,15.93,Baixo
MUN_184,Itaquaquecetuba,TO,30,22.87,27.84,58.34,60.89,0.251,5.86,114.0,1964305,371.1,77.8,55.01,60.68,25.91,Alto
MUN_160,Curitiba,AM,7,20.08,27.6,70.93,43.01,0.346,1.69,278.8,1771133,370.7,68.7,62.98,44.31,19.94,Medio
MUN_006,Santos,SC,36,18.48,22.83,71.47,56.57,0.287,1.79,230.7,177324,280.8,69.0,55.54,49.93,20.86,Medio
MUN_084,Palmas,PE,12,24.63,28.94,57.09,11.83,0.192,3.5,157.2,1918286,20.8,92.0,22.9,6.12,24.99,Baixo
MUN_078,Montes Claros,RN,47,27.96,34.69,56.89,69.96,0.358,6.52,78.2,2118782,252.1,64.4,43.48,68.59,26.27,Alto
MUN_006,Natal,PE,11,23.56,29.36,83.84,79.83,0.19,7.24,503.8,1982720,473.1,52.6,86.16,71.17,22.03,Alto
MUN_062,Santos,BA,6,30.21,33.95,57.78,45.78,0.223,3.58,934.2,198196,461.5,56.0,64.81,65.32,30.25,Alto
MUN_138,Ribeirão Preto,CE,26,22.67,26.7,55.33,21.18,0.106,0.58,84.0,509150,423.6,70.3,40.84,15.91,21.39,Medio
MUN_172,Macaé,PR,39,27.46,33.94,75.44,78.12,0.24,4.43,691.3,641270,409.2,67.5,57.55,71.43,28.0,Medio
MUN_174,Salvador,PE,6,29.06,31.94,65.35,23.42,0.37,5.42,1087.2,2989458,371.8,60.6,47.64,21.17,27.82,Baixo
MUN_140,Recife,RJ,10,30.42,36.69,70.87,116.67,0.454,10.88,626.1,643962,299.4,67.4,57.76,120.96,33.91,Medio
MUN_167,Fortaleza,PA,21,22.8,28.29,62.64,44.76,0.178,5.94,237.2,970573,309.3,62.7,49.82,56.39,21.53,Alto
MUN_073,Recife,GO,8,26.25,29.62,56.88,75.71,0.399,4.52,300.9,732155,231.9,65.7,20.39,71.63,28.87,Medio
MUN_181,Recife,RS,19,23.42,27.07,62.91,60.34,0.342,5.68,531.4,2850068,258.0,67.9,54.69,69.75,24.86,Medio
MUN_063,Sorocaba,RN,40,16.03,20.34,69.11,43.87,0.269,4.72,33.5,279890,445.8,53.9,75.35,34.11,17.72,Alto
MUN_160,Sorocaba,SP,35,29.47,34.13,65.0,51.28,0.135,6.75,600.1,1396324,164.4,73.7,25.48,58.51,27.78,Baixo
MUN_087,Salvador,TO,10,26.62,31.63,59.66,68.03,0.354,4.76,152.0,144377,449.9,53.4,77.44,63.47,26.04,Medio
MUN_040,Goiânia,CE,19,32.8,39.55,63.97,43.82,0.342,3.8,48.1,1024564,371.0,71.7,49.37,44.98,31.91,Medio
MUN_006,Araguaína,GO,12,20.42,23.24,70.72,35.93,0.184,4.19,351.2,2920461,410.5,57.1,60.53,38.67,21.8,Medio
MUN_070,Recife,BA,12,28.14,34.22,52.67,21.53,0.335,4.25,119.4,877330,277.4,66.6,43.96,5.38,26.75,Alto
MUN_076,Palmas,RN,34,26.1,30.3,59.62,26.56,0.289,3.78,1102.9,924042,206.3,70.7,48.9,19.07,25.97,Baixo
MUN_173,Palmas,AM,27,23.48,28.1,52.06,10.27,0.114,1.38,765.0,676006,492.3,58.7,64.99,15.3,23.17,Medio
MUN_190,Araguaína,GO,5,26.32,32.08,48.26,45.5,0.228,2.32,912.1,392991,437.5,50.2,88.01,48.95,25.32,Alto
MUN_194,Salvador,GO,25,28.42,32.38,55.58,50.6,0.303,4.91,851.3,934623,316.4,58.1,46.24,47.71,29.28,Baixo
MUN_139,Macaé,AM,9,28.87,34.21,71.95,64.19,0.394,5.26,416.4,1193024,309.3,59.7,72.57,68.87,26.77,Alto
MUN_162,Manaus,GO,13,26.86,32.24,50.81,27.32,0.248,0.81,426.5,2226907,337.8,52.0,58.41,5.45,26.93,Alto
MUN_045,Belém,MG,33,32.49,39.23,62.99,44.54,0.226,3.81,1085.6,1592070,397.8,68.2,55.24,29.0,34.78,Baixo
MUN_196,Montes Claros,RS,27,27.46,34.02,56.4,46.92,0.227,4.37,372.0,571127,355.8,71.7,67.06,53.0,26.44,Medio
MUN_034,Ribeirão Preto,MG,15,25.86,28.55,54.77,17.91,0.175,3.92,150.9,2622724,116.2,74.1,22.03,-3.61,24.4,Medio
MUN_193,Manaus,GO,11,30.97,36.52,49.11,24.75,0.344,0.4,492.8,133639,225.5,76.0,28.23,12.58,28.84,Baixo
MUN_200,Fortaleza,TO,36,29.7,32.23,76.72,159.71,0.49,7.1,550.7,352429,375.6,66.3,80.34,162.68,32.54,Alto
MUN_011,Palmas,SC,33,23.45,27.04,59.36,41.82,0.423,1.85,81.5,97863,428.2,52.8,67.53,42.58,26.67,Medio
MUN_183,Montes Claros,SC,34,26.24,30.68,73.15,102.56,0.194,8.19,369.9,232167,465.3,57.4,85.79,97.83,29.98,Medio
MUN_037,Salvador,PR,49,23.9,30.95,66.57,19.92,0.315,0.05,814.4,592286,302.0,61.4,43.28,35.07,24.62,Baixo
MUN_193,Macaé,PE,43,28.27,33.35,64.99,47.72,0.31,5.63,481.2,2917738,160.4,75.9,37.75,46.8,30.79,Baixo
MUN_010,Araguaína,RJ,12,25.04,29.07,65.34,48.1,0.165,2.78,709.8,1554683,152.5,79.1,34.32,55.01,25.09,Baixo
MUN_182,Crato,RN,31,27.43,32.72,58.46,32.25,0.28,0.73,150.6,1655326,266.5,57.6,55.51,39.01,26.54,Medio
MUN_108,Crato,SC,41,25.13,28.76,74.59,52.29,0.292,7.01,320.1,2324654,490.7,54.3,72.44,72.77,24.08,Alto
MUN_087,Macaé,GO,42,32.02,38.79,67.23,81.44,0.41,7.84,838.3,833091,445.4,57.4,86.45,90.63,30.76,Alto
MUN_174,Sorocaba,PE,28,22.62,30.3,58.14,33.39,0.326,6.16,812.2,2379002,418.9,60.8,60.48,37.89,20.32,Alto
MUN_033,Ribeirão Preto,AM,31,20.36,24.16,55.24,17.67,0.201,0.0,257.3,2243060,126.6,89.7,23.56,20.21,19.8,Medio
MUN_022,Uberlândia,SC,25,22.64,27.94,54.79,97.29,0.592,8.12,987.3,1444173,338.4,62.6,61.95,102.23,20.86,Alto
MUN_142,Campinas,BA,15,21.94,25.99,57.08,33.6,0.325,5.19,248.8,2627680,371.9,63.4,70.64,44.51,22.82,Medio
MUN_107,Recife,PE,39,29.87,34.69,72.34,64.27,0.336,1.79,263.5,919324,282.1,73.9,49.13,51.02,30.78,Medio
MUN_129,Macaé,AM,44,23.9,29.03,60.79,11.43,0.372,3.18,736.1,850947,366.1,52.3,66.91,-4.04,26.71,Alto
MUN_163,Natal,CE,24,26.51,29.22,58.41,22.38,0.207,3.7,125.3,400637,360.6,68.1,63.31,29.85,27.06,Alto
MUN_180,Palmas,CE,19,25.94,29.25,55.13,55.38,0.27,3.55,650.4,969591,245.9,77.5,73.17,58.66,25.56,Medio
MUN_026,Itaquaquecetuba,RN,7,20.58,25.25,56.94,12.44,0.2,0.0,639.8,165390,147.9,80.1,21.24,16.61,22.91,Baixo
MUN_194,Curitiba,RS,14,21.05,24.69,70.71,44.39,0.237,2.18,244.5,2383487,291.6,64.8,58.78,41.63,22.02,Medio
MUN_032,Ribeirão Preto,RS,27,26.0,33.6,60.88,39.64,0.272,2.97,938.2,107597,491.1,47.5,76.73,37.23,24.41,Alto
MUN_078,Caxias do Sul,MG,51,26.56,29.72,57.52,28.21,0.236,2.33,227.2,437209,156.7,81.6,22.78,22.31,30.92,Medio
MUN_034,Natal,MG,3,28.98,33.44,61.72,29.19,0.27,4.25,482.0,2549038,47.5,91.6,15.19,26.92,32.89,Baixo
MUN_015,Goiânia,BA,11,26.22,32.52,73.58,29.76,0.23,2.6,503.8,2785386,302.4,67.4,68.09,15.39,25.79,Alto
MUN_188,Sorocaba,RJ,3,26.38,31.87,47.74,3.76,0.294,1.58,435.1,2965772,208.7,86.3,26.6,1.09,26.29,Baixo
MUN_032,Salvador,TO,26,30.6,36.49,65.03,74.31,0.299,1.51,569.3,694982,390.1,57.8,71.61,69.82,28.25,Medio
MUN_014,Macaé,PA,36,23.12,27.76,66.68,53.09,0.268,4.1,274.1,284932,385.9,75.9,69.19,26.21,20.16,Medio
MUN_131,Goiânia,MG,35,24.01,29.85,78.33,151.51,0.445,12.11,123.9,308825,182.1,87.8,35.67,172.88,24.92,Alto
MUN_130,Uberlândia,SP,20,32.5,35.39,58.58,39.57,0.293,4.8,489.1,2816548,491.5,54.4,63.06,42.55,31.54,Alto
MUN_198,Campinas,SC,2,25.91,32.02,63.71,104.35,0.494,5.15,1173.7,2251755,385.7,54.1,53.97,117.82,26.38,Alto
MUN_063,Belém,PE,40,28.3,32.03,59.3,39.06,0.244,2.29,550.9,1049860,461.2,61.2,63.39,51.17,29.19,Medio
MUN_149,Manaus,RJ,3,27.65,32.07,56.32,36.12,0.27,1.47,566.0,1265551,75.1,67.5,26.76,45.96,28.8,Baixo
MUN_135,Montes Claros,PE,17,24.57,29.67,71.44,79.73,0.343,9.79,897.8,2684670,410.7,55.4,75.06,73.69,24.7,Alto
MUN_200,Salvador,BA,25,28.83,32.89,67.28,22.12,0.218,0.73,110.8,1422628,484.7,65.4,64.35,30.43,28.36,Medio
MUN_074,Caxias do Sul,MG,20,22.69,26.92,61.36,54.44,0.126,3.74,254.2,729732,407.7,53.3,55.19,37.96,24.49,Alto
MUN_085,Natal,PA,49,25.1,31.77,65.0,12.86,0.292,0.0,354.8,1036299,223.4,65.1,52.16,29.6,22.94,Alto
MUN_177,Palmas,PE,44,19.17,22.91,57.03,11.4,0.13,2.69,412.5,1260704,241.9,58.8,53.49,21.76,19.51,Medio
MUN_139,Sorocaba,PA,49,23.51,26.06,75.08,60.33,0.2,5.43,675.6,1348330,283.8,65.1,71.2,55.49,25.69,Medio
MUN_117,Salvador,SC,32,28.72,33.14,42.04,19.27,0.274,4.18,293.0,2474251,487.0,56.2,64.58,35.27,30.1,Medio
MUN_020,Recife,PE,9,28.38,33.05,50.16,56.44,0.23,6.16,212.3,765644,222.8,64.6,29.83,54.34,29.44,Medio
MUN_063,Campinas,PA,34,26.71,31.59,66.71,37.02,0.181,4.21,107.9,74165,478.7,61.4,67.6,42.11,27.04,Alto
MUN_110,Manaus,BA,2,31.64,37.08,69.81,72.93,0.377,3.0,148.3,1190665,97.2,80.8,39.87,66.37,31.51,Medio
MUN_185,Santos,PA,50,27.71,33.65,56.0,19.18,0.233,3.63,1046.7,594797,334.5,63.4,50.79,9.96,28.49,Baixo
MUN_046,Palmas,BA,17,30.6,38.31,54.02,40.21,0.327,4.65,15.8,1300667,391.7,67.1,48.32,41.6,29.78,Alto
MUN_174,Macaé,GO,37,20.62,27.12,68.76,19.47,0.093,2.53,267.4,155529,329.3,65.2,43.35,36.81,18.13,Medio
MUN_068,Goiânia,PE,18,21.25,28.59,75.56,38.45,0.169,4.5,454.9,1233175,89.2,94.5,16.77,35.79,21.88,Baixo
MUN_069,Manaus,MG,32,24.31,30.49,66.44,48.21,0.263,1.23,312.7,2483834,446.2,62.3,69.24,54.63,27.58,Alto
MUN_051,Sorocaba,PA,22,23.57,29.55,60.43,31.61,0.326,3.33,891.6,1213803,268.9,72.1,28.61,33.13,21.17,Baixo
MUN_102,Caxias do Sul,RS,13,27.48,31.92,61.22,63.7,0.283,0.0,636.2,731401,397.2,53.3,58.77,60.84,26.27,Alto
MUN_124,Crato,TO,37,28.8,34.2,47.18,42.31,0.274,0.8,706.8,1824647,479.4,43.1,82.66,43.38,27.92,Alto
MUN_026,Sorocaba,RN,10,28.18,31.36,60.48,23.15,0.076,5.58,606.9,1136310,300.6,79.1,49.74,15.24,28.0,Medio
MUN_011,Montes Claros,GO,26,25.99,30.66,75.95,61.97,0.399,7.18,603.5,1704730,492.6,47.1,81.72,35.24,28.71,Alto
MUN_099,Caxias do Sul,RJ,26,26.07,32.23,61.2,75.63,0.371,9.29,897.8,1402455,213.5,86.2,24.6,84.52,25.2,Baixo
MUN_189,Macaé,CE,14,28.89,33.93,78.82,38.85,0.189,3.92,278.0,2992511,79.1,86.6,13.61,55.3,28.51,Medio
MUN_043,Fortaleza,TO,20,19.72,24.33,52.93,28.58,0.295,3.32,670.3,1968430,282.0,62.2,51.2,30.99,19.8,Baixo
MUN_080,Salvador,PA,46,27.94,32.91,49.85,16.54,0.417,1.08,857.4,461359,486.5,54.5,84.2,11.82,30.11,Alto
MUN_035,Goiânia,SC,38,25.24,30.35,68.55,71.54,0.436,8.07,26.1,2570603,190.4,75.1,38.62,65.53,26.31,Alto
MUN_060,Salvador,SP,45,22.34,28.63,54.58,52.15,0.305,1.93,1003.2,1093213,64.0,73.0,34.58,55.68,22.73,Baixo
MUN_036,Sorocaba,PR,42,30.47,36.01,83.26,75.41,0.31,6.65,968.4,285362,428.7,63.3,54.13,60.91,30.83,Medio
MUN_054,Sorocaba,RN,45,25.09,31.27,46.64,29.33,0.396,1.85,338.1,174853,320.1,67.2,64.44,6.17,26.53,Alto
MUN_165,Recife,RJ,49,25.56,32.09,50.75,12.76,0.22,0.27,824.9,1580421,272.8,80.4,46.84,7.18,24.62,Baixo
MUN_175,Itaquaquecetuba,RJ,18,24.08,28.58,59.1,30.34,0.416,5.73,77.4,2877607,223.4,71.8,45.72,51.08,21.9,Alto
MUN_124,Salvador,AM,11,24.56,30.44,64.2,54.4,0.283,0.67,580.4,1206563,292.3,71.5,45.15,63.66,28.97,Medio
MUN_118,Goiânia,GO,15,32.88,38.93,66.31,97.58,0.476,6.58,11.9,954491,378.1,60.9,74.62,84.51,34.98,Alto
MUN_167,Recife,PE,42,31.81,36.51,65.68,53.72,0.185,4.17,407.9,227194,296.5,70.5,48.28,70.08,31.02,Medio
MUN_150,Itaquaquecetuba,AM,7,25.82,28.13,59.06,57.25,0.374,4.18,583.7,1434122,404.2,68.0,35.68,58.6,26.22,Medio
MUN_117,Curitiba,RN,45,29.22,34.81,51.29,45.71,0.299,3.22,703.8,1755674,437.0,59.1,82.27,45.73,29.4,Alto
MUN_080,Crato,GO,3,25.86,30.24,65.04,26.35,0.308,1.83,47.9,2333223,195.4,73.0,43.71,41.44,24.08,Medio
MUN_060,Natal,MG,12,27.03,33.81,72.71,83.18,0.355,5.05,1096.4,2738961,354.2,71.5,66.54,83.62,28.55,Baixo
MUN_134,Montes Claros,TO,5,29.64,32.92,51.21,20.78,0.112,2.48,717.5,2930921,446.0,80.5,43.34,21.11,31.52,Medio
MUN_021,Palmas,GO,51,26.06,30.25,55.9,42.74,0.339,5.68,838.2,2626971,147.1,84.5,21.56,65.7,25.24,Baixo
MUN_118,Caxias do Sul,PR,16,19.72,22.83,64.23,58.0,0.341,5.6,278.3,703376,429.5,54.6,74.93,47.73,21.04,Medio
MUN_015,Uberlândia,RS,37,22.9,28.43,57.17,31.82,0.213,3.08,828.7,2011277,369.6,68.0,69.78,31.35,23.59,Alto
MUN_089,Sorocaba,BA,22,21.99,28.94,59.76,59.9,0.328,6.45,295.9,189576,328.7,56.5,64.22,64.63,23.29,Alto
MUN_149,Macaé,SC,41,27.98,33.99,73.04,22.48,0.152,3.18,601.1,699096,44.6,83.0,8.6,35.71,28.46,Baixo
MUN_074,Itaquaquecetuba,RS,42,22.35,24.48,58.91,74.52,0.243,6.68,1038.1,1898646,464.2,41.4,97.93,64.64,21.57,Alto
MUN_127,Crato,SC,10,25.93,32.1,83.3,88.75,0.422,4.86,980.3,1954649,439.8,52.5,70.14,101.99,21.03,Alto
MUN_076,Curitiba,TO,37,22.03,26.75,75.79,95.95,0.392,5.13,40.2,1435435,434.0,57.3,67.88,88.8,18.45,Medio
MUN_057,Curitiba,SC,30,24.88,31.17,52.99,19.55,0.196,2.67,971.7,2275847,419.1,49.6,55.6,22.84,24.17,Baixo
MUN_042,Santos,BA,7,26.72,31.44,76.45,92.85,0.366,6.57,1199.5,2832979,462.8,60.5,50.83,91.9,26.39,Baixo
MUN_103,Crato,GO,37,26.41,30.35,67.1,40.37,0.281,1.88,1155.4,347801,317.9,72.0,47.22,53.96,21.99,Baixo
MUN_009,Itaquaquecetuba,GO,45,25.5,29.18,68.03,47.42,0.31,3.32,312.5,2124555,305.4,66.2,42.14,34.86,24.23,Medio
MUN_015,Recife,BA,33,29.61,33.8,66.19,13.88,0.298,1.98,1021.6,2742638,69.0,72.0,44.76,16.48,31.01,Baixo
MUN_119,Sorocaba,TO,1,24.13,29.28,58.79,21.32,0.212,6.42,79.5,2742884,115.2,71.0,32.34,16.43,21.6,Alto
MUN_038,Itaquaquecetuba,GO,10,30.24,36.15,55.6,77.28,0.342,5.98,800.9,1255508,447.9,62.0,77.17,70.49,29.05,Alto
MUN_055,Itaquaquecetuba,SC,8,28.03,33.64,68.19,74.37,0.363,8.31,912.7,2046270,493.2,57.8,90.21,70.45,27.95,Alto
MUN_165,Fortaleza,RN,4,23.58,27.76,72.41,63.02,0.252,4.87,768.4,1904208,80.7,85.4,25.63,62.13,24.64,Baixo
MUN_197,Goiânia,RN,22,25.11,29.62,72.7,47.24,0.385,1.82,114.9,1941284,441.4,61.6,70.51,51.87,22.55,Alto
MUN_134,Fortaleza,SC,46,19.79,25.25,64.13,27.28,0.43,1.13,201.3,1879855,352.7,66.8,53.07,21.83,16.91,Alto
MUN_099,Ribeirão Preto,PR,30,24.2,28.64,81.09,119.45,0.388,7.61,361.1,2711855,403.5,72.1,68.38,129.92,24.41,Medio
MUN_178,Crato,MG,50,27.74,31.63,73.75,120.28,0.412,9.28,762.7,2182758,302.3,59.1,59.38,133.42,28.09,Alto
MUN_136,Macaé,SC,17,25.98,28.91,63.06,67.46,0.355,4.07,258.7,2960129,258.3,76.7,56.78,52.73,27.55,Medio
MUN_199,Fortaleza,PA,5,25.64,29.9,54.61,43.9,0.386,3.36,546.0,1632211,475.2,60.3,86.84,51.88,29.31,Alto
MUN_110,Palmas,SP,52,23.46,27.53,72.57,123.4,0.608,10.47,1173.6,502096,487.4,47.5,91.66,141.08,25.24,Alto
MUN_121,Ribeirão Preto,PE,22,24.62,30.29,83.04,130.49,0.386,7.43,1144.2,815580,333.7,55.8,89.67,127.7,26.6,Baixo
MUN_196,Uberlândia,SP,49,23.47,26.86,62.97,7.26,0.164,1.81,485.9,2707059,398.0,61.6,70.98,11.97,21.91,Medio
MUN_124,Curitiba,AM,34,29.08,33.12,48.31,28.55,0.295,4.77,23.3,2942350,348.7,78.2,58.17,4.08,26.22,Medio
MUN_083,Itaquaquecetuba,RN,12,25.3,30.66,63.8,15.47,0.119,1.15,94.3,2534892,175.4,67.3,37.65,32.2,28.61,Alto
MUN_126,Araguaína,AM,20,25.94,31.84,64.99,65.76,0.377,6.18,1109.6,174375,46.6,90.5,19.8,45.98,24.75,Baixo
MUN_032,Salvador,TO,26,30.6,36.49,65.03,74.31,0.299,1.51,569.3,694982,390.1,57.8,71.61,69.82,28.25,Medio
MUN_081,Crato,TO,46,26.18,31.67,66.6,76.96,0.276,2.3,692.4,1786376,468.2,66.8,60.62,86.12,25.62,Medio
MUN_089,Salvador,AM,2,21.09,27.67,49.42,84.35,0.42,6.59,933.6,2234658,42.1,90.1,15.92,52.53,23.84,Baixo
MUN_183,Salvador,PE,36,23.09,28.56,65.65,70.65,0.349,11.09,693.2,420406,351.1,59.7,61.59,80.63,24.19,Alto
MUN_163,Caxias do Sul,RJ,5,17.53,21.84,51.93,45.5,0.314,2.33,374.6,1622384,411.1,54.8,63.81,40.68,14.55,Medio
MUN_039,Santos,PR,5,28.17,33.28,62.95,8.78,0.199,1.33,25.1,203700,336.9,69.0,63.8,-0.43,25.98,Medio
MUN_138,Araguaína,PR,29,28.96,33.31,60.59,53.07,0.338,4.45,828.8,867099,133.6,86.2,26.08,65.02,27.34,Baixo
MUN_121,Sorocaba,BA,44,26.58,31.77,59.24,44.87,0.261,5.39,149.2,319455,97.7,68.4,49.87,59.94,25.56,Alto
MUN_078,Montes Claros,RN,47,27.96,34.69,56.89,69.96,0.358,6.52,78.2,2118782,252.1,64.4,43.48,68.59,26.27,Alto
MUN_016,Itaquaquecetuba,TO,27,23.16,29.71,62.67,52.2,0.346,5.71,1162.9,2369097,496.4,59.6,61.0,50.58,22.49,Baixo
MUN_113,Montes Claros,RJ,9,27.7,31.99,62.81,9.1,0.093,5.41,1196.0,593092,418.5,52.1,51.13,10.91,23.08,Baixo
MUN_112,Fortaleza,SP,52,29.01,33.11,74.3,53.89,0.332,2.37,178.8,1849862,187.2,75.4,38.44,65.67,27.27,Medio
MUN_114,Montes Claros,TO,1,21.87,27.95,59.07,15.71,0.211,3.65,447.5,1836943,157.1,91.7,35.07,28.73,24.47,Baixo
MUN_155,Manaus,PE,1,21.15,25.0,66.99,71.07,0.4,6.1,1114.2,1568061,236.9,62.3,54.87,79.88,18.59,Baixo
MUN_170,Itaquaquecetuba,AM,2,28.31,33.63,56.03,24.62,0.248,6.34,111.8,2621910,453.9,60.1,71.04,17.53,25.83,Alto
MUN_158,Recife,SP,5,25.42,31.13,55.02,29.02,0.161,0.0,687.4,1198868,368.6,66.4,57.96,28.97,20.96,Alto
MUN_097,Ribeirão Preto,CE,12,24.94,29.62,64.84,44.78,0.184,5.91,487.0,1475218,48.9,85.8,13.8,43.52,21.9,Baixo
MUN_166,Fortaleza,PE,34,31.64,36.85,57.72,73.49,0.117,5.18,981.1,1665679,355.1,58.1,78.25,80.62,33.89,Medio
MUN_114,Campinas,MG,38,24.88,30.56,47.37,42.9,0.257,2.04,106.1,671198,235.4,67.1,47.84,38.93,24.45,Medio
MUN_014,Natal,MG,45,19.75,27.69,59.42,24.29,0.234,3.54,623.1,2037550,396.6,52.9,79.86,38.78,19.49,Medio
MUN_048,Santos,SC,15,26.42,31.9,59.78,22.09,0.161,2.99,770.6,320035,271.3,68.5,43.22,28.64,28.32,Baixo
MUN_054,Ribeirão Preto,RN,13,23.03,28.1,69.02,40.11,0.312,4.91,1180.3,603720,387.0,51.3,61.37,51.22,26.65,Baixo
MUN_141,Belém,AM,17,18.0,24.93,74.72,66.22,0.302,7.91,119.3,2798179,268.3,69.5,42.96,74.53,21.35,Medio
MUN_101,Santos,BA,44,21.49,25.1,62.95,86.89,0.503,8.25,1109.6,1079503,246.5,86.6,45.03,109.69,23.42,Baixo
MUN_024,Fortaleza,PR,43,25.05,30.06,57.75,52.18,0.372,4.01,1158.7,170410,175.2,69.4,36.6,57.62,25.8,Baixo
MUN_132,Natal,TO,46,29.97,34.61,60.57,26.32,0.258,2.92,660.7,2453456,450.9,55.5,49.59,36.22,26.76,Medio
MUN_159,Montes Claros,BA,1,19.74,25.21,76.15,59.92,0.384,3.47,1053.1,647557,417.9,68.2,65.13,61.69,14.81,Medio
MUN_043,Montes Claros,SP,26,25.79,30.6,58.62,68.31,0.382,5.99,915.7,1697336,393.9,67.2,48.55,62.87,24.18,Alto
MUN_024,Montes Claros,CE,13,24.22,29.52,51.81,55.21,0.22,2.4,552.4,1958153,366.2,80.9,51.59,51.86,20.69,Medio
MUN_052,Recife,SP,13,30.18,34.4,74.95,91.86,0.324,6.73,797.7,335316,150.8,76.0,34.19,97.6,32.11,Baixo
MUN_042,Caxias do Sul,PE,15,26.94,29.46,73.15,66.04,0.34,3.26,738.8,1023942,393.7,68.9,54.74,58.29,24.2,Medio
MUN_169,Fortaleza,AM,24,32.1,36.55,58.02,32.33,0.244,6.96,1109.4,761694,35.7,79.8,20.49,29.74,32.4,Baixo
MUN_056,Santos,TO,13,30.69,35.01,54.62,16.56,0.228,3.34,421.6,1699815,79.4,83.2,17.58,14.34,29.41,Baixo
MUN_033,Montes Claros,PE,20,33.71,39.45,52.98,49.68,0.368,2.75,483.4,565507,280.7,63.8,60.03,66.97,30.16,Alto
MUN_003,Santos,RN,41,25.11,29.51,59.15,12.91,0.314,3.16,1018.3,2876192,473.7,61.3,74.69,25.18,26.9,Baixo
MUN_011,Montes Claros,GO,26,25.99,30.66,75.95,61.97,0.399,7.18,603.5,1704730,492.6,47.1,81.72,35.24,28.71,Alto
MUN_006,Macaé,RJ,51,23.09,27.48,64.59,38.7,0.247,0.97,329.3,2873051,178.1,71.2,56.32,42.08,22.93,Alto
MUN_141,Natal,RJ,9,25.57,31.52,64.11,11.52,0.335,1.58,837.9,2980648,120.4,79.8,21.01,15.35,29.37,Baixo
MUN_040,Recife,BA,9,27.56,31.27,72.46,81.38,0.33,6.79,820.0,148059,163.2,100.0,32.51,85.23,26.85,Baixo
MUN_119,Itaquaquecetuba,RS,48,16.78,22.58,55.79,30.85,0.279,2.62,1097.8,2948362,289.9,68.9,39.84,39.48,15.85,Baixo
MUN_197,Crato,MG,19,25.82,31.45,69.46,56.46,0.24,5.27,425.7,2309060,110.3,76.6,31.68,59.05,26.43,Medio
MUN_143,Recife,SP,17,27.99,34.41,76.0,30.53,0.247,3.41,53.2,1054757,265.5,65.1,41.99,40.18,29.83,Medio
MUN_095,Araguaína,PA,22,28.44,35.42,55.49,20.33,0.378,4.68,852.9,1753238,217.3,71.2,32.89,25.07,25.32,Baixo
MUN_159,Recife,SP,42,31.44,35.58,58.83,20.19,0.398,6.75,1057.8,2875775,32.4,74.4,27.17,22.57,33.92,Baixo
MUN_103,Manaus,RN,33,20.66,27.63,58.0,28.75,0.206,7.68,996.2,757212,252.4,57.1,63.19,28.53,21.08,Baixo
MUN_169,Montes Claros,CE,19,25.33,30.13,69.24,33.19,0.263,4.4,128.9,818473,443.3,62.7,68.02,47.63,26.21,Alto
MUN_050,Ribeirão Preto,RN,20,31.84,35.08,57.5,30.41,0.224,1.81,980.1,279417,448.2,59.7,49.38,35.01,33.74,Baixo
MUN_012,Itaquaquecetuba,PE,25,22.22,29.7,49.83,27.46,0.206,6.35,1128.0,1262531,111.7,74.3,40.21,9.49,20.24,Baixo
MUN_199,Sorocaba,PA,4,27.49,32.28,54.58,24.42,0.242,1.79,684.3,1913474,465.2,73.3,63.81,13.37,25.15,Alto
MUN_132,Campinas,CE,9,32.77,38.5,61.24,50.19,0.15,3.48,298.0,75813,396.8,61.8,74.97,41.23,33.73,Medio
MUN_039,Fortaleza,RJ,19,25.72,31.32,60.89,121.99,0.342,5.21,722.0,584668,102.0,79.0,13.15,122.25,25.74,Baixo
MUN_009,Caxias do Sul,RJ,3,21.52,26.62,58.78,33.16,0.244,1.44,398.8,918942,317.8,56.5,56.6,21.71,19.49,Alto
MUN_103,Macaé,PR,12,24.6,30.48,58.34,64.64,0.294,5.05,588.5,453448,483.8,59.0,61.86,50.27,23.21,Alto
MUN_048,Ribeirão Preto,AM,13,25.38,31.62,67.89,31.09,0.26,4.3,646.0,113710,274.1,68.8,47.06,15.59,21.37,Baixo
MUN_170,Macaé,AM,24,33.12,37.81,65.44,26.47,0.3,1.72,1067.6,266681,411.0,66.0,56.98,12.04,31.22,Baixo
MUN_124,Palmas,AM,25,34.98,39.22,61.92,106.5,0.434,12.01,320.5,2064206,415.2,56.3,75.36,118.98,35.75,Alto
MUN_015,Belém,BA,32,27.87,31.3,87.72,92.73,0.354,8.23,292.9,2517205,389.9,66.3,61.82,98.79,26.89,Medio
MUN_180,Goiânia,MG,32,22.81,28.46,63.52,60.51,0.238,0.97,674.6,2963579,289.3,66.1,46.25,52.32,23.14,Baixo
MUN_131,Montes Claros,PR,39,25.9,31.87,63.12,6.85,0.266,0.0,692.5,2695488,279.9,68.0,39.81,-4.18,26.41,Baixo
MUN_086,Fortaleza,GO,14,31.08,36.47,65.9,56.18,0.444,4.83,949.3,1800177,240.5,78.0,29.2,61.35,30.55,Baixo
MUN_036,Curitiba,RN,41,27.63,34.61,60.17,17.05,0.287,4.02,185.9,962906,238.5,56.7,33.65,16.59,26.17,Alto
MUN_178,Ribeirão Preto,PE,37,29.14,34.46,74.92,71.63,0.384,6.95,993.7,1339971,203.2,77.2,58.02,59.99,30.01,Baixo
MUN_116,Curitiba,RN,9,29.75,35.87,58.01,103.71,0.403,6.89,819.3,1791974,478.4,58.9,70.18,106.13,30.83,Medio
MUN_027,Campinas,PA,17,23.22,26.92,59.17,13.8,0.272,4.2,312.9,2893462,413.4,55.6,49.17,29.71,23.45,Medio
MUN_134,Goiânia,GO,43,28.94,33.15,62.46,33.74,0.356,0.54,838.5,2600672,404.4,58.6,57.63,27.74,29.45,Medio
MUN_071,Palmas,SC,5,28.35,32.84,67.58,38.57,0.281,7.18,510.7,2605376,349.0,61.8,66.28,42.83,30.01,Medio
MUN_008,Manaus,RJ,26,28.21,32.97,62.64,66.39,0.35,6.85,730.1,757454,367.0,54.8,63.31,83.88,29.48,Alto
MUN_084,Itaquaquecetuba,BA,7,21.06,26.64,61.5,31.75,0.151,1.19,847.7,1227070,410.6,55.6,65.39,28.05,16.48,Alto
MUN_049,Belém,BA,47,23.48,28.84,70.65,80.04,0.393,8.88,32.2,2566639,464.1,45.7,87.76,92.18,22.06,Alto
MUN_057,Macaé,RJ,37,26.82,32.45,68.38,73.74,0.308,4.98,311.5,1781334,409.2,69.3,62.89,78.85,25.36,Alto
MUN_175,Araguaína,RN,18,26.79,32.19,72.2,79.74,0.408,2.51,271.0,2407854,55.3,79.7,30.97,71.69,28.73,Baixo
MUN_162,Belém,PR,26,33.14,38.55,59.07,36.14,0.398,3.07,1003.5,1513698,363.8,68.2,55.61,18.19,31.87,Baixo
MUN_154,Santos,PE,23,27.35,31.45,64.48,58.72,0.313,5.14,715.1,1901291,386.9,64.5,65.49,37.0,29.45,Medio
MUN_148,Crato,TO,33,25.13,32.46,65.25,61.79,0.291,5.62,115.9,906370,358.7,71.0,53.73,55.32,25.08,Medio
MUN_143,Caxias do Sul,RS,16,26.09,30.73,59.55,40.12,0.285,5.41,1090.0,2878530,278.7,74.6,45.08,40.97,21.47,Baixo
MUN_041,Ribeirão Preto,RJ,50,26.61,30.04,62.17,40.6,0.349,3.61,1154.8,1351800,431.0,47.7,80.58,52.59,26.21,Baixo
MUN_179,Sorocaba,SC,37,29.53,35.26,59.51,18.05,0.064,1.42,49.4,441717,437.6,45.5,81.44,1.2,27.35,Alto
MUN_074,Araguaína,PE,41,22.37,28.59,60.36,88.24,0.394,6.16,767.7,1177147,407.4,66.5,55.65,83.92,24.05,Medio
MUN_156,Manaus,SP,42,29.85,34.06,77.38,75.25,0.385,4.22,317.2,1299203,354.0,68.5,58.88,85.18,29.3,Medio
MUN_199,Uberlândia,SC,40,29.19,32.93,57.41,14.86,0.229,1.15,878.1,501530,313.9,73.5,48.21,17.7,28.8,Baixo
MUN_177,Fortaleza,RN,46,28.42,33.25,54.82,14.3,0.096,4.06,1029.5,2858657,160.4,80.7,27.55,16.07,27.74,Baixo
MUN_151,Macaé,BA,3,23.8,31.61,62.94,17.0,0.157,3.06,1109.5,2109618,345.5,82.2,52.82,37.24,25.02,Baixo
MUN_028,Macaé,RJ,44,21.64,24.66,62.39,30.33,0.232,2.2,545.1,2926946,421.5,68.9,47.48,29.15,21.98,Alto
MUN_081,Itaquaquecetuba,CE,42,28.73,32.44,54.04,37.63,0.119,4.7,1164.9,2657694,50.8,98.9,11.27,29.32,27.7,Baixo
MUN_158,Campinas,RJ,11,25.47,30.91,50.69,12.67,0.271,3.73,837.1,2048469,302.2,76.5,47.1,21.46,25.64,Baixo
MUN_195,Caxias do Sul,MG,30,18.55,21.88,65.62,30.29,0.334,2.47,50.7,541051,229.8,72.9,38.58,20.3,16.84,Alto
MUN_045,Salvador,BA,26,24.08,27.33,66.09,122.67,0.352,7.3,72.0,2580325,466.5,70.5,70.58,120.95,23.1,Medio
MUN_010,Ribeirão Preto,SP,39,25.61,30.59,80.26,105.03,0.374,7.82,218.0,2616697,125.2,72.1,15.88,104.3,23.44,Medio
MUN_029,Salvador,CE,2,33.19,38.96,67.43,86.85,0.424,5.57,234.4,1928079,81.1,82.7,29.2,76.9,36.25,Alto
MUN_104,Araguaína,RJ,23,30.3,35.04,53.63,45.15,0.175,6.77,175.0,705452,271.6,70.9,38.22,46.89,30.73,Medio
MUN_077,Uberlândia,RJ,49,22.93,27.13,79.88,130.4,0.41,9.06,32.6,2096905,484.1,38.8,103.0,138.54,23.07,Alto
MUN_069,Manaus,CE,4,24.21,30.38,67.38,27.29,0.272,3.76,1000.1,2106091,203.7,89.7,14.07,28.36,26.71,Baixo
MUN_200,Ribeirão Preto,SP,46,25.43,32.05,67.27,65.79,0.078,2.88,470.5,110484,390.6,51.3,77.57,51.7,24.95,Alto
MUN_026,Crato,AM,52,24.68,32.65,55.63,43.21,0.316,4.14,761.4,1826218,411.9,75.5,64.61,33.05,24.33,Alto
MUN_075,Santos,RS,19,24.22,26.98,64.24,43.72,0.179,4.74,1094.9,1910897,67.7,85.0,17.0,50.18,24.41,Baixo
MUN_151,Salvador,RN,40,25.92,30.97,64.48,59.54,0.33,4.04,547.0,1156655,277.8,84.7,20.87,48.77,28.93,Medio
MUN_004,Araguaína,RJ,50,22.83,29.55,51.91,25.06,0.244,2.91,720.3,300480,45.3,100.0,0.0,36.94,24.61,Baixo
MUN_162,Macaé,SP,14,21.43,26.64,71.11,76.48,0.456,1.29,1187.9,1925764,257.4,61.5,58.58,69.46,20.13,Baixo
MUN_003,Itaquaquecetuba,BA,2,27.88,32.62,60.03,45.83,0.286,3.59,937.5,1171837,450.9,76.9,63.32,44.17,27.31,Medio
MUN_050,Crato,PR,4,23.5,30.17,69.84,31.29,0.161,4.15,909.2,1492092,488.5,55.8,66.47,42.9,27.31,Alto
MUN_049,Curitiba,GO,4,25.35,31.65,72.12,56.28,0.243,4.49,1139.8,2651256,327.6,65.1,62.98,50.09,25.17,Baixo
MUN_075,Curitiba,RJ,48,30.62,36.08,62.81,73.72,0.28,3.32,602.7,1685776,67.7,73.3,29.47,80.08,29.59,Baixo
MUN_127,Santos,RS,13,26.73,30.3,82.54,163.42,0.457,11.4,369.5,2926499,362.3,66.5,77.95,146.61,24.92,Alto
MUN_034,Palmas,AM,1,29.25,33.02,75.48,124.44,0.396,6.65,171.2,2552404,247.4,89.6,35.81,118.5,30.78,Medio
MUN_045,Campinas,RJ,48,27.39,32.69,57.96,21.8,0.198,4.31,1006.9,430213,54.8,89.8,6.83,34.67,24.58,Baixo
MUN_125,Recife,PE,20,20.86,24.12,52.05,12.05,0.216,2.36,994.6,711487,404.8,60.6,54.49,16.47,19.57,Baixo
MUN_047,Crato,CE,35,22.25,27.11,53.34,37.66,0.227,4.06,773.4,2549081,183.3,58.8,42.85,27.85,18.42,Baixo
MUN_101,Curitiba,SC,42,27.01,33.39,81.25,100.46,0.408,11.17,541.1,1150315,439.1,59.4,60.15,119.38,24.06,Alto
MUN_174,Ribeirão Preto,RJ,47,26.58,29.29,70.38,48.07,0.268,1.43,651.7,1035336,131.4,63.0,47.21,43.18,29.57,Baixo
MUN_143,Araguaína,RJ,9,25.43,30.35,75.21,41.61,0.262,7.64,563.6,1992520,302.2,70.7,28.45,28.86,28.46,Medio
MUN_081,Natal,RJ,43,24.23,28.85,54.07,27.51,0.195,1.19,22.4,2161892,207.3,66.4,51.55,34.86,24.51,Alto
MUN_031,Caxias do Sul,MG,9,31.58,36.96,43.81,53.68,0.291,5.5,846.4,1116342,65.3,90.5,15.02,58.15,35.16,Baixo
MUN_173,Santos,PR,30,25.17,30.34,78.45,34.33,0.32,3.0,454.9,1141185,340.6,72.6,70.19,35.62,25.24,Alto
MUN_176,Sorocaba,PE,16,20.55,25.1,70.11,39.66,0.16,0.09,258.8,2010068,383.9,57.4,72.65,39.51,19.9,Alto
MUN_080,Itaquaquecetuba,CE,15,30.61,33.68,48.45,26.09,0.123,9.06,278.4,2019102,78.7,82.5,29.68,30.03,30.64,Baixo
MUN_101,Fortaleza,CE,12,33.18,38.15,72.24,85.9,0.427,3.7,948.8,1850130,350.8,57.9,54.91,98.55,31.42,Medio
MUN_181,Santos,RJ,13,24.61,31.11,70.79,87.11,0.542,8.01,1096.8,917758,124.9,77.8,43.44,82.68,24.41,Baixo
MUN_068,Crato,CE,14,23.97,29.41,72.73,138.14,0.443,6.07,881.1,2797521,327.6,73.0,79.62,126.42,24.28,Alto
MUN_062,Palmas,SP,48,32.38,37.8,71.55,40.79,0.222,4.64,65.6,2910017,383.8,62.8,55.31,46.03,30.46,Alto
MUN_119,Santos,PR,37,22.34,27.11,52.36,15.97,0.151,0.0,1092.1,392935,175.6,96.4,8.51,32.38,23.06,Baixo
MUN_130,Caxias do Sul,CE,37,28.1,31.46,62.28,99.0,0.364,7.94,401.3,2722643,194.4,90.1,24.37,106.6,26.49,Medio
MUN_157,Crato,SC,17,18.19,24.18,63.63,49.78,0.302,8.06,244.9,2665682,270.5,79.3,44.77,48.21,22.34,Alto
MUN_074,Palmas,TO,10,31.54,35.77,69.62,43.97,0.208,3.35,1159.5,269064,362.8,70.2,67.11,61.68,30.4,Baixo
MUN_175,Uberlândia,RS,5,28.54,31.92,65.45,66.49,0.407,1.95,1131.2,1039850,130.3,94.3,23.57,69.49,29.8,Baixo
MUN_152,Sorocaba,CE,27,21.6,26.61,60.55,23.03,0.261,2.27,122.8,765753,165.6,77.4,29.26,16.8,21.49,Medio
MUN_007,Palmas,GO,22,27.99,32.78,53.66,61.28,0.209,1.21,611.9,2928074,381.1,77.4,66.64,65.5,25.51,Medio
MUN_079,Itaquaquecetuba,TO,47,27.98,31.85,53.09,34.75,0.163,4.55,914.0,2748779,252.9,70.0,35.04,27.82,24.06,Baixo
MUN_175,Ribeirão Preto,RN,14,28.81,31.71,54.88,50.87,0.257,6.71,253.3,1632633,438.9,61.2,67.52,70.76,25.51,Alto
MUN_052,Manaus,RN,23,23.16,27.3,85.41,122.06,0.545,6.68,200.3,208056,437.5,62.5,75.9,127.23,24.0,Alto
MUN_040,Natal,MG,48,27.01,32.54,64.03,57.24,0.345,5.0,471.9,1272462,445.2,56.6,66.31,50.18,24.54,Medio
MUN_183,Santos,RS,42,20.51,24.94,64.55,16.85,0.177,1.57,499.8,2275463,468.1,48.4,62.06,7.56,21.46,Medio
MUN_119,Montes Claros,PE,11,32.18,36.11,66.64,52.93,0.415,4.52,630.5,2966694,448.4,65.3,67.69,29.0,30.76,Medio
MUN_141,Fortaleza,AM,41,26.0,30.14,81.35,177.32,0.495,11.11,185.4,842523,404.9,72.0,64.35,187.16,26.09,Alto
MUN_128,Curitiba,PE,43,29.37,36.36,67.06,50.01,0.199,8.42,159.4,1240349,142.1,72.2,34.24,69.05,30.05,Medio
MUN_115,Salvador,SC,45,21.43,25.07,53.32,31.26,0.229,4.46,275.1,2532386,331.1,48.1,37.3,8.91,24.14,Alto
MUN_172,Crato,GO,42,26.48,33.34,60.07,104.19,0.455,6.43,406.3,797581,427.8,57.5,78.98,91.51,27.83,Alto
MUN_072,Ribeirão Preto,GO,10,27.17,32.73,57.81,64.8,0.241,6.66,983.8,1007454,40.8,92.1,14.16,46.27,24.17,Baixo
MUN_088,Montes Claros,RN,48,26.22,33.71,80.77,79.2,0.361,5.08,67.5,1348115,386.8,41.8,89.37,85.26,28.03,Alto
MUN_115,Fortaleza,PR,33,30.11,34.53,79.51,124.24,0.323,11.84,752.5,1368828,482.2,57.9,79.95,141.67,30.1,Alto
MUN_042,Uberlândia,BA,28,27.16,32.36,72.98,96.29,0.318,8.72,1151.9,2339673,150.8,63.2,39.75,103.4,26.65,Baixo
MUN_101,Santos,MG,29,20.1,26.16,64.87,57.01,0.195,5.45,1141.1,2118925,478.0,43.4,94.3,43.58,22.24,Alto
MUN_041,Belém,PR,45,25.29,31.3,53.52,17.46,0.345,2.98,539.3,529103,119.8,71.2,39.76,-0.11,25.64,Baixo
MUN_099,Ribeirão Preto,PR,30,24.2,28.64,81.09,119.45,0.388,7.61,361.1,2711855,403.5,72.1,68.38,129.92,24.41,Medio
MUN_029,Natal,PE,4,24.76,29.61,64.28,34.59,0.29,3.31,797.1,1630350,458.3,54.1,65.13,45.86,24.75,Medio
MUN_138,Santos,MG,52,27.41,31.18,54.87,28.79,0.267,4.5,471.7,1352493,146.4,78.8,23.97,26.33,27.8,Baixo
MUN_174,Belém,TO,26,24.13,28.71,77.93,63.74,0.251,6.5,411.2,2482359,490.5,58.2,57.21,68.43,24.19,Medio
MUN_035,Itaquaquecetuba,RJ,27,27.51,32.09,54.08,74.62,0.275,5.62,447.1,1517772,56.7,98.0,12.37,62.43,28.2,Baixo
MUN_148,Santos,PR,7,28.53,33.83,72.29,50.62,0.276,2.29,21.1,2669181,469.9,43.5,78.79,57.74,29.0,Alto
MUN_122,Araguaína,CE,2,27.85,31.6,62.63,76.83,0.418,4.73,856.1,2149454,183.3,67.8,52.91,65.06,27.06,Baixo
MUN_017,Crato,PE,14,27.62,32.04,54.39,11.55,0.056,2.03,658.0,1578920,386.7,53.1,68.47,22.51,29.61,Medio
MUN_173,Sorocaba,MG,45,30.23,35.99,58.53,36.19,0.296,5.95,720.5,1094085,429.2,62.0,64.8,50.32,28.33,Medio
MUN_181,Santos,MG,33,32.35,38.51,55.26,49.45,0.381,4.6,378.4,2403627,348.0,69.8,75.59,51.3,32.36,Alto
MUN_099,Sorocaba,CE,31,30.23,35.63,56.45,13.02,0.181,3.38,354.8,2428872,45.5,77.6,20.45,0.67,34.36,Baixo
MUN_095,Palmas,CE,8,31.16,37.52,66.38,80.4,0.358,9.64,691.0,1692701,165.8,85.7,29.18,78.22,31.92,Baixo
MUN_091,Campinas,BA,27,23.78,28.79,58.6,16.95,0.289,0.49,341.9,1180865,193.4,72.9,56.94,29.77,24.15,Baixo
MUN_105,Crato,PR,8,25.41,32.01,58.67,33.57,0.136,4.93,1060.4,627895,419.6,76.3,27.09,37.79,25.72,Baixo
MUN_174,Manaus,SP,22,23.81,31.15,65.77,60.45,0.333,6.47,841.4,1607983,433.0,67.2,65.91,80.92,23.86,Medio
MUN_090,Araguaína,CE,48,28.33,34.5,50.17,22.18,0.164,1.15,969.5,592152,40.6,80.2,0.0,14.17,26.09,Baixo
MUN_047,Santos,RS,40,24.93,30.21,72.18,77.25,0.36,6.46,586.1,1177214,363.8,68.1,75.51,72.51,27.3,Alto
MUN_132,Ribeirão Preto,PR,27,22.15,30.77,53.43,18.98,0.141,2.95,505.8,1812269,152.1,79.1,14.78,22.94,21.11,Baixo
MUN_157,Natal,RS,25,19.93,23.92,54.53,23.81,0.198,4.09,330.8,2882070,385.2,50.1,69.16,30.88,21.11,Alto
MUN_021,Uberlândia,PE,32,21.96,26.68,64.71,38.03,0.457,4.67,1095.5,2169033,484.7,56.7,77.29,29.7,21.79,Baixo
MUN_168,Santos,CE,18,26.35,32.77,50.16,31.55,0.225,2.72,316.9,1469613,322.4,65.7,50.99,13.5,26.57,Medio
MUN_069,Recife,SP,30,27.26,33.04,47.37,63.09,0.395,2.79,932.9,2985818,458.6,57.8,85.68,77.63,25.5,Alto
MUN_012,Itaquaquecetuba,SC,24,32.77,41.12,53.71,59.31,0.329,3.93,657.2,2670536,373.7,69.8,64.05,59.63,32.95,Alto
MUN_071,Caxias do Sul,SP,35,26.02,32.09,61.74,43.31,0.377,5.42,7.8,216183,273.2,73.8,40.45,50.09,23.42,Medio
MUN_111,Recife,CE,5,27.15,32.18,64.31,20.83,0.287,3.99,310.7,565655,326.9,60.4,50.04,11.13,24.98,Alto
MUN_057,Uberlândia,PR,51,27.84,30.27,56.28,40.0,0.265,6.86,290.9,222475,165.1,84.3,8.77,50.18,21.93,Medio
MUN_155,Recife,PR,44,23.63,29.6,53.8,14.27,0.11,0.77,340.3,1185994,260.1,73.4,33.33,21.9,23.37,Alto
MUN_181,Caxias do Sul,AM,10,24.75,30.7,61.51,32.62,0.138,3.27,38.4,1138027,113.1,69.0,24.8,42.62,22.71,Medio
MUN_033,Ribeirão Preto,SP,9,28.87,33.71,60.22,54.12,0.325,5.84,727.6,2068524,499.1,61.6,64.85,58.2,27.66,Alto
MUN_105,Ribeirão Preto,RN,41,29.78,35.5,43.02,31.92,0.314,5.21,545.0,1466943,258.6,57.6,69.82,45.43,28.42,Alto
MUN_170,Araguaína,BA,41,26.9,33.63,78.68,54.15,0.164,3.76,974.3,613824,195.3,87.8,23.82,64.43,24.81,Baixo
MUN_154,Araguaína,RS,42,24.72,31.72,60.06,12.48,0.18,0.4,314.8,2988592,412.6,58.0,75.32,8.04,21.68,Medio
MUN_052,Manaus,RN,23,23.16,27.3,85.41,122.06,0.545,6.68,200.3,208056,437.5,62.5,75.9,127.23,24.0,Alto
MUN_138,Macaé,BA,46,24.45,29.5,51.08,18.84,0.29,4.92,703.7,471674,331.5,74.0,53.73,0.14,19.52,Baixo
MUN_016,Macaé,CE,9,31.31,38.14,82.05,108.85,0.52,7.71,701.9,2933796,61.0,92.4,26.07,106.04,34.47,Baixo
MUN_031,Recife,RJ,35,22.09,26.35,54.79,52.03,0.231,0.0,408.3,2818949,433.6,58.8,51.06,62.85,23.09,Medio
MUN_089,Salvador,TO,43,30.64,37.2,63.91,67.28,0.489,3.27,19.2,1843469,258.8,62.0,41.33,72.37,31.46,Medio
MUN_140,Campinas,AM,46,21.46,26.22,56.08,27.3,0.199,4.02,773.5,2738200,134.5,90.4,9.03,15.85,20.0,Baixo
MUN_146,Curitiba,SP,48,26.95,31.61,70.36,78.04,0.366,3.54,416.7,273396,266.1,62.5,45.73,73.71,27.82,Medio
MUN_033,Curitiba,RN,8,21.61,26.45,53.26,56.12,0.355,8.02,162.3,2691097,273.8,74.4,38.48,41.13,18.76,Medio
MUN_116,Itaquaquecetuba,PE,24,29.84,32.46,78.71,97.27,0.382,2.35,464.1,2658433,218.7,68.0,65.18,89.84,30.18,Alto
MUN_053,Goiânia,CE,25,31.34,36.09,66.01,36.86,0.298,3.28,1048.7,2419775,257.9,92.9,25.88,39.36,33.79,Baixo
MUN_156,Ribeirão Preto,BA,20,25.6,31.37,61.5,41.13,0.061,3.17,611.7,1041242,448.1,61.1,67.19,34.39,25.75,Alto
MUN_095,Uberlândia,SP,38,23.98,27.84,58.56,55.74,0.327,5.78,491.6,822261,312.9,83.3,62.88,32.15,20.74,Alto
MUN_114,Belém,PR,13,26.36,33.01,62.23,11.2,0.264,2.49,24.1,393984,321.8,71.9,49.91,21.14,26.81,Medio
MUN_024,Montes Claros,RN,37,31.89,38.25,46.8,36.64,0.362,7.13,654.3,1550301,413.2,66.9,61.21,41.25,33.05,Alto
MUN_077,Curitiba,AM,50,29.26,31.55,83.57,33.94,0.303,1.54,131.2,1747204,21.2,94.2,31.25,15.45,24.12,Baixo
MUN_033,Ribeirão Preto,PA,29,27.49,31.91,62.57,54.54,0.28,1.11,93.0,851689,467.3,68.0,79.01,56.95,29.11,Medio
MUN_161,Natal,PA,18,24.33,27.57,61.65,10.61,0.144,2.83,1107.8,823337,92.3,79.9,21.09,15.19,25.68,Baixo
MUN_068,Crato,MG,2,20.35,26.93,49.14,32.35,0.273,3.59,904.2,1153809,454.4,57.9,64.79,44.47,17.99,Alto
MUN_095,Fortaleza,BA,8,32.63,38.26,60.94,57.88,0.339,3.88,1034.0,2149260,464.1,52.7,69.95,66.84,28.53,Alto
MUN_071,Itaquaquecetuba,RJ,19,25.22,30.33,64.84,72.85,0.305,7.2,250.0,2508319,382.3,65.9,59.17,69.89,24.68,Alto
MUN_158,Sorocaba,CE,2,20.08,23.07,83.94,53.14,0.269,1.67,732.8,2215133,429.5,41.9,87.33,55.36,18.02,Alto
MUN_011,Uberlândia,MG,26,28.63,34.25,61.08,23.04,0.391,2.33,217.6,1987951,263.7,95.8,37.04,19.05,31.0,Medio
MUN_173,Sorocaba,TO,13,24.79,28.99,67.58,74.32,0.399,3.46,990.9,520225,398.6,58.0,59.34,75.26,24.07,Alto
MUN_027,Campinas,RN,32,24.75,31.41,69.62,109.38,0.387,6.86,387.1,2767298,171.5,71.9,46.16,113.52,24.66,Medio
MUN_110,Sorocaba,PR,2,23.81,29.41,69.9,46.95,0.291,5.36,436.4,1695231,218.8,83.6,38.36,50.94,19.51,Baixo
MUN_102,Belém,BA,42,26.43,30.0,60.1,66.1,0.424,7.98,226.9,1687093,80.6,86.5,17.7,74.11,29.4,Baixo
MUN_118,Fortaleza,GO,4,26.96,33.43,67.81,77.69,0.293,2.84,553.8,52838,368.9,64.3,42.82,85.09,27.3,Alto
MUN_125,Natal,PE,52,27.34,33.65,54.66,14.99,0.23,0.66,456.3,2250632,370.2,76.2,63.04,16.65,28.35,Medio
MUN_006,Fortaleza,RN,28,25.35,29.32,57.64,49.15,0.279,5.61,426.6,761510,303.8,75.3,42.21,51.4,25.94,Medio
MUN_182,Crato,PR,21,25.36,31.74,60.16,13.29,0.129,5.72,473.5,1480956,344.8,65.5,36.57,26.71,26.18,Medio
MUN_023,Araguaína,SP,27,26.03,31.04,60.92,52.04,0.327,4.66,1186.2,2509758,274.1,77.5,53.15,52.92,25.46,Baixo
MUN_090,Goiânia,SP,28,21.79,25.42,42.89,27.78,0.286,2.92,510.9,780177,330.2,75.7,41.86,13.85,22.27,Medio
MUN_162,Manaus,SP,37,23.58,26.62,86.49,70.87,0.298,3.77,108.0,2299527,266.7,77.9,39.62,74.8,27.31,Medio
MUN_107,Caxias do Sul,BA,19,23.22,28.32,43.83,18.01,0.139,0.0,82.9,1455504,328.5,58.2,65.01,34.29,27.86,Medio
MUN_167,Uberlândia,PR,31,28.71,33.64,69.0,61.59,0.394,3.77,296.9,779024,293.8,59.7,64.89,57.85,27.18,Alto
MUN_054,Macaé,MG,8,23.31,28.32,63.68,53.37,0.365,4.34,364.0,850670,295.6,64.1,58.9,42.17,23.98,Medio
MUN_144,Campinas,RJ,3,36.26,40.25,74.11,102.88,0.405,7.26,99.5,1029142,330.0,59.5,72.27,98.19,37.16,Alto
MUN_175,Sorocaba,SC,21,25.72,30.25,68.39,28.14,0.321,3.24,873.3,2120178,78.5,92.3,0.0,24.08,24.87,Baixo
MUN_026,Uberlândia,SP,49,28.29,32.29,53.66,14.5,0.4,2.12,125.2,2442261,326.6,80.1,58.31,15.06,26.71,Medio
MUN_192,Goiânia,GO,35,20.41,25.24,57.01,57.72,0.188,5.42,147.1,1190465,414.5,61.3,86.33,80.57,20.04,Alto
MUN_119,Palmas,MG,23,25.36,30.46,52.26,43.31,0.044,4.11,542.6,2812356,457.5,65.9,69.26,29.32,29.93,Alto
MUN_088,Caxias do Sul,MG,30,24.24,31.34,67.81,20.4,0.271,1.43,622.4,1986778,141.3,95.2,21.43,28.91,24.6,Baixo
MUN_093,Macaé,PA,42,28.76,34.24,53.47,34.98,0.413,2.62,239.0,909563,326.2,70.6,60.29,26.55,27.84,Medio
MUN_080,Ribeirão Preto,SP,1,23.06,27.05,74.34,127.43,0.297,4.77,65.1,713921,470.6,66.7,67.01,124.69,22.18,Alto
MUN_108,Ribeirão Preto,SP,10,17.32,22.01,52.32,12.08,0.235,1.35,852.4,2274749,347.2,72.0,33.73,9.25,18.42,Baixo
MUN_013,Itaquaquecetuba,CE,21,25.39,29.31,66.63,58.77,0.368,4.0,1028.7,898142,386.6,52.9,60.62,58.19,21.95,Medio
MUN_084,Recife,SP,5,26.08,30.53,53.31,21.05,0.297,0.1,762.3,206374,442.3,49.1,68.23,19.5,26.33,Alto
MUN_015,Itaquaquecetuba,RS,48,28.45,33.31,56.99,36.14,0.291,3.82,1138.5,831661,42.8,84.2,6.14,61.04,29.38,Baixo
MUN_097,Palmas,SC,20,27.84,32.47,39.65,43.84,0.337,2.35,617.4,733974,263.3,72.1,43.79,37.04,27.22,Baixo
MUN_111,Campinas,PA,14,30.7,34.51,51.15,35.4,0.217,0.93,1162.6,2842875,128.1,88.1,27.43,38.62,28.04,Baixo
MUN_168,Santos,GO,13,29.09,33.69,71.61,50.77,0.251,1.75,575.3,1018155,436.7,67.4,62.82,51.61,28.44,Medio
MUN_028,Sorocaba,RN,26,28.71,34.66,52.34,33.07,0.306,4.07,0.7,2856990,42.5,80.6,20.39,29.89,29.14,Medio
MUN_144,Goiânia,PR,11,23.76,30.15,57.07,44.8,0.245,6.05,207.3,793524,277.5,68.3,62.55,16.4,24.27,Alto
MUN_089,Uberlândia,RS,33,25.6,30.77,71.71,35.47,0.374,4.7,431.3,1606953,180.0,63.2,41.14,29.56,28.36,Medio
MUN_166,Salvador,PE,6,26.28,31.03,56.69,6.4,0.335,0.92,729.0,2403869,330.2,74.4,41.02,-9.66,28.24,Baixo
MUN_050,Campinas,PR,39,27.64,33.18,49.14,15.56,0.146,0.0,781.1,2216405,429.8,59.5,76.74,6.47,27.2,Alto
MUN_070,Montes Claros,AM,22,18.65,21.22,52.22,49.6,0.304,6.11,676.8,2767822,423.6,51.4,79.89,55.7,18.39,Alto
MUN_188,Santos,MG,19,24.47,29.88,60.42,60.89,0.234,3.98,1142.1,2814373,245.3,69.6,48.84,53.44,23.43,Baixo
MUN_019,Caxias do Sul,PA,3,28.16,34.04,56.04,47.87,0.54,2.79,115.7,293607,341.2,56.9,44.65,64.64,25.21,Alto
MUN_116,Montes Claros,PR,11,24.29,29.61,70.72,32.25,0.197,6.2,197.5,704098,340.4,56.1,57.83,30.68,29.28,Medio
MUN_006,Macaé,RJ,51,23.09,27.48,64.59,38.7,0.247,0.97,329.3,2873051,178.1,71.2,56.32,42.08,22.93,Alto
MUN_119,Palmas,RJ,9,28.09,33.43,78.28,52.0,0.204,6.88,968.8,1547944,258.0,67.9,47.18,55.59,30.5,Baixo
MUN_065,Uberlândia,PA,13,20.45,26.76,63.86,34.69,0.318,1.98,855.4,2117497,479.9,58.2,72.45,40.71,20.24,Alto
MUN_074,Natal,SC,24,24.69,29.31,58.39,48.8,0.402,5.33,745.6,866994,135.8,80.1,23.2,44.26,25.42,Baixo
MUN_150,Uberlândia,PE,24,26.95,31.5,68.53,72.22,0.422,7.33,222.0,410662,219.8,71.7,42.78,67.61,22.2,Alto
MUN_149,Salvador,TO,10,25.06,30.54,71.94,67.71,0.292,4.73,854.3,2941730,24.0,100.0,16.41,80.91,24.45,Baixo
MUN_183,Goiânia,RS,13,32.88,38.83,63.83,36.56,0.325,3.58,229.5,1217838,135.1,79.7,20.49,60.64,31.3,Medio
MUN_107,Montes Claros,MG,8,23.68,27.91,78.44,50.98,0.257,2.62,1172.1,1130914,475.7,60.6,62.29,33.72,19.5,Baixo
MUN_039,Uberlândia,RN,3,19.65,25.22,63.75,119.54,0.409,9.07,666.9,1696299,229.1,79.0,57.93,119.98,18.6,Alto
MUN_144,Natal,RS,15,25.49,30.36,60.25,40.83,0.284,3.4,185.9,1241084,114.9,73.0,37.18,32.55,26.04,Medio
MUN_197,Natal,RJ,14,25.04,29.93,66.25,27.91,0.271,6.7,578.5,2754058,61.8,79.7,7.8,38.46,27.11,Baixo
MUN_136,Crato,RS,34,28.55,31.59,64.63,65.85,0.323,7.65,581.2,274089,115.3,75.3,33.66,54.39,27.12,Baixo
MUN_126,Belém,RN,13,32.32,38.83,51.87,39.82,0.23,0.0,562.5,2060238,450.1,46.0,68.15,40.35,35.33,Alto
MUN_188,Crato,PA,22,25.68,30.03,78.56,34.82,0.247,3.29,39.2,798706,125.2,74.3,38.32,26.67,24.81,Medio
MUN_042,Uberlândia,BA,28,27.16,32.36,72.98,96.29,0.318,8.72,1151.9,2339673,150.8,63.2,39.75,103.4,26.65,Baixo
MUN_059,Curitiba,PR,14,24.13,27.55,71.31,51.22,0.367,1.9,522.3,371925,29.2,82.2,0.0,57.92,24.32,Baixo
MUN_063,Sorocaba,RN,40,16.03,20.34,69.11,43.87,0.269,4.72,33.5,279890,445.8,53.9,75.35,34.11,17.72,Alto
MUN_123,Manaus,RN,39,23.59,31.08,71.66,76.8,0.333,4.22,1094.3,2329238,495.8,59.8,67.4,84.55,22.74,Alto
MUN_093,Manaus,SC,51,25.27,30.51,72.15,47.05,0.32,5.85,184.6,723085,171.3,96.7,20.56,47.38,22.6,Medio
MUN_058,Sorocaba,SC,11,21.34,25.83,66.61,12.09,0.317,5.45,146.8,1938366,56.9,95.3,23.57,0.82,23.79,Baixo
MUN_023,Araguaína,SP,19,32.37,36.59,87.51,155.58,0.61,9.23,379.4,226060,291.3,73.3,66.98,147.18,30.92,Medio
MUN_182,Natal,RN,24,24.06,28.22,77.56,80.26,0.46,7.56,282.8,690977,379.1,75.0,41.05,91.24,27.09,Medio
MUN_037,Curitiba,PE,49,27.23,32.66,64.03,41.2,0.31,3.21,245.3,1239248,58.0,100.0,16.84,40.77,27.32,Baixo
MUN_057,Salvador,MG,33,27.21,32.84,60.34,93.64,0.439,6.27,863.3,678839,334.8,58.0,75.61,82.1,27.27,Alto
MUN_091,Montes Claros,PA,49,29.07,33.34,68.34,20.6,0.092,3.49,638.5,1984168,322.3,69.6,54.27,31.46,26.75,Alto
MUN_180,Curitiba,SP,24,30.32,33.83,48.3,26.86,0.12,3.24,774.4,1783548,499.3,54.3,75.91,22.23,29.61,Alto
MUN_130,Uberlândia,PE,7,31.38,37.31,72.0,75.25,0.35,4.71,982.0,407636,156.5,86.7,35.34,66.25,32.69,Baixo
MUN_123,Campinas,PE,30,29.22,36.22,82.36,87.43,0.486,4.21,80.2,2488579,381.3,63.3,79.4,90.5,29.28,Alto
MUN_013,Sorocaba,SC,19,29.09,35.3,63.27,23.35,0.316,0.0,71.8,813951,367.5,54.5,63.05,25.08,31.81,Alto
MUN_053,Goiânia,SP,15,22.35,25.46,60.32,43.64,0.437,3.64,87.5,1968135,52.0,82.4,0.0,42.88,20.37,Medio
MUN_034,Palmas,AM,1,29.25,33.02,75.48,124.44,0.396,6.65,171.2,2552404,247.4,89.6,35.81,118.5,30.78,Medio
MUN_092,Curitiba,CE,14,24.22,28.5,64.18,71.64,0.38,6.63,485.4,2919206,247.4,71.4,36.51,51.27,22.17,Medio
MUN_097,Sorocaba,GO,8,22.77,28.53,65.47,40.95,0.103,6.29,234.0,596837,308.5,74.2,43.15,42.27,23.04,Medio
MUN_111,Salvador,CE,17,24.13,28.14,77.06,61.86,0.349,6.88,1029.4,889700,339.7,71.5,61.88,71.64,23.98,Baixo
MUN_008,Belém,SC,27,29.61,35.2,79.42,84.55,0.446,5.53,1127.3,2932761,304.6,63.1,63.59,74.21,33.39,Baixo
MUN_178,Natal,MG,23,26.23,34.37,54.58,50.94,0.231,9.57,746.2,1256495,477.8,38.9,92.07,61.45,25.97,Alto
MUN_108,Itaquaquecetuba,BA,25,26.54,31.84,58.21,23.92,0.233,3.95,427.5,1787643,152.3,81.9,21.25,11.22,27.74,Baixo
MUN_056,Sorocaba,GO,25,23.06,27.89,61.98,50.72,0.23,4.15,347.4,1007625,174.2,84.8,44.53,51.42,24.47,Medio
MUN_153,Curitiba,BA,6,23.88,29.87,76.09,60.36,0.277,5.18,1172.7,105596,282.4,78.7,28.04,70.21,24.24,Baixo
MUN_112,Fortaleza,RN,9,22.02,26.51,86.62,121.23,0.485,10.14,305.9,1343591,174.9,84.6,29.55,100.59,19.69,Medio
MUN_188,Montes Claros,SP,5,30.21,34.83,49.8,41.89,0.222,2.68,509.7,381229,64.2,85.8,17.2,61.36,28.97,Baixo
MUN_034,Goiânia,SP,52,21.24,28.72,61.18,35.92,0.248,5.8,757.1,759500,67.5,82.5,15.63,37.25,20.61,Baixo
MUN_116,Campinas,SP,2,28.78,35.25,68.76,71.99,0.416,8.44,124.2,1548574,183.3,77.1,28.98,86.21,29.11,Medio
MUN_176,Belém,PA,14,25.01,28.68,59.98,64.71,0.322,10.17,280.9,1993966,203.1,78.4,38.91,64.75,21.42,Medio
MUN_020,Curitiba,RS,33,27.11,33.16,70.15,62.03,0.307,4.39,148.2,1819113,344.2,58.4,41.45,52.39,28.5,Alto
MUN_164,Fortaleza,GO,3,23.91,28.86,72.03,116.86,0.547,7.38,734.2,344761,443.8,58.1,69.35,120.88,25.68,Alto
MUN_127,Campinas,SP,24,25.25,29.9,73.28,53.94,0.406,6.16,229.3,151228,228.4,71.9,37.08,57.36,25.54,Medio
MUN_144,Itaquaquecetuba,PE,8,30.26,34.01,60.09,22.04,0.307,2.37,786.3,549479,482.2,53.2,80.12,29.78,30.27,Alto
MUN_012,Uberlândia,PE,8,21.0,25.75,94.13,129.72,0.448,9.88,1015.3,1722271,480.3,56.0,86.93,142.18,19.64,Alto
MUN_187,Macaé,PE,29,20.87,25.44,69.9,8.69,0.138,1.64,687.1,2758328,45.4,93.2,30.41,-0.06,20.82,Baixo
MUN_197,Crato,SP,37,22.29,26.82,74.56,84.85,0.315,6.75,282.9,2855813,412.6,58.7,78.76,88.25,23.97,Alto
MUN_098,Manaus,SP,12,18.01,23.59,66.71,47.84,0.387,8.96,759.3,1990832,467.0,52.4,90.13,54.95,18.73,Medio
MUN_084,Uberlândia,TO,45,23.24,29.06,43.61,24.36,0.197,1.49,766.1,2908304,379.4,50.7,66.53,12.86,25.45,Alto
MUN_060,Araguaína,RN,16,26.49,31.23,57.41,63.52,0.317,10.26,977.6,1873922,471.9,54.7,72.08,55.96,27.58,Alto
MUN_110,Crato,CE,41,25.69,31.0,79.59,90.27,0.28,6.03,1180.5,1311375,51.8,76.8,4.18,89.83,29.17,Baixo
MUN_069,Ribeirão Preto,BA,4,22.9,29.0,50.83,46.4,0.225,2.28,386.3,2470966,350.9,64.2,51.11,55.48,25.82,Alto
MUN_195,Crato,BA,50,25.44,31.08,59.13,31.92,0.262,2.95,227.9,1018327,438.2,68.2,69.73,25.36,25.37,Medio
MUN_098,Macaé,PA,1,26.88,32.89,64.94,44.05,0.324,4.46,1124.4,412587,191.3,58.3,56.54,53.26,24.09,Baixo
MUN_199,Itaquaquecetuba,RN,51,26.73,31.24,80.45,105.02,0.579,6.61,705.3,1208147,387.1,73.8,58.74,105.17,25.42,Medio
MUN_090,Crato,SC,37,26.27,29.62,72.11,57.31,0.328,2.75,915.8,2261167,307.1,58.5,48.19,49.5,24.44,Baixo
MUN_067,Itaquaquecetuba,RN,5,27.61,34.39,60.82,67.24,0.317,5.49,93.4,2427688,216.3,82.2,41.73,64.18,27.61,Alto
MUN_094,Uberlândia,MG,21,22.52,27.06,48.07,24.9,0.284,2.04,656.6,1775348,263.6,72.3,50.8,11.81,26.23,Baixo
MUN_194,Recife,RS,52,21.96,27.6,58.01,73.38,0.271,5.83,37.8,2264086,118.9,86.5,36.91,70.5,26.54,Medio
MUN_046,Salvador,SP,45,22.56,24.73,69.5,19.26,0.16,5.2,1151.9,1926756,440.9,71.1,55.7,12.62,22.66,Baixo
MUN_180,Curitiba,SC,34,21.89,26.58,63.22,83.13,0.166,5.67,507.2,296364,492.1,80.0,67.66,83.02,22.14,Alto
MUN_053,Salvador,PA,11,24.53,29.06,66.45,43.75,0.304,4.41,723.9,652663,127.4,81.6,25.7,27.81,22.47,Baixo
MUN_081,Crato,TO,46,26.18,31.67,66.6,76.96,0.276,2.3,692.4,1786376,468.2,66.8,60.62,86.12,25.62,Medio
MUN_095,Fortaleza,BA,8,32.63,38.26,60.94,57.88,0.339,3.88,1034.0,2149260,464.1,52.7,69.95,66.84,28.53,Alto
MUN_006,Araguaína,RN,35,20.77,26.96,81.72,39.15,0.334,2.41,39.2,2746474,412.0,68.1,45.9,35.19,22.18,Medio
MUN_018,Ribeirão Preto,BA,23,23.73,29.2,52.36,47.08,0.131,1.14,1141.1,262723,109.5,81.9,24.06,34.15,25.6,Baixo
MUN_048,Macaé,RS,1,31.27,36.64,67.09,42.1,0.129,2.7,183.8,114324,73.5,89.9,0.0,40.92,31.76,Medio
MUN_111,Montes Claros,AM,45,31.12,34.06,58.69,39.02,0.375,2.41,547.6,775138,308.8,82.6,29.98,43.7,32.89,Medio
MUN_155,Sorocaba,MG,13,23.23,27.05,88.25,152.31,0.53,9.32,389.9,553737,445.2,50.7,76.4,141.07,23.89,Medio
MUN_108,Uberlândia,PE,16,30.98,35.5,63.95,15.33,0.224,1.43,137.7,375122,353.8,64.3,58.48,11.03,31.0,Medio
MUN_166,Crato,BA,40,27.52,33.71,46.2,21.81,0.297,3.52,841.9,2411828,493.9,56.5,62.23,19.85,26.9,Medio
MUN_172,Belém,PA,20,27.05,33.2,67.93,28.62,0.263,4.2,564.3,2638620,475.8,48.3,70.33,7.82,25.63,Alto
MUN_182,Recife,BA,19,23.99,29.08,66.47,87.75,0.384,7.98,412.0,2120570,139.1,75.4,30.8,88.22,19.21,Alto
MUN_137,Santos,SC,39,26.4,31.45,56.97,42.36,0.286,4.48,420.6,2715142,485.9,54.1,57.44,50.82,27.51,Medio
MUN_087,Salvador,RJ,41,28.22,34.58,56.98,71.38,0.327,5.57,927.8,825788,205.4,66.3,48.16,66.54,29.81,Baixo
MUN_139,Macaé,AM,9,28.87,34.21,71.95,64.19,0.394,5.26,416.4,1193024,309.3,59.7,72.57,68.87,26.77,Alto
MUN_087,Recife,RN,46,28.11,32.54,80.18,113.14,0.42,7.99,398.8,1482229,427.4,63.0,82.99,126.86,27.58,Medio
MUN_044,Santos,PA,48,24.73,29.65,54.69,48.9,0.387,3.11,874.3,1791045,82.0,93.9,15.86,51.7,22.58,Baixo
MUN_039,Belém,BA,13,31.1,36.34,64.48,115.96,0.569,6.77,659.4,1108877,490.4,66.5,84.05,104.58,32.29,Medio
MUN_128,Campinas,SC,36,25.42,30.55,64.19,23.72,0.284,1.64,969.8,1002544,478.2,65.2,77.89,19.6,26.66,Medio
MUN_076,Belém,AM,40,21.67,26.78,48.05,26.08,0.249,4.46,345.2,2621499,33.9,74.7,24.52,34.53,24.01,Baixo
MUN_081,Natal,RJ,43,24.23,28.85,54.07,27.51,0.195,1.19,22.4,2161892,207.3,66.4,51.55,34.86,24.51,Alto
MUN_166,Fortaleza,PE,34,31.64,36.85,57.72,73.49,0.117,5.18,981.1,1665679,355.1,58.1,78.25,80.62,33.89,Medio
MUN_088,Santos,PA,4,25.51,31.37,79.82,59.31,0.293,6.16,209.4,2858959,135.1,69.9,35.33,51.9,24.96,Medio
MUN_150,Ribeirão Preto,CE,48,32.71,38.56,69.68,81.38,0.381,7.95,15.3,495625,286.6,62.0,67.65,66.84,30.02,Medio
MUN_091,Macaé,PR,2,25.13,30.51,61.74,73.14,0.29,7.31,1137.3,2396384,214.6,72.3,51.51,72.34,27.04,Baixo
MUN_067,Campinas,CE,39,24.33,28.99,64.56,30.73,0.335,4.4,259.4,2910014,176.8,75.2,47.21,47.95,19.84,Medio
MUN_163,Macaé,PE,37,21.94,25.97,34.11,19.46,0.252,1.61,154.1,1036186,172.0,65.9,37.48,29.58,21.96,Medio
MUN_134,Santos,SP,33,25.34,30.89,55.91,27.46,0.271,1.9,1189.3,1433428,127.1,67.4,34.09,35.96,24.59,Baixo
MUN_044,Crato,GO,1,26.95,31.25,73.45,19.87,0.247,1.72,711.2,2634016,156.0,76.6,38.43,14.21,26.94,Baixo
MUN_067,Crato,SC,48,27.45,32.86,68.06,96.64,0.34,7.52,533.6,2631192,384.7,64.8,63.82,105.05,26.89,Alto
MUN_022,Ribeirão Preto,TO,5,28.82,30.8,83.96,70.91,0.331,6.11,543.8,2203284,82.2,84.9,5.73,59.04,31.23,Baixo
MUN_133,Uberlândia,AM,13,28.43,31.8,47.16,36.09,0.13,5.83,710.2,2065462,388.1,53.3,81.78,50.29,25.4,Alto
MUN_159,Uberlândia,AM,36,26.16,30.46,78.46,85.4,0.376,4.69,731.5,581702,439.1,50.4,73.02,73.38,27.14,Medio
MUN_052,Salvador,PE,8,20.48,25.81,94.66,153.12,0.479,11.75,1190.1,123085,454.6,57.3,89.21,130.78,20.02,Alto
MUN_152,Fortaleza,AM,34,28.28,33.47,60.82,70.19,0.294,3.94,241.3,2031449,92.3,76.5,20.83,78.41,26.46,Medio
MUN_121,Montes Claros,SC,2,22.77,26.18,58.05,49.8,0.498,2.18,944.5,957985,394.7,72.9,69.81,53.18,21.95,Baixo
MUN_085,Natal,PA,49,25.1,31.77,65.0,12.86,0.292,0.0,354.8,1036299,223.4,65.1,52.16,29.6,22.94,Alto
MUN_162,Sorocaba,GO,15,24.34,28.22,63.72,53.79,0.228,4.18,748.3,619709,189.5,78.8,29.61,59.08,22.87,Baixo
MUN_130,Araguaína,PA,52,25.95,31.91,70.18,39.49,0.228,5.52,1001.0,2198430,481.9,57.5,68.95,38.88,26.27,Alto
MUN_079,Ribeirão Preto,AM,19,28.72,31.84,53.43,31.28,0.169,6.15,890.8,401826,267.5,55.5,46.41,32.49,26.64,Baixo
MUN_025,Araguaína,AM,39,24.87,31.12,74.25,49.21,0.282,8.06,210.4,719035,143.0,68.0,41.74,51.32,23.03,Medio
MUN_165,Montes Claros,TO,25,25.31,29.13,60.16,29.65,0.183,3.9,990.0,1047381,439.2,60.2,66.8,37.66,24.97,Alto
MUN_124,Ribeirão Preto,SC,32,22.98,27.46,62.83,30.14,0.173,2.83,260.1,1312642,55.8,82.0,3.88,39.21,22.84,Baixo
MUN_182,Natal,AM,39,27.04,30.96,43.32,17.51,0.286,4.59,234.4,1201307,434.4,58.9,60.79,7.85,30.4,Alto
MUN_014,Campinas,RS,22,26.16,31.5,62.22,31.14,0.311,4.42,286.6,2445810,76.1,83.4,17.06,19.09,24.58,Baixo
MUN_053,Fortaleza,PE,52,31.31,37.15,68.66,45.12,0.274,3.04,823.4,486540,474.7,55.4,68.05,49.03,32.92,Alto
MUN_060,Crato,BA,10,28.05,32.3,72.31,56.27,0.325,6.44,989.3,698780,406.8,74.9,84.64,52.6,28.1,Baixo
MUN_049,Macaé,RN,13,19.42,23.61,69.78,88.84,0.449,4.35,779.0,1665353,479.0,59.4,61.14,86.75,19.24,Alto
MUN_185,Santos,PE,38,28.79,31.0,44.05,13.71,0.227,3.24,916.7,1175123,454.8,67.1,67.24,33.15,27.79,Baixo
MUN_115,Salvador,TO,18,23.77,31.08,65.99,66.4,0.328,7.66,762.3,138734,383.1,55.1,54.94,60.05,23.58,Alto
MUN_008,Caxias do Sul,SC,48,19.29,23.53,76.53,91.63,0.349,6.3,955.6,2815021,146.3,73.6,42.65,99.0,20.16,Baixo
MUN_054,Campinas,PE,44,29.57,33.03,75.82,36.62,0.366,7.53,1.3,1915924,85.6,87.8,15.69,27.99,34.45,Medio
MUN_122,Campinas,AM,31,34.29,36.34,67.09,62.78,0.392,5.33,544.6,628414,316.9,75.3,68.69,76.2,34.8,Medio
MUN_035,Curitiba,SC,17,25.16,29.81,65.05,22.05,0.302,2.24,641.4,2514695,315.9,65.4,58.15,30.46,26.7,Medio
MUN_059,Fortaleza,MG,21,27.52,32.3,40.33,24.69,0.271,6.18,985.9,1779543,157.2,73.2,30.17,6.83,26.64,Baixo
MUN_187,Goiânia,GO,25,21.54,26.3,56.52,64.86,0.409,5.63,18.4,1283410,457.3,57.3,84.97,55.3,21.43,Medio
MUN_056,Curitiba,GO,34,17.66,22.95,46.1,42.36,0.357,5.16,821.3,2623089,249.8,63.5,53.87,42.52,19.72,Baixo
MUN_099,Caxias do Sul,BA,18,25.48,27.56,51.93,16.71,0.234,0.99,489.4,1521249,106.0,76.7,25.22,25.39,24.75,Baixo
MUN_049,Santos,MG,3,30.42,33.91,71.44,12.16,0.244,1.84,684.0,225138,148.1,86.6,14.62,9.76,27.1,Baixo
MUN_176,Ribeirão Preto,PE,28,29.93,36.12,90.83,130.67,0.519,9.14,260.2,1820728,107.0,77.2,26.23,114.66,29.9,Medio
MUN_079,Sorocaba,BA,37,22.59,27.33,56.73,30.3,0.342,3.59,251.1,2925599,246.3,70.3,46.1,24.96,21.9,Medio
MUN_166,Santos,GO,35,18.87,24.57,67.96,60.98,0.292,4.36,426.1,1232174,430.7,61.5,90.84,67.96,20.38,Medio
MUN_166,Fortaleza,PE,34,31.64,36.85,57.72,73.49,0.117,5.18,981.1,1665679,355.1,58.1,78.25,80.62,33.89,Medio
MUN_081,Campinas,RJ,3,25.15,26.64,45.94,24.85,0.241,4.57,712.5,934541,433.9,77.7,65.73,40.68,25.17,Alto
MUN_184,Belém,SC,28,32.74,36.21,61.79,48.08,0.366,12.59,918.5,2730972,497.5,58.9,73.8,37.09,33.59,Medio
MUN_103,Sorocaba,CE,14,23.66,28.87,74.18,123.49,0.551,4.42,2.4,1584526,103.9,75.1,30.05,133.73,21.76,Medio
MUN_145,Ribeirão Preto,SC,52,27.72,32.91,60.83,36.6,0.264,2.73,483.3,2905696,224.1,76.1,34.72,36.34,26.64,Baixo
MUN_012,Sorocaba,RN,29,31.71,37.23,71.03,118.5,0.465,12.3,1060.9,1801413,385.8,60.6,85.53,116.31,30.28,Alto
MUN_124,Sorocaba,MG,32,21.37,25.22,57.33,48.92,0.268,7.02,71.2,1308534,350.2,63.1,47.76,32.19,20.23,Alto
MUN_055,Itaquaquecetuba,RS,45,35.34,41.05,76.99,29.25,0.193,4.27,919.4,1801327,91.0,84.3,29.1,13.17,35.59,Baixo
MUN_080,Santos,SP,14,30.95,35.88,69.54,57.98,0.383,6.71,1008.7,2122500,452.8,35.9,90.21,55.64,32.42,Alto
MUN_118,Caxias do Sul,PA,20,25.08,29.35,93.63,82.33,0.333,6.88,1164.6,2348898,34.8,89.0,28.85,94.26,27.44,Baixo
MUN_126,Ribeirão Preto,SP,22,25.77,33.74,71.04,60.63,0.387,2.66,124.0,953333,396.0,68.5,37.54,53.17,30.48,Medio
MUN_020,Santos,RJ,15,26.01,31.66,47.88,4.53,0.404,2.61,981.7,374533,403.0,58.5,56.28,-14.23,25.61,Baixo
MUN_046,Palmas,MG,33,27.94,32.51,85.15,144.88,0.454,6.45,786.2,544640,486.3,64.1,74.05,158.5,27.19,Medio
MUN_164,Fortaleza,SC,20,24.99,28.02,60.88,48.9,0.232,2.75,1063.1,2131050,26.6,77.4,29.29,68.39,25.65,Baixo
MUN_161,Montes Claros,BA,36,28.47,34.49,45.08,11.41,0.324,2.6,706.7,1146436,477.9,57.3,55.52,8.23,29.99,Medio
MUN_061,Fortaleza,PE,51,27.47,33.17,57.52,104.45,0.274,9.02,631.4,1379437,498.4,47.3,90.79,108.0,29.74,Alto
MUN_091,Santos,PA,30,29.2,34.56,69.69,42.78,0.196,0.0,854.4,1852961,186.2,78.4,28.35,62.88,33.74,Baixo
MUN_027,Fortaleza,SC,9,23.34,26.93,66.18,37.08,0.216,4.19,174.6,1430752,147.8,64.7,16.67,28.23,25.23,Baixo
MUN_093,Curitiba,SP,45,21.94,27.57,64.11,66.36,0.234,1.92,796.4,388583,142.6,76.0,39.53,49.95,22.73,Baixo
MUN_177,Curitiba,GO,50,23.99,26.26,57.44,26.87,0.01,4.11,892.2,2442572,49.5,71.7,30.37,51.94,20.81,Baixo
MUN_126,Belém,SC,32,24.88,28.4,77.85,86.95,0.408,5.41,204.1,1532055,175.1,75.8,58.19,76.3,25.04,Medio
MUN_097,Palmas,SP,15,28.57,31.93,47.41,31.85,0.219,4.26,696.2,640996,219.0,77.5,52.44,27.59,32.75,Baixo
MUN_119,Belém,CE,11,26.41,31.06,48.05,63.11,0.264,7.56,669.1,1495874,470.9,50.6,71.33,66.5,21.88,Medio
MUN_055,Goiânia,PE,42,20.3,24.47,55.09,57.29,0.322,5.25,666.1,810551,114.6,82.0,23.83,62.07,20.64,Baixo
MUN_101,Natal,RS,12,28.68,33.04,69.82,87.7,0.331,3.88,511.2,608349,236.5,52.1,63.09,87.29,28.98,Alto
MUN_068,Araguaína,PR,50,19.85,26.08,58.6,80.64,0.452,4.36,95.7,605356,427.4,65.0,70.88,81.49,18.88,Medio
MUN_079,Natal,RN,23,32.01,36.62,69.79,17.37,0.194,1.66,376.3,2371482,412.4,67.4,75.23,7.18,32.64,Alto
MUN_192,Caxias do Sul,PA,25,27.53,33.36,73.38,26.34,0.201,0.19,370.6,1294927,487.0,43.6,79.28,1.73,29.17,Alto
MUN_137,Caxias do Sul,TO,20,28.74,33.74,72.61,87.26,0.26,6.99,1176.1,2248140,20.7,86.5,13.97,86.55,30.43,Baixo
MUN_183,Montes Claros,AM,39,25.08,31.16,69.06,56.66,0.34,5.63,790.3,512544,411.6,47.5,63.02,76.15,22.01,Medio
MUN_079,Manaus,RS,19,28.29,30.54,52.71,35.22,0.227,6.69,541.0,2683609,289.3,60.7,35.87,44.67,28.37,Medio
MUN_151,Goiânia,PA,9,26.28,32.36,61.17,59.82,0.32,4.94,693.3,1471065,377.1,69.3,50.49,68.99,28.41,Medio
MUN_155,Sorocaba,BA,44,31.35,35.33,54.0,59.59,0.249,0.0,260.9,2128702,386.1,76.3,65.87,59.23,29.77,Alto
MUN_187,Recife,BA,51,20.75,27.23,63.2,50.97,0.129,4.21,993.3,2298997,155.4,72.3,41.43,72.76,23.4,Baixo
MUN_059,Uberlândia,RN,3,22.49,25.59,62.34,50.3,0.365,5.59,119.5,2778694,299.1,73.4,43.61,55.79,20.7,Alto
MUN_195,Sorocaba,AM,41,29.32,34.41,56.36,70.01,0.381,4.64,666.3,642097,342.4,77.5,53.4,73.76,29.22,Alto
MUN_182,Curitiba,PR,47,28.73,34.0,74.53,49.11,0.35,6.82,589.2,1366419,385.4,82.8,35.5,52.95,31.28,Medio
MUN_034,Crato,PR,43,24.79,28.92,80.79,49.95,0.289,3.97,153.6,239291,342.1,70.3,62.99,59.46,27.23,Medio
MUN_119,Natal,PE,33,23.6,27.62,83.86,101.82,0.44,8.29,722.7,224436,352.4,77.4,58.54,100.68,21.62,Medio
MUN_138,Palmas,CE,24,25.44,30.81,63.77,31.9,0.14,1.94,36.8,818544,133.2,74.3,28.02,48.03,27.04,Medio
MUN_129,Uberlândia,MG,10,25.55,29.46,71.74,31.61,0.24,6.28,1144.6,733982,98.0,74.8,16.95,14.37,25.53,Baixo
MUN_153,Montes Claros,PE,22,26.81,30.43,68.18,62.79,0.381,7.15,339.6,2670890,480.1,55.5,67.72,54.38,23.88,Alto
MUN_047,Palmas,GO,13,24.5,31.04,45.19,76.49,0.429,6.25,531.9,2832228,394.9,62.5,88.52,73.54,21.91,Alto
MUN_195,Curitiba,SC,1,24.84,32.37,65.47,62.86,0.359,6.44,33.3,2974105,147.1,77.8,24.34,56.75,23.82,Medio
MUN_077,Santos,SC,25,25.2,29.98,74.93,42.93,0.222,6.04,158.3,693495,332.3,76.6,46.68,55.55,23.36,Medio
MUN_047,Recife,PR,30,21.77,28.37,66.81,49.42,0.244,4.48,389.1,2996340,318.1,63.0,44.07,51.04,20.89,Medio
MUN_160,Curitiba,AM,7,20.08,27.6,70.93,43.01,0.346,1.69,278.8,1771133,370.7,68.7,62.98,44.31,19.94,Medio
MUN_154,Crato,GO,44,27.37,31.83,86.13,46.24,0.231,4.54,688.0,104990,487.2,58.2,72.2,51.89,29.25,Medio
MUN_037,Montes Claros,SP,32,28.13,31.47,67.73,44.45,0.363,7.01,408.4,244535,325.3,78.3,29.96,50.5,27.63,Medio
MUN_072,Uberlândia,SP,33,23.47,26.79,93.05,176.66,0.729,10.46,509.3,1367994,319.6,57.7,62.18,169.87,21.38,Medio
MUN_086,Salvador,AM,20,30.15,37.21,55.55,51.62,0.359,4.31,631.4,851611,131.3,97.5,0.0,49.91,30.24,Baixo
MUN_183,Palmas,RN,4,24.38,29.46,71.24,63.65,0.42,5.96,997.4,1376957,209.2,72.2,57.64,52.43,23.89,Baixo
MUN_126,Montes Claros,SC,51,26.0,31.94,81.31,38.97,0.148,2.42,106.0,527346,114.0,76.3,39.78,48.9,26.88,Medio
MUN_060,Ribeirão Preto,AM,12,23.39,30.22,59.09,44.39,0.465,5.66,464.4,314834,25.0,94.0,1.39,49.85,22.7,Baixo
MUN_059,Montes Claros,RN,40,24.35,29.91,83.11,99.15,0.302,9.6,792.2,2752951,52.6,96.2,8.82,110.61,23.61,Baixo
MUN_120,Salvador,AM,23,27.76,31.19,59.8,62.51,0.303,0.0,492.8,597598,279.5,72.9,53.99,61.17,26.78,Alto
MUN_104,Palmas,CE,22,23.3,29.02,58.3,45.02,0.29,7.48,1145.4,905683,326.6,73.3,37.53,52.6,22.87,Baixo
MUN_007,Belém,CE,34,24.33,28.79,63.42,114.06,0.395,8.11,97.1,516718,357.9,61.1,67.93,114.18,26.74,Alto
MUN_170,Itaquaquecetuba,AM,2,28.31,33.63,56.03,24.62,0.248,6.34,111.8,2621910,453.9,60.1,71.04,17.53,25.83,Alto
MUN_036,Sorocaba,RN,52,22.44,27.3,72.73,103.55,0.393,6.33,1152.4,1966405,143.6,76.7,43.7,93.48,22.18,Baixo
MUN_077,Araguaína,SC,28,33.18,36.36,71.34,47.02,0.131,3.55,863.9,998893,482.5,69.2,82.08,52.38,32.48,Alto
MUN_043,Fortaleza,SP,31,30.6,36.36,79.54,60.57,0.382,6.91,482.3,2141163,306.1,64.0,54.36,70.05,33.53,Medio
MUN_140,Belém,BA,11,23.68,29.12,67.88,13.15,0.272,0.96,647.7,1025938,427.0,54.4,68.55,18.89,26.13,Medio
MUN_183,Sorocaba,GO,19,27.35,31.7,64.21,44.73,0.283,5.7,818.0,2614504,292.5,77.2,49.41,41.16,28.5,Baixo
MUN_025,Araguaína,SP,50,26.38,29.66,76.25,45.48,0.329,5.42,586.7,449052,343.2,74.5,46.81,44.95,26.74,Medio
MUN_114,Caxias do Sul,MG,51,19.46,23.3,58.88,21.68,0.229,0.62,428.0,238835,328.4,63.1,52.19,26.32,19.11,Alto
MUN_136,Ribeirão Preto,PA,42,18.3,22.85,60.66,48.32,0.264,5.1,643.6,2236705,201.4,80.1,20.15,31.49,18.18,Baixo
MUN_063,Sorocaba,RN,40,16.03,20.34,69.11,43.87,0.269,4.72,33.5,279890,445.8,53.9,75.35,34.11,17.72,Alto
MUN_167,Araguaína,MG,9,24.66,30.14,65.17,42.62,0.188,4.63,936.1,1125785,193.4,72.9,31.83,28.98,24.66,Baixo
MUN_071,Araguaína,PA,5,23.56,28.77,62.08,45.27,0.294,6.56,667.8,2411544,34.6,85.7,8.08,52.44,22.85,Baixo
MUN_117,Manaus,CE,48,28.46,34.15,59.26,22.49,0.162,4.92,298.7,673510,476.2,67.2,74.73,13.63,29.56,Alto
MUN_100,Caxias do Sul,MG,4,29.98,34.96,68.34,97.84,0.449,6.05,486.0,473253,265.7,62.7,40.91,110.97,30.55,Medio
MUN_056,Uberlândia,PA,22,26.8,31.65,59.11,15.16,0.229,2.99,802.3,2955192,460.2,56.7,77.91,16.54,27.65,Medio
MUN_169,Campinas,MG,26,27.05,32.06,49.82,42.94,0.305,1.73,792.1,223318,275.3,81.2,54.24,42.55,26.28,Baixo
MUN_173,Campinas,PE,19,26.21,31.78,56.71,49.16,0.269,4.21,531.0,2138646,255.4,65.9,38.42,40.68,28.45,Medio
MUN_081,Araguaína,RS,38,21.75,28.19,64.98,30.1,0.325,1.86,1017.3,2273366,445.7,58.7,70.08,10.06,21.21,Baixo
MUN_119,Palmas,MG,23,25.36,30.46,52.26,43.31,0.044,4.11,542.6,2812356,457.5,65.9,69.26,29.32,29.93,Alto
MUN_091,Santos,PA,30,29.2,34.56,69.69,42.78,0.196,0.0,854.4,1852961,186.2,78.4,28.35,62.88,33.74,Baixo
MUN_080,Caxias do Sul,MG,25,25.8,32.19,72.68,37.24,0.228,7.12,611.8,2765900,431.9,57.5,63.62,35.25,25.37,Alto
MUN_150,Araguaína,BA,4,29.51,33.02,59.56,32.0,0.193,2.09,556.1,2787066,286.5,69.7,50.2,53.35,26.44,Medio
MUN_103,Itaquaquecetuba,AM,34,31.25,36.1,59.88,36.63,0.323,5.08,43.1,2754826,311.2,64.6,46.72,28.69,33.12,Alto
MUN_087,Araguaína,AM,46,29.67,33.91,68.06,58.32,0.258,5.91,163.7,2610971,290.5,64.2,49.38,50.25,27.02,Medio
MUN_170,Crato,RS,46,23.94,28.1,59.65,26.17,0.334,2.2,506.4,2970108,54.8,92.5,21.61,31.16,23.38,Baixo
MUN_118,Ribeirão Preto,SC,19,23.41,29.83,62.04,41.51,0.13,2.42,1051.2,1137263,425.6,47.7,58.87,32.11,24.58,Medio
MUN_052,Itaquaquecetuba,SP,13,27.42,33.53,50.54,49.99,0.288,5.74,990.7,2507369,185.6,81.4,39.22,56.19,28.93,Baixo
MUN_072,Montes Claros,CE,21,27.41,33.08,52.79,27.39,0.154,6.01,993.4,467431,451.9,64.1,65.97,27.33,30.0,Baixo
MUN_071,Montes Claros,RS,49,26.23,30.77,74.32,44.53,0.162,2.74,358.3,983300,440.8,54.7,70.8,47.92,25.34,Alto
MUN_172,Ribeirão Preto,BA,37,23.61,28.53,65.32,21.37,0.415,1.86,102.3,2186166,447.3,58.4,73.68,22.43,22.41,Alto
MUN_129,Fortaleza,PE,6,31.44,38.86,65.69,34.75,0.35,5.49,410.7,1581768,460.2,49.3,72.91,43.7,33.55,Alto
MUN_179,Fortaleza,PR,16,24.69,28.2,60.75,89.15,0.397,8.83,326.2,2266739,383.9,59.7,74.43,73.68,26.76,Alto
MUN_110,Uberlândia,SP,27,23.53,27.52,73.65,53.02,0.478,4.88,650.2,1438711,262.9,76.2,52.47,38.7,25.46,Medio
MUN_150,Curitiba,PR,33,21.37,27.07,67.05,63.95,0.364,4.11,315.6,1033100,361.1,81.4,49.87,78.21,20.5,Medio
MUN_033,Macaé,RN,25,19.1,24.22,66.74,38.5,0.229,4.39,689.4,2391436,189.0,91.8,21.34,52.03,17.66,Baixo
MUN_095,Ribeirão Preto,SC,42,22.45,26.42,70.5,94.66,0.283,5.97,95.3,1724084,305.1,78.1,41.42,87.9,22.78,Medio
MUN_131,Manaus,AM,6,25.19,29.16,59.58,54.09,0.33,6.42,115.9,1322511,258.2,70.9,43.01,38.97,23.72,Medio
MUN_080,Araguaína,BA,24,28.73,34.81,69.0,83.43,0.328,7.22,658.2,2450021,270.4,70.7,31.64,87.84,26.45,Baixo
MUN_181,Montes Claros,BA,39,29.62,35.89,70.8,58.59,0.261,1.87,440.0,1118301,469.0,51.3,78.19,66.31,29.33,Alto
MUN_180,Montes Claros,GO,1,20.81,28.22,62.48,37.34,0.249,1.54,436.5,2959944,492.3,63.0,82.72,49.16,21.15,Alto
MUN_079,Manaus,RS,19,28.29,30.54,52.71,35.22,0.227,6.69,541.0,2683609,289.3,60.7,35.87,44.67,28.37,Medio
MUN_047,Fortaleza,PA,6,27.92,30.27,67.48,63.49,0.31,4.55,984.5,2450290,95.0,77.7,37.93,79.72,29.71,Baixo
MUN_153,Recife,BA,36,26.42,30.34,63.02,39.95,0.244,4.64,80.4,416793,367.4,69.4,48.16,53.15,27.09,Alto
MUN_044,Caxias do Sul,RJ,3,27.19,31.27,61.77,43.64,0.331,4.75,375.6,774393,165.6,85.9,13.13,35.75,26.98,Medio
MUN_157,Belém,SC,52,23.55,28.54,53.01,27.36,0.299,4.16,196.0,1054456,261.6,73.8,61.32,25.71,23.48,Medio
MUN_002,Crato,PE,29,26.08,30.1,54.64,24.58,0.206,1.96,97.4,1174990,172.4,83.9,30.49,8.0,27.25,Baixo
MUN_072,Goiânia,GO,24,22.82,26.18,54.34,64.51,0.376,2.14,198.2,2765007,315.1,63.7,66.23,62.34,24.06,Alto
MUN_118,Itaquaquecetuba,AM,19,24.8,30.73,54.68,36.16,0.338,2.48,158.4,2300100,40.4,100.0,2.54,39.98,25.19,Baixo
MUN_125,Ribeirão Preto,SP,40,28.29,32.27,70.18,32.73,0.235,2.58,127.6,2976265,331.8,71.9,32.5,20.6,26.28,Medio
MUN_042,Manaus,CE,39,27.8,34.45,57.63,35.82,0.32,0.62,951.9,268993,482.7,58.1,85.61,24.63,23.82,Alto
MUN_008,Palmas,RJ,41,24.63,30.33,51.3,10.59,0.154,3.11,1160.6,2117950,323.9,77.0,41.96,4.92,23.99,Baixo
MUN_136,Caxias do Sul,CE,43,25.46,31.19,60.05,48.0,0.322,5.93,496.9,1503837,261.7,74.2,42.1,49.71,24.73,Alto
MUN_190,Belém,RJ,45,24.83,30.6,65.25,52.41,0.364,5.66,755.6,1856985,373.1,79.2,65.04,48.12,26.25,Baixo
MUN_110,Manaus,BA,2,31.64,37.08,69.81,72.93,0.377,3.0,148.3,1190665,97.2,80.8,39.87,66.37,31.51,Medio
MUN_145,Sorocaba,PA,22,31.81,35.31,73.36,100.06,0.405,5.21,952.9,668993,417.4,54.3,53.97,108.79,29.06,Medio
MUN_077,Crato,PA,35,25.44,30.52,67.73,102.37,0.365,3.55,1025.4,534956,228.3,96.0,34.98,114.88,24.02,Baixo
MUN_085,Salvador,RN,40,29.0,32.38,65.42,71.0,0.382,4.92,57.2,448281,486.8,58.5,68.23,67.15,29.91,Alto
MUN_185,Santos,PA,50,27.71,33.65,56.0,19.18,0.233,3.63,1046.7,594797,334.5,63.4,50.79,9.96,28.49,Baixo
MUN_017,Uberlândia,TO,12,26.01,30.95,55.85,22.96,0.203,2.07,38.5,2381279,408.3,64.9,50.64,11.74,24.88,Alto
MUN_164,Crato,RS,49,21.27,25.78,68.37,42.38,0.195,3.41,559.8,413819,418.9,50.4,62.73,55.49,19.04,Alto
MUN_192,Itaquaquecetuba,CE,6,21.71,30.46,61.99,43.18,0.263,0.63,412.2,2162456,126.3,92.7,0.72,43.5,21.19,Baixo
MUN_082,Montes Claros,TO,25,30.74,36.85,73.38,33.66,0.142,5.86,634.5,332669,224.5,79.6,19.77,50.46,32.9,Baixo
MUN_193,Macaé,MG,18,26.96,32.16,62.67,40.59,0.143,3.19,279.9,2256756,421.7,65.4,73.38,43.06,28.63,Alto
MUN_078,Salvador,SC,2,26.02,30.05,57.96,64.21,0.391,7.42,264.0,1276505,199.6,79.4,35.26,44.81,26.23,Medio
MUN_160,Sorocaba,SC,6,19.76,23.84,54.82,37.88,0.231,3.41,62.1,2366506,421.8,48.9,80.19,48.1,19.93,Medio
MUN_118,Salvador,TO,52,25.15,29.94,74.56,51.14,0.257,5.79,481.1,1536287,85.4,78.4,34.58,63.26,26.14,Baixo
MUN_087,Crato,MG,7,23.88,29.71,45.23,8.93,0.183,1.32,992.8,2473317,119.2,83.1,28.17,21.0,21.32,Baixo
MUN_078,Montes Claros,RN,47,27.96,34.69,56.89,69.96,0.358,6.52,78.2,2118782,252.1,64.4,43.48,68.59,26.27,Alto
MUN_172,Caxias do Sul,PR,12,26.82,30.64,62.16,10.95,0.214,5.32,630.2,935208,347.9,65.0,52.91,5.28,26.02,Medio
MUN_138,Belém,CE,6,23.68,29.39,81.08,78.89,0.284,9.37,186.5,2078331,290.3,70.0,53.28,86.06,23.75,Medio
MUN_008,Macaé,AM,23,23.26,29.01,61.8,47.36,0.332,8.06,97.4,68397,294.4,71.1,39.61,58.57,22.17,Medio
MUN_151,Goiânia,AM,35,26.08,30.43,63.35,34.29,0.198,2.49,597.8,235554,111.2,78.6,34.36,43.44,26.03,Baixo
MUN_073,Crato,GO,2,22.3,26.18,62.01,71.43,0.287,1.08,94.6,945899,406.3,67.6,70.35,67.99,23.13,Medio
MUN_100,Crato,GO,52,21.55,25.7,67.16,66.01,0.251,4.63,476.5,1792151,225.3,75.3,33.03,60.11,23.26,Medio
MUN_173,Montes Claros,BA,23,21.54,28.12,63.21,28.8,0.309,0.42,223.4,551660,165.1,72.4,33.43,30.11,21.47,Medio
MUN_091,Macaé,RS,23,30.59,35.17,72.91,50.45,0.222,1.99,1112.1,2598733,49.2,86.8,21.38,56.15,27.46,Baixo
MUN_072,Caxias do Sul,GO,47,25.26,29.53,79.85,42.82,0.297,6.53,239.2,1780431,423.8,46.7,78.56,41.51,30.0,Medio
MUN_121,Crato,AM,14,26.79,32.42,70.9,82.92,0.34,6.48,1030.0,1874516,119.7,87.5,41.26,92.77,27.14,Baixo
MUN_076,Itaquaquecetuba,PA,32,26.95,30.97,73.97,72.91,0.084,5.92,1039.1,1619886,196.2,78.8,49.02,73.18,27.47,Baixo
MUN_176,Crato,RJ,29,24.3,29.33,62.46,60.33,0.308,7.76,178.0,2588319,415.3,48.4,69.78,51.19,25.88,Alto
MUN_175,Goiânia,MG,36,24.75,30.46,60.7,17.9,0.104,3.46,986.0,1036934,328.9,55.4,55.84,17.46,27.8,Baixo
MUN_141,Fortaleza,AM,41,26.0,30.14,81.35,177.32,0.495,11.11,185.4,842523,404.9,72.0,64.35,187.16,26.09,Alto
MUN_162,Manaus,GO,40,26.33,29.97,69.64,43.49,0.393,4.53,323.1,199043,356.8,74.3,47.11,30.96,27.79,Medio
MUN_069,Natal,MG,39,28.39,32.03,53.52,37.67,0.219,2.54,987.9,527338,153.9,83.6,20.75,41.38,29.07,Baixo
MUN_079,Manaus,RS,19,28.29,30.54,52.71,35.22,0.227,6.69,541.0,2683609,289.3,60.7,35.87,44.67,28.37,Medio
MUN_049,Santos,BA,27,26.57,33.18,73.9,45.37,0.228,4.82,452.5,779515,345.4,66.3,55.7,48.76,27.12,Alto
MUN_173,Sorocaba,MG,45,30.23,35.99,58.53,36.19,0.296,5.95,720.5,1094085,429.2,62.0,64.8,50.32,28.33,Medio
MUN_096,Goiânia,SP,8,22.65,26.56,65.13,102.47,0.433,9.34,670.2,1551246,149.6,81.2,31.94,104.01,21.62,Baixo
MUN_065,Santos,GO,7,30.14,35.32,49.47,16.39,0.254,1.91,706.5,719240,143.4,86.6,1.3,0.42,30.2,Baixo
MUN_053,Recife,BA,37,32.86,37.88,51.49,77.4,0.4,7.16,264.0,1950455,323.5,68.3,52.36,75.04,33.68,Medio
MUN_101,Curitiba,SC,42,27.01,33.39,81.25,100.46,0.408,11.17,541.1,1150315,439.1,59.4,60.15,119.38,24.06,Alto
MUN_068,Crato,MG,2,20.35,26.93,49.14,32.35,0.273,3.59,904.2,1153809,454.4,57.9,64.79,44.47,17.99,Alto
MUN_178,Manaus,SP,50,28.23,33.29,61.13,26.0,0.422,2.44,137.9,279162,488.3,62.2,104.21,18.04,30.17,Alto
MUN_134,Montes Claros,PR,3,21.16,25.02,59.6,56.3,0.356,6.49,314.9,1618692,282.0,75.3,40.82,66.42,22.11,Alto
MUN_102,Natal,PA,33,31.34,36.8,67.99,57.54,0.32,1.99,442.4,2052339,412.4,59.7,85.08,67.03,33.05,Alto
MUN_166,Curitiba,CE,23,25.93,30.98,85.78,105.34,0.567,8.49,298.9,1401306,180.6,83.8,29.31,108.81,26.46,Medio
MUN_015,Goiânia,AM,22,16.49,21.75,65.6,29.4,0.292,8.71,627.6,2028279,453.5,72.3,76.49,21.07,15.28,Alto
MUN_192,Belém,RJ,13,25.57,31.21,70.69,160.65,0.471,11.06,668.1,1850329,100.6,100.0,16.98,165.66,28.36,Medio
MUN_180,Recife,TO,38,23.55,28.75,71.76,52.68,0.308,1.87,91.2,173941,153.6,77.9,28.25,43.27,23.86,Medio
MUN_016,Montes Claros,SC,6,19.87,23.52,46.85,17.78,0.195,5.87,397.7,1606010,135.6,76.5,12.9,-3.07,20.95,Baixo
MUN_140,Manaus,RN,51,26.53,33.63,56.67,59.16,0.316,4.03,515.7,2432973,390.8,67.4,68.05,59.2,26.16,Alto
MUN_015,Montes Claros,CE,20,30.19,36.84,53.3,32.55,0.264,4.9,332.1,992282,456.0,50.0,54.61,36.14,28.54,Medio
MUN_031,Santos,PE,31,29.08,30.89,71.32,75.46,0.351,3.04,953.6,1948315,55.5,81.7,33.08,88.14,28.98,Baixo
MUN_179,Fortaleza,PA,43,27.55,30.55,62.81,51.25,0.399,4.94,472.0,2111666,68.8,89.1,13.33,55.57,25.85,Baixo
MUN_117,Sorocaba,TO,8,23.42,27.48,57.68,34.15,0.282,3.39,942.6,1962408,41.1,95.5,5.01,27.92,21.63,Baixo
MUN_051,Caxias do Sul,PA,10,24.36,30.14,59.38,50.77,0.369,5.36,945.3,1351136,496.0,58.9,77.19,61.55,22.19,Medio
MUN_124,Montes Claros,PR,51,30.55,36.47,51.98,62.68,0.393,8.43,257.4,1091709,31.5,72.5,34.37,56.01,32.13,Baixo
MUN_076,Recife,TO,34,23.28,28.44,61.3,20.31,0.22,3.8,230.8,890051,392.8,60.5,61.22,11.04,26.81,Medio
MUN_195,Itaquaquecetuba,TO,4,22.6,29.55,67.04,40.19,0.273,3.74,840.1,717871,435.3,57.1,74.82,36.11,23.24,Medio
MUN_128,Goiânia,SC,4,27.82,33.81,54.18,44.67,0.293,4.69,525.2,2275805,49.1,81.0,20.02,51.72,27.47,Baixo
MUN_184,Manaus,BA,5,22.61,26.47,56.43,40.62,0.248,4.64,171.9,2289677,479.3,67.8,72.95,21.92,24.25,Medio
MUN_028,Recife,SC,1,24.41,29.01,66.98,116.88,0.298,6.43,430.9,1804467,300.4,65.5,65.16,118.77,26.33,Alto
MUN_101,Curitiba,SC,42,27.01,33.39,81.25,100.46,0.408,11.17,541.1,1150315,439.1,59.4,60.15,119.38,24.06,Alto
MUN_141,Recife,BA,50,25.17,31.12,67.96,47.98,0.266,6.06,761.7,1602552,39.8,85.8,10.7,36.39,28.0,Baixo
MUN_151,Belém,RJ,9,28.12,34.26,52.89,16.29,0.328,5.05,1175.3,1378173,84.7,88.3,18.35,15.93,28.12,Baixo
MUN_131,Santos,TO,51,22.57,28.21,70.77,46.75,0.32,5.14,975.1,1173370,126.1,66.8,28.16,45.79,24.43,Baixo
MUN_195,Araguaína,RS,11,24.7,29.24,68.96,42.13,0.238,5.15,750.2,1605116,367.8,62.3,68.93,41.12,24.91,Alto
MUN_166,Campinas,RS,30,27.7,31.05,59.84,38.75,0.229,6.91,1119.8,2999240,118.0,91.0,27.71,56.89,29.58,Baixo
MUN_090,Araguaína,AM,39,21.5,27.55,65.24,42.04,0.378,2.91,295.8,1677108,310.4,53.1,62.93,46.33,23.58,Alto
MUN_099,Fortaleza,RJ,38,24.82,30.05,47.48,19.02,0.335,0.43,1096.1,1426132,280.9,62.0,67.57,10.8,22.72,Baixo
MUN_040,Recife,RN,28,26.03,29.54,80.21,40.49,0.318,4.35,485.4,1636755,27.4,75.2,23.36,35.33,27.96,Baixo
MUN_068,Itaquaquecetuba,PE,45,29.62,34.85,51.15,46.98,0.443,3.77,270.1,2796994,164.1,70.3,33.88,45.07,32.1,Medio
MUN_156,Itaquaquecetuba,SC,7,26.6,31.1,76.51,43.06,0.32,3.86,333.7,741049,494.6,40.9,86.54,55.92,29.36,Alto
MUN_135,Caxias do Sul,PE,24,31.57,36.53,54.51,73.29,0.217,3.74,615.9,1500203,410.6,62.6,59.9,71.39,31.35,Medio
MUN_077,Uberlândia,CE,3,26.25,31.27,68.69,78.79,0.459,7.02,280.5,865483,369.2,38.8,67.39,81.62,30.46,Alto
MUN_048,Crato,RN,1,35.72,41.46,62.38,22.08,0.237,0.15,206.5,180653,205.4,77.3,46.17,39.04,35.29,Medio
MUN_059,Curitiba,PR,14,24.13,27.55,71.31,51.22,0.367,1.9,522.3,371925,29.2,82.2,0.0,57.92,24.32,Baixo
MUN_103,Palmas,RJ,6,22.71,26.41,68.67,17.24,0.259,3.49,468.6,417417,415.0,71.9,56.96,31.33,23.42,Alto
MUN_018,Fortaleza,PA,50,24.48,27.26,62.42,35.88,0.203,1.14,1043.9,520583,32.1,81.7,29.36,46.47,27.8,Baixo
MUN_198,Campinas,BA,27,22.7,28.94,73.98,21.5,0.283,4.3,938.2,744490,481.4,53.3,86.31,18.39,21.63,Alto
MUN_066,Ribeirão Preto,RN,15,27.64,33.1,61.42,29.38,0.234,2.8,883.8,2496714,295.0,65.4,37.5,30.39,25.64,Baixo
MUN_161,Montes Claros,BA,36,28.47,34.49,45.08,11.41,0.324,2.6,706.7,1146436,477.9,57.3,55.52,8.23,29.99,Medio
MUN_174,Sorocaba,PE,28,22.62,30.3,58.14,33.39,0.326,6.16,812.2,2379002,418.9,60.8,60.48,37.89,20.32,Alto
MUN_026,Palmas,RJ,15,21.42,26.28,66.78,96.76,0.465,9.17,1078.2,1183058,203.6,79.0,36.45,80.29,21.17,Baixo
MUN_138,Sorocaba,TO,7,22.27,27.06,60.8,48.94,0.2,6.4,1173.7,72564,340.9,53.9,64.31,66.24,23.42,Baixo
MUN_056,Ribeirão Preto,SC,46,27.6,32.68,63.3,50.0,0.433,3.93,223.6,1141772,483.1,69.6,81.56,59.66,27.13,Alto
MUN_123,Ribeirão Preto,MG,49,27.22,31.99,60.72,49.67,0.34,9.03,13.8,2711059,85.6,90.6,12.0,63.23,26.38,Medio
MUN_146,Salvador,SP,26,26.17,29.37,68.98,105.84,0.402,5.01,437.9,2663412,262.1,64.5,46.26,100.64,28.51,Medio
MUN_180,Sorocaba,PE,8,24.0,30.63,68.27,31.05,0.134,5.43,292.1,1151158,247.9,75.6,25.2,43.24,23.48,Medio
MUN_006,Goiânia,RS,41,23.78,28.88,64.08,44.35,0.172,3.29,665.6,2786122,382.4,57.5,77.48,53.75,20.46,Medio
MUN_158,Natal,RS,29,18.0,24.55,55.65,47.96,0.159,8.89,184.5,127787,131.3,77.2,34.36,50.59,20.63,Medio
MUN_133,Natal,SC,50,28.21,33.95,77.51,116.48,0.395,10.23,703.1,1164649,399.5,72.6,54.64,127.47,28.25,Medio
MUN_036,Manaus,CE,19,22.7,27.8,72.62,43.31,0.284,4.07,51.0,2555072,103.7,94.6,16.13,58.04,24.23,Baixo
MUN_061,Ribeirão Preto,AM,23,29.48,32.79,62.98,63.59,0.295,6.67,849.2,1561132,465.7,52.3,59.11,62.41,30.1,Medio
MUN_176,Araguaína,GO,52,29.96,33.56,65.45,39.13,0.256,1.61,471.8,1395818,61.2,67.4,17.18,39.9,29.78,Baixo
MUN_166,Salvador,RS,38,28.42,34.31,66.22,27.07,0.24,2.38,445.1,2647839,300.4,71.4,50.93,21.44,28.27,Medio
MUN_140,Uberlândia,SP,9,21.74,29.76,51.04,50.99,0.313,5.27,1009.7,2555934,388.9,60.3,70.43,43.75,22.9,Baixo
MUN_074,Ribeirão Preto,PE,20,24.87,30.68,82.02,73.63,0.358,2.98,268.6,2797864,494.1,48.5,58.85,64.91,28.81,Medio
MUN_026,Uberlândia,PE,7,28.13,34.07,79.79,79.77,0.467,8.56,806.2,2121285,481.3,55.1,82.0,72.85,27.47,Alto
MUN_191,Campinas,AM,9,19.36,26.62,60.83,32.16,0.42,0.0,249.9,2696228,143.4,87.0,17.51,24.39,20.56,Baixo
MUN_099,Salvador,MG,51,21.63,27.13,62.93,65.14,0.41,2.98,282.9,2291076,190.2,98.7,43.8,42.32,22.74,Medio
MUN_141,Goiânia,BA,1,28.48,34.63,56.97,27.89,0.274,6.8,33.8,579298,477.3,42.7,84.77,28.12,29.0,Alto
MUN_104,Curitiba,SC,12,23.68,27.35,65.5,25.89,0.171,4.77,648.6,1332319,384.6,55.2,73.06,24.02,26.69,Alto
MUN_093,Palmas,PE,36,20.68,25.6,50.16,50.13,0.211,7.61,425.0,1771302,278.4,84.2,37.93,46.19,20.48,Alto
MUN_180,Salvador,GO,23,22.28,27.81,67.58,33.02,0.361,4.63,941.6,1010141,457.9,54.3,52.1,18.92,21.79,Alto
MUN_112,Montes Claros,PA,17,22.42,26.68,72.63,80.97,0.113,5.57,599.6,1520821,203.8,77.9,39.82,79.62,25.83,Medio
MUN_156,Natal,SC,45,24.16,29.31,69.95,52.38,0.236,2.99,231.5,1696526,303.1,71.0,43.88,63.86,26.64,Medio
MUN_198,Manaus,AM,50,23.19,29.4,55.36,40.85,0.275,5.12,930.0,2348537,387.2,61.8,53.83,61.98,24.22,Baixo
MUN_141,Belém,AM,17,18.0,24.93,74.72,66.22,0.302,7.91,119.3,2798179,268.3,69.5,42.96,74.53,21.35,Medio
MUN_080,Crato,GO,3,25.86,30.24,65.04,26.35,0.308,1.83,47.9,2333223,195.4,73.0,43.71,41.44,24.08,Medio
MUN_024,Manaus,PR,12,25.13,28.63,52.36,28.24,0.3,3.78,537.4,1266892,279.3,81.0,44.13,20.95,27.36,Baixo
MUN_039,Macaé,SC,52,30.26,36.57,57.14,20.93,0.208,1.84,1193.0,2884712,202.2,68.0,41.96,27.04,33.57,Baixo
MUN_089,Salvador,SC,8,31.13,36.23,59.42,37.5,0.117,1.2,220.5,615023,388.9,57.8,69.74,58.93,29.31,Medio
MUN_101,Manaus,GO,43,26.29,29.92,73.31,37.35,0.289,0.0,1006.1,1729736,335.2,59.8,59.86,27.71,26.15,Baixo
MUN_150,Curitiba,PR,40,29.5,33.32,58.46,45.61,0.466,5.66,109.3,846152,66.6,73.9,41.6,47.78,29.77,Medio
MUN_196,Manaus,MG,6,27.92,33.99,67.16,22.46,0.419,1.4,1126.7,2446130,483.1,58.9,89.04,16.9,26.38,Baixo
MUN_065,Palmas,PR,12,22.73,29.54,80.7,51.69,0.215,9.27,823.8,2656518,315.7,64.0,61.75,44.75,25.01,Medio
MUN_078,Uberlândia,RN,35,30.04,33.31,58.59,20.13,0.281,0.58,652.0,2347700,317.8,64.0,71.23,14.17,27.0,Baixo
MUN_060,Belém,PR,4,28.34,32.84,67.4,73.23,0.195,2.96,134.6,499458,316.7,57.5,49.79,74.1,26.73,Medio
MUN_045,Fortaleza,MG,26,24.93,30.66,66.3,35.89,0.255,7.15,421.3,523898,233.1,76.3,48.18,34.08,24.6,Baixo
MUN_057,Natal,BA,38,21.86,25.99,46.2,16.3,0.203,2.31,175.1,1566370,293.4,68.6,47.75,7.44,21.73,Medio
MUN_029,Caxias do Sul,PA,45,29.41,35.72,67.54,29.81,0.269,4.13,262.9,2474110,57.0,91.9,0.35,36.6,25.41,Medio
MUN_034,Crato,BA,38,24.61,28.9,46.22,24.9,0.204,4.64,81.4,626077,498.6,53.0,68.19,13.46,22.26,Alto
MUN_062,Fortaleza,MG,36,21.48,27.45,58.28,64.32,0.271,4.95,170.0,739462,474.4,46.3,84.98,66.85,20.4,Alto
MUN_010,Sorocaba,AM,19,30.27,37.59,81.78,143.89,0.451,10.32,695.0,2154516,230.6,80.8,41.87,134.33,28.95,Medio
MUN_138,Macaé,SP,33,22.83,26.12,59.05,63.43,0.374,5.91,470.4,2618143,332.4,69.1,43.2,57.13,22.64,Medio
MUN_059,Palmas,PA,40,23.45,28.01,76.54,59.21,0.314,5.57,684.3,957853,244.0,79.1,42.87,57.0,25.53,Medio
MUN_086,Montes Claros,AM,27,22.96,26.82,63.41,16.58,0.211,0.0,781.4,1432800,207.2,74.1,49.3,4.2,21.52,Baixo
MUN_188,Crato,PE,4,28.94,35.02,55.3,30.1,0.451,4.64,109.3,263845,356.4,59.6,76.77,28.26,28.75,Alto
MUN_049,Crato,MG,29,25.88,28.92,61.83,33.55,0.335,3.79,896.0,2497007,482.1,47.2,84.44,38.49,25.42,Medio
MUN_004,Crato,BA,39,22.44,27.71,70.89,35.93,0.287,3.76,670.8,350056,417.3,61.9,68.1,26.8,25.13,Medio
MUN_091,Manaus,TO,42,23.36,29.65,59.54,50.9,0.349,6.18,798.0,862732,25.2,92.3,4.45,69.26,22.79,Baixo
MUN_101,Manaus,GO,43,26.29,29.92,73.31,37.35,0.289,0.0,1006.1,1729736,335.2,59.8,59.86,27.71,26.15,Baixo
MUN_172,Sorocaba,GO,41,19.4,24.18,76.73,65.83,0.405,5.02,820.7,2515026,483.1,73.0,66.75,61.67,18.84,Alto
MUN_139,Araguaína,RJ,28,22.07,25.85,51.16,28.27,0.298,4.97,917.9,2506663,255.4,85.6,48.96,45.41,23.26,Baixo
MUN_136,Macaé,TO,18,19.41,26.2,72.49,86.7,0.318,5.39,150.1,1910166,426.3,63.4,81.03,93.97,18.27,Alto
MUN_003,Caxias do Sul,RS,38,25.33,29.41,65.85,45.68,0.306,3.41,1000.6,1668874,314.3,58.9,61.56,49.7,23.11,Baixo
MUN_094,Goiânia,RN,37,26.27,31.34,77.7,54.53,0.307,6.1,225.4,2695681,174.8,81.6,35.58,48.21,25.69,Medio
MUN_024,Santos,SC,11,30.11,35.52,52.39,65.58,0.371,7.5,241.2,2817799,462.3,62.0,68.71,71.42,30.59,Alto
MUN_015,Goiânia,BA,11,26.22,32.52,73.58,29.76,0.23,2.6,503.8,2785386,302.4,67.4,68.09,15.39,25.79,Alto
MUN_083,Recife,RJ,6,18.62,22.33,63.58,20.9,0.213,2.69,799.0,2093477,346.6,62.8,66.73,43.29,18.09,Baixo
MUN_170,Curitiba,BA,43,34.09,38.35,81.41,118.66,0.437,8.88,109.7,2266380,330.3,81.9,55.05,105.8,31.5,Medio
MUN_186,Belém,PA,20,28.04,32.43,60.19,17.91,0.269,0.86,429.5,240008,472.6,54.9,57.78,10.91,24.39,Alto
MUN_049,Macaé,RN,13,19.42,23.61,69.78,88.84,0.449,4.35,779.0,1665353,479.0,59.4,61.14,86.75,19.24,Alto
MUN_078,Curitiba,CE,51,31.31,35.53,63.31,103.56,0.36,8.9,589.5,1666455,436.9,62.0,77.13,92.71,30.54,Alto
MUN_153,Fortaleza,AM,17,22.92,28.59,66.31,82.3,0.423,4.71,909.8,1612823,310.4,54.0,72.12,80.76,20.62,Alto
MUN_068,Ribeirão Preto,RJ,20,23.75,29.41,60.7,55.89,0.411,0.71,521.7,1559995,27.1,89.4,4.25,55.11,28.17,Baixo
MUN_109,Macaé,PR,17,24.04,31.1,51.75,29.33,0.3,4.02,575.8,1790111,248.2,72.0,36.41,20.2,18.67,Baixo
MUN_189,Curitiba,RS,31,30.08,34.16,53.71,57.6,0.326,4.27,382.6,2521989,412.0,61.5,73.8,33.18,32.45,Alto
MUN_193,Curitiba,SP,34,19.19,25.27,58.73,22.59,0.253,3.18,456.4,491523,400.0,62.2,73.12,21.49,18.53,Alto
MUN_156,Goiânia,AM,34,23.63,29.49,42.17,24.8,0.22,4.6,182.1,599220,334.5,64.4,44.6,21.91,23.94,Medio
MUN_073,Macaé,RN,15,28.19,32.32,83.08,117.57,0.359,9.37,561.3,2523808,170.8,78.0,39.53,125.31,31.96,Medio
MUN_078,Santos,RS,32,32.06,39.57,76.14,46.33,0.175,6.35,469.0,2989594,40.9,81.7,25.94,40.83,28.07,Baixo
MUN_109,Recife,AM,27,24.52,29.88,79.76,112.57,0.377,9.08,1117.2,1843282,370.8,63.2,62.7,99.09,23.1,Baixo
MUN_186,Santos,RS,17,24.17,28.78,66.0,40.44,0.371,4.0,1173.1,341487,481.3,45.2,75.43,55.99,23.85,Baixo
MUN_083,Natal,PE,43,27.96,30.62,66.99,50.03,0.19,7.8,1174.0,1905596,52.4,73.8,21.24,50.99,29.18,Baixo
MUN_029,Caxias do Sul,PA,45,29.41,35.72,67.54,29.81,0.269,4.13,262.9,2474110,57.0,91.9,0.35,36.6,25.41,Medio
MUN_159,Santos,PE,17,24.5,29.63,66.05,36.26,0.262,4.56,891.1,748864,62.1,72.0,15.26,35.52,23.04,Baixo
MUN_078,Itaquaquecetuba,SP,30,29.06,34.61,56.25,22.6,0.287,2.24,1107.7,2898524,462.0,52.0,58.31,28.59,28.39,Baixo
MUN_158,Crato,CE,37,32.44,37.45,64.65,83.33,0.308,5.14,971.3,2912154,426.3,55.7,73.03,81.83,32.27,Alto
MUN_170,Manaus,BA,50,27.1,32.59,72.45,54.61,0.219,3.58,264.0,1717611,82.8,79.1,15.56,60.93,25.85,Baixo
MUN_043,Belém,SP,49,26.31,33.19,60.39,15.07,0.405,3.7,408.9,1334931,186.9,89.6,13.56,1.69,27.19,Baixo
MUN_030,Campinas,PE,23,22.98,28.03,58.83,50.19,0.302,3.95,884.3,2515423,44.5,79.0,22.62,52.51,23.45,Baixo
MUN_192,Palmas,BA,50,26.91,30.55,68.62,48.49,0.359,5.62,269.1,783381,25.3,95.7,17.06,32.29,30.09,Baixo
MUN_048,Curitiba,PE,36,31.72,34.56,57.39,83.79,0.469,6.77,339.1,467656,54.0,77.5,19.86,76.98,30.27,Medio
MUN_032,Itaquaquecetuba,MG,41,26.43,32.89,77.58,96.21,0.396,6.44,810.6,1191527,268.8,76.6,49.4,109.8,30.96,Baixo
MUN_102,Fortaleza,SP,13,27.9,32.78,66.76,78.89,0.311,6.58,1197.6,216089,142.6,79.6,30.26,77.48,27.39,Baixo
MUN_122,Caxias do Sul,CE,4,27.52,31.08,61.87,73.83,0.252,4.66,836.3,469147,222.3,71.9,46.65,79.03,25.45,Baixo
MUN_051,Santos,MG,10,28.65,34.05,62.81,108.8,0.291,7.15,513.7,2053562,489.8,61.1,78.96,120.15,27.2,Alto
MUN_075,Natal,PA,29,22.94,28.34,58.56,52.35,0.258,5.02,214.8,1164980,432.2,63.8,44.1,54.51,20.89,Medio
MUN_180,Curitiba,SC,34,21.89,26.58,63.22,83.13,0.166,5.67,507.2,296364,492.1,80.0,67.66,83.02,22.14,Alto
MUN_152,Manaus,RS,36,26.02,30.97,62.98,65.01,0.233,6.2,423.3,583299,310.6,64.6,71.49,65.87,26.61,Alto
MUN_029,Itaquaquecetuba,TO,36,27.82,32.9,69.83,115.11,0.425,10.52,1044.0,58604,265.7,67.3,72.62,122.21,25.33,Baixo
MUN_085,Sorocaba,GO,14,22.52,27.98,56.7,57.44,0.13,2.21,890.4,1628100,159.9,85.0,24.31,31.93,21.35,Baixo
MUN_152,Montes Claros,MG,12,28.02,33.53,63.14,34.81,0.176,6.35,744.1,2768995,63.9,93.6,0.0,39.78,27.98,Baixo
MUN_193,Belém,PR,1,20.26,23.52,55.8,30.92,0.306,1.23,825.3,2968973,441.7,69.5,77.49,26.62,20.55,Medio
MUN_171,Ribeirão Preto,SP,10,25.95,32.67,68.45,57.6,0.268,2.67,455.3,1270553,390.8,45.8,70.86,44.51,25.3,Medio
MUN_178,Araguaína,PA,9,24.39,27.93,66.02,54.12,0.347,0.87,656.4,2341564,353.4,70.6,57.31,55.1,22.48,Medio
MUN_159,Ribeirão Preto,AM,21,23.23,27.87,77.27,64.58,0.525,5.04,538.1,1468858,53.4,85.8,29.24,47.27,22.97,Baixo
MUN_119,Fortaleza,AM,10,26.54,31.15,58.79,55.22,0.289,2.42,263.2,1750922,455.0,59.2,71.18,49.94,26.97,Alto
MUN_092,Campinas,RJ,6,28.26,32.18,51.16,26.51,0.251,3.09,1196.8,476365,294.3,60.8,64.17,25.2,26.93,Baixo
MUN_173,Uberlândia,PE,9,20.71,23.9,75.0,57.71,0.25,5.63,870.9,703657,310.7,71.9,44.3,64.75,19.72,Baixo
MUN_048,Macaé,RS,1,31.27,36.64,67.09,42.1,0.129,2.7,183.8,114324,73.5,89.9,0.0,40.92,31.76,Medio
MUN_003,Caxias do Sul,CE,42,32.26,36.07,65.94,42.07,0.203,4.92,596.6,2576057,493.8,55.1,73.73,50.52,35.52,Alto
MUN_050,Manaus,TO,14,24.29,30.19,57.87,33.35,0.292,5.04,778.3,1439746,408.2,56.8,67.33,32.53,18.46,Medio
MUN_145,Sorocaba,PA,22,31.81,35.31,73.36,100.06,0.405,5.21,952.9,668993,417.4,54.3,53.97,108.79,29.06,Medio
MUN_040,Montes Claros,RS,22,23.14,29.4,56.33,41.2,0.297,2.97,444.5,2098530,337.8,57.4,57.07,63.63,26.53,Medio
MUN_078,Fortaleza,RS,45,22.84,27.42,69.5,124.38,0.312,4.09,1079.3,2143072,390.3,55.8,72.18,131.25,24.64,Alto
MUN_191,Recife,MG,39,27.1,29.48,77.79,50.31,0.296,5.18,478.4,680841,236.8,70.3,50.39,54.32,28.56,Medio
MUN_117,Sorocaba,RN,10,19.58,25.01,68.27,80.79,0.3,3.94,274.5,2905032,394.9,63.0,53.0,88.5,25.23,Alto
MUN_084,Uberlândia,TO,45,23.24,29.06,43.61,24.36,0.197,1.49,766.1,2908304,379.4,50.7,66.53,12.86,25.45,Alto
MUN_011,Santos,PE,46,22.34,27.02,70.7,64.87,0.288,4.91,59.7,2480423,263.1,73.3,60.52,64.12,22.27,Medio
MUN_006,Crato,PE,51,25.27,29.54,71.69,60.03,0.285,7.33,52.1,2718134,226.1,68.2,52.0,57.09,26.44,Alto
MUN_018,Belém,TO,30,25.26,30.83,63.34,33.43,0.209,5.63,520.3,2722538,351.6,59.2,71.93,32.82,22.23,Alto
MUN_057,Fortaleza,GO,46,28.86,33.89,64.67,17.76,0.0,0.0,569.2,1250528,216.3,78.1,49.94,2.39,30.28,Baixo
MUN_049,Araguaína,RS,25,26.49,30.79,75.16,44.06,0.285,0.41,246.9,1805495,219.8,88.6,44.43,39.7,25.36,Alto
MUN_091,Curitiba,RS,1,31.67,35.39,61.54,58.0,0.324,3.03,855.6,2222614,444.4,57.7,70.88,61.19,32.23,Medio
MUN_153,Recife,BA,36,26.42,30.34,63.02,39.95,0.244,4.64,80.4,416793,367.4,69.4,48.16,53.15,27.09,Alto
MUN_010,Belém,PR,2,23.75,27.91,66.15,30.06,0.313,5.22,1092.2,2560164,421.1,62.5,59.42,30.06,24.55,Baixo
MUN_021,Belém,RJ,52,24.01,27.28,66.21,108.68,0.404,8.53,965.4,2268646,234.1,83.9,39.88,98.82,22.05,Baixo
MUN_057,Campinas,CE,39,27.81,33.53,73.08,40.97,0.2,4.31,27.8,887558,456.9,46.0,69.73,62.09,26.47,Medio
MUN_090,Caxias do Sul,RS,33,27.08,30.62,65.17,65.3,0.369,3.71,658.2,849618,385.5,60.2,59.54,59.44,28.48,Medio
MUN_131,Montes Claros,BA,39,27.47,32.89,56.85,58.77,0.494,5.73,92.2,780255,424.6,53.5,84.77,57.67,27.39,Alto
MUN_196,Fortaleza,SP,17,21.65,26.84,55.43,19.42,0.226,2.36,114.4,2108721,131.9,78.7,29.49,25.84,16.09,Medio
MUN_076,Crato,CE,16,23.5,29.74,61.95,70.57,0.347,5.54,268.9,1986267,107.0,67.1,53.27,70.52,20.39,Medio
MUN_172,Crato,RN,11,23.97,28.21,50.3,25.2,0.294,1.24,693.4,1814741,89.9,80.8,16.91,44.01,24.7,Baixo
MUN_184,Belém,PA,8,25.7,33.17,62.06,59.55,0.33,7.8,468.9,1910371,350.7,62.7,61.45,84.63,26.54,Alto
MUN_174,Curitiba,RS,4,25.83,32.13,55.49,29.77,0.3,3.41,610.0,420486,227.4,76.9,33.38,27.19,26.55,Baixo
MUN_090,Campinas,BA,26,28.58,33.86,63.29,40.36,0.22,6.03,527.7,1181620,249.9,67.7,48.99,50.41,26.18,Medio
MUN_080,Santos,SC,8,28.24,34.18,51.32,44.04,0.267,1.64,163.6,1542997,236.9,76.7,39.31,36.48,29.68,Alto
MUN_069,Recife,AM,3,26.0,31.9,54.97,59.35,0.236,5.28,534.0,521400,79.7,90.4,9.65,58.44,27.14,Baixo
MUN_174,Recife,GO,28,28.25,32.85,68.14,7.38,0.157,3.73,33.0,2905268,443.7,62.2,81.36,6.9,30.15,Medio
MUN_103,Caxias do Sul,TO,18,26.87,31.54,64.99,83.15,0.349,6.94,581.8,578700,333.1,68.4,36.07,81.84,23.88,Medio
MUN_168,Ribeirão Preto,RN,2,24.55,29.6,72.04,100.62,0.53,7.66,647.7,2421215,475.5,59.9,82.02,111.5,24.81,Alto
MUN_198,Caxias do Sul,RS,25,22.87,28.59,72.33,71.8,0.27,7.73,846.1,1656426,61.2,64.5,37.19,69.79,20.57,Baixo
MUN_117,Crato,PR,36,25.68,28.74,52.8,49.08,0.325,5.6,1192.6,1183262,118.8,86.9,17.53,31.2,20.55,Baixo
MUN_142,Santos,RS,10,23.01,29.63,61.69,25.24,0.513,4.47,627.8,2141709,435.9,70.3,48.43,30.92,20.95,Medio
MUN_059,Sorocaba,MG,19,27.01,31.8,64.55,17.74,0.236,5.0,160.0,2073739,169.4,79.3,26.64,16.59,27.91,Medio
MUN_043,Montes Claros,SP,26,25.79,30.6,58.62,68.31,0.382,5.99,915.7,1697336,393.9,67.2,48.55,62.87,24.18,Alto
MUN_107,Sorocaba,PR,3,26.45,32.88,82.24,60.51,0.346,5.0,90.8,2635480,37.6,78.0,24.06,58.65,24.32,Medio
MUN_053,Itaquaquecetuba,PE,48,22.65,28.67,69.06,134.41,0.394,6.96,164.5,2394607,30.1,82.7,20.78,140.2,24.42,Medio
MUN_129,Curitiba,TO,36,27.84,32.61,78.93,33.66,0.251,4.3,284.8,2586072,95.5,71.2,26.57,36.23,26.52,Medio
MUN_191,Salvador,CE,1,28.57,33.74,68.47,45.81,0.283,3.81,628.3,1525487,470.2,49.6,84.25,48.03,27.13,Medio
MUN_114,Araguaína,PR,34,28.85,32.42,70.9,40.69,0.257,0.16,828.5,157594,67.2,73.4,31.52,44.56,26.72,Baixo
MUN_088,Montes Claros,RN,48,26.22,33.71,80.77,79.2,0.361,5.08,67.5,1348115,386.8,41.8,89.37,85.26,28.03,Alto
MUN_056,Recife,PE,48,23.87,29.91,50.85,66.04,0.226,5.65,825.9,2639022,400.4,65.8,65.91,59.19,22.34,Alto
MUN_051,Uberlândia,AM,14,29.34,33.96,68.55,77.55,0.386,8.02,666.7,2314614,76.6,83.1,3.84,59.55,31.85,Baixo
MUN_131,Ribeirão Preto,SP,23,17.33,21.97,55.84,32.6,0.391,2.11,566.1,2038174,441.5,62.9,63.98,29.24,19.18,Alto
MUN_177,Montes Claros,PR,1,19.11,22.83,57.42,11.86,0.336,2.05,703.9,1338670,489.8,69.5,65.25,26.41,19.64,Medio
MUN_162,Natal,MG,3,27.63,34.93,55.23,24.54,0.203,2.8,305.8,208364,326.9,76.1,60.17,32.57,24.24,Medio
MUN_040,Palmas,AM,43,26.26,30.77,56.21,53.34,0.267,3.83,91.4,1981382,444.8,51.2,65.04,46.96,23.85,Medio
MUN_124,Uberlândia,BA,1,25.25,29.86,70.07,46.5,0.279,0.0,970.1,554583,80.4,82.3,26.15,46.5,25.79,Baixo
MUN_118,Sorocaba,AM,51,29.59,35.2,57.64,40.91,0.236,4.42,478.4,613080,375.3,66.2,47.45,37.38,29.58,Medio
MUN_118,Itaquaquecetuba,CE,33,27.99,33.0,76.28,120.59,0.454,10.37,1029.5,1435491,111.1,68.3,55.13,118.43,28.13,Baixo
MUN_010,Manaus,AM,23,24.5,30.29,54.09,26.88,0.424,1.15,546.6,953190,151.5,66.1,29.75,20.22,25.24,Baixo
MUN_157,Natal,RS,25,19.93,23.92,54.53,23.81,0.198,4.09,330.8,2882070,385.2,50.1,69.16,30.88,21.11,Alto
MUN_088,Ribeirão Preto,BA,18,34.44,39.29,60.62,106.99,0.488,8.96,1125.2,2836699,422.6,60.6,95.02,103.08,35.85,Alto
MUN_083,Campinas,PE,5,23.71,29.37,68.64,59.77,0.359,6.43,291.8,950581,85.2,83.1,29.14,66.56,21.18,Medio
MUN_145,Natal,PA,1,22.91,26.71,65.13,44.18,0.293,1.93,366.7,2109196,223.2,84.7,27.38,33.94,23.35,Medio
MUN_141,Fortaleza,AM,44,32.95,35.85,75.18,89.41,0.351,4.45,208.2,391986,191.6,69.6,57.6,85.33,34.03,Alto
MUN_014,Uberlândia,RJ,36,29.11,34.41,70.84,168.05,0.38,10.5,139.6,2700803,228.8,83.3,46.06,163.18,28.15,Medio
MUN_200,Fortaleza,TO,36,29.7,32.23,76.72,159.71,0.49,7.1,550.7,352429,375.6,66.3,80.34,162.68,32.54,Alto
MUN_025,Salvador,GO,36,26.27,31.71,80.23,73.1,0.346,8.92,574.3,2782351,86.7,76.1,30.39,54.96,24.82,Baixo
MUN_129,Curitiba,TO,36,27.84,32.61,78.93,33.66,0.251,4.3,284.8,2586072,95.5,71.2,26.57,36.23,26.52,Medio
MUN_039,Macaé,RS,32,26.67,31.59,66.49,64.11,0.314,5.58,679.0,625188,480.3,62.8,67.16,65.33,28.6,Medio
MUN_086,Goiânia,RS,4,24.39,27.62,61.31,62.88,0.271,5.24,323.4,2151413,37.4,82.7,16.6,58.29,25.01,Baixo
MUN_045,Salvador,SC,18,32.62,37.33,50.9,15.27,0.386,2.27,898.7,1422695,141.0,72.9,31.55,13.25,32.16,Baixo
MUN_096,Ribeirão Preto,SP,21,30.65,35.7,63.67,43.14,0.285,4.52,352.2,1721457,307.4,67.0,59.76,32.04,34.14,Alto
MUN_048,Campinas,PR,45,16.2,20.47,77.51,66.67,0.351,6.97,129.7,671837,472.7,55.2,73.73,59.45,13.33,Medio
MUN_168,Montes Claros,SC,46,24.57,28.66,70.5,38.13,0.331,7.98,931.5,2435010,200.0,77.4,22.83,48.36,22.63,Baixo
MUN_018,Crato,PA,22,23.58,28.14,56.06,11.26,0.301,0.49,626.1,615273,240.1,68.7,20.13,-1.09,21.45,Baixo
MUN_023,Belém,PE,15,33.52,39.72,85.83,67.0,0.3,4.95,356.9,2551611,481.3,52.7,58.48,51.42,38.61,Alto
MUN_189,Palmas,PA,45,23.04,27.99,63.17,33.03,0.327,4.39,167.2,1102707,436.4,70.6,58.13,30.31,24.98,Alto
MUN_100,Manaus,AM,6,23.02,31.15,69.06,59.7,0.405,2.94,78.8,390311,494.6,58.1,90.54,45.42,22.34,Alto
MUN_185,Santos,PA,50,27.71,33.65,56.0,19.18,0.233,3.63,1046.7,594797,334.5,63.4,50.79,9.96,28.49,Baixo
MUN_172,Belém,PA,20,27.05,33.2,67.93,28.62,0.263,4.2,564.3,2638620,475.8,48.3,70.33,7.82,25.63,Alto
MUN_199,Santos,PA,51,21.64,26.96,56.89,28.25,0.284,5.53,394.5,2924285,42.7,98.3,10.5,25.2,20.6,Baixo
MUN_030,Curitiba,PR,11,26.29,31.95,66.18,58.65,0.353,6.92,772.7,1676947,323.4,67.1,64.84,61.6,21.81,Alto
MUN_110,Palmas,SP,52,23.46,27.53,72.57,123.4,0.608,10.47,1173.6,502096,487.4,47.5,91.66,141.08,25.24,Alto
MUN_184,Sorocaba,RS,38,27.08,32.4,66.46,44.13,0.436,2.22,90.4,2953726,360.6,65.8,61.98,35.56,25.02,Medio
MUN_198,Campinas,BA,27,22.7,28.94,73.98,21.5,0.283,4.3,938.2,744490,481.4,53.3,86.31,18.39,21.63,Alto
MUN_152,Curitiba,TO,35,24.29,29.07,63.76,51.27,0.224,5.99,350.0,2216560,363.2,61.1,65.72,35.62,24.29,Medio
MUN_127,Salvador,RN,16,21.88,28.11,88.08,177.53,0.529,7.8,443.4,1567313,299.9,61.8,46.2,171.91,22.77,Medio
MUN_088,Caxias do Sul,MG,30,24.24,31.34,67.81,20.4,0.271,1.43,622.4,1986778,141.3,95.2,21.43,28.91,24.6,Baixo
MUN_153,Araguaína,GO,51,25.78,30.74,95.8,88.84,0.235,6.31,97.9,984936,24.1,92.9,25.77,94.36,26.55,Medio
MUN_198,Salvador,PA,50,26.23,31.58,68.18,134.82,0.489,10.02,190.0,883180,391.2,58.0,74.47,123.88,26.24,Alto
MUN_141,Caxias do Sul,PR,10,22.3,26.06,72.65,56.66,0.379,3.98,322.7,1340379,188.7,67.3,10.71,61.9,21.77,Medio
MUN_051,Campinas,SP,23,31.12,36.01,70.24,73.47,0.476,2.99,692.0,347443,469.2,66.4,90.36,76.05,33.75,Medio
MUN_052,Macaé,RN,16,22.09,27.1,67.42,23.3,0.257,0.63,830.8,1453812,375.6,56.8,59.94,16.03,24.06,Alto
MUN_143,Fortaleza,RJ,31,25.33,31.11,56.34,64.68,0.213,5.79,890.2,1968624,411.9,59.9,43.96,62.79,24.91,Alto
MUN_059,Sorocaba,RS,48,19.09,23.45,64.53,38.45,0.018,3.02,863.8,644972,455.3,50.9,60.21,42.68,22.72,Alto
MUN_076,Recife,PE,5,25.68,32.45,70.5,24.86,0.101,5.72,355.8,2525617,84.0,80.7,26.12,17.27,25.62,Medio
MUN_115,Ribeirão Preto,TO,1,24.82,29.44,61.86,41.09,0.354,2.58,8.3,1320543,153.2,83.0,27.41,31.09,24.85,Medio
MUN_017,Salvador,SP,23,31.34,36.52,57.4,71.59,0.166,7.45,419.5,442114,294.4,73.7,60.87,85.71,31.59,Medio
MUN_162,Campinas,RS,12,21.96,28.01,65.9,39.91,0.143,6.3,400.7,100243,341.2,62.6,66.68,35.57,21.64,Alto
MUN_110,Macaé,PA,15,26.9,31.79,74.06,69.42,0.276,5.44,301.7,2265173,459.1,55.4,89.32,67.66,24.47,Alto
MUN_042,Uberlândia,PE,29,28.51,33.0,75.5,36.86,0.32,7.11,351.2,1062991,377.1,66.1,58.43,26.1,27.95,Medio
MUN_093,Recife,PE,20,29.65,34.46,60.73,27.08,0.352,0.94,1107.3,1076172,230.5,64.3,33.14,13.66,28.69,Baixo
MUN_057,Itaquaquecetuba,PE,39,24.32,28.42,46.07,26.87,0.262,5.1,1107.8,1282770,327.4,87.8,65.99,5.17,24.05,Baixo
MUN_034,Ribeirão Preto,MG,15,25.86,28.55,54.77,17.91,0.175,3.92,150.9,2622724,116.2,74.1,22.03,-3.61,24.4,Medio
MUN_156,Manaus,GO,5,28.04,32.18,69.32,41.05,0.266,6.3,706.4,1168616,386.4,57.7,58.32,19.85,27.2,Alto
MUN_077,Palmas,PR,23,23.64,30.76,63.89,51.53,0.388,3.69,706.7,221498,320.4,64.6,57.29,40.75,25.37,Alto
MUN_181,Macaé,SC,29,18.51,23.37,76.39,47.51,0.458,6.71,237.1,1147406,146.9,83.5,48.4,45.7,19.69,Medio
MUN_192,Caxias do Sul,PA,25,27.53,33.36,73.38,26.34,0.201,0.19,370.6,1294927,487.0,43.6,79.28,1.73,29.17,Alto
MUN_034,Natal,PR,2,27.96,30.6,66.2,17.43,0.219,2.89,1006.8,1456333,294.3,66.4,48.36,17.67,26.32,Baixo
MUN_020,Salvador,BA,1,18.82,23.95,53.27,62.79,0.327,1.84,679.1,125339,431.9,48.3,78.37,54.16,19.38,Medio
MUN_124,Itaquaquecetuba,PR,4,26.05,29.25,76.0,51.87,0.375,5.45,829.5,2775397,229.7,89.0,23.11,53.29,25.37,Baixo
MUN_145,Natal,SC,44,27.09,31.79,55.07,50.55,0.355,5.85,141.8,1592370,319.2,77.7,29.15,48.74,29.27,Medio
MUN_054,Recife,TO,24,25.9,31.74,55.79,11.55,0.199,3.35,415.1,1422849,265.0,80.1,58.84,9.23,23.34,Alto
MUN_070,Montes Claros,RS,9,27.3,32.78,64.05,14.11,0.305,1.97,609.8,601332,189.4,72.3,16.89,24.29,27.64,Baixo
MUN_033,Manaus,CE,10,22.28,26.27,68.04,48.92,0.234,5.3,116.0,2074733,182.9,66.9,30.92,52.44,22.77,Alto
MUN_078,Ribeirão Preto,CE,4,25.39,32.02,61.26,64.6,0.297,6.34,540.5,542195,478.1,51.9,71.82,70.27,25.7,Alto
MUN_045,Goiânia,PE,47,20.51,26.39,79.88,25.9,0.114,4.75,135.8,1009352,130.7,81.9,19.51,26.06,21.8,Medio
MUN_144,Goiânia,PR,11,23.76,30.15,57.07,44.8,0.245,6.05,207.3,793524,277.5,68.3,62.55,16.4,24.27,Alto
MUN_137,Montes Claros,PR,17,19.56,24.68,63.88,87.62,0.223,5.1,172.6,1829662,487.7,65.4,64.2,89.27,16.67,Alto
MUN_110,Manaus,RJ,17,31.63,36.29,74.22,88.66,0.461,7.38,446.9,1792380,22.0,89.2,27.49,72.7,31.17,Baixo
MUN_176,Crato,RJ,29,24.3,29.33,62.46,60.33,0.308,7.76,178.0,2588319,415.3,48.4,69.78,51.19,25.88,Alto
MUN_134,Natal,TO,27,21.83,26.85,65.45,52.6,0.315,1.22,167.0,2670632,295.1,55.9,58.1,40.75,22.0,Medio
MUN_051,Uberlândia,AM,6,30.62,36.29,74.98,27.47,0.083,2.18,238.8,2045791,194.1,76.5,44.12,25.6,26.24,Medio
MUN_102,Caxias do Sul,SP,27,26.24,30.24,45.31,16.55,0.2,6.9,33.3,501597,331.1,72.7,38.78,19.03,26.97,Medio
MUN_126,Fortaleza,AM,35,27.9,33.19,71.9,68.0,0.325,8.23,564.0,2362609,431.5,48.0,69.56,65.28,28.71,Alto
MUN_036,Itaquaquecetuba,SP,4,24.95,29.67,76.08,93.61,0.475,4.11,723.2,1442309,203.0,78.3,55.68,103.72,25.14,Medio
MUN_105,Belém,CE,28,30.26,34.74,66.12,42.04,0.298,5.95,315.9,557629,282.1,69.5,47.74,32.91,29.65,Medio
MUN_162,Natal,PE,40,26.37,32.04,66.52,42.36,0.387,7.22,363.3,1828167,389.1,70.4,49.49,54.4,28.02,Medio
MUN_004,Ribeirão Preto,PA,44,30.73,37.5,80.07,67.23,0.414,5.29,499.0,2025507,253.5,73.7,56.45,68.6,31.92,Alto
MUN_147,Macaé,RJ,13,28.78,34.21,54.41,13.27,0.181,2.19,519.4,2895615,285.9,63.1,59.37,16.73,29.19,Medio
MUN_141,Sorocaba,PR,48,26.14,33.07,76.86,69.81,0.392,8.11,346.8,942958,436.0,51.1,73.81,72.7,27.04,Alto
MUN_112,Caxias do Sul,PA,42,29.6,35.43,53.18,45.11,0.219,6.23,202.9,432311,145.4,79.3,28.76,59.16,30.45,Medio
MUN_005,Araguaína,SP,41,19.78,25.15,69.28,62.36,0.341,5.09,422.0,2275349,231.0,85.2,34.3,51.14,20.8,Alto
MUN_062,Campinas,RJ,11,25.92,28.21,59.67,46.77,0.281,4.08,776.5,320534,138.9,88.6,37.54,45.46,24.9,Baixo
MUN_138,Uberlândia,PR,22,22.31,27.38,42.03,23.11,0.1,4.91,243.0,326107,484.7,56.0,65.01,22.36,22.63,Alto
MUN_074,Sorocaba,MG,17,30.95,36.48,54.21,80.52,0.409,1.95,523.3,1909537,423.7,63.9,64.89,72.89,31.14,Alto
MUN_088,Uberlândia,TO,34,30.43,36.38,63.83,7.39,0.21,2.13,132.1,1574307,124.8,83.9,40.21,-12.53,31.77,Baixo
MUN_115,Salvador,SC,45,21.43,25.07,53.32,31.26,0.229,4.46,275.1,2532386,331.1,48.1,37.3,8.91,24.14,Alto
MUN_051,Caxias do Sul,AM,17,30.46,34.27,75.71,64.09,0.329,5.28,58.4,1121651,459.6,50.7,62.7,58.14,26.53,Medio
MUN_156,Sorocaba,GO,23,28.29,34.18,78.08,81.7,0.299,5.9,560.0,1022957,188.2,75.9,39.71,78.85,29.45,Alto
MUN_100,Crato,RJ,27,28.68,34.81,82.3,117.21,0.61,6.87,40.2,1370925,464.6,51.3,81.45,128.22,28.06,Alto
MUN_149,Manaus,BA,51,26.62,31.71,78.76,52.75,0.366,5.04,687.2,1356804,314.2,58.0,59.22,43.63,25.89,Alto
MUN_012,Araguaína,RJ,20,23.44,27.16,58.25,35.17,0.353,2.71,888.3,1129930,405.1,64.8,64.44,49.88,23.95,Baixo
MUN_195,Curitiba,SP,24,25.48,29.91,56.62,19.23,0.264,7.2,1043.2,2629385,326.5,69.4,54.8,24.04,26.03,Baixo
MUN_081,Natal,BA,20,32.72,36.12,63.06,27.15,0.298,3.9,647.6,381087,471.4,64.3,69.32,32.13,32.19,Medio
MUN_077,Uberlândia,CE,3,26.25,31.27,68.69,78.79,0.459,7.02,280.5,865483,369.2,38.8,67.39,81.62,30.46,Alto
MUN_172,Crato,GO,42,26.48,33.34,60.07,104.19,0.455,6.43,406.3,797581,427.8,57.5,78.98,91.51,27.83,Alto
MUN_033,Ribeirão Preto,MG,22,31.68,37.38,60.76,28.67,0.185,2.42,808.2,638961,279.7,64.9,54.73,26.83,34.21,Baixo
MUN_143,Sorocaba,BA,3,24.2,29.87,67.39,55.95,0.47,3.23,764.0,630128,305.7,66.6,85.99,52.82,21.28,Baixo
MUN_141,Araguaína,PA,41,24.43,29.38,47.52,27.41,0.309,0.0,2.9,1745559,404.7,63.9,44.2,24.88,23.42,Medio
MUN_023,Natal,RJ,29,20.7,26.48,58.73,54.11,0.308,4.45,1165.5,998813,70.6,91.4,9.31,42.15,23.66,Baixo
MUN_100,Campinas,SC,41,22.67,29.49,54.95,25.87,0.378,1.33,242.6,390615,265.0,81.9,43.35,33.68,22.91,Alto
MUN_036,Ribeirão Preto,SC,38,29.08,34.68,71.64,14.23,0.386,1.32,558.2,1410935,457.9,50.8,64.55,27.18,30.16,Alto
MUN_047,Ribeirão Preto,PR,22,24.46,31.1,55.74,46.19,0.392,6.72,71.5,2526164,260.6,71.0,56.01,56.76,25.9,Alto
MUN_160,Montes Claros,RS,2,33.05,37.9,73.35,85.78,0.265,5.78,1194.3,2933769,179.7,75.3,40.09,90.52,33.5,Baixo
MUN_103,Uberlândia,PE,4,29.71,32.53,68.09,40.89,0.246,5.25,1140.2,387427,83.0,96.1,9.98,31.37,31.95,Baixo
MUN_065,Salvador,PR,52,25.36,29.74,55.19,40.28,0.222,2.45,375.0,1444697,151.3,80.8,31.48,34.7,27.63,Baixo
MUN_119,Ribeirão Preto,CE,26,28.35,32.9,64.27,127.62,0.399,7.79,928.7,1180179,401.5,74.0,64.54,114.73,31.53,Medio
MUN_017,Uberlândia,RS,20,25.21,30.01,60.91,46.3,0.33,1.03,332.1,146353,271.3,63.8,44.55,35.69,23.52,Medio
MUN_173,Montes Claros,BA,13,23.91,28.25,58.47,25.61,0.173,2.91,424.1,1817360,208.9,64.4,33.2,18.37,23.14,Baixo
MUN_052,Montes Claros,RS,42,27.54,31.07,67.45,81.95,0.503,7.73,322.7,1485424,275.5,74.1,33.92,82.3,24.89,Alto
MUN_121,Itaquaquecetuba,BA,12,31.01,36.02,67.16,40.16,0.246,5.29,1133.0,163684,277.6,74.6,59.47,45.15,31.4,Baixo
MUN_140,Palmas,RS,19,25.73,30.04,78.6,45.93,0.338,2.88,321.4,514827,317.5,68.9,61.05,41.24,25.5,Medio
MUN_170,Natal,PA,20,23.26,29.25,61.49,48.25,0.323,4.42,189.4,1854488,99.3,65.1,30.66,56.18,18.78,Medio
MUN_009,Palmas,GO,5,26.13,30.46,55.22,44.29,0.203,6.71,194.5,2626866,91.2,96.9,14.94,45.78,26.37,Medio
MUN_101,Fortaleza,MG,12,28.46,32.6,47.21,12.23,0.362,0.39,1145.5,2991171,324.6,70.8,53.38,7.17,31.95,Baixo
MUN_101,Fortaleza,MG,12,28.46,32.6,47.21,12.23,0.362,0.39,1145.5,2991171,324.6,70.8,53.38,7.17,31.95,Baixo
MUN_091,Uberlândia,AM,38,26.04,30.71,64.79,32.4,0.239,4.72,169.2,400667,387.8,65.3,58.85,49.7,22.69,Alto
MUN_057,Macaé,RJ,37,26.82,32.45,68.38,73.74,0.308,4.98,311.5,1781334,409.2,69.3,62.89,78.85,25.36,Alto
MUN_137,Sorocaba,PE,14,26.31,30.72,55.5,28.04,0.288,4.13,900.6,203530,190.5,80.8,30.39,40.68,24.5,Baixo
MUN_032,Uberlândia,MG,49,27.99,33.2,67.03,73.81,0.398,5.75,886.2,2368817,225.3,89.5,30.7,67.78,28.78,Baixo
MUN_069,Natal,SP,42,26.91,31.72,73.6,81.1,0.452,7.14,1132.2,691660,486.2,45.4,104.31,90.58,23.02,Alto
MUN_113,Montes Claros,RJ,9,27.7,31.99,62.81,9.1,0.093,5.41,1196.0,593092,418.5,52.1,51.13,10.91,23.08,Baixo
MUN_176,Araguaína,GO,52,29.96,33.56,65.45,39.13,0.256,1.61,471.8,1395818,61.2,67.4,17.18,39.9,29.78,Baixo
MUN_053,Araguaína,BA,26,23.16,28.54,84.58,120.38,0.49,8.41,417.9,2121367,164.7,85.0,42.82,113.79,22.92,Medio
MUN_145,Goiânia,RN,25,28.32,34.79,55.97,35.31,0.19,2.77,1047.5,1531922,329.5,56.1,60.21,43.33,30.38,Baixo
MUN_167,Recife,PA,27,27.03,30.92,64.43,37.65,0.339,8.2,443.8,2997086,267.2,66.3,55.8,42.64,28.94,Medio
MUN_028,Crato,RJ,49,23.83,28.93,69.69,93.97,0.499,6.58,412.8,2872516,450.8,61.2,84.24,93.71,22.42,Alto
MUN_107,Fortaleza,TO,36,31.99,37.62,60.14,23.74,0.247,1.32,22.6,1635275,212.5,87.1,18.71,23.92,33.84,Medio
MUN_173,Uberlândia,PE,9,20.71,23.9,75.0,57.71,0.25,5.63,870.9,703657,310.7,71.9,44.3,64.75,19.72,Baixo
MUN_190,Campinas,PR,2,25.01,30.65,69.47,61.15,0.277,6.06,966.5,829740,445.7,65.4,57.68,63.83,28.66,Alto
MUN_016,Recife,SP,29,27.34,32.84,56.04,67.75,0.309,5.88,380.8,1259417,434.7,50.6,63.45,57.69,28.64,Alto
MUN_081,Itaquaquecetuba,CE,42,28.73,32.44,54.04,37.63,0.119,4.7,1164.9,2657694,50.8,98.9,11.27,29.32,27.7,Baixo
MUN_045,Palmas,PA,6,29.54,31.72,60.71,16.41,0.306,3.03,203.1,506734,60.2,75.6,11.27,36.34,28.04,Medio
MUN_156,Natal,SC,34,31.12,35.09,69.38,47.22,0.306,4.57,923.0,2011364,432.6,42.3,67.04,51.71,29.36,Alto
MUN_054,Sorocaba,RN,45,25.09,31.27,46.64,29.33,0.396,1.85,338.1,174853,320.1,67.2,64.44,6.17,26.53,Alto
MUN_047,Itaquaquecetuba,PE,3,25.72,28.78,61.27,86.36,0.227,6.78,266.9,322120,147.4,67.0,45.44,98.14,27.21,Medio
MUN_033,Recife,AM,37,19.42,24.37,81.79,46.69,0.36,6.59,398.4,547022,261.3,73.6,36.59,55.81,19.18,Medio
MUN_124,Natal,BA,37,22.51,27.06,51.81,42.1,0.203,7.02,221.5,369166,323.7,74.1,43.07,42.78,21.05,Medio
MUN_084,Caxias do Sul,PR,43,33.33,37.62,70.0,41.54,0.09,5.08,578.0,2766824,382.7,59.8,63.01,31.14,32.75,Medio
MUN_088,Goiânia,RN,35,28.9,33.73,76.04,63.98,0.269,8.52,208.4,1186587,155.8,63.1,33.92,55.08,27.08,Alto
MUN_141,Araguaína,PE,41,27.08,33.28,80.97,14.29,0.221,5.31,480.6,1249234,122.3,77.6,32.72,22.27,26.97,Baixo
MUN_159,Recife,CE,12,25.12,26.97,63.27,59.63,0.3,6.33,502.5,875311,379.9,69.8,55.05,51.76,23.58,Alto
MUN_103,Recife,BA,30,24.89,30.32,71.99,84.8,0.309,2.99,302.1,647947,119.3,61.7,28.59,80.92,26.45,Medio
MUN_154,Salvador,AM,12,32.03,35.32,62.72,12.31,0.269,1.59,720.5,723996,218.7,62.7,50.69,-1.73,31.62,Baixo
MUN_193,Crato,SP,27,24.95,29.01,54.94,20.11,0.237,5.85,988.7,1857564,329.7,57.2,39.97,12.02,24.19,Baixo
MUN_121,Macaé,RJ,7,22.37,24.92,55.49,12.92,0.176,5.47,69.1,1988549,349.1,50.5,77.19,16.6,20.78,Alto
MUN_182,Ribeirão Preto,TO,28,28.84,35.06,55.92,73.82,0.312,6.65,684.9,115422,64.6,74.6,36.42,74.26,29.89,Baixo
MUN_053,Araguaína,SC,3,26.59,32.73,46.8,71.47,0.384,3.15,399.8,178303,170.7,63.4,43.59,58.88,27.58,Medio
MUN_025,Recife,RJ,14,22.01,27.13,45.43,17.11,0.243,4.18,1012.4,1390293,303.9,65.8,29.01,13.53,22.58,Baixo
MUN_105,Caxias do Sul,GO,51,25.72,31.39,46.16,21.0,0.231,4.21,852.7,1057262,186.0,75.7,21.03,15.77,27.01,Baixo
MUN_049,Santos,BA,27,26.57,33.18,73.9,45.37,0.228,4.82,452.5,779515,345.4,66.3,55.7,48.76,27.12,Alto
MUN_124,Uberlândia,RJ,44,26.63,31.27,66.45,38.95,0.225,4.67,271.4,2715899,486.1,51.2,70.01,48.9,25.14,Alto
MUN_178,Manaus,SP,50,28.23,33.29,61.13,26.0,0.422,2.44,137.9,279162,488.3,62.2,104.21,18.04,30.17,Alto
MUN_001,Goiânia,PR,51,26.01,29.83,78.19,142.6,0.449,10.17,1058.7,1087390,332.2,58.5,70.02,139.3,27.0,Alto
MUN_194,Manaus,PR,40,35.95,40.46,58.19,44.6,0.368,3.15,1050.7,864443,139.0,100.0,18.0,42.88,38.99,Baixo
MUN_028,Palmas,TO,12,23.01,28.06,57.78,42.87,0.312,6.74,451.5,2586289,364.1,73.4,59.27,8.5,20.37,Alto
MUN_085,Natal,PA,49,25.1,31.77,65.0,12.86,0.292,0.0,354.8,1036299,223.4,65.1,52.16,29.6,22.94,Alto
MUN_009,Santos,TO,6,24.1,29.2,63.81,67.41,0.387,6.13,184.6,1194425,397.7,66.3,76.19,52.4,24.09,Alto
MUN_198,Crato,MG,9,24.93,28.28,62.25,20.23,0.226,4.78,380.1,870652,288.6,65.2,37.6,15.58,23.95,Medio
MUN_067,Campinas,CE,39,24.33,28.99,64.56,30.73,0.335,4.4,259.4,2910014,176.8,75.2,47.21,47.95,19.84,Medio
MUN_112,Fortaleza,SP,52,29.01,33.11,74.3,53.89,0.332,2.37,178.8,1849862,187.2,75.4,38.44,65.67,27.27,Medio
MUN_070,Montes Claros,AM,22,18.65,21.22,52.22,49.6,0.304,6.11,676.8,2767822,423.6,51.4,79.89,55.7,18.39,Alto
MUN_111,Santos,RJ,6,23.69,28.05,53.71,15.33,0.147,2.12,331.5,843786,267.7,75.6,43.05,13.1,25.24,Medio
MUN_146,Fortaleza,TO,42,28.24,32.7,63.66,29.93,0.205,3.12,467.7,1466240,487.2,46.4,91.38,8.47,27.07,Alto
MUN_149,Uberlândia,SC,18,22.17,25.93,65.41,44.81,0.289,4.37,68.5,2247541,179.2,72.5,45.22,60.99,23.26,Medio
MUN_003,Macaé,SC,29,33.45,38.45,67.44,54.52,0.15,7.5,35.3,2009701,163.5,77.7,48.14,39.54,33.16,Alto
MUN_132,Caxias do Sul,TO,32,26.33,30.42,78.12,115.4,0.425,5.77,699.8,1804114,344.9,67.7,41.12,127.24,28.59,Medio
MUN_063,Ribeirão Preto,RS,51,25.87,29.75,65.01,29.15,0.135,3.89,1160.2,2405561,266.4,68.4,57.23,24.1,26.82,Baixo
MUN_005,Salvador,AM,25,22.31,24.95,56.98,72.56,0.338,7.58,105.3,1619981,474.1,44.1,65.8,76.69,17.8,Alto
MUN_111,Campinas,PE,43,22.84,27.23,67.12,49.09,0.291,5.75,746.4,1876566,393.2,52.8,86.38,53.37,24.89,Alto
MUN_005,Natal,AM,47,24.65,28.49,71.58,36.36,0.318,0.0,704.6,2316071,283.4,72.3,37.75,33.51,21.22,Baixo
MUN_168,Santos,GO,13,29.09,33.69,71.61,50.77,0.251,1.75,575.3,1018155,436.7,67.4,62.82,51.61,28.44,Medio
MUN_019,Campinas,PA,2,15.32,20.44,69.85,57.87,0.261,7.06,1014.2,516217,137.7,90.4,16.72,54.77,15.02,Baixo
MUN_166,Araguaína,SP,47,24.32,27.11,69.87,91.04,0.258,5.36,213.3,2249220,75.1,83.9,12.1,95.25,21.9,Medio
MUN_179,Palmas,SP,48,25.4,32.18,64.08,64.38,0.34,6.1,386.7,417190,393.0,64.1,75.48,67.57,22.48,Alto
MUN_057,Salvador,MG,33,27.21,32.84,60.34,93.64,0.439,6.27,863.3,678839,334.8,58.0,75.61,82.1,27.27,Alto
MUN_026,Manaus,GO,17,29.81,33.07,84.1,121.38,0.414,10.39,689.5,2511379,28.4,87.0,12.32,128.54,27.92,Baixo
MUN_172,Macaé,PR,39,27.46,33.94,75.44,78.12,0.24,4.43,691.3,641270,409.2,67.5,57.55,71.43,28.0,Medio
MUN_091,Montes Claros,PA,49,29.07,33.34,68.34,20.6,0.092,3.49,638.5,1984168,322.3,69.6,54.27,31.46,26.75,Alto
MUN_187,Manaus,RN,20,22.22,28.12,83.12,106.45,0.341,7.1,1162.5,1973896,478.3,58.0,73.83,102.31,19.5,Alto
MUN_103,Caxias do Sul,TO,18,26.87,31.54,64.99,83.15,0.349,6.94,581.8,578700,333.1,68.4,36.07,81.84,23.88,Medio
MUN_079,Natal,AM,30,27.37,34.11,49.21,21.15,0.215,3.07,237.3,1166123,458.5,47.3,70.45,17.1,30.92,Medio
MUN_139,Fortaleza,AM,33,19.18,25.49,71.67,38.99,0.195,4.91,697.7,2967433,87.2,83.2,30.19,33.55,20.12,Baixo
MUN_013,Natal,MG,11,26.09,29.9,56.42,16.97,0.271,2.07,1141.4,55364,29.0,77.3,31.76,6.57,23.25,Baixo
MUN_147,Santos,MG,31,23.29,27.63,60.46,37.76,0.27,5.12,457.0,2913521,253.9,64.4,45.76,20.47,21.4,Medio
MUN_018,Campinas,RS,52,20.1,24.96,81.0,133.52,0.442,7.53,480.2,1364108,446.1,71.5,75.09,146.3,17.29,Alto
MUN_196,Uberlândia,GO,23,30.13,33.21,68.98,66.01,0.443,7.05,746.0,229063,298.3,81.3,33.87,64.66,30.37,Baixo
MUN_005,Manaus,SC,21,28.45,33.19,60.31,14.36,0.288,1.52,1128.7,1860931,129.8,87.8,14.37,23.58,29.56,Baixo
MUN_101,Fortaleza,CE,12,33.18,38.15,72.24,85.9,0.427,3.7,948.8,1850130,350.8,57.9,54.91,98.55,31.42,Medio
MUN_007,Caxias do Sul,RS,24,22.32,27.94,68.45,43.76,0.485,6.08,982.2,1505221,428.0,57.6,64.94,52.55,23.06,Baixo
MUN_182,Santos,RS,29,26.54,31.2,56.03,19.57,0.331,1.63,282.3,2391067,203.7,78.0,27.59,10.87,29.05,Baixo
MUN_004,Natal,MG,35,22.07,27.93,66.71,39.92,0.117,2.06,500.6,1941785,306.6,64.2,59.71,49.6,21.59,Alto
MUN_147,Santos,MG,31,23.29,27.63,60.46,37.76,0.27,5.12,457.0,2913521,253.9,64.4,45.76,20.47,21.4,Medio
MUN_117,Belém,GO,1,25.37,29.75,80.67,83.21,0.328,0.1,204.8,268715,391.1,66.3,53.69,104.79,30.17,Medio
MUN_095,Recife,PE,43,28.98,34.01,67.28,69.11,0.061,7.39,225.8,85030,426.1,50.1,70.74,73.25,32.31,Medio
MUN_148,Campinas,SP,32,23.4,27.84,60.69,51.05,0.186,8.71,636.2,802879,256.6,70.4,45.75,48.12,23.46,Medio
MUN_160,Campinas,AM,9,32.01,36.98,68.06,33.45,0.311,4.01,993.2,451585,80.4,77.2,5.11,34.74,34.01,Baixo
MUN_054,Caxias do Sul,SC,13,22.37,26.06,60.14,24.49,0.182,4.74,900.5,362434,425.6,67.0,76.23,17.13,25.67,Medio
MUN_132,Natal,TO,46,29.97,34.61,60.57,26.32,0.258,2.92,660.7,2453456,450.9,55.5,49.59,36.22,26.76,Medio
MUN_194,Uberlândia,BA,30,28.29,33.17,60.82,31.72,0.341,2.77,819.8,149704,97.4,82.8,4.27,31.21,27.77,Baixo
MUN_095,Uberlândia,PA,14,25.15,30.5,49.01,76.15,0.366,5.84,1056.2,2290527,368.2,68.4,57.72,72.05,20.63,Baixo
MUN_192,Santos,RS,15,22.7,27.97,54.51,31.38,0.289,4.0,185.0,2558628,412.7,93.7,40.08,31.56,22.58,Alto
MUN_023,Palmas,MG,11,26.29,33.75,70.83,89.43,0.308,4.65,58.5,2907586,439.1,47.1,75.07,80.81,27.38,Medio
MUN_040,Salvador,TO,42,23.93,29.26,45.64,32.8,0.188,4.39,962.5,112458,373.8,66.0,69.69,41.33,23.01,Baixo
MUN_003,Caxias do Sul,PA,31,26.58,31.26,90.67,130.33,0.386,7.93,501.9,2605070,378.1,73.3,66.63,138.61,30.1,Alto
MUN_063,Recife,AM,23,20.03,25.2,61.44,27.24,0.367,4.11,862.2,936217,249.5,68.1,39.39,17.37,19.15,Baixo
MUN_113,Manaus,PR,8,17.44,22.51,72.85,65.39,0.485,7.04,842.0,540909,323.7,64.7,52.89,59.34,15.96,Medio
MUN_074,Campinas,AM,23,25.56,29.13,64.79,55.38,0.393,5.07,792.1,2963783,490.7,46.3,84.11,54.93,28.24,Alto
MUN_164,Natal,TO,26,24.95,29.19,50.68,12.54,0.269,2.96,977.7,134789,414.6,61.6,64.47,18.86,22.66,Baixo
MUN_038,Uberlândia,MG,27,30.17,35.76,81.75,129.14,0.366,8.65,650.0,472841,157.0,81.0,29.49,132.58,29.94,Medio
MUN_188,Caxias do Sul,CE,2,20.78,23.85,73.65,57.67,0.257,6.15,59.1,2224607,325.6,69.7,53.68,48.37,19.01,Medio
MUN_015,Natal,GO,7,35.56,41.17,61.38,57.97,0.32,3.05,695.1,2613353,262.0,60.8,61.03,48.23,34.37,Baixo
MUN_194,Recife,TO,42,32.77,38.05,46.49,12.28,0.292,5.07,901.4,1289717,272.2,77.3,30.01,28.61,28.43,Baixo
MUN_181,Uberlândia,RN,35,23.82,28.4,75.24,93.61,0.287,6.65,22.5,2959274,108.8,75.4,31.9,96.93,22.69,Alto
MUN_052,Macaé,RN,16,22.09,27.1,67.42,23.3,0.257,0.63,830.8,1453812,375.6,56.8,59.94,16.03,24.06,Alto
MUN_019,Curitiba,BA,49,27.62,32.03,71.32,27.0,0.209,7.6,94.0,1344241,69.5,86.7,16.89,44.02,29.79,Medio
MUN_133,Crato,RS,26,25.62,29.14,69.83,32.09,0.276,3.05,1106.8,197812,114.5,89.1,1.8,34.37,26.34,Baixo
MUN_043,Natal,SC,6,28.94,34.59,60.94,62.88,0.389,5.39,130.9,428208,492.5,46.1,75.12,62.46,32.26,Alto
MUN_063,Fortaleza,CE,11,27.88,34.1,45.06,30.82,0.246,1.42,1052.9,2680946,462.8,49.5,64.57,13.65,27.45,Baixo
MUN_091,Montes Claros,AM,33,26.02,33.19,72.67,37.34,0.312,4.21,345.2,2232477,146.2,89.8,24.43,26.37,24.47,Baixo
MUN_036,Manaus,GO,5,23.26,27.22,70.72,25.48,0.164,4.26,323.6,2916235,46.7,88.3,20.26,20.74,24.8,Baixo
MUN_028,Crato,RJ,49,23.83,28.93,69.69,93.97,0.499,6.58,412.8,2872516,450.8,61.2,84.24,93.71,22.42,Alto
MUN_146,Montes Claros,RS,24,30.92,35.62,67.02,35.24,0.258,1.0,191.7,1983391,34.9,88.5,29.95,21.17,28.28,Baixo
MUN_080,Santos,PR,28,25.6,32.75,72.14,34.95,0.207,1.98,118.5,715044,452.7,51.5,79.85,21.68,21.9,Medio
MUN_105,Macaé,TO,51,20.0,25.3,57.81,28.39,0.262,5.98,709.2,2960353,137.9,79.5,20.77,35.79,16.4,Baixo
MUN_141,Uberlândia,TO,1,31.83,36.31,61.84,38.64,0.235,3.11,666.5,1495102,299.1,61.1,61.82,26.49,31.36,Baixo
MUN_006,Macaé,CE,52,22.52,30.0,49.36,22.3,0.229,0.64,118.9,1054518,189.0,71.8,42.85,24.94,22.21,Alto
MUN_041,Manaus,CE,2,26.68,32.79,59.13,38.78,0.312,5.58,753.0,2830735,346.0,70.4,62.75,40.52,26.65,Medio
MUN_096,Belém,CE,21,26.76,31.05,49.34,26.87,0.244,2.22,279.9,2492685,40.2,86.3,8.19,26.75,26.48,Baixo
MUN_145,Crato,CE,26,25.58,29.85,69.25,35.4,0.313,3.74,828.7,128245,263.9,65.1,37.56,41.16,24.06,Baixo
MUN_134,Goiânia,PA,29,27.44,30.48,61.53,38.14,0.299,6.42,154.0,1855983,294.2,74.6,50.98,52.72,26.2,Medio
MUN_128,Fortaleza,MG,25,27.76,33.44,64.39,3.6,0.249,0.0,561.1,402482,248.5,86.0,35.1,8.3,27.34,Baixo
MUN_114,Caxias do Sul,MG,51,19.46,23.3,58.88,21.68,0.229,0.62,428.0,238835,328.4,63.1,52.19,26.32,19.11,Alto
MUN_133,Ribeirão Preto,PA,43,25.8,31.11,75.82,87.06,0.286,6.89,386.9,2425289,341.6,65.8,45.38,91.14,25.74,Medio
MUN_017,Goiânia,PR,43,25.58,30.02,59.18,42.4,0.22,6.57,205.7,2872532,237.4,60.6,40.68,38.46,26.23,Medio
MUN_163,Fortaleza,CE,21,27.68,30.73,64.66,38.21,0.244,4.99,627.7,1604461,87.9,79.8,37.17,38.21,24.67,Baixo
MUN_018,Belém,TO,30,25.26,30.83,63.34,33.43,0.209,5.63,520.3,2722538,351.6,59.2,71.93,32.82,22.23,Alto
MUN_136,Ribeirão Preto,BA,3,24.4,28.63,83.07,100.4,0.294,10.46,257.1,2486497,173.4,88.8,50.24,114.6,22.09,Medio
MUN_031,Recife,TO,52,27.56,32.26,58.6,54.01,0.408,7.76,135.1,1290121,313.8,60.2,54.88,60.48,22.65,Medio
MUN_152,Macaé,RJ,32,34.84,39.19,85.53,92.79,0.471,5.54,1020.7,2552904,185.1,94.2,31.96,78.63,37.68,Baixo
MUN_052,Montes Claros,PA,33,22.21,26.37,52.59,50.04,0.277,6.85,4.1,1212963,98.4,83.0,26.26,43.07,23.62,Medio
MUN_162,Fortaleza,SP,27,19.71,24.72,62.84,34.34,0.17,0.3,223.8,87083,26.7,94.3,27.4,27.7,20.38,Baixo
MUN_140,Campinas,AM,46,21.46,26.22,56.08,27.3,0.199,4.02,773.5,2738200,134.5,90.4,9.03,15.85,20.0,Baixo
MUN_147,Caxias do Sul,RS,5,28.47,35.51,63.97,60.44,0.147,5.63,780.5,451452,445.1,48.0,59.76,77.31,27.29,Medio
MUN_012,Santos,MG,21,15.2,18.85,63.99,57.91,0.368,5.42,397.4,1561574,243.5,62.5,42.65,46.14,12.1,Medio
MUN_130,Caxias do Sul,PA,52,22.53,28.75,68.78,77.36,0.346,6.7,483.6,2777588,388.7,54.7,72.91,102.01,25.41,Alto
MUN_032,Ribeirão Preto,RS,27,26.0,33.6,60.88,39.64,0.272,2.97,938.2,107597,491.1,47.5,76.73,37.23,24.41,Alto
MUN_118,Palmas,PA,8,30.46,36.76,67.88,31.07,0.379,1.49,567.4,1568356,471.8,62.4,53.05,33.88,31.87,Alto
MUN_058,Ribeirão Preto,GO,36,27.65,32.07,66.83,29.22,0.204,3.03,449.0,1832418,93.7,80.7,20.86,30.09,29.83,Baixo
MUN_013,Manaus,RJ,17,29.94,35.44,65.23,30.62,0.267,2.92,465.0,2502514,452.4,49.5,73.07,34.08,31.41,Alto
MUN_057,Sorocaba,PA,35,24.54,28.71,54.81,39.43,0.353,3.48,390.9,2196620,220.0,66.5,55.03,50.13,25.43,Medio
MUN_143,Itaquaquecetuba,PA,3,22.98,28.47,62.18,45.23,0.244,5.15,188.8,1695384,489.6,63.6,50.52,48.68,21.82,Medio
MUN_051,Crato,SP,33,25.66,31.18,79.0,109.21,0.61,10.22,361.8,859535,73.5,91.2,36.89,114.23,21.1,Medio
MUN_088,Manaus,BA,16,25.37,31.3,62.26,29.35,0.375,3.75,809.7,477357,183.0,86.6,31.04,39.41,29.62,Baixo
MUN_177,Macaé,SC,20,27.95,36.01,70.72,60.11,0.257,5.18,138.9,1559304,389.8,64.0,57.46,47.47,29.1,Alto
MUN_136,Ribeirão Preto,RJ,10,26.37,31.67,68.36,34.02,0.166,2.98,858.6,619053,169.2,75.6,20.62,22.42,25.45,Baixo
MUN_132,Fortaleza,SC,30,30.09,35.31,66.95,52.69,0.357,2.52,261.1,1417062,475.4,58.5,61.8,71.18,30.17,Medio
MUN_081,Uberlândia,RS,14,29.08,35.95,50.77,26.79,0.241,0.0,12.3,847603,267.2,71.4,24.96,30.14,28.76,Medio
MUN_062,Belém,CE,14,30.52,35.03,70.54,49.06,0.247,4.02,220.5,2635967,50.3,100.0,0.11,55.71,30.04,Baixo
MUN_055,Ribeirão Preto,RN,15,25.64,30.46,63.57,13.0,0.216,4.52,913.4,303198,363.6,56.9,64.85,4.18,26.14,Baixo
MUN_184,Ribeirão Preto,AM,25,30.8,33.9,58.01,12.23,0.141,6.65,298.4,2175832,384.3,64.4,60.06,16.4,33.26,Medio
MUN_091,Sorocaba,RN,49,25.35,31.13,71.63,31.06,0.289,0.0,895.2,2505320,414.6,68.6,60.87,37.37,22.69,Baixo
MUN_011,Caxias do Sul,PA,44,29.27,34.26,57.6,59.3,0.315,5.71,535.5,1690742,261.9,72.8,51.61,60.71,33.74,Alto
MUN_164,Uberlândia,SC,33,18.46,22.39,68.18,32.01,0.246,2.19,1012.6,1705616,487.6,60.1,61.44,34.12,17.72,Medio
MUN_056,Macaé,CE,32,26.55,29.58,67.27,122.79,0.254,9.67,302.8,1104046,129.6,79.1,36.79,131.78,29.76,Medio
MUN_098,Santos,RS,10,27.03,31.91,57.41,58.05,0.248,1.61,659.6,2474341,401.1,56.4,62.41,49.38,27.61,Alto
MUN_001,Itaquaquecetuba,GO,18,22.75,26.94,68.02,64.3,0.235,5.98,231.7,1118257,496.3,65.6,61.43,61.88,20.93,Alto
MUN_043,Natal,SC,6,28.94,34.59,60.94,62.88,0.389,5.39,130.9,428208,492.5,46.1,75.12,62.46,32.26,Alto
MUN_078,Curitiba,CE,51,31.31,35.53,63.31,103.56,0.36,8.9,589.5,1666455,436.9,62.0,77.13,92.71,30.54,Alto
MUN_063,Curitiba,PE,20,30.07,35.13,75.31,59.88,0.284,8.07,722.1,2057529,169.1,85.1,50.28,39.37,29.09,Baixo
MUN_069,Santos,PR,32,20.13,24.55,66.17,50.81,0.521,8.51,824.4,246997,432.4,57.0,70.44,37.6,18.32,Alto
MUN_142,Campinas,BA,15,21.94,25.99,57.08,33.6,0.325,5.19,248.8,2627680,371.9,63.4,70.64,44.51,22.82,Medio
MUN_177,Santos,RS,21,29.54,33.99,59.9,35.95,0.304,4.89,1137.8,480821,39.0,95.3,24.3,41.73,29.59,Baixo
MUN_092,Santos,PR,23,25.82,30.4,54.06,26.32,0.368,2.97,746.9,1808035,108.7,89.2,7.81,38.03,22.41,Baixo
MUN_095,Natal,PE,21,25.37,31.0,62.6,52.51,0.462,3.78,154.9,2102312,318.5,41.3,81.84,54.37,23.04,Alto
MUN_050,Crato,PR,4,23.5,30.17,69.84,31.29,0.161,4.15,909.2,1492092,488.5,55.8,66.47,42.9,27.31,Alto
MUN_128,Itaquaquecetuba,RJ,38,26.08,30.42,46.08,25.14,0.278,1.76,285.1,2069363,443.2,71.1,63.68,31.9,27.27,Medio
MUN_088,Salvador,AM,28,26.41,33.28,56.4,54.24,0.399,5.43,874.3,1008201,227.4,75.7,25.86,69.2,28.75,Baixo
MUN_191,Crato,SC,18,24.24,27.99,67.33,33.78,0.141,4.1,602.3,1294473,89.2,82.2,36.78,40.87,22.77,Baixo
MUN_100,Palmas,RN,20,24.26,30.53,60.87,28.48,0.281,5.08,1124.4,1176095,152.9,76.5,20.74,38.1,22.47,Baixo
MUN_079,Natal,AM,30,27.37,34.11,49.21,21.15,0.215,3.07,237.3,1166123,458.5,47.3,70.45,17.1,30.92,Medio
MUN_097,Natal,SC,26,24.56,29.42,51.77,22.18,0.347,4.57,710.8,56738,386.1,68.6,54.21,20.4,28.92,Alto
MUN_179,Sorocaba,SC,37,29.53,35.26,59.51,18.05,0.064,1.42,49.4,441717,437.6,45.5,81.44,1.2,27.35,Alto
MUN_118,Fortaleza,PA,41,30.04,35.91,61.92,54.45,0.332,2.73,215.9,1402765,267.4,78.0,19.52,50.04,32.94,Medio
MUN_020,Belém,RS,28,25.97,32.13,63.05,46.15,0.291,6.69,6.7,1399744,297.3,75.8,41.94,63.08,23.58,Medio
MUN_108,Recife,CE,45,24.11,28.78,59.67,45.95,0.235,4.93,342.1,2998220,407.4,55.2,64.46,45.87,25.96,Alto
MUN_078,Sorocaba,PA,16,25.33,27.64,55.41,70.46,0.405,9.0,1023.3,2594252,277.3,64.8,54.64,63.15,25.1,Baixo
MUN_145,Crato,CE,26,25.58,29.85,69.25,35.4,0.313,3.74,828.7,128245,263.9,65.1,37.56,41.16,24.06,Baixo
MUN_100,Caxias do Sul,RJ,16,26.33,31.96,58.07,47.12,0.263,5.57,957.9,2202776,397.1,51.2,58.82,42.22,30.22,Alto
MUN_188,Sorocaba,TO,24,25.26,28.32,62.69,78.71,0.356,4.63,38.8,753028,148.1,81.6,22.31,87.57,26.08,Medio
MUN_055,Curitiba,PA,45,31.0,35.58,59.29,74.34,0.367,6.92,1019.7,287937,397.8,55.1,66.97,62.54,30.7,Baixo
MUN_105,Uberlândia,GO,27,24.8,28.43,77.75,69.62,0.279,3.45,725.2,2116925,268.4,81.3,47.37,74.28,24.51,Baixo
MUN_050,Palmas,AM,28,15.76,21.4,72.62,41.38,0.161,1.17,112.4,2811050,199.9,77.7,40.89,38.82,13.6,Medio
MUN_130,Itaquaquecetuba,CE,44,20.76,24.56,58.22,71.53,0.433,5.78,721.6,2700665,471.3,56.0,76.48,83.44,21.43,Alto
MUN_097,Ribeirão Preto,CE,12,24.94,29.62,64.84,44.78,0.184,5.91,487.0,1475218,48.9,85.8,13.8,43.52,21.9,Baixo
MUN_151,Crato,RJ,50,32.96,37.5,45.85,20.3,0.308,5.08,794.0,2593872,263.9,79.3,55.48,-2.51,31.46,Baixo
MUN_078,Sorocaba,MG,2,21.74,26.78,52.46,24.87,0.212,1.13,958.9,451905,293.4,56.0,33.76,42.28,23.27,Baixo
MUN_027,Araguaína,RN,35,27.07,32.55,55.37,52.54,0.365,4.06,355.7,412642,21.8,94.3,7.98,45.8,28.09,Baixo
MUN_104,Araguaína,PA,50,30.67,34.77,61.93,93.37,0.343,3.09,539.4,2853063,369.6,69.2,84.0,82.3,30.93,Medio
MUN_001,Natal,TO,19,25.92,29.14,58.03,25.46,0.148,4.6,527.5,1950496,443.7,66.2,62.95,20.66,26.71,Alto
MUN_141,Itaquaquecetuba,RJ,52,27.15,32.08,72.52,89.52,0.404,5.56,41.7,1953188,104.3,74.1,28.16,79.36,27.94,Medio
MUN_039,Goiânia,CE,5,27.36,33.64,67.8,89.52,0.495,8.63,280.3,1092972,432.7,69.2,61.92,90.34,27.67,Alto
MUN_175,Caxias do Sul,CE,49,25.64,31.36,76.47,80.45,0.527,6.53,298.7,2929607,197.4,76.0,38.35,72.02,27.73,Medio
MUN_150,Curitiba,PR,33,21.37,27.07,67.05,63.95,0.364,4.11,315.6,1033100,361.1,81.4,49.87,78.21,20.5,Medio
MUN_180,Goiânia,SC,28,22.76,28.22,72.93,47.28,0.276,9.19,111.2,695754,43.9,100.0,25.99,32.89,22.67,Medio
MUN_163,Belém,SC,40,29.65,34.21,54.83,38.34,0.234,2.98,407.3,1246298,238.8,78.9,21.54,54.16,31.49,Medio
MUN_079,Goiânia,MG,47,26.45,30.8,77.37,61.61,0.221,7.05,165.4,1992768,66.2,78.9,30.77,63.8,28.53,Medio
MUN_190,Fortaleza,PE,35,28.89,31.98,65.14,38.54,0.452,3.56,94.9,686697,193.0,86.6,20.83,30.58,27.95,Medio
MUN_189,Salvador,AM,10,23.2,28.3,55.99,34.73,0.358,1.39,49.7,2884664,434.6,53.7,77.95,33.84,22.26,Alto
MUN_192,Palmas,SC,48,20.66,25.24,54.0,46.13,0.249,5.66,680.1,1094852,271.8,67.5,50.32,60.22,18.01,Medio
MUN_041,Curitiba,BA,30,27.62,31.49,78.54,101.68,0.576,3.75,773.4,1447859,282.7,67.8,52.8,111.46,27.84,Medio
MUN_025,Manaus,RJ,49,29.54,33.6,68.85,78.17,0.43,5.34,1089.1,876117,156.0,80.1,36.01,70.53,28.05,Baixo
MUN_017,Natal,AM,37,28.51,32.2,70.17,66.72,0.407,7.13,403.8,1187318,396.3,56.3,57.54,77.69,28.95,Alto
MUN_178,Itaquaquecetuba,PR,14,32.01,37.5,55.1,27.3,0.293,5.38,1186.7,1445643,299.6,64.3,48.35,19.31,31.38,Baixo
MUN_059,Goiânia,RS,46,22.73,27.29,58.97,25.98,0.333,2.96,446.2,2787290,269.2,59.9,71.76,28.32,22.09,Alto
MUN_196,Santos,RJ,34,24.23,26.98,48.84,39.11,0.277,5.51,877.7,2771759,427.9,67.3,65.21,34.57,23.27,Alto
MUN_031,Salvador,TO,48,21.61,27.88,68.43,38.33,0.308,2.7,548.9,1171397,69.6,87.9,32.45,35.73,21.45,Baixo
MUN_111,Itaquaquecetuba,AM,24,23.82,27.56,64.36,58.84,0.498,2.45,175.7,1338451,336.0,81.8,64.91,72.71,25.54,Medio
MUN_039,Salvador,MG,2,25.41,31.23,72.47,59.23,0.196,8.37,300.6,1335248,221.5,56.5,53.97,54.74,24.88,Alto
MUN_010,Palmas,AM,5,25.86,28.65,57.72,43.82,0.286,7.33,563.6,1433574,447.0,59.8,58.12,46.64,27.32,Alto
MUN_129,Crato,GO,10,27.96,35.51,64.31,58.52,0.158,5.48,540.0,203408,428.9,58.1,76.15,46.98,27.42,Alto
MUN_150,Ribeirão Preto,CE,48,32.71,38.56,69.68,81.38,0.381,7.95,15.3,495625,286.6,62.0,67.65,66.84,30.02,Medio
MUN_032,Manaus,SC,6,25.21,30.44,57.02,20.23,0.24,5.33,740.0,1293584,218.5,69.2,36.58,11.31,26.57,Baixo
MUN_037,Macaé,RJ,31,27.35,31.64,67.7,27.2,0.159,1.81,1023.1,2323320,172.2,74.2,38.26,31.22,28.36,Baixo
MUN_088,Montes Claros,RN,48,26.22,33.71,80.77,79.2,0.361,5.08,67.5,1348115,386.8,41.8,89.37,85.26,28.03,Alto
MUN_113,Ribeirão Preto,PR,30,29.89,35.46,58.69,56.1,0.496,4.8,889.6,2750319,429.5,63.3,56.34,74.08,27.69,Medio
MUN_183,Goiânia,RJ,48,27.06,30.57,57.36,25.56,0.419,4.41,846.4,468588,365.1,61.4,50.14,15.85,27.53,Baixo
MUN_010,Sorocaba,PR,47,20.39,26.8,60.51,87.94,0.456,6.93,905.1,1999862,254.0,71.8,51.82,88.13,17.86,Baixo
MUN_024,Manaus,PR,12,25.13,28.63,52.36,28.24,0.3,3.78,537.4,1266892,279.3,81.0,44.13,20.95,27.36,Baixo
MUN_045,Curitiba,MG,15,27.95,32.3,65.02,50.52,0.316,5.4,789.1,1927817,379.7,65.2,46.73,37.45,28.47,Medio
MUN_109,Santos,PR,37,24.51,30.23,63.56,61.27,0.269,5.96,129.1,614474,423.4,60.1,46.01,58.66,24.36,Medio
MUN_189,Itaquaquecetuba,PA,42,29.79,33.77,66.07,97.55,0.569,6.68,292.3,1591212,431.8,61.4,80.06,86.4,29.25,Alto
MUN_108,Recife,BA,15,26.02,31.65,64.59,55.83,0.394,2.94,809.4,1263136,404.9,65.1,65.59,45.54,30.2,Alto
MUN_095,Palmas,CE,8,31.16,37.52,66.38,80.4,0.358,9.64,691.0,1692701,165.8,85.7,29.18,78.22,31.92,Baixo
MUN_154,Caxias do Sul,GO,32,28.96,33.9,45.75,18.65,0.096,1.44,976.8,2318353,64.5,66.9,38.14,14.32,24.93,Baixo
MUN_009,Palmas,GO,5,26.13,30.46,55.22,44.29,0.203,6.71,194.5,2626866,91.2,96.9,14.94,45.78,26.37,Medio
MUN_164,Palmas,GO,12,22.02,26.02,66.06,63.77,0.257,8.41,210.5,602658,330.8,68.2,51.11,48.41,20.79,Alto
MUN_013,Manaus,RJ,17,29.94,35.44,65.23,30.62,0.267,2.92,465.0,2502514,452.4,49.5,73.07,34.08,31.41,Alto
MUN_183,Natal,GO,43,30.13,35.06,68.76,117.64,0.426,7.52,404.5,51271,165.7,72.6,53.89,129.83,30.26,Alto
MUN_072,Recife,BA,1,26.03,30.87,68.58,27.71,0.329,0.0,1154.1,768933,205.4,79.7,25.03,34.88,29.13,Baixo
MUN_091,Ribeirão Preto,AM,46,32.12,38.62,69.45,50.31,0.233,4.96,371.6,463054,31.9,70.2,49.52,37.93,32.4,Alto
MUN_168,Montes Claros,MG,44,23.41,29.25,56.98,25.51,0.223,3.07,492.4,1383775,243.0,71.7,33.8,30.08,23.16,Baixo
MUN_119,Recife,BA,52,28.18,34.7,74.33,64.24,0.317,12.51,105.0,1963028,314.8,65.7,30.0,65.86,28.15,Medio
MUN_127,Crato,SC,10,25.93,32.1,83.3,88.75,0.422,4.86,980.3,1954649,439.8,52.5,70.14,101.99,21.03,Alto
MUN_015,Araguaína,PR,45,26.01,29.44,56.0,42.7,0.401,4.14,643.4,506824,139.3,74.0,36.38,52.16,25.54,Baixo
MUN_063,Uberlândia,MG,21,21.21,28.14,50.13,51.11,0.234,6.22,27.7,1248322,232.3,69.6,47.96,48.15,20.94,Medio
MUN_186,Campinas,GO,36,23.5,28.67,69.36,86.95,0.286,6.94,156.1,1924441,261.9,80.7,46.68,88.74,24.54,Medio
MUN_149,Curitiba,GO,41,26.33,30.89,60.35,29.86,0.239,3.91,400.7,2980717,279.3,69.4,31.01,26.91,25.44,Medio
MUN_071,Macaé,RJ,47,24.92,29.74,44.31,17.73,0.157,3.76,211.1,1869045,408.8,59.0,61.37,11.87,26.65,Alto
MUN_105,Crato,AM,24,22.25,26.86,61.9,51.07,0.272,6.76,490.2,2516710,430.5,52.9,78.12,57.64,25.98,Alto
MUN_039,Macaé,RS,32,26.67,31.59,66.49,64.11,0.314,5.58,679.0,625188,480.3,62.8,67.16,65.33,28.6,Medio
MUN_118,Recife,RN,2,23.7,28.6,71.06,97.76,0.282,4.73,235.9,337824,241.6,69.5,35.79,93.58,22.45,Medio
MUN_158,Araguaína,AM,38,22.12,26.8,68.25,54.95,0.42,8.72,431.1,1207328,290.2,60.6,66.88,61.92,22.45,Medio
MUN_178,Recife,SP,43,24.88,31.1,56.37,33.69,0.314,2.6,178.7,217854,342.3,62.6,68.61,34.35,24.27,Alto
MUN_148,Goiânia,PE,38,27.85,32.21,62.39,94.4,0.334,9.08,607.5,1456476,296.7,65.1,53.65,82.7,26.38,Alto
MUN_156,Manaus,GO,5,28.04,32.18,69.32,41.05,0.266,6.3,706.4,1168616,386.4,57.7,58.32,19.85,27.2,Alto
MUN_059,Sorocaba,SP,11,28.81,35.41,67.02,87.21,0.229,5.22,886.1,1316440,291.0,82.8,63.22,71.04,25.64,Baixo
MUN_046,Campinas,PR,51,27.81,31.55,60.92,13.17,0.331,0.47,615.5,352154,213.6,69.6,49.23,13.28,29.94,Baixo
MUN_118,Ribeirão Preto,RN,21,27.83,33.72,53.79,25.67,0.282,6.39,898.4,2984892,456.5,55.1,67.4,31.91,25.74,Alto
MUN_178,Ribeirão Preto,BA,4,34.1,37.7,63.29,15.34,0.337,1.23,610.9,925755,384.4,48.3,65.66,3.5,32.98,Alto
MUN_124,Campinas,BA,51,27.96,31.15,73.2,123.22,0.381,6.56,171.1,2289947,414.9,55.3,70.55,112.36,27.99,Medio
MUN_095,Goiânia,AM,41,32.91,36.97,70.39,85.2,0.332,5.79,959.0,2579269,472.3,66.3,70.02,95.47,33.82,Medio
MUN_015,Ribeirão Preto,GO,27,26.27,32.07,57.71,5.77,0.335,5.29,787.5,1639894,485.2,60.3,54.6,10.43,27.32,Medio
MUN_094,Curitiba,GO,44,25.13,31.59,100.0,168.23,0.668,9.73,888.3,537786,289.5,66.7,68.26,156.25,23.18,Medio
MUN_141,Salvador,MG,8,23.97,28.9,67.39,27.74,0.284,4.65,466.5,2040648,437.0,66.3,54.53,24.07,26.33,Alto
MUN_107,Palmas,TO,13,19.04,25.72,50.05,29.82,0.263,1.29,841.0,2764738,418.9,55.9,68.86,29.89,17.86,Alto
MUN_200,Curitiba,TO,4,21.21,26.11,67.52,69.42,0.433,5.42,180.9,1718682,388.4,69.2,48.46,71.92,24.15,Medio
MUN_099,Ribeirão Preto,PR,30,24.2,28.64,81.09,119.45,0.388,7.61,361.1,2711855,403.5,72.1,68.38,129.92,24.41,Medio
MUN_127,Recife,AM,1,27.28,29.85,56.83,16.91,0.354,5.14,740.0,1770927,283.7,81.7,38.65,5.89,28.57,Baixo
MUN_078,Salvador,CE,47,30.01,34.74,63.63,115.89,0.488,10.62,1153.6,345619,296.2,58.0,71.4,106.56,29.92,Baixo
MUN_034,Campinas,BA,7,25.56,30.06,83.15,133.47,0.465,9.85,378.6,246772,50.1,85.1,24.14,118.39,23.61,Medio
MUN_116,Palmas,CE,18,27.58,33.59,69.7,85.71,0.413,5.02,731.2,1639507,168.7,69.1,29.14,72.54,25.72,Baixo
MUN_174,Curitiba,TO,26,26.29,30.61,58.26,42.42,0.372,6.53,229.1,1284076,405.0,55.0,69.99,42.85,28.03,Medio
MUN_069,Palmas,BA,46,28.58,34.3,61.96,46.08,0.329,6.49,934.7,173604,100.6,90.8,15.66,56.49,30.15,Baixo
MUN_200,Campinas,PR,52,27.11,32.47,66.41,78.36,0.264,7.03,548.4,1563705,339.2,65.3,51.24,77.84,27.22,Alto
MUN_047,Recife,MG,52,24.17,27.82,86.26,114.58,0.391,7.13,639.3,2909235,50.3,76.6,22.29,111.0,23.67,Baixo
MUN_054,Recife,TO,24,25.9,31.74,55.79,11.55,0.199,3.35,415.1,1422849,265.0,80.1,58.84,9.23,23.34,Alto
MUN_110,Palmas,SP,52,23.46,27.53,72.57,123.4,0.608,10.47,1173.6,502096,487.4,47.5,91.66,141.08,25.24,Alto
MUN_184,Sorocaba,RS,38,27.08,32.4,66.46,44.13,0.436,2.22,90.4,2953726,360.6,65.8,61.98,35.56,25.02,Medio
MUN_187,Recife,PA,7,26.59,31.24,64.4,41.04,0.292,8.86,20.4,117797,292.8,69.6,57.32,47.19,24.41,Alto
MUN_062,Palmas,SP,48,32.38,37.8,71.55,40.79,0.222,4.64,65.6,2910017,383.8,62.8,55.31,46.03,30.46,Alto
MUN_127,Campinas,AM,3,24.24,29.78,66.78,94.76,0.164,7.07,1066.5,437918,280.4,58.8,62.9,90.02,21.39,Baixo
MUN_171,Crato,MG,52,24.41,29.22,76.1,99.06,0.32,10.35,633.9,103567,228.1,74.7,30.43,92.56,22.15,Medio
MUN_028,Crato,RJ,49,23.83,28.93,69.69,93.97,0.499,6.58,412.8,2872516,450.8,61.2,84.24,93.71,22.42,Alto
MUN_008,Palmas,RN,1,28.44,32.65,47.98,29.28,0.227,4.25,205.9,2317244,129.7,78.8,30.37,12.59,28.03,Medio
MUN_042,Campinas,SC,9,24.04,27.03,63.34,42.7,0.305,3.74,547.8,987662,428.0,54.1,62.36,43.47,22.37,Alto
MUN_072,Uberlândia,SP,33,23.47,26.79,93.05,176.66,0.729,10.46,509.3,1367994,319.6,57.7,62.18,169.87,21.38,Medio
MUN_110,Natal,TO,2,22.77,27.72,64.96,25.71,0.086,0.0,408.3,1559934,197.7,80.9,40.0,39.9,20.29,Medio
MUN_062,Belém,RS,15,29.27,33.71,64.63,32.88,0.34,0.49,797.1,2700504,128.4,72.4,44.14,44.0,29.1,Baixo
MUN_003,Ribeirão Preto,SP,45,24.35,29.07,52.35,55.69,0.362,6.65,716.4,2713893,21.6,92.4,7.84,53.76,26.25,Baixo
MUN_111,Montes Claros,AM,45,31.12,34.06,58.69,39.02,0.375,2.41,547.6,775138,308.8,82.6,29.98,43.7,32.89,Medio
MUN_155,Montes Claros,RN,51,22.6,25.67,60.23,22.06,0.182,1.72,709.7,295041,107.2,82.4,20.2,24.81,23.22,Baixo
MUN_087,Salvador,RS,37,28.06,30.47,55.87,27.38,0.385,1.27,532.7,1009302,409.6,52.1,55.98,26.41,28.92,Medio
MUN_045,Palmas,GO,10,21.94,27.17,72.63,53.67,0.368,4.7,229.9,197567,260.7,76.6,47.28,58.37,24.73,Medio
MUN_033,Natal,RN,31,20.84,25.37,53.27,36.64,0.205,6.76,660.4,1896904,263.8,68.8,55.39,51.16,17.41,Baixo
MUN_026,Manaus,GO,32,20.75,26.24,81.4,100.01,0.263,5.17,642.6,2981535,216.7,69.5,30.52,102.38,18.59,Medio
MUN_087,Manaus,PE,38,26.96,30.99,70.33,7.01,0.249,1.54,233.8,2074672,190.6,73.6,24.46,0.51,28.33,Medio
MUN_144,Sorocaba,BA,7,26.65,32.23,75.82,80.73,0.386,4.66,1184.2,1901421,43.1,84.6,5.69,90.88,26.28,Baixo
MUN_071,Montes Claros,TO,16,15.96,19.82,66.49,66.06,0.227,4.32,783.5,1348314,403.6,66.6,46.15,62.73,17.16,Alto
MUN_065,Belém,PE,34,28.73,31.48,46.53,35.24,0.318,4.15,775.7,2339083,88.4,88.9,25.98,42.7,28.92,Baixo
MUN_184,Ribeirão Preto,AM,25,30.8,33.9,58.01,12.23,0.141,6.65,298.4,2175832,384.3,64.4,60.06,16.4,33.26,Medio
MUN_099,Fortaleza,SC,27,23.65,28.45,61.24,98.47,0.344,8.11,120.4,1298841,172.8,83.5,35.11,97.33,21.96,Medio
MUN_149,Macaé,SC,41,27.98,33.99,73.04,22.48,0.152,3.18,601.1,699096,44.6,83.0,8.6,35.71,28.46,Baixo
MUN_127,Montes Claros,PR,47,29.87,36.06,68.07,50.25,0.362,5.98,97.3,687063,242.3,78.7,37.54,60.07,31.16,Medio
MUN_020,Campinas,PR,10,23.68,28.85,48.65,14.64,0.164,1.59,9.0,2294451,459.2,42.1,67.36,25.04,23.39,Alto
MUN_046,Macaé,PR,26,25.55,29.86,67.8,73.17,0.33,6.96,545.6,722844,62.8,96.2,1.99,73.94,27.79,Baixo
MUN_135,Recife,BA,51,26.79,33.11,62.73,47.18,0.312,3.02,0.8,1641330,192.2,67.0,33.75,38.05,25.51,Medio
MUN_170,Curitiba,SP,37,26.42,29.56,66.58,118.26,0.333,6.59,40.2,1546575,381.7,50.1,87.86,128.65,26.47,Alto
MUN_120,Belém,PR,14,22.01,27.62,56.03,47.51,0.299,1.01,307.7,2104161,374.2,64.5,56.83,25.08,22.16,Alto
MUN_153,Montes Claros,MG,5,26.69,33.58,75.51,93.71,0.324,7.6,620.3,1755553,202.9,70.5,62.79,108.04,24.35,Medio
MUN_090,Curitiba,PE,26,24.94,28.44,60.02,25.23,0.301,5.27,902.6,922851,393.7,63.7,41.66,23.07,22.44,Baixo
MUN_150,Natal,CE,51,22.15,27.16,76.57,98.57,0.418,5.74,468.2,957001,86.0,70.0,24.3,115.69,21.77,Medio
MUN_065,Macaé,CE,19,27.09,29.99,66.54,14.07,0.271,5.55,591.7,2579932,439.3,57.9,55.81,14.48,27.82,Alto
MUN_001,Campinas,TO,37,28.04,33.31,52.18,25.81,0.221,2.45,643.6,2074942,154.3,79.6,33.58,0.14,26.1,Baixo
MUN_131,Caxias do Sul,RS,46,22.7,26.51,72.51,23.33,0.353,1.62,109.5,1212451,436.5,48.5,43.37,23.07,24.29,Medio
MUN_093,Montes Claros,SP,30,30.22,33.31,54.64,45.14,0.318,4.33,539.1,566719,441.9,64.0,61.5,48.63,32.37,Medio
MUN_191,Manaus,PR,22,26.21,31.41,64.11,58.48,0.343,10.51,278.9,1774175,386.7,61.3,48.67,63.65,25.2,Alto
MUN_087,Araguaína,AM,46,29.67,33.91,68.06,58.32,0.258,5.91,163.7,2610971,290.5,64.2,49.38,50.25,27.02,Medio
MUN_160,Macaé,SP,45,27.86,32.3,57.93,27.78,0.139,0.97,38.8,986917,348.2,69.2,39.51,25.68,24.09,Alto
MUN_084,Caxias do Sul,SC,48,19.96,24.36,62.76,29.69,0.176,5.09,245.8,2187619,268.1,63.3,55.68,28.49,17.61,Medio
MUN_159,Macaé,MG,4,26.91,35.76,52.53,20.09,0.251,2.71,482.7,1960997,380.8,62.5,51.69,38.06,26.74,Alto
MUN_046,Crato,RN,18,30.93,37.7,51.48,63.14,0.302,6.69,160.7,1579879,172.4,73.4,33.52,73.58,31.71,Alto
MUN_091,Salvador,RS,31,22.41,29.21,66.3,72.58,0.407,8.17,585.7,2857914,350.1,73.5,51.16,82.99,24.86,Medio
MUN_055,Recife,GO,13,24.95,29.97,71.3,25.74,0.282,2.9,199.6,2697012,273.7,70.9,35.26,26.44,24.97,Medio
MUN_100,Caxias do Sul,RJ,16,26.33,31.96,58.07,47.12,0.263,5.57,957.9,2202776,397.1,51.2,58.82,42.22,30.22,Alto
MUN_078,Itaquaquecetuba,SP,30,29.06,34.61,56.25,22.6,0.287,2.24,1107.7,2898524,462.0,52.0,58.31,28.59,28.39,Baixo
MUN_043,Natal,SC,6,28.94,34.59,60.94,62.88,0.389,5.39,130.9,428208,492.5,46.1,75.12,62.46,32.26,Alto
MUN_060,Natal,PA,37,26.13,30.93,68.1,71.58,0.48,6.99,468.6,1820772,23.7,85.1,19.12,63.71,26.85,Baixo
MUN_074,Itaquaquecetuba,RS,42,22.35,24.48,58.91,74.52,0.243,6.68,1038.1,1898646,464.2,41.4,97.93,64.64,21.57,Alto
MUN_076,Manaus,PE,38,25.01,28.39,61.2,6.13,0.25,3.11,601.8,1914389,283.3,67.1,41.46,14.29,24.06,Medio
MUN_059,Sorocaba,PA,41,27.56,33.34,53.93,27.35,0.226,3.17,862.9,2813005,428.9,53.4,78.97,32.48,29.33,Medio
MUN_036,Itaquaquecetuba,SP,35,30.73,38.06,63.09,39.65,0.252,3.99,1102.5,2487686,470.6,48.9,63.19,43.32,32.78,Baixo
MUN_134,Itaquaquecetuba,PE,30,20.05,23.15,53.47,18.13,0.196,2.07,54.5,2365946,244.1,77.4,57.78,16.39,22.54,Alto
MUN_132,Curitiba,PA,19,24.92,30.57,67.79,157.82,0.596,9.12,1153.4,2573628,107.1,79.2,36.53,156.28,21.86,Baixo
MUN_121,Recife,RJ,3,23.6,27.64,91.27,181.44,0.487,9.31,558.5,2503225,477.0,50.2,94.46,168.72,20.34,Alto
MUN_117,Araguaína,PE,16,29.99,35.96,71.36,87.06,0.377,5.95,475.7,2477872,301.3,77.8,55.03,83.99,32.8,Alto
MUN_005,Manaus,BA,22,33.15,38.52,49.31,15.66,0.24,2.85,927.1,1230707,403.0,59.9,71.83,19.09,34.29,Baixo
MUN_194,Montes Claros,SC,18,28.88,32.64,73.69,36.97,0.465,4.19,879.7,1305392,149.8,80.3,32.06,39.24,25.85,Baixo
MUN_051,Macaé,PA,39,22.91,29.79,82.43,86.68,0.357,4.73,650.7,1560910,305.5,58.2,58.92,81.08,25.47,Alto
MUN_037,Ribeirão Preto,MG,32,28.2,34.28,54.39,29.57,0.29,3.47,89.4,425494,388.0,53.8,68.23,46.55,28.11,Medio
MUN_051,Caxias do Sul,AM,17,30.46,34.27,75.71,64.09,0.329,5.28,58.4,1121651,459.6,50.7,62.7,58.14,26.53,Medio
MUN_038,Palmas,RJ,10,25.49,31.4,57.64,9.84,0.379,2.92,8.5,1396045,185.4,74.5,27.43,5.33,25.8,Alto
MUN_087,Araguaína,PE,11,31.38,35.95,70.44,36.4,0.127,1.42,173.9,1878704,298.9,80.4,59.74,38.04,30.52,Alto
MUN_148,Manaus,PR,8,28.16,32.68,75.83,96.9,0.354,6.16,79.7,2324065,338.9,69.5,57.84,89.99,29.0,Alto
MUN_119,Campinas,RS,41,25.0,29.59,71.51,51.88,0.37,7.44,1119.7,2605297,339.3,48.6,67.87,53.44,26.84,Baixo
MUN_067,Belém,RS,31,21.03,26.52,50.68,21.93,0.307,3.68,897.8,1507059,157.6,84.3,21.02,5.88,19.78,Baixo
MUN_056,Araguaína,TO,46,24.68,29.63,57.65,57.83,0.352,3.43,413.9,148628,177.3,93.5,35.43,72.5,26.33,Baixo
MUN_090,Fortaleza,GO,18,27.77,34.31,66.49,33.72,0.288,4.18,504.9,1502022,233.1,65.6,53.19,46.9,26.82,Medio
MUN_044,Fortaleza,MG,13,20.6,24.15,50.69,43.28,0.313,3.81,90.8,1809666,439.4,67.6,67.38,35.39,17.73,Medio
MUN_174,Araguaína,BA,22,30.86,32.86,61.62,44.66,0.386,6.23,518.2,824360,470.7,65.3,72.59,42.42,29.94,Alto
MUN_114,Crato,PE,47,23.22,28.32,70.24,79.13,0.358,6.58,732.2,1821012,121.8,88.4,42.54,61.59,26.17,Baixo
MUN_025,Palmas,PA,19,30.12,35.5,83.43,124.54,0.474,11.34,92.4,2940031,104.8,97.2,7.32,120.55,27.6,Medio
MUN_160,Recife,PE,33,32.76,39.73,51.97,18.7,0.05,0.21,9.0,1807124,197.0,83.9,14.06,14.13,33.51,Medio
MUN_088,Santos,PA,4,25.51,31.37,79.82,59.31,0.293,6.16,209.4,2858959,135.1,69.9,35.33,51.9,24.96,Medio
MUN_164,Santos,RS,8,27.93,34.17,78.41,81.06,0.437,6.96,411.3,2346001,391.6,58.9,91.33,75.96,26.83,Alto
MUN_132,Palmas,RS,41,25.38,32.58,58.75,47.06,0.29,1.8,818.5,690507,467.1,38.9,91.58,55.87,24.94,Alto
MUN_129,Montes Claros,CE,39,21.68,27.11,60.3,34.73,0.351,4.62,119.1,130678,241.9,77.4,39.76,44.31,21.52,Alto
MUN_124,Curitiba,AM,34,29.08,33.12,48.31,28.55,0.295,4.77,23.3,2942350,348.7,78.2,58.17,4.08,26.22,Medio
MUN_119,Caxias do Sul,PR,31,13.71,18.24,79.0,111.59,0.359,8.09,510.5,2689434,103.8,97.4,31.57,107.0,14.29,Medio
MUN_002,Uberlândia,TO,10,32.01,36.88,69.16,81.45,0.476,5.77,361.6,1265943,183.5,74.6,68.33,99.36,38.11,Medio
MUN_111,Caxias do Sul,RS,35,20.53,25.6,73.0,36.07,0.445,3.04,968.2,1558079,331.3,66.4,49.25,22.6,23.4,Baixo
MUN_167,Crato,PA,32,25.97,30.62,78.77,60.68,0.363,4.16,626.8,131713,373.5,51.3,78.62,70.81,24.48,Alto
MUN_006,Montes Claros,PR,35,29.12,32.54,53.57,16.1,0.21,4.77,562.6,1099276,303.6,78.1,19.34,18.8,33.72,Medio
MUN_022,Manaus,RS,41,24.18,28.1,52.2,21.58,0.173,2.49,780.8,386817,66.8,78.4,15.3,18.67,27.93,Baixo
MUN_115,Fortaleza,GO,46,27.27,34.45,58.86,11.71,0.155,4.79,1084.1,1405470,133.6,88.4,30.16,14.97,26.71,Baixo
MUN_139,Crato,CE,42,23.91,28.39,64.45,38.85,0.371,6.27,782.3,352201,266.6,73.3,47.12,37.45,24.9,Baixo
MUN_093,Campinas,PR,7,30.88,36.32,62.01,126.18,0.352,11.63,1013.5,304502,315.8,57.2,67.97,127.12,32.8,Baixo
MUN_140,Manaus,SC,34,25.64,32.1,61.26,54.46,0.242,0.74,619.6,857439,453.9,56.1,82.13,64.97,26.04,Alto
MUN_129,Crato,PA,47,20.28,27.25,53.14,20.82,0.373,2.03,638.4,456109,144.4,79.7,33.7,15.49,20.45,Baixo
MUN_123,Manaus,TO,8,25.79,31.32,66.69,72.98,0.388,7.22,195.8,2874246,426.3,65.2,67.81,71.87,24.81,Medio
MUN_032,Palmas,PR,1,25.46,28.87,53.37,64.72,0.416,10.03,658.4,1130039,322.8,64.3,63.97,67.2,28.62,Alto
MUN_115,Belém,TO,19,27.37,32.58,60.38,13.51,0.355,0.32,87.2,2838583,188.6,86.0,24.65,3.85,29.43,Medio
MUN_040,Crato,PE,15,22.18,29.18,68.52,25.24,0.243,4.49,1197.1,2017810,158.1,78.2,34.3,16.88,24.22,Baixo
MUN_018,Fortaleza,AM,14,26.23,30.73,58.86,41.84,0.189,5.78,491.1,468011,49.0,88.6,0.0,34.85,27.99,Baixo
MUN_134,Santos,RN,51,23.07,27.58,71.53,37.19,0.228,5.86,235.7,2163113,22.9,100.0,10.1,38.88,25.13,Baixo
MUN_103,Crato,GO,37,26.41,30.35,67.1,40.37,0.281,1.88,1155.4,347801,317.9,72.0,47.22,53.96,21.99,Baixo
MUN_005,Natal,AM,47,24.65,28.49,71.58,36.36,0.318,0.0,704.6,2316071,283.4,72.3,37.75,33.51,21.22,Baixo
MUN_179,Montes Claros,MG,31,30.04,33.27,70.38,49.57,0.308,6.47,1016.7,1385361,199.3,73.2,27.45,46.35,33.18,Baixo
MUN_123,Fortaleza,SC,18,23.67,26.23,66.37,44.93,0.324,3.15,160.7,1915711,238.8,52.3,44.69,34.89,25.21,Medio
MUN_026,Natal,GO,30,34.14,39.24,78.94,58.86,0.411,1.32,32.1,2634138,145.3,85.3,32.81,76.78,34.72,Medio
MUN_037,Goiânia,PE,40,24.02,28.3,75.87,44.09,0.192,4.76,145.5,1027330,69.3,93.7,18.3,59.86,23.09,Medio
MUN_123,Manaus,RN,39,23.59,31.08,71.66,76.8,0.333,4.22,1094.3,2329238,495.8,59.8,67.4,84.55,22.74,Alto
MUN_192,Santos,RS,15,22.7,27.97,54.51,31.38,0.289,4.0,185.0,2558628,412.7,93.7,40.08,31.56,22.58,Alto
MUN_032,Palmas,RS,49,24.44,28.19,58.78,27.67,0.296,6.0,194.0,2905065,35.5,68.3,25.92,26.68,25.43,Medio
MUN_074,Itaquaquecetuba,AM,44,23.8,30.03,54.04,18.05,0.159,0.46,88.2,2990296,489.1,52.0,77.97,-9.59,25.62,Alto
MUN_159,Campinas,RS,36,27.0,30.87,71.41,68.21,0.248,2.82,907.6,996106,475.7,63.0,84.98,60.59,28.59,Alto
MUN_071,Caxias do Sul,RS,7,23.41,30.79,67.86,45.04,0.287,2.04,568.8,1369889,145.6,89.6,22.77,39.7,25.14,Baixo
MUN_043,Natal,SC,5,26.99,32.33,77.95,78.09,0.403,9.65,396.5,1999320,250.6,61.7,54.2,85.53,26.38,Alto
MUN_150,Itaquaquecetuba,PR,23,25.41,31.16,81.3,78.69,0.28,5.96,300.3,591047,171.8,88.8,19.8,76.27,24.89,Medio
MUN_152,Curitiba,AM,40,26.7,30.49,67.87,39.74,0.287,4.09,214.0,332010,381.6,66.4,65.05,49.58,25.51,Alto
MUN_093,Manaus,AM,21,19.31,24.95,68.17,34.63,0.093,5.24,193.2,1678045,292.8,73.4,48.01,42.77,18.82,Medio
MUN_044,Crato,GO,1,26.95,31.25,73.45,19.87,0.247,1.72,711.2,2634016,156.0,76.6,38.43,14.21,26.94,Baixo
MUN_011,Montes Claros,RN,1,19.98,24.29,52.93,48.48,0.32,6.46,186.1,2218310,316.0,71.8,62.16,54.48,20.86,Alto
MUN_039,Sorocaba,PR,14,23.6,28.63,70.38,58.96,0.447,6.01,180.6,602900,127.9,86.1,21.41,60.91,23.3,Medio
MUN_066,Sorocaba,CE,15,26.93,31.19,75.14,33.61,0.261,2.86,1186.5,1020583,384.6,70.0,57.27,35.26,27.47,Baixo
MUN_067,Crato,AM,15,24.89,30.03,70.29,19.28,0.341,4.48,931.6,649422,139.4,79.9,35.72,6.35,28.38,Baixo
MUN_105,Itaquaquecetuba,PR,33,24.67,29.56,85.09,55.93,0.182,5.53,910.8,2916094,487.8,46.5,112.06,41.98,26.23,Alto
MUN_040,Santos,PE,51,21.92,28.08,76.84,79.05,0.304,3.85,845.5,1676039,498.1,47.2,72.3,67.38,23.84,Alto
MUN_164,Crato,PR,8,28.48,32.64,60.57,20.78,0.146,0.17,806.6,1045084,82.5,77.9,27.1,15.31,26.87,Baixo
MUN_195,Uberlândia,TO,12,20.46,28.18,66.11,49.77,0.383,1.52,448.1,2477697,61.6,84.7,21.44,56.43,18.55,Baixo
MUN_029,Campinas,SP,50,24.74,32.68,63.68,38.82,0.334,5.82,1055.0,2675133,140.7,81.4,29.24,36.99,24.74,Baixo
MUN_175,Macaé,SP,27,29.63,35.87,64.14,116.43,0.454,3.63,322.8,2918810,76.8,91.9,21.62,116.0,29.65,Medio
MUN_187,Fortaleza,TO,39,22.14,27.02,64.61,58.34,0.378,6.12,856.9,2128654,243.5,59.5,46.08,61.35,23.78,Baixo
MUN_006,Manaus,BA,27,30.32,33.68,87.71,149.27,0.366,9.32,445.3,1676947,339.5,62.2,82.87,160.75,27.33,Alto
MUN_167,Fortaleza,PA,21,22.8,28.29,62.64,44.76,0.178,5.94,237.2,970573,309.3,62.7,49.82,56.39,21.53,Alto
MUN_117,Palmas,AM,43,25.5,29.16,51.33,39.71,0.243,4.38,463.4,1762980,234.6,63.7,35.54,46.63,24.68,Alto
MUN_063,Manaus,RS,48,25.81,29.59,77.0,105.87,0.37,8.6,863.6,501793,388.1,68.2,61.9,99.54,22.04,Alto
MUN_044,Belém,RJ,22,28.16,31.76,54.53,65.38,0.24,6.01,240.9,2448401,66.3,93.1,20.65,67.62,26.29,Baixo
MUN_122,Recife,GO,27,35.34,39.86,60.77,68.6,0.236,3.78,329.0,331362,152.1,73.0,45.4,66.21,37.7,Alto
MUN_191,Manaus,PR,22,26.21,31.41,64.11,58.48,0.343,10.51,278.9,1774175,386.7,61.3,48.67,63.65,25.2,Alto
MUN_112,Belém,MG,35,24.88,30.84,64.37,59.89,0.412,6.98,696.6,1567775,125.4,77.9,31.64,48.45,22.37,Baixo
MUN_028,Palmas,SC,16,23.3,26.8,57.46,20.13,0.141,4.0,110.2,2893044,407.4,67.8,59.92,31.53,19.68,Alto
MUN_104,Araguaína,CE,41,22.43,27.63,53.36,36.77,0.318,2.78,555.2,1428768,244.6,76.4,49.17,17.48,25.73,Alto
MUN_085,Sorocaba,PE,27,23.84,28.43,68.25,90.96,0.183,6.2,295.6,1682718,489.3,50.9,84.18,81.99,22.67,Alto
MUN_189,Palmas,PA,45,23.04,27.99,63.17,33.03,0.327,4.39,167.2,1102707,436.4,70.6,58.13,30.31,24.98,Alto
MUN_175,Ribeirão Preto,RN,14,28.81,31.71,54.88,50.87,0.257,6.71,253.3,1632633,438.9,61.2,67.52,70.76,25.51,Alto
MUN_177,Ribeirão Preto,PR,42,25.62,30.68,73.06,34.74,0.264,4.38,171.8,2911850,472.6,65.2,49.37,23.91,29.93,Medio
MUN_158,Belém,SP,31,23.78,28.2,58.06,52.13,0.281,2.6,516.5,2708674,302.6,65.3,63.38,58.57,22.87,Medio
MUN_069,Crato,PA,40,26.46,31.88,60.39,66.08,0.127,4.19,1072.7,1283716,120.0,84.8,13.74,52.79,23.9,Baixo
MUN_146,Crato,RN,31,26.27,30.38,56.13,13.45,0.201,4.01,194.5,319316,388.1,57.6,65.48,0.19,23.19,Medio
MUN_105,Sorocaba,RS,6,26.78,30.69,71.05,86.29,0.219,10.18,898.6,637619,367.2,58.6,66.71,74.36,25.14,Alto
MUN_126,Ribeirão Preto,SP,22,25.77,33.74,71.04,60.63,0.387,2.66,124.0,953333,396.0,68.5,37.54,53.17,30.48,Medio
MUN_175,Itaquaquecetuba,RJ,18,24.08,28.58,59.1,30.34,0.416,5.73,77.4,2877607,223.4,71.8,45.72,51.08,21.9,Alto
MUN_094,Uberlândia,PA,16,26.4,31.52,79.13,96.87,0.346,8.38,256.8,1678796,322.0,84.2,51.3,96.97,27.95,Medio
MUN_069,Ribeirão Preto,BA,4,22.9,29.0,50.83,46.4,0.225,2.28,386.3,2470966,350.9,64.2,51.11,55.48,25.82,Alto
MUN_049,Araguaína,RS,25,26.49,30.79,75.16,44.06,0.285,0.41,246.9,1805495,219.8,88.6,44.43,39.7,25.36,Alto
MUN_059,Itaquaquecetuba,RN,27,31.9,36.51,46.45,44.68,0.157,2.21,992.1,1255661,49.7,81.0,33.19,26.05,36.38,Baixo
MUN_019,Caxias do Sul,PA,3,28.16,34.04,56.04,47.87,0.54,2.79,115.7,293607,341.2,56.9,44.65,64.64,25.21,Alto
MUN_077,Uberlândia,SP,49,22.22,26.86,70.01,80.14,0.365,5.35,1198.4,2455210,27.9,92.7,15.31,81.18,20.32,Baixo
MUN_167,Belém,RJ,4,24.42,30.74,82.78,105.64,0.434,7.5,718.9,1859107,482.7,65.9,82.94,106.47,27.18,Medio
MUN_184,Crato,CE,47,26.06,30.66,71.0,30.35,0.295,6.5,1089.2,1376613,333.4,63.1,55.86,40.64,25.15,Baixo
MUN_053,Araguaína,BA,26,23.16,28.54,84.58,120.38,0.49,8.41,417.9,2121367,164.7,85.0,42.82,113.79,22.92,Medio
MUN_133,Caxias do Sul,PA,16,31.35,34.22,61.62,10.32,0.245,3.69,611.0,1871598,113.4,67.2,31.0,1.04,29.48,Baixo
MUN_132,Santos,TO,7,29.7,33.59,61.49,39.69,0.303,1.05,1086.0,1539902,62.1,94.6,18.55,25.71,31.46,Baixo
MUN_159,Palmas,AM,23,24.97,31.66,67.06,42.5,0.314,5.39,290.6,1527953,479.1,58.0,65.27,45.03,26.02,Medio
MUN_142,Palmas,CE,38,27.58,29.93,47.94,22.98,0.258,1.14,672.5,2721573,177.6,100.0,0.0,16.06,23.74,Baixo
MUN_149,Goiânia,PA,25,18.05,23.74,66.62,49.32,0.263,8.06,293.3,2167030,307.1,68.5,69.84,58.91,18.61,Alto
MUN_186,Santos,GO,45,23.21,29.54,83.11,117.76,0.273,9.3,166.0,2888140,315.4,65.1,65.13,105.46,24.07,Alto
MUN_157,Fortaleza,GO,17,24.37,31.02,67.92,59.41,0.364,4.88,408.6,2898380,355.2,75.2,59.38,43.94,26.17,Alto
MUN_156,Itaquaquecetuba,MG,39,28.02,33.52,62.08,61.0,0.387,3.95,1003.2,601671,457.0,54.4,68.76,54.73,29.54,Alto
MUN_017,Uberlândia,TO,12,26.01,30.95,55.85,22.96,0.203,2.07,38.5,2381279,408.3,64.9,50.64,11.74,24.88,Alto
MUN_082,Uberlândia,SP,50,24.37,30.25,79.68,86.83,0.315,2.58,1.3,2653805,451.9,59.2,80.57,81.0,24.03,Medio
MUN_101,Manaus,GO,43,26.29,29.92,73.31,37.35,0.289,0.0,1006.1,1729736,335.2,59.8,59.86,27.71,26.15,Baixo
MUN_137,Santos,SC,39,26.4,31.45,56.97,42.36,0.286,4.48,420.6,2715142,485.9,54.1,57.44,50.82,27.51,Medio
MUN_132,Crato,RJ,21,18.14,24.69,59.95,55.13,0.325,4.58,1026.0,2766339,456.1,50.3,72.38,66.06,19.63,Alto
MUN_185,Caxias do Sul,GO,51,30.66,34.67,60.04,45.5,0.385,6.93,147.9,2466266,375.2,69.4,55.27,51.97,29.57,Medio
MUN_196,Goiânia,PE,29,30.07,35.05,65.47,37.6,0.267,4.68,17.3,209017,435.6,54.5,56.78,30.5,29.6,Medio
MUN_172,Uberlândia,SC,3,20.35,26.57,75.91,23.72,0.328,5.76,155.1,319668,131.4,82.2,18.32,27.62,22.0,Baixo
MUN_009,Salvador,MG,14,19.17,25.34,59.6,20.22,0.395,2.02,499.4,799934,36.8,89.7,9.8,28.06,21.31,Baixo
MUN_074,Itaquaquecetuba,RS,42,22.35,24.48,58.91,74.52,0.243,6.68,1038.1,1898646,464.2,41.4,97.93,64.64,21.57,Alto
MUN_003,Crato,BA,19,28.34,31.93,86.11,74.8,0.28,7.88,161.8,1308861,427.1,61.7,76.32,70.15,29.96,Medio
MUN_040,Natal,MG,48,27.01,32.54,64.03,57.24,0.345,5.0,471.9,1272462,445.2,56.6,66.31,50.18,24.54,Medio
MUN_044,Fortaleza,MG,13,20.6,24.15,50.69,43.28,0.313,3.81,90.8,1809666,439.4,67.6,67.38,35.39,17.73,Medio
MUN_154,Goiânia,PA,34,25.34,30.04,58.3,23.49,0.133,5.88,463.2,867670,390.8,67.1,44.87,36.06,24.68,Medio
MUN_182,Montes Claros,BA,7,21.74,26.18,58.94,60.05,0.347,5.44,903.0,980245,218.3,86.9,29.53,63.43,21.29,Baixo
MUN_089,Macaé,BA,44,23.9,29.12,55.49,29.33,0.217,5.27,232.8,1361512,460.2,59.1,80.94,29.61,22.66,Alto
MUN_157,Natal,RS,25,19.93,23.92,54.53,23.81,0.198,4.09,330.8,2882070,385.2,50.1,69.16,30.88,21.11,Alto
MUN_097,Recife,PA,52,23.12,27.87,61.54,49.02,0.319,4.34,1020.5,2321280,477.3,40.6,92.07,51.05,20.26,Alto
MUN_120,Recife,PR,20,25.93,31.1,61.63,50.43,0.404,3.05,278.0,2883713,259.3,67.7,58.74,56.21,24.81,Medio
MUN_119,Montes Claros,PE,11,32.18,36.11,66.64,52.93,0.415,4.52,630.5,2966694,448.4,65.3,67.69,29.0,30.76,Medio
MUN_111,Santos,PE,40,30.21,36.28,73.94,82.32,0.297,9.17,449.3,1993980,33.8,80.0,11.78,74.66,30.99,Baixo
MUN_035,Fortaleza,TO,9,22.42,26.86,59.34,31.82,0.121,4.36,462.0,1565840,460.9,55.5,93.13,31.34,21.14,Alto
MUN_040,Itaquaquecetuba,AM,38,27.43,31.14,63.46,51.4,0.224,1.39,8.8,496465,78.4,71.7,24.97,36.7,27.49,Medio
MUN_189,Araguaína,SC,45,24.32,28.99,54.77,25.8,0.216,3.11,189.1,242224,360.5,69.5,62.9,17.33,26.88,Medio
MUN_133,Salvador,RS,36,21.58,24.88,75.87,101.64,0.494,11.5,311.9,2546748,493.4,56.8,66.58,111.64,20.6,Alto
MUN_126,Natal,SC,36,30.08,34.6,71.28,51.19,0.248,7.57,169.8,1046006,161.3,90.4,37.09,65.04,28.31,Medio
MUN_003,Palmas,MG,46,21.73,25.43,62.07,43.63,0.353,5.78,1034.5,2609863,365.0,62.6,68.05,39.5,19.96,Baixo
MUN_099,Macaé,PR,11,25.11,29.25,59.12,94.42,0.507,7.75,1135.9,1421725,130.9,89.1,24.35,115.52,22.97,Baixo
MUN_117,Recife,PA,43,23.24,28.08,68.82,65.0,0.407,3.41,578.0,658207,351.7,69.9,51.83,55.28,22.58,Medio
MUN_091,Palmas,RS,3,27.35,30.43,69.0,60.13,0.281,2.3,967.9,2471853,447.2,61.0,60.77,58.16,26.67,Alto
MUN_081,Uberlândia,BA,23,25.61,31.6,66.89,66.61,0.428,6.59,1084.6,2095169,477.9,68.9,85.62,59.43,27.88,Alto
MUN_182,Ribeirão Preto,SC,30,25.34,31.83,67.14,37.27,0.205,3.24,43.9,1182959,471.0,57.1,81.96,17.57,25.3,Alto
MUN_086,Manaus,MG,31,29.36,33.13,56.84,17.32,0.156,1.8,371.0,1103754,494.6,58.2,76.52,24.84,29.07,Alto
MUN_141,Belém,AM,17,18.0,24.93,74.72,66.22,0.302,7.91,119.3,2798179,268.3,69.5,42.96,74.53,21.35,Medio
MUN_022,Fortaleza,PA,34,30.24,34.92,83.78,41.54,0.11,7.85,1069.3,1023800,234.5,71.7,40.76,38.35,26.23,Baixo
MUN_089,Montes Claros,CE,9,28.01,33.25,62.27,46.03,0.387,3.05,396.3,2497145,350.0,57.2,50.43,55.66,28.76,Alto
MUN_079,Curitiba,SP,24,22.79,29.03,65.3,34.33,0.218,3.55,171.2,2597157,210.2,69.5,25.87,38.7,21.17,Alto
MUN_014,Natal,MG,45,19.75,27.69,59.42,24.29,0.234,3.54,623.1,2037550,396.6,52.9,79.86,38.78,19.49,Medio
MUN_050,Montes Claros,SC,12,26.37,29.69,56.64,71.72,0.329,9.16,725.5,207830,130.7,85.7,32.31,84.31,25.91,Baixo
MUN_128,Uberlândia,PE,42,23.87,30.17,51.3,33.31,0.166,1.68,1188.1,1217941,426.9,61.3,57.1,20.7,23.13,Baixo
MUN_184,Palmas,RN,28,23.56,29.73,58.48,34.4,0.242,1.25,1000.6,2878324,314.9,58.4,35.9,29.23,19.43,Baixo
MUN_185,Recife,PE,37,26.24,31.67,57.97,37.71,0.226,2.86,520.2,561921,469.5,60.9,53.79,37.38,23.6,Medio
MUN_052,Uberlândia,RJ,51,20.21,25.98,72.31,49.62,0.222,5.0,331.2,1384822,250.6,70.7,56.28,58.9,19.25,Medio
MUN_140,Araguaína,SP,43,35.99,42.15,80.9,144.51,0.424,9.37,187.2,2547449,361.1,58.1,65.72,160.01,34.06,Alto
MUN_018,Recife,SP,30,25.25,30.56,61.66,25.75,0.208,7.63,498.7,524267,431.1,69.3,80.83,22.66,24.11,Alto
MUN_102,Natal,PA,33,31.34,36.8,67.99,57.54,0.32,1.99,442.4,2052339,412.4,59.7,85.08,67.03,33.05,Alto
MUN_066,Campinas,TO,3,27.21,33.12,58.87,28.93,0.346,3.09,729.2,646356,480.1,38.0,80.05,32.68,27.81,Medio
MUN_073,Macaé,RN,15,28.19,32.32,83.08,117.57,0.359,9.37,561.3,2523808,170.8,78.0,39.53,125.31,31.96,Medio
MUN_091,Montes Claros,PA,49,29.07,33.34,68.34,20.6,0.092,3.49,638.5,1984168,322.3,69.6,54.27,31.46,26.75,Alto
MUN_134,Natal,BA,26,24.77,30.18,59.6,13.76,0.294,2.3,849.7,191588,464.6,54.6,82.16,3.62,22.86,Alto
MUN_028,Montes Claros,PA,43,30.31,36.36,56.69,20.79,0.118,0.72,298.8,1304104,354.1,77.2,57.39,9.31,27.83,Medio
MUN_187,Campinas,PE,21,26.78,31.71,67.49,42.85,0.283,7.4,30.6,1007969,92.7,67.6,37.21,44.74,26.77,Medio
MUN_116,Itaquaquecetuba,PA,2,26.13,31.01,56.6,46.13,0.301,5.1,429.0,1240612,116.2,82.4,26.15,49.51,28.13,Baixo
MUN_128,Belém,PA,49,18.16,27.42,58.4,61.64,0.428,5.15,474.6,236941,437.3,55.0,70.87,59.52,17.89,Medio
MUN_067,Natal,TO,2,24.94,30.18,58.51,53.52,0.323,6.86,437.8,1830582,21.9,79.8,24.66,56.36,25.5,Baixo
MUN_157,Macaé,RJ,44,31.9,36.87,47.56,34.09,0.273,6.33,902.7,775026,478.8,47.4,84.61,53.09,32.53,Alto
MUN_109,Salvador,RN,11,27.18,33.99,66.48,36.87,0.235,4.58,463.4,2572823,387.9,71.0,56.38,36.11,25.83,Medio
MUN_092,Araguaína,GO,49,25.68,29.68,58.38,47.72,0.355,4.14,1146.1,2558782,312.0,66.2,56.7,49.03,25.79,Baixo
MUN_078,Caxias do Sul,CE,6,29.47,33.94,56.52,18.58,0.304,2.38,208.6,1346257,456.0,58.6,67.19,0.37,30.85,Alto
MUN_198,Itaquaquecetuba,CE,5,22.9,28.59,61.89,10.76,0.168,1.09,8.1,1260280,338.3,69.1,45.68,-2.69,21.96,Alto
MUN_030,Araguaína,PR,4,33.0,38.06,66.11,18.05,0.374,6.38,407.8,2524897,380.7,61.5,59.54,14.4,33.35,Medio
MUN_019,Uberlândia,BA,47,26.56,31.95,50.27,10.22,0.366,0.0,802.9,966296,283.5,73.5,40.51,-1.2,26.67,Baixo
MUN_181,Santos,MG,33,32.35,38.51,55.26,49.45,0.381,4.6,378.4,2403627,348.0,69.8,75.59,51.3,32.36,Alto
MUN_123,Goiânia,TO,16,22.03,26.68,49.61,9.34,0.285,1.36,277.8,2318348,101.1,95.2,26.1,-6.69,20.63,Baixo
MUN_024,Ribeirão Preto,PA,13,32.91,38.51,69.28,90.13,0.235,7.12,383.5,2443166,59.3,78.5,23.77,84.92,35.23,Medio
MUN_038,Goiânia,BA,7,21.83,26.23,65.2,35.67,0.201,5.68,1197.6,299930,100.4,91.7,25.6,10.46,23.8,Baixo
MUN_073,Goiânia,SC,15,23.52,27.97,59.26,14.83,0.294,1.85,123.8,347237,231.6,74.9,51.31,20.95,25.2,Medio
MUN_155,Campinas,RJ,27,27.43,33.18,70.53,78.46,0.393,1.35,243.9,81821,481.8,35.4,81.61,80.51,27.62,Alto
MUN_018,Uberlândia,AM,36,29.43,33.62,58.28,30.76,0.324,4.25,339.9,1189112,247.9,74.2,57.9,40.54,29.67,Alto
MUN_157,Sorocaba,PR,30,26.94,30.65,67.52,20.82,0.273,3.88,245.7,1798578,359.9,76.1,52.77,20.51,24.92,Alto
MUN_151,Uberlândia,BA,51,24.86,28.95,58.83,11.69,0.257,2.56,447.5,2577411,104.8,80.2,11.55,11.32,23.16,Baixo
MUN_111,Recife,CE,5,27.15,32.18,64.31,20.83,0.287,3.99,310.7,565655,326.9,60.4,50.04,11.13,24.98,Alto
MUN_086,Manaus,MG,31,29.36,33.13,56.84,17.32,0.156,1.8,371.0,1103754,494.6,58.2,76.52,24.84,29.07,Alto
MUN_004,Recife,BA,43,23.76,30.51,62.43,26.7,0.203,4.03,1086.3,1733386,322.1,65.9,49.36,42.37,20.8,Baixo
MUN_015,Fortaleza,RJ,34,23.07,28.67,69.13,57.31,0.376,4.24,411.3,561392,471.3,65.1,64.77,48.49,26.61,Alto
MUN_078,Palmas,RS,49,31.83,38.33,79.08,110.32,0.537,6.16,450.1,1760343,103.2,81.6,55.37,94.37,30.78,Medio
MUN_149,Macaé,MG,35,24.32,28.93,74.13,47.57,0.268,5.09,163.7,2020596,161.5,74.3,50.63,45.34,25.17,Medio
MUN_173,Crato,RN,27,24.34,27.57,72.75,43.45,0.217,2.08,860.6,1155329,158.5,74.2,41.78,37.43,25.52,Baixo
MUN_187,Recife,PA,7,26.59,31.24,64.4,41.04,0.292,8.86,20.4,117797,292.8,69.6,57.32,47.19,24.41,Alto
MUN_066,Macaé,MG,42,21.21,25.99,60.01,64.42,0.377,3.99,96.9,1795052,291.7,76.3,61.32,51.37,17.32,Alto
MUN_174,Curitiba,GO,38,27.22,33.92,54.47,58.62,0.405,6.98,780.8,1697103,433.1,63.5,67.76,72.25,28.77,Alto
MUN_004,Uberlândia,PR,13,31.84,36.17,61.69,20.19,0.158,3.55,235.7,2190556,385.3,67.7,64.54,12.28,32.0,Medio
MUN_150,Crato,GO,6,21.5,26.21,51.25,55.44,0.206,6.45,474.0,80726,251.7,63.3,40.73,53.2,20.75,Medio
MUN_118,Sorocaba,AM,51,29.59,35.2,57.64,40.91,0.236,4.42,478.4,613080,375.3,66.2,47.45,37.38,29.58,Medio
MUN_123,Ribeirão Preto,MG,49,27.22,31.99,60.72,49.67,0.34,9.03,13.8,2711059,85.6,90.6,12.0,63.23,26.38,Medio
MUN_018,Ribeirão Preto,RN,31,26.09,32.95,71.35,38.56,0.336,2.15,214.5,2104630,149.4,63.8,28.19,13.89,28.2,Medio
MUN_092,Itaquaquecetuba,PE,39,27.24,29.93,48.13,13.2,0.166,4.9,817.6,1269776,167.6,86.0,28.82,5.0,29.96,Baixo
MUN_196,Montes Claros,CE,15,25.47,29.23,61.2,37.86,0.355,5.4,597.0,1019209,246.7,81.4,25.64,53.26,26.35,Baixo
MUN_148,Natal,SC,4,17.79,21.94,62.63,36.55,0.399,3.2,332.0,866874,337.4,71.6,56.96,35.5,17.12,Medio
MUN_124,Caxias do Sul,MG,3,24.45,27.28,68.92,46.0,0.343,5.54,878.8,1836711,402.4,57.4,71.96,50.92,21.53,Alto
MUN_073,Campinas,RJ,19,28.29,34.17,59.35,28.81,0.364,3.92,1058.3,2851061,89.8,89.5,42.9,24.93,28.24,Baixo
MUN_164,Araguaína,SC,3,31.84,35.8,69.13,19.69,0.17,4.31,319.4,1879132,325.7,80.7,32.96,18.06,29.37,Medio
MUN_190,Campinas,RN,16,16.5,23.32,58.47,28.8,0.258,4.16,929.1,1636991,355.9,68.0,50.66,26.02,15.16,Baixo
MUN_194,Palmas,PA,20,22.86,29.52,64.28,48.37,0.291,3.5,276.9,1955585,466.9,50.3,62.83,29.58,23.13,Medio
MUN_196,Itaquaquecetuba,GO,45,28.9,33.17,78.77,84.6,0.322,9.71,1187.1,1290383,310.7,72.4,56.71,105.98,25.96,Baixo
MUN_150,Salvador,TO,40,26.77,33.35,72.75,47.43,0.318,6.35,917.9,781083,447.1,58.1,62.46,41.3,28.26,Alto
MUN_038,Ribeirão Preto,CE,51,24.58,29.92,49.46,62.88,0.325,1.0,280.5,1137751,325.3,57.5,63.96,62.36,25.62,Alto
MUN_097,Macaé,CE,4,29.77,36.18,66.38,46.73,0.293,6.23,130.8,1274249,282.0,75.6,36.39,33.74,29.34,Medio
MUN_167,Uberlândia,PR,31,28.71,33.64,69.0,61.59,0.394,3.77,296.9,779024,293.8,59.7,64.89,57.85,27.18,Alto
MUN_004,Macaé,RS,5,27.4,31.63,64.32,74.07,0.391,4.83,513.1,518413,339.5,63.8,54.3,59.33,28.52,Alto
MUN_151,Natal,GO,41,23.67,29.34,72.67,63.35,0.382,5.15,1192.9,1696885,76.5,95.1,23.35,54.01,24.07,Baixo
MUN_133,Sorocaba,MG,38,26.46,32.55,57.61,29.6,0.336,2.48,396.2,127233,59.7,90.6,27.94,50.07,26.45,Baixo
MUN_074,Sorocaba,MG,17,30.95,36.48,54.21,80.52,0.409,1.95,523.3,1909537,423.7,63.9,64.89,72.89,31.14,Alto
MUN_048,Campinas,RS,50,26.41,31.1,57.98,35.74,0.397,8.07,946.2,1947746,405.5,67.0,47.22,45.78,27.57,Baixo
MUN_028,Palmas,SC,16,23.3,26.8,57.46,20.13,0.141,4.0,110.2,2893044,407.4,67.8,59.92,31.53,19.68,Alto
MUN_144,Santos,TO,31,32.21,36.62,57.81,16.49,0.216,3.33,414.2,2847853,24.8,100.0,0.0,13.07,30.9,Baixo
MUN_101,Santos,MG,29,20.1,26.16,64.87,57.01,0.195,5.45,1141.1,2118925,478.0,43.4,94.3,43.58,22.24,Alto
MUN_076,Ribeirão Preto,RS,11,27.21,29.32,80.42,53.44,0.271,1.83,574.4,1388393,173.2,73.9,42.2,44.13,28.82,Baixo
MUN_147,Macaé,PA,22,23.43,28.97,58.56,72.73,0.526,5.95,288.6,1759006,147.5,87.1,47.17,80.07,24.31,Medio
MUN_150,Salvador,TO,40,26.77,33.35,72.75,47.43,0.318,6.35,917.9,781083,447.1,58.1,62.46,41.3,28.26,Alto
MUN_048,Macaé,TO,19,26.03,32.7,71.98,76.62,0.281,6.45,389.1,2057279,147.0,83.1,26.02,80.64,26.36,Medio
MUN_045,Sorocaba,RN,38,27.84,34.82,59.76,30.56,0.395,3.87,37.7,941339,412.6,52.4,65.06,46.99,25.41,Alto
MUN_020,Sorocaba,PA,45,28.16,34.53,62.14,24.8,0.314,3.71,883.0,303733,83.4,68.1,28.35,14.61,26.75,Baixo
MUN_091,Salvador,RS,31,22.41,29.21,66.3,72.58,0.407,8.17,585.7,2857914,350.1,73.5,51.16,82.99,24.86,Medio
MUN_068,Ribeirão Preto,RJ,20,23.75,29.41,60.7,55.89,0.411,0.71,521.7,1559995,27.1,89.4,4.25,55.11,28.17,Baixo
MUN_070,Recife,BA,12,28.14,34.22,52.67,21.53,0.335,4.25,119.4,877330,277.4,66.6,43.96,5.38,26.75,Alto
MUN_182,Curitiba,PR,47,28.73,34.0,74.53,49.11,0.35,6.82,589.2,1366419,385.4,82.8,35.5,52.95,31.28,Medio
MUN_133,Belém,RS,45,25.55,29.4,47.85,31.71,0.235,2.3,827.4,2606549,164.6,87.4,10.03,44.48,27.35,Baixo
MUN_035,Natal,TO,16,26.28,29.96,63.85,47.39,0.289,3.37,892.4,2978842,421.5,54.5,70.11,49.18,29.19,Alto
MUN_023,Araguaína,PR,14,30.7,36.17,61.25,45.89,0.342,5.67,219.5,378116,433.5,75.1,44.09,47.32,31.36,Alto
MUN_199,Belém,RN,38,23.61,30.05,70.42,82.23,0.352,6.2,319.0,79186,225.8,82.2,44.6,77.49,21.4,Medio
MUN_050,Belém,RN,47,29.51,34.95,58.69,41.32,0.242,4.27,603.3,692114,490.4,68.5,64.8,31.33,29.02,Alto
MUN_200,Araguaína,CE,10,23.8,28.1,69.2,72.43,0.5,7.56,3.6,689889,78.5,88.0,6.71,84.68,23.26,Medio
MUN_127,Palmas,AM,23,28.82,34.54,69.68,49.14,0.23,0.96,116.3,147514,248.8,49.6,36.66,42.99,28.53,Alto
MUN_197,Sorocaba,TO,24,22.37,27.16,59.19,31.84,0.381,5.01,378.5,1469287,87.9,100.0,12.58,33.83,22.25,Baixo
MUN_179,Crato,BA,30,26.26,28.43,63.64,28.13,0.282,3.55,995.9,1475180,477.9,49.6,73.73,26.04,26.1,Alto
MUN_140,Manaus,PA,22,25.28,29.5,68.66,46.19,0.108,7.33,1013.9,1063089,306.1,72.6,39.14,51.34,26.49,Baixo
MUN_141,Santos,GO,39,24.51,31.05,62.9,32.22,0.317,2.24,591.5,2637716,207.1,85.6,27.39,33.88,22.72,Medio
MUN_118,Palmas,PA,8,30.46,36.76,67.88,31.07,0.379,1.49,567.4,1568356,471.8,62.4,53.05,33.88,31.87,Alto
MUN_011,Goiânia,RJ,38,23.52,26.82,87.24,67.29,0.231,5.58,923.7,256235,398.5,59.5,64.96,60.45,24.25,Baixo
MUN_081,Montes Claros,PE,14,27.37,32.68,49.25,42.11,0.31,0.0,391.7,2511742,372.4,74.7,53.93,43.04,26.11,Medio
MUN_149,Itaquaquecetuba,MG,27,23.97,28.29,64.09,97.9,0.202,7.62,716.4,300887,126.1,81.6,33.69,86.45,21.95,Baixo
MUN_095,Itaquaquecetuba,PA,51,31.6,37.22,84.04,75.89,0.414,2.25,889.5,2864219,227.6,74.0,37.21,61.4,29.76,Baixo
MUN_025,Macaé,AM,4,28.84,34.08,71.22,41.94,0.191,3.36,278.0,1645217,400.2,55.8,69.96,30.85,29.54,Alto
MUN_134,Fortaleza,TO,28,31.86,38.21,64.53,48.05,0.333,4.69,212.3,693538,427.9,55.7,78.23,36.67,33.27,Alto
MUN_112,Montes Claros,PA,17,22.42,26.68,72.63,80.97,0.113,5.57,599.6,1520821,203.8,77.9,39.82,79.62,25.83,Medio
MUN_034,Goiânia,SP,52,21.24,28.72,61.18,35.92,0.248,5.8,757.1,759500,67.5,82.5,15.63,37.25,20.61,Baixo
MUN_037,Curitiba,PE,33,28.53,32.8,44.38,23.06,0.219,6.29,212.8,999240,448.6,58.8,56.28,24.27,29.28,Medio
MUN_029,Araguaína,RS,32,24.58,31.15,40.41,17.88,0.396,5.11,1122.8,1311877,222.7,64.1,49.02,19.92,26.6,Baixo
MUN_096,Goiânia,SP,9,28.67,33.13,89.9,84.76,0.37,3.65,453.2,2376882,186.1,93.7,35.23,101.0,30.9,Medio
MUN_034,Araguaína,RJ,51,24.74,28.97,67.31,31.54,0.291,0.0,367.5,978280,299.8,72.1,63.54,30.01,24.26,Medio
MUN_033,Santos,MG,50,25.84,29.0,67.21,16.55,0.276,1.75,868.0,1787457,268.2,65.2,53.04,13.14,28.21,Baixo
MUN_071,Santos,MG,18,26.51,30.52,83.13,96.43,0.417,5.0,981.3,1939005,394.6,74.3,47.35,100.4,24.89,Medio
MUN_043,Santos,SC,4,26.25,31.53,59.06,35.86,0.393,6.03,97.3,2415700,149.0,84.7,25.45,36.73,24.05,Medio
MUN_191,Manaus,PR,22,26.21,31.41,64.11,58.48,0.343,10.51,278.9,1774175,386.7,61.3,48.67,63.65,25.2,Alto
MUN_183,Natal,GO,43,30.13,35.06,68.76,117.64,0.426,7.52,404.5,51271,165.7,72.6,53.89,129.83,30.26,Alto
MUN_179,Salvador,RS,47,24.3,30.47,63.08,60.03,0.323,6.47,1173.9,1154186,229.5,78.9,43.77,55.49,22.17,Baixo
MUN_078,Salvador,CE,47,30.01,34.74,63.63,115.89,0.488,10.62,1153.6,345619,296.2,58.0,71.4,106.56,29.92,Baixo
MUN_098,Manaus,SP,12,18.01,23.59,66.71,47.84,0.387,8.96,759.3,1990832,467.0,52.4,90.13,54.95,18.73,Medio
MUN_048,Macaé,RS,1,31.27,36.64,67.09,42.1,0.129,2.7,183.8,114324,73.5,89.9,0.0,40.92,31.76,Medio
MUN_110,Crato,CE,41,25.69,31.0,79.59,90.27,0.28,6.03,1180.5,1311375,51.8,76.8,4.18,89.83,29.17,Baixo
MUN_105,Ribeirão Preto,RN,19,19.65,25.5,59.29,73.5,0.284,7.57,30.8,2352389,463.0,60.4,72.85,89.85,22.31,Alto
MUN_009,Santos,BA,40,25.3,31.1,68.46,50.78,0.388,3.23,709.7,611375,349.3,51.5,69.58,27.48,24.28,Alto
MUN_162,Ribeirão Preto,BA,17,27.23,31.44,57.43,58.85,0.244,2.39,578.0,783394,167.4,64.0,23.27,52.24,23.45,Baixo
MUN_153,Montes Claros,MG,5,26.69,33.58,75.51,93.71,0.324,7.6,620.3,1755553,202.9,70.5,62.79,108.04,24.35,Medio
MUN_101,Itaquaquecetuba,PR,47,22.05,25.13,61.05,22.74,0.224,0.41,958.9,2927232,156.8,78.3,25.22,30.19,21.04,Baixo
MUN_146,Campinas,CE,39,28.34,34.32,53.31,23.49,0.163,4.27,630.7,1804512,411.5,49.4,59.07,26.79,23.16,Alto
MUN_194,Belém,CE,52,22.97,28.05,60.46,24.94,0.226,3.64,960.2,1320237,27.0,100.0,1.33,25.2,20.42,Baixo
MUN_130,Montes Claros,PE,40,18.62,23.5,57.85,26.18,0.271,3.43,762.9,621686,28.2,79.5,7.15,11.25,16.98,Baixo
MUN_173,Crato,SP,1,27.61,34.4,62.36,40.4,0.24,1.7,176.8,2486819,322.3,81.9,52.22,27.3,31.38,Medio
MUN_019,Crato,PR,17,24.15,28.41,70.97,62.76,0.348,5.79,101.6,696976,273.3,59.4,81.76,55.99,24.14,Alto
MUN_121,Recife,RJ,3,23.6,27.64,91.27,181.44,0.487,9.31,558.5,2503225,477.0,50.2,94.46,168.72,20.34,Alto
MUN_104,Campinas,SP,15,20.46,22.54,54.91,46.47,0.203,6.79,228.5,2821593,477.0,62.6,70.95,39.11,18.02,Alto
MUN_014,Fortaleza,RS,25,31.62,36.82,56.92,66.94,0.385,3.39,985.8,255703,425.1,60.9,55.56,63.64,26.67,Alto
MUN_151,Uberlândia,BA,51,24.86,28.95,58.83,11.69,0.257,2.56,447.5,2577411,104.8,80.2,11.55,11.32,23.16,Baixo
MUN_097,Itaquaquecetuba,AM,20,26.74,28.72,71.64,104.98,0.459,12.32,532.0,488501,38.3,72.9,2.95,88.67,27.78,Baixo
MUN_111,Santos,RJ,6,23.69,28.05,53.71,15.33,0.147,2.12,331.5,843786,267.7,75.6,43.05,13.1,25.24,Medio
MUN_005,Curitiba,CE,44,27.62,32.71,62.77,87.58,0.528,8.55,657.1,1790337,339.6,69.1,50.83,95.2,26.99,Alto
MUN_097,Recife,BA,12,26.78,32.54,69.5,56.9,0.372,0.0,1172.4,330391,292.7,70.0,48.09,54.23,26.58,Baixo
MUN_156,Campinas,BA,41,29.29,33.12,57.84,50.4,0.226,5.83,662.4,2155799,248.3,73.2,34.51,51.51,29.56,Baixo
MUN_001,Manaus,RN,4,31.27,37.81,67.75,59.79,0.386,5.1,817.1,2515188,104.8,76.3,42.47,78.58,28.83,Baixo
MUN_060,Salvador,CE,13,29.11,34.69,64.56,81.1,0.477,5.19,234.1,566606,57.4,90.2,17.39,79.55,27.75,Medio
MUN_085,Palmas,CE,31,26.95,32.41,54.16,14.11,0.317,1.29,175.2,2080591,216.7,67.3,31.63,25.68,28.9,Alto
MUN_151,Uberlândia,SC,41,18.63,19.43,80.27,131.35,0.466,4.68,244.9,819652,100.2,85.8,31.26,116.49,20.12,Medio
MUN_156,Macaé,RJ,3,28.9,33.8,51.83,58.97,0.276,6.1,825.0,1023404,406.5,48.6,69.19,56.04,29.45,Alto
MUN_019,Manaus,CE,30,22.11,25.5,55.83,29.1,0.292,7.99,822.7,358832,427.1,72.0,65.92,26.51,23.96,Baixo
MUN_076,Recife,RJ,39,24.8,28.21,49.34,15.56,0.136,0.0,855.3,2524152,173.3,83.2,44.51,4.43,27.68,Baixo
MUN_035,Goiânia,SC,38,25.24,30.35,68.55,71.54,0.436,8.07,26.1,2570603,190.4,75.1,38.62,65.53,26.31,Alto
MUN_088,Goiânia,BA,7,21.25,23.3,49.96,19.22,0.213,1.15,435.2,960728,348.5,71.9,40.93,32.22,20.87,Alto
MUN_018,Goiânia,RJ,6,24.36,30.52,62.45,75.16,0.473,5.42,819.5,2291602,163.9,83.4,31.29,71.98,24.29,Baixo
MUN_080,Macaé,PE,31,22.95,28.57,77.08,46.4,0.337,2.58,800.5,2499369,472.5,49.4,79.37,44.57,23.49,Medio
MUN_155,Manaus,RS,1,23.66,26.2,77.95,70.38,0.356,6.14,318.3,1591404,164.8,86.9,36.76,63.12,26.06,Medio
MUN_150,Araguaína,BA,4,29.51,33.02,59.56,32.0,0.193,2.09,556.1,2787066,286.5,69.7,50.2,53.35,26.44,Medio
MUN_031,Crato,TO,36,23.0,29.84,45.88,9.71,0.224,2.71,217.5,2895355,435.5,60.0,61.09,11.31,25.46,Medio
MUN_112,Montes Claros,PA,30,25.02,30.17,77.76,68.93,0.362,5.16,344.1,484905,260.0,73.7,64.85,60.95,26.88,Medio
MUN_005,Campinas,CE,50,26.06,32.01,74.61,80.8,0.331,4.62,377.3,508572,342.6,53.9,63.73,84.68,26.4,Medio
MUN_091,Uberlândia,RJ,21,29.64,33.53,86.38,100.77,0.34,6.82,627.3,2287456,201.6,85.1,41.61,79.49,29.13,Medio
MUN_189,Fortaleza,CE,32,31.29,38.09,77.8,84.46,0.367,3.43,674.3,1737547,497.8,53.2,89.02,101.76,33.02,Alto
MUN_037,Curitiba,PE,49,27.23,32.66,64.03,41.2,0.31,3.21,245.3,1239248,58.0,100.0,16.84,40.77,27.32,Baixo
MUN_155,Macaé,RS,38,24.98,32.35,64.46,28.33,0.323,0.92,456.6,736618,39.3,79.7,24.83,29.62,26.35,Baixo
MUN_058,Recife,PR,4,28.81,33.93,75.42,93.98,0.458,4.96,545.7,2940571,336.9,69.0,59.93,88.74,29.53,Alto
MUN_048,Macaé,RS,1,31.27,36.64,67.09,42.1,0.129,2.7,183.8,114324,73.5,89.9,0.0,40.92,31.76,Medio
MUN_023,Araguaína,RJ,11,26.6,31.8,57.06,43.27,0.25,7.39,417.3,178143,440.6,55.9,69.79,54.44,25.12,Alto
MUN_185,Goiânia,MG,9,23.43,26.47,67.41,29.98,0.18,4.73,468.2,1969048,453.0,43.4,55.08,35.57,22.47,Medio
MUN_197,Crato,SP,37,22.29,26.82,74.56,84.85,0.315,6.75,282.9,2855813,412.6,58.7,78.76,88.25,23.97,Alto
MUN_187,Campinas,PE,24,33.3,37.77,72.56,49.81,0.282,5.11,201.4,1690609,493.1,57.9,56.75,47.27,32.56,Alto
MUN_055,Salvador,PR,8,28.86,33.96,70.22,92.01,0.446,3.55,458.5,1704646,445.0,57.2,74.44,89.13,29.72,Medio
MUN_185,Goiânia,MG,9,23.43,26.47,67.41,29.98,0.18,4.73,468.2,1969048,453.0,43.4,55.08,35.57,22.47,Medio
MUN_176,Crato,BA,34,29.9,36.65,52.35,11.89,0.399,4.36,179.0,532075,494.6,48.3,79.53,9.46,30.73,Alto
MUN_164,Santos,SP,50,24.9,28.97,68.15,85.85,0.35,5.86,949.7,646795,488.9,39.4,61.41,90.0,24.18,Medio
MUN_156,Manaus,GO,5,28.04,32.18,69.32,41.05,0.266,6.3,706.4,1168616,386.4,57.7,58.32,19.85,27.2,Alto
MUN_115,Santos,PR,19,31.18,36.91,84.8,94.0,0.358,4.17,569.8,2403643,310.0,82.7,44.27,79.85,30.68,Medio
MUN_073,Montes Claros,AM,34,25.27,31.22,63.74,22.17,0.226,3.09,907.9,2160575,128.4,89.7,14.5,8.05,25.34,Baixo
MUN_159,Itaquaquecetuba,PA,34,23.76,30.67,52.96,50.45,0.294,6.37,1152.2,422654,142.2,88.3,19.75,51.88,27.79,Baixo
MUN_041,Fortaleza,PA,2,28.96,34.36,62.46,73.41,0.586,4.46,137.8,1681669,261.6,61.2,41.51,79.08,30.71,Alto
MUN_064,Natal,RJ,39,25.65,30.57,70.95,28.41,0.437,5.04,73.5,143909,428.1,49.7,83.22,19.12,23.61,Alto
MUN_149,Salvador,CE,15,22.09,26.51,68.81,19.97,0.152,4.82,1182.7,2081619,146.7,84.9,2.2,12.31,23.21,Baixo
MUN_096,Recife,PA,51,20.42,26.42,59.27,56.62,0.355,3.08,943.1,1687349,111.5,78.5,31.11,63.72,21.59,Baixo
MUN_075,Fortaleza,MG,15,22.32,27.19,52.14,19.17,0.178,3.18,366.8,1610867,161.1,74.6,26.71,20.26,19.2,Baixo
MUN_127,Sorocaba,SC,3,18.08,22.37,63.67,42.42,0.295,3.53,857.7,1250317,380.8,61.8,64.73,30.12,17.15,Alto
MUN_183,Santos,GO,10,26.08,30.37,64.91,44.65,0.377,4.24,628.5,2084988,231.8,65.0,65.2,57.8,22.79,Baixo
MUN_064,Palmas,BA,40,25.56,30.82,71.2,126.85,0.519,5.75,988.5,2035980,145.0,81.1,49.59,122.76,24.86,Baixo
MUN_107,Natal,BA,30,29.1,34.92,44.91,21.76,0.284,0.45,684.4,2498699,310.7,58.3,61.05,16.51,28.66,Baixo
MUN_005,Curitiba,RJ,1,25.06,28.75,77.64,66.38,0.326,5.22,848.4,2989682,399.7,59.6,56.23,61.74,25.61,Alto
MUN_026,Curitiba,PE,9,25.93,30.18,80.81,123.03,0.361,8.14,714.8,1074908,251.6,71.7,61.87,126.84,25.9,Medio
MUN_018,Palmas,BA,43,25.73,28.3,70.65,28.0,0.175,3.3,1060.7,352715,325.2,60.3,40.07,32.68,27.94,Baixo
MUN_036,Ribeirão Preto,SC,38,29.08,34.68,71.64,14.23,0.386,1.32,558.2,1410935,457.9,50.8,64.55,27.18,30.16,Alto
MUN_151,Ribeirão Preto,RS,39,25.19,29.31,79.56,83.2,0.407,2.89,626.7,2340837,22.8,85.6,0.0,78.6,25.66,Baixo
MUN_178,Recife,SP,43,24.88,31.1,56.37,33.69,0.314,2.6,178.7,217854,342.3,62.6,68.61,34.35,24.27,Alto
MUN_189,Fortaleza,CE,32,31.29,38.09,77.8,84.46,0.367,3.43,674.3,1737547,497.8,53.2,89.02,101.76,33.02,Alto
MUN_019,Goiânia,SC,16,26.6,32.38,45.15,30.59,0.39,3.06,624.6,2447125,261.2,66.6,45.44,30.22,24.1,Baixo
MUN_031,Crato,TO,36,23.0,29.84,45.88,9.71,0.224,2.71,217.5,2895355,435.5,60.0,61.09,11.31,25.46,Medio
MUN_087,Campinas,RS,48,31.59,36.85,63.03,87.94,0.503,6.77,586.5,2057204,93.7,81.4,26.22,69.96,30.7,Baixo
MUN_077,Santos,SC,25,25.2,29.98,74.93,42.93,0.222,6.04,158.3,693495,332.3,76.6,46.68,55.55,23.36,Medio
MUN_037,Palmas,SC,50,28.5,33.43,66.62,36.85,0.312,3.21,920.8,1236027,422.3,58.7,50.74,44.58,30.01,Medio
MUN_090,Salvador,GO,50,30.67,35.81,74.65,95.21,0.336,8.24,754.2,2833205,98.9,88.1,7.55,114.47,32.74,Baixo
MUN_142,Curitiba,PA,42,22.43,26.18,39.02,20.49,0.206,4.67,355.2,2076537,360.6,60.0,72.02,21.26,24.37,Alto
MUN_103,Manaus,SP,37,21.68,25.62,59.27,30.64,0.225,0.0,799.5,2095764,370.3,62.6,30.96,55.6,25.61,Baixo
MUN_006,Araguaína,RJ,14,25.97,29.52,68.38,59.89,0.309,9.64,231.3,2010987,406.6,61.7,67.15,54.17,28.73,Alto
MUN_051,Salvador,PA,47,24.5,29.9,60.27,32.54,0.369,5.66,853.9,2374493,266.5,63.2,46.16,20.08,19.98,Baixo
MUN_063,Natal,BA,39,27.53,33.09,65.91,44.33,0.323,5.13,352.8,2257059,488.6,53.2,73.63,40.63,27.13,Medio
MUN_079,Natal,RN,23,32.01,36.62,69.79,17.37,0.194,1.66,376.3,2371482,412.4,67.4,75.23,7.18,32.64,Alto
MUN_043,Curitiba,PR,48,33.07,38.72,80.39,86.89,0.347,9.87,161.2,2141661,188.7,87.8,39.7,105.86,33.43,Medio
MUN_130,Salvador,GO,28,23.86,28.68,55.34,45.28,0.405,4.79,208.3,1662456,150.1,92.3,9.38,67.78,23.03,Baixo
MUN_127,Montes Claros,PA,32,23.66,28.3,77.02,87.09,0.343,4.62,887.4,1560279,460.0,70.8,62.56,78.24,24.74,Alto
MUN_030,Montes Claros,TO,6,27.26,31.13,53.86,38.78,0.218,5.18,708.7,1879470,448.0,61.5,93.04,30.34,27.15,Alto
MUN_197,Crato,GO,40,22.6,25.44,54.97,47.35,0.231,2.02,628.4,186778,392.1,61.7,60.18,51.22,23.77,Alto
MUN_043,Natal,RN,16,30.01,34.99,60.52,48.94,0.288,3.28,1100.2,129911,233.7,76.7,47.9,29.61,26.97,Baixo
MUN_042,Ribeirão Preto,AM,40,19.23,23.79,50.85,47.82,0.257,0.0,510.0,540698,161.0,66.4,48.23,56.69,19.75,Baixo
MUN_178,Itaquaquecetuba,PA,31,17.57,24.78,55.82,17.28,0.275,4.08,1050.5,2882937,467.3,66.7,64.24,10.22,19.43,Baixo
MUN_013,Itaquaquecetuba,CE,11,28.23,33.3,63.41,21.74,0.245,8.4,295.2,2611026,171.1,89.6,29.33,32.38,26.01,Baixo
MUN_156,Manaus,SP,42,29.85,34.06,77.38,75.25,0.385,4.22,317.2,1299203,354.0,68.5,58.88,85.18,29.3,Medio
MUN_152,Manaus,RS,36,26.02,30.97,62.98,65.01,0.233,6.2,423.3,583299,310.6,64.6,71.49,65.87,26.61,Alto
MUN_168,Palmas,RN,44,28.04,33.02,56.47,77.34,0.421,5.57,157.5,1628450,67.1,98.0,22.43,71.64,26.99,Alto
MUN_004,Salvador,SC,28,18.7,24.88,71.2,82.03,0.406,5.78,735.2,1845439,168.0,74.8,46.96,84.25,19.06,Baixo
MUN_162,Recife,SC,43,27.19,31.69,42.99,57.8,0.377,4.9,18.8,2633843,85.5,95.7,28.71,66.15,27.57,Alto
MUN_159,Natal,CE,49,31.63,36.09,70.99,91.42,0.381,9.03,336.3,1076779,121.2,100.0,26.63,89.78,32.12,Medio
MUN_013,Manaus,RJ,17,29.94,35.44,65.23,30.62,0.267,2.92,465.0,2502514,452.4,49.5,73.07,34.08,31.41,Alto
MUN_115,Crato,RS,37,21.65,24.77,56.34,37.35,0.2,6.09,233.3,128481,364.3,63.5,61.52,42.19,22.35,Alto
MUN_042,Caxias do Sul,BA,36,20.93,23.15,64.43,17.62,0.205,1.97,566.5,927407,421.4,64.0,66.59,10.86,19.33,Alto
MUN_030,Goiânia,AM,4,33.62,37.5,46.2,45.26,0.166,0.93,994.0,325999,84.5,84.7,17.23,36.49,34.54,Baixo
MUN_139,Fortaleza,RJ,49,26.7,32.85,62.81,65.62,0.296,3.54,303.4,1406006,51.3,80.8,19.91,74.36,28.51,Medio
MUN_140,Montes Claros,RS,7,19.79,25.73,64.03,45.35,0.261,2.98,984.1,1908562,258.3,37.8,49.29,41.12,19.27,Baixo
MUN_043,Itaquaquecetuba,MG,28,29.55,32.63,53.76,65.09,0.228,3.97,427.5,2274618,448.1,47.0,84.99,71.32,30.62,Alto
MUN_048,Palmas,GO,18,22.1,27.48,71.24,110.85,0.486,9.3,990.6,2544720,376.4,76.6,53.84,102.83,20.54,Medio
MUN_131,Recife,RN,39,21.33,29.3,65.02,31.89,0.278,2.24,773.3,1377090,350.8,66.4,59.94,17.68,23.91,Baixo
MUN_121,Montes Claros,RN,1,28.7,32.22,63.63,32.85,0.344,5.77,623.6,191197,273.7,86.7,30.49,23.17,28.59,Baixo
MUN_037,Araguaína,PR,6,24.97,27.74,69.27,87.48,0.263,7.18,828.9,1574145,479.0,68.2,58.71,116.21,23.07,Medio
MUN_049,Recife,RJ,45,22.46,25.9,71.76,59.68,0.316,6.62,181.2,2072485,396.2,62.9,56.7,81.17,20.65,Medio
MUN_150,Belém,AM,23,25.77,29.82,72.01,48.22,0.323,4.04,376.3,2806789,463.2,65.7,72.01,43.25,29.41,Alto
MUN_131,Salvador,PE,13,28.83,32.85,54.51,12.92,0.134,2.64,1088.2,2184314,243.2,66.4,34.84,8.91,30.92,Baixo
MUN_105,Curitiba,RJ,15,27.52,32.59,60.54,77.41,0.268,5.38,1098.5,1328457,293.5,59.1,45.17,89.87,26.36,Baixo
MUN_111,Natal,AM,50,34.31,38.43,57.15,54.89,0.426,2.67,935.3,2556042,232.4,68.0,47.69,60.4,36.4,Baixo
MUN_075,Goiânia,SP,5,25.31,29.97,68.74,19.46,0.341,3.24,1060.7,2451903,290.5,65.8,33.22,25.49,26.22,Baixo
MUN_035,Campinas,PA,48,27.19,32.59,61.83,6.44,0.121,4.48,797.7,1124960,163.9,71.9,40.79,4.02,27.36,Baixo
MUN_091,Montes Claros,PA,49,29.07,33.34,68.34,20.6,0.092,3.49,638.5,1984168,322.3,69.6,54.27,31.46,26.75,Alto
MUN_182,Ribeirão Preto,PA,13,24.27,29.23,68.83,74.87,0.297,7.61,5.8,2290836,313.1,61.8,53.79,78.22,19.69,Alto
MUN_156,Sorocaba,TO,30,24.63,29.21,57.98,17.52,0.239,0.0,243.3,870679,329.9,75.3,50.09,22.83,27.08,Alto
MUN_163,Sorocaba,CE,27,31.53,35.63,79.82,66.37,0.338,9.23,492.8,2429852,210.4,74.9,15.13,67.15,31.42,Medio
MUN_116,Salvador,PE,46,26.59,33.91,53.87,21.15,0.32,6.86,457.4,1317266,404.0,57.8,75.24,38.15,27.83,Medio
MUN_015,Ribeirão Preto,GO,27,26.27,32.07,57.71,5.77,0.335,5.29,787.5,1639894,485.2,60.3,54.6,10.43,27.32,Medio
MUN_051,Campinas,GO,6,30.07,35.97,72.41,33.27,0.249,1.57,345.0,110100,284.7,74.1,40.99,45.36,25.94,Medio
MUN_080,Campinas,GO,11,22.57,27.81,63.3,18.84,0.151,1.82,335.4,403082,477.1,38.5,90.52,3.22,26.11,Medio
MUN_173,Campinas,PE,19,26.21,31.78,56.71,49.16,0.269,4.21,531.0,2138646,255.4,65.9,38.42,40.68,28.45,Medio
MUN_007,Crato,GO,19,19.1,22.57,60.86,56.16,0.203,3.67,588.0,1609038,86.2,80.8,24.29,60.43,23.49,Baixo
MUN_164,Manaus,PR,32,24.8,31.61,63.71,22.22,0.164,1.21,449.3,1874020,254.7,69.3,45.66,21.95,24.26,Alto
MUN_077,Curitiba,SP,28,23.66,27.27,63.07,26.23,0.19,0.0,1133.1,820950,363.2,77.9,48.86,20.8,25.32,Baixo
MUN_128,Recife,MG,43,20.41,23.79,68.21,75.91,0.349,4.47,530.9,2580070,208.2,71.7,41.65,67.51,21.88,Medio
MUN_040,Uberlândia,GO,50,32.45,35.92,58.96,39.2,0.323,4.96,782.8,2445812,398.6,68.7,49.73,42.88,30.12,Baixo
MUN_180,Salvador,BA,11,27.28,36.11,64.06,83.86,0.428,7.04,199.3,1599154,285.7,72.5,58.4,90.91,25.64,Alto
MUN_056,Recife,RN,7,27.69,33.06,64.91,39.47,0.259,6.82,62.7,848012,235.4,67.1,48.21,43.26,28.83,Medio
MUN_130,Caxias do Sul,PA,52,22.53,28.75,68.78,77.36,0.346,6.7,483.6,2777588,388.7,54.7,72.91,102.01,25.41,Alto
MUN_072,Recife,BA,1,26.03,30.87,68.58,27.71,0.329,0.0,1154.1,768933,205.4,79.7,25.03,34.88,29.13,Baixo
MUN_152,Fortaleza,MG,46,21.64,25.33,72.28,85.25,0.361,7.69,611.2,889544,252.1,71.1,42.9,105.55,21.63,Medio
MUN_156,Sorocaba,GO,23,28.29,34.18,78.08,81.7,0.299,5.9,560.0,1022957,188.2,75.9,39.71,78.85,29.45,Alto
MUN_117,Campinas,TO,31,25.97,29.88,64.34,35.99,0.287,2.12,294.1,1487217,247.5,66.2,55.39,25.01,25.94,Alto
MUN_074,Caxias do Sul,PR,41,27.53,33.25,60.59,44.74,0.29,7.78,931.5,2248379,248.4,75.9,29.58,47.89,27.21,Baixo
MUN_037,Santos,RS,29,21.0,23.45,41.68,43.49,0.305,3.58,922.4,1791170,406.0,45.8,65.41,30.71,23.12,Alto
MUN_172,Sorocaba,RN,47,20.24,24.94,64.02,27.5,0.096,5.13,480.4,833869,294.0,68.9,39.66,22.86,21.7,Medio
MUN_018,Belém,TO,30,25.26,30.83,63.34,33.43,0.209,5.63,520.3,2722538,351.6,59.2,71.93,32.82,22.23,Alto
MUN_105,Belém,TO,37,22.38,26.47,67.32,99.32,0.342,5.72,310.6,647965,278.7,70.8,69.05,93.36,25.21,Alto
MUN_018,Manaus,BA,36,23.26,28.98,82.45,51.63,0.308,8.12,68.0,2527766,349.3,54.8,52.46,61.29,22.97,Medio
MUN_088,Curitiba,SC,27,22.24,26.6,58.57,81.22,0.502,7.53,489.6,1240207,31.7,91.5,33.67,79.21,20.73,Baixo
MUN_128,Uberlândia,RN,46,24.4,29.14,49.37,38.73,0.315,6.83,10.3,2596798,267.2,76.5,27.86,55.03,23.66,Medio
MUN_173,Macaé,MG,41,28.42,33.39,58.08,59.24,0.39,9.07,695.9,1203611,88.6,96.1,21.69,80.11,28.76,Baixo
MUN_001,Curitiba,MG,15,26.92,32.49,64.24,31.3,0.264,3.08,778.8,2906189,256.6,69.1,61.72,18.6,25.76,Baixo
MUN_007,Itaquaquecetuba,GO,11,24.92,28.03,72.14,12.41,0.262,2.02,1103.4,1198773,303.1,72.3,42.49,13.53,24.95,Baixo
MUN_199,Recife,SC,39,23.08,28.23,78.33,60.5,0.27,5.17,839.8,1137315,461.8,70.9,60.94,61.9,23.26,Medio
MUN_141,Ribeirão Preto,PR,48,23.6,29.5,67.55,22.3,0.25,0.93,44.0,1843793,169.8,69.4,49.6,21.87,22.91,Medio
MUN_171,Manaus,GO,42,25.47,30.77,69.35,85.84,0.419,3.74,567.6,2525038,67.7,82.2,8.8,76.89,22.45,Baixo
MUN_050,Recife,RJ,41,28.77,34.16,71.42,57.93,0.398,2.44,52.9,2890120,99.2,82.9,17.68,52.1,29.12,Medio
MUN_064,Fortaleza,TO,46,29.3,34.33,67.94,38.06,0.237,4.15,410.1,2210901,383.5,72.2,59.39,56.65,24.96,Medio
MUN_198,Fortaleza,MG,22,22.35,28.46,73.57,45.52,0.321,3.41,305.9,2934248,223.6,60.0,51.93,40.09,22.6,Medio
MUN_086,Curitiba,RN,40,33.86,39.3,80.98,116.54,0.426,5.51,1048.7,1860002,263.7,76.4,41.41,122.33,30.1,Baixo
MUN_097,Belém,PE,32,26.68,31.45,74.96,110.45,0.343,9.92,255.5,330481,381.7,79.3,66.12,98.83,27.27,Alto
MUN_060,Uberlândia,BA,2,31.21,38.52,54.78,10.55,0.187,2.17,401.2,2921873,185.4,87.1,30.13,6.95,30.6,Baixo
MUN_158,Araguaína,PE,45,28.64,35.38,61.96,26.74,0.219,3.78,1109.2,1175000,86.4,89.9,5.15,34.41,31.78,Baixo
MUN_030,Manaus,RS,18,24.37,28.46,59.22,77.6,0.247,6.63,640.4,1521780,100.4,89.3,12.62,70.47,21.31,Baixo
MUN_092,Belém,RJ,1,23.73,27.37,78.47,86.17,0.401,4.34,137.8,654049,322.6,78.8,57.24,79.95,25.15,Alto
MUN_053,Manaus,GO,8,28.89,34.34,63.44,60.4,0.194,2.58,580.7,351908,432.6,54.0,76.32,62.55,31.31,Medio
MUN_054,Curitiba,PR,2,28.16,30.36,63.5,46.42,0.316,6.58,1182.0,2333731,316.5,58.3,67.6,47.13,29.1,Baixo
MUN_195,Sorocaba,AM,41,29.32,34.41,56.36,70.01,0.381,4.64,666.3,642097,342.4,77.5,53.4,73.76,29.22,Alto
MUN_086,Manaus,MG,31,29.36,33.13,56.84,17.32,0.156,1.8,371.0,1103754,494.6,58.2,76.52,24.84,29.07,Alto
MUN_125,Sorocaba,MG,1,23.21,27.51,69.07,51.79,0.29,4.8,1137.7,144303,371.4,63.4,53.76,52.93,23.33,Baixo
MUN_153,Macaé,PE,40,27.27,30.75,65.0,69.46,0.367,5.72,912.0,1522956,218.0,58.8,69.93,61.45,27.58,Baixo
MUN_036,Macaé,PE,33,24.52,28.39,50.03,42.29,0.261,3.24,511.7,1442451,255.8,56.7,32.91,16.64,26.45,Medio
MUN_095,Campinas,AM,9,36.02,41.07,53.82,20.04,0.268,3.23,452.5,2903621,210.4,73.7,43.5,38.05,38.38,Baixo
MUN_137,Fortaleza,PA,34,25.17,31.63,72.98,95.62,0.207,8.03,410.3,2746409,130.6,70.3,62.93,102.42,23.45,Medio
MUN_160,Curitiba,RN,42,24.64,30.99,52.9,40.72,0.281,7.25,45.1,2601101,299.7,97.7,30.02,37.48,26.41,Medio
MUN_175,Recife,TO,39,24.55,30.26,60.24,56.84,0.416,3.72,712.6,1738089,27.2,84.6,27.31,70.69,22.79,Baixo
MUN_134,Salvador,MG,7,25.04,33.13,68.51,98.9,0.325,5.32,409.1,1518095,281.5,72.5,42.54,116.74,25.9,Medio
MUN_152,Crato,RJ,37,28.03,33.84,50.53,39.18,0.27,4.78,1031.2,628666,364.7,56.0,62.02,38.8,29.34,Baixo
MUN_043,Itaquaquecetuba,MG,28,29.55,32.63,53.76,65.09,0.228,3.97,427.5,2274618,448.1,47.0,84.99,71.32,30.62,Alto
MUN_003,Natal,PA,19,30.26,34.33,62.22,43.55,0.368,5.83,1103.3,1582058,245.0,63.0,39.75,42.5,29.82,Baixo
MUN_196,Itaquaquecetuba,PA,43,28.45,32.64,82.12,186.13,0.561,13.26,394.4,1146545,64.5,85.0,42.02,182.46,26.2,Alto
MUN_117,Palmas,AM,43,25.5,29.16,51.33,39.71,0.243,4.38,463.4,1762980,234.6,63.7,35.54,46.63,24.68,Alto
MUN_069,Manaus,MG,32,24.31,30.49,66.44,48.21,0.263,1.23,312.7,2483834,446.2,62.3,69.24,54.63,27.58,Alto
MUN_039,Curitiba,RJ,30,25.67,30.27,55.73,57.07,0.335,4.03,471.5,1709997,235.2,72.8,33.3,42.98,23.74,Medio
MUN_039,Curitiba,BA,10,23.24,27.26,67.03,104.35,0.388,4.84,149.3,706334,290.6,63.1,65.37,116.47,24.95,Medio
MUN_011,Uberlândia,RN,48,28.34,32.84,53.47,74.65,0.382,8.91,185.1,420581,260.6,67.1,49.6,61.51,28.67,Medio
MUN_162,Sorocaba,SC,39,30.55,36.35,54.2,18.46,0.233,1.9,480.9,1409192,456.0,58.9,65.15,18.0,30.12,Alto
MUN_111,Campinas,PE,43,22.84,27.23,67.12,49.09,0.291,5.75,746.4,1876566,393.2,52.8,86.38,53.37,24.89,Alto
MUN_117,Natal,PA,30,29.51,36.49,73.52,68.35,0.442,5.07,41.2,2294252,90.1,88.1,2.22,59.91,30.29,Medio
MUN_183,Sorocaba,GO,19,27.35,31.7,64.21,44.73,0.283,5.7,818.0,2614504,292.5,77.2,49.41,41.16,28.5,Baixo
MUN_015,Caxias do Sul,PE,25,27.36,29.87,77.38,125.88,0.532,8.52,312.1,1064024,403.9,64.0,81.21,123.09,29.02,Alto
MUN_029,Salvador,CE,2,33.19,38.96,67.43,86.85,0.424,5.57,234.4,1928079,81.1,82.7,29.2,76.9,36.25,Alto
MUN_073,Montes Claros,PA,14,27.47,31.2,58.98,38.18,0.198,2.04,266.1,918506,170.9,77.1,41.56,36.33,28.4,Medio
MUN_109,Campinas,BA,49,24.63,30.22,62.92,38.64,0.32,7.45,1051.3,1068123,448.3,70.0,79.8,37.5,22.63,Baixo
MUN_024,Curitiba,RJ,46,28.59,32.32,64.01,64.06,0.366,8.12,1025.3,2454146,281.4,71.5,48.27,52.62,29.52,Baixo
MUN_151,Araguaína,RJ,14,27.15,32.6,70.68,51.05,0.27,4.52,47.1,908901,155.7,75.6,36.66,55.63,26.08,Medio
MUN_013,Crato,MG,26,32.89,35.43,63.56,74.83,0.439,9.15,183.6,1314122,348.8,76.4,69.22,90.98,30.35,Alto
MUN_046,Natal,RJ,42,29.8,34.79,72.66,101.2,0.342,9.1,420.9,2414475,284.8,72.0,40.37,88.79,28.07,Medio
MUN_129,Montes Claros,CE,39,21.68,27.11,60.3,34.73,0.351,4.62,119.1,130678,241.9,77.4,39.76,44.31,21.52,Alto
MUN_175,Manaus,PR,43,25.32,30.42,55.27,21.72,0.211,3.57,545.3,2319057,152.5,70.8,38.37,18.15,24.92,Baixo
MUN_126,Goiânia,PA,5,23.07,28.98,73.67,54.92,0.247,4.91,1097.4,2732165,401.5,61.5,68.06,46.02,21.95,Baixo
MUN_028,Recife,SC,1,24.41,29.01,66.98,116.88,0.298,6.43,430.9,1804467,300.4,65.5,65.16,118.77,26.33,Alto
MUN_062,Curitiba,AM,29,25.95,30.07,71.25,33.03,0.281,5.43,1086.3,127438,478.3,53.0,65.46,21.19,25.67,Medio
MUN_021,Caxias do Sul,MG,52,28.45,34.84,68.75,31.85,0.205,5.17,440.0,2429134,377.4,57.8,75.28,19.72,28.3,Alto
MUN_141,Araguaína,PA,41,24.43,29.38,47.52,27.41,0.309,0.0,2.9,1745559,404.7,63.9,44.2,24.88,23.42,Medio
MUN_021,Santos,AM,21,26.08,33.09,71.28,56.71,0.269,3.12,1090.9,471231,141.9,65.3,32.9,52.57,24.84,Baixo
MUN_048,Salvador,RN,16,21.95,23.67,70.05,43.13,0.202,5.79,517.4,1223878,290.4,89.5,58.26,34.65,21.84,Alto
MUN_161,Santos,BA,49,22.85,29.39,85.76,120.65,0.475,6.6,858.4,771672,127.8,88.3,38.63,127.17,21.97,Baixo
MUN_159,Uberlândia,AM,36,26.16,30.46,78.46,85.4,0.376,4.69,731.5,581702,439.1,50.4,73.02,73.38,27.14,Medio
MUN_173,Palmas,AM,27,23.48,28.1,52.06,10.27,0.114,1.38,765.0,676006,492.3,58.7,64.99,15.3,23.17,Medio
MUN_059,Uberlândia,RN,3,22.49,25.59,62.34,50.3,0.365,5.59,119.5,2778694,299.1,73.4,43.61,55.79,20.7,Alto
MUN_182,Campinas,PE,1,27.23,31.27,57.86,35.06,0.37,8.27,965.6,1142019,391.2,56.4,67.77,43.1,27.69,Baixo
MUN_090,Fortaleza,GO,18,27.77,34.31,66.49,33.72,0.288,4.18,504.9,1502022,233.1,65.6,53.19,46.9,26.82,Medio
MUN_028,Recife,SC,1,24.41,29.01,66.98,116.88,0.298,6.43,430.9,1804467,300.4,65.5,65.16,118.77,26.33,Alto
MUN_039,Salvador,SP,28,21.11,26.71,80.48,101.3,0.311,9.66,1129.9,359316,346.8,52.1,66.12,103.18,19.61,Baixo
MUN_088,Caxias do Sul,RN,26,21.26,24.53,73.06,53.16,0.202,4.66,261.2,751037,363.4,60.8,57.19,52.96,23.08,Medio
MUN_109,Manaus,PA,50,26.12,30.91,63.64,26.02,0.223,3.62,890.0,347486,343.8,68.1,40.97,22.88,29.9,Baixo
MUN_163,Ribeirão Preto,RN,10,25.59,33.04,83.54,107.74,0.535,4.38,811.9,2393561,299.2,63.9,69.67,116.13,30.1,Medio
MUN_144,Recife,PR,35,27.4,33.18,65.95,35.22,0.229,3.28,13.4,152227,433.2,54.3,53.0,42.04,25.92,Medio
MUN_133,Palmas,PA,25,22.89,29.46,64.53,38.12,0.407,3.09,987.4,822142,442.5,57.5,70.61,39.13,23.03,Alto
MUN_155,Campinas,TO,1,28.13,33.73,72.37,86.33,0.268,5.13,415.9,520633,262.6,81.0,48.93,103.45,27.7,Medio
MUN_188,Montes Claros,AM,12,27.96,31.56,81.65,74.49,0.282,3.22,885.7,1029441,138.1,91.2,44.46,76.16,28.32,Baixo
MUN_177,Montes Claros,PR,1,19.11,22.83,57.42,11.86,0.336,2.05,703.9,1338670,489.8,69.5,65.25,26.41,19.64,Medio
MUN_073,Recife,GO,8,26.25,29.62,56.88,75.71,0.399,4.52,300.9,732155,231.9,65.7,20.39,71.63,28.87,Medio
MUN_020,Macaé,CE,43,26.43,30.11,61.97,25.28,0.268,2.44,485.3,875822,50.3,79.4,23.61,20.16,26.32,Baixo
MUN_078,Santos,RS,32,32.06,39.57,76.14,46.33,0.175,6.35,469.0,2989594,40.9,81.7,25.94,40.83,28.07,Baixo
MUN_032,Campinas,TO,27,20.27,25.54,73.8,49.53,0.203,5.65,915.0,2358324,161.6,82.3,31.05,55.12,18.23,Baixo
MUN_053,Uberlândia,PR,4,26.38,31.14,49.28,32.02,0.433,4.85,437.5,443907,473.6,70.9,54.44,21.14,24.98,Medio
MUN_068,Caxias do Sul,PE,5,30.94,34.7,60.19,23.53,0.284,1.52,566.6,828770,41.9,87.3,23.18,12.94,31.51,Baixo
MUN_103,Fortaleza,SP,3,24.84,29.65,51.41,51.73,0.271,7.04,1172.7,151242,478.9,62.9,66.53,29.37,24.13,Baixo
MUN_199,Crato,TO,30,31.31,34.33,57.28,64.61,0.358,6.28,756.1,2771096,458.3,48.2,52.03,77.24,31.44,Medio
MUN_045,Montes Claros,PA,16,25.79,31.19,61.52,39.74,0.354,8.04,735.8,2846010,424.5,63.7,64.55,28.56,28.24,Alto
MUN_181,Montes Claros,AM,28,30.4,37.46,74.77,78.27,0.281,4.81,636.7,1333890,481.4,49.2,69.69,75.39,32.55,Alto
MUN_178,Manaus,RN,19,23.11,27.84,64.17,36.79,0.177,4.18,652.7,1759091,319.1,71.6,56.01,33.65,19.82,Medio
MUN_100,Caxias do Sul,RJ,16,26.33,31.96,58.07,47.12,0.263,5.57,957.9,2202776,397.1,51.2,58.82,42.22,30.22,Alto
MUN_076,Natal,PR,28,24.93,31.04,47.79,34.43,0.181,4.74,871.0,2871802,53.1,88.8,28.01,14.58,25.45,Baixo
MUN_107,Fortaleza,TO,47,29.06,35.12,77.14,21.71,0.171,2.8,821.9,73559,469.1,52.7,71.41,41.19,26.89,Alto
MUN_126,Araguaína,RN,4,23.98,29.04,50.93,16.36,0.334,4.84,724.3,663192,114.6,93.2,22.34,4.2,23.12,Baixo
MUN_016,Belém,RJ,22,27.62,34.72,63.36,14.1,0.35,0.0,973.3,1080268,484.9,44.8,75.24,31.02,27.92,Alto
MUN_005,Ribeirão Preto,SP,35,26.98,30.38,79.83,44.17,0.372,7.12,8.9,2586780,121.3,76.6,35.24,46.47,24.59,Medio
MUN_054,Fortaleza,RN,42,28.31,31.67,84.57,132.77,0.439,7.44,475.6,1650793,436.9,55.3,75.87,128.21,27.95,Medio
MUN_179,Curitiba,RN,38,30.18,33.96,66.03,89.44,0.408,7.81,651.1,1854764,367.0,60.9,73.46,95.45,30.12,Alto
MUN_067,Crato,TO,38,30.68,34.72,73.81,86.13,0.358,0.49,477.3,874345,142.7,73.4,44.62,86.57,32.3,Alto
MUN_189,Manaus,MG,7,29.4,32.04,52.95,15.57,0.232,2.25,1170.5,2739509,373.4,62.3,48.73,10.95,32.88,Baixo
MUN_141,Crato,CE,33,23.92,29.02,58.6,78.04,0.187,5.35,1192.3,1321131,439.5,60.9,50.23,67.61,22.63,Medio
MUN_130,Itaquaquecetuba,CE,44,20.76,24.56,58.22,71.53,0.433,5.78,721.6,2700665,471.3,56.0,76.48,83.44,21.43,Alto
MUN_016,Santos,PR,44,23.92,28.98,61.11,69.17,0.293,8.15,606.6,464449,423.9,53.9,63.32,70.44,24.82,Alto
MUN_129,Montes Claros,PE,30,31.36,35.88,67.96,94.2,0.396,9.18,449.4,2597141,77.8,74.3,19.63,92.32,30.04,Medio
MUN_157,Itaquaquecetuba,PR,33,26.0,29.98,48.37,30.36,0.317,0.38,1092.9,566417,497.7,43.2,72.51,29.47,25.44,Baixo
MUN_003,Recife,CE,32,21.94,28.3,69.45,36.23,0.173,8.07,131.9,492312,323.3,73.1,39.19,35.87,22.27,Medio
MUN_010,Uberlândia,PA,41,24.72,31.07,57.5,20.77,0.308,0.61,14.3,2052810,462.3,55.2,78.6,16.15,25.74,Alto
MUN_157,Itaquaquecetuba,PR,33,26.0,29.98,48.37,30.36,0.317,0.38,1092.9,566417,497.7,43.2,72.51,29.47,25.44,Baixo
MUN_127,Sorocaba,BA,6,30.58,37.36,54.14,33.39,0.308,3.81,47.0,393124,333.6,68.3,48.41,22.83,28.48,Alto
MUN_118,Natal,PA,27,24.95,28.47,64.78,33.95,0.328,1.77,76.9,2951388,100.6,78.7,2.42,25.86,25.28,Medio
MUN_024,Itaquaquecetuba,RS,24,26.41,32.59,73.37,47.37,0.295,4.51,319.7,2250559,142.7,73.8,32.01,60.13,23.29,Baixo
MUN_088,Montes Claros,RS,28,23.92,28.34,53.72,15.0,0.113,3.3,108.5,1237260,467.6,63.3,56.32,12.61,22.88,Alto
MUN_171,Itaquaquecetuba,PA,33,21.56,25.01,40.94,19.83,0.361,2.25,530.2,876696,359.0,54.6,59.63,17.8,21.84,Medio
MUN_142,Montes Claros,PR,33,27.53,31.16,48.95,79.75,0.151,4.48,833.5,883980,103.4,92.7,19.32,98.01,24.56,Baixo
MUN_134,Santos,SP,33,25.34,30.89,55.91,27.46,0.271,1.9,1189.3,1433428,127.1,67.4,34.09,35.96,24.59,Baixo
MUN_023,Araguaína,SP,19,32.37,36.59,87.51,155.58,0.61,9.23,379.4,226060,291.3,73.3,66.98,147.18,30.92,Medio
MUN_065,Palmas,MG,8,25.21,33.43,59.32,13.86,0.097,4.77,1024.1,105487,406.3,60.6,50.27,9.84,26.27,Baixo
MUN_038,Sorocaba,SP,43,32.62,36.92,72.33,72.94,0.52,3.77,708.0,2986674,279.0,73.2,48.25,68.16,32.55,Medio
MUN_006,Natal,PE,11,23.56,29.36,83.84,79.83,0.19,7.24,503.8,1982720,473.1,52.6,86.16,71.17,22.03,Alto
MUN_146,Uberlândia,RJ,18,28.77,33.17,82.66,59.86,0.255,3.69,634.0,1374820,421.1,48.3,70.01,54.05,32.83,Alto
MUN_061,Salvador,AM,36,21.68,28.93,57.93,43.98,0.216,4.39,645.1,547343,408.6,56.8,72.8,35.65,24.03,Alto
MUN_167,Goiânia,BA,3,21.22,28.33,75.84,88.42,0.287,2.88,608.7,423826,288.8,81.4,45.88,82.86,24.04,Alto
MUN_030,Manaus,RS,18,24.37,28.46,59.22,77.6,0.247,6.63,640.4,1521780,100.4,89.3,12.62,70.47,21.31,Baixo
MUN_020,Ribeirão Preto,CE,11,24.51,29.5,75.87,42.24,0.323,6.62,472.9,982865,372.1,65.5,51.76,42.39,22.91,Alto
MUN_178,Ribeirão Preto,SP,46,26.34,31.19,69.81,36.47,0.313,2.04,13.6,418951,349.0,67.3,48.9,7.02,26.89,Medio
MUN_126,Belém,SC,32,24.88,28.4,77.85,86.95,0.408,5.41,204.1,1532055,175.1,75.8,58.19,76.3,25.04,Medio
MUN_040,Itaquaquecetuba,RN,3,22.73,26.9,64.66,61.5,0.259,4.45,715.3,540791,277.8,73.8,36.08,50.82,20.41,Alto
MUN_190,Recife,PR,14,24.61,28.26,42.74,7.82,0.143,3.95,817.5,2475478,479.3,50.2,67.41,2.75,21.19,Alto
MUN_047,Belém,SP,33,28.09,34.15,65.69,29.84,0.173,4.37,262.0,2783306,395.0,65.7,58.16,42.93,27.37,Alto
MUN_012,Ribeirão Preto,CE,44,24.91,30.98,67.43,18.79,0.276,1.91,457.8,2483847,93.3,69.3,28.08,11.82,24.64,Baixo
MUN_140,Manaus,MG,39,25.34,30.87,72.46,39.93,0.29,2.18,807.0,2383046,468.9,45.6,79.16,37.66,25.63,Alto
MUN_167,Araguaína,RJ,43,27.31,33.72,56.92,46.01,0.35,6.24,561.8,2493145,154.4,61.9,36.56,46.73,27.06,Baixo
MUN_139,Fortaleza,PA,8,22.95,27.28,79.71,107.38,0.452,7.48,215.4,650282,184.9,75.4,40.24,111.38,22.11,Medio
MUN_190,Natal,TO,46,23.97,30.96,53.1,22.56,0.051,2.27,833.7,2343871,184.7,68.0,29.26,39.86,26.44,Baixo
MUN_016,Santos,PA,4,26.42,32.25,59.34,82.01,0.338,6.05,1062.4,1635085,121.9,70.8,49.29,90.08,26.51,Baixo
MUN_190,Santos,SC,25,29.66,35.04,67.57,63.14,0.27,5.13,113.1,904739,236.0,74.8,49.16,40.23,30.61,Medio
MUN_037,Belém,RN,45,23.41,26.1,65.12,24.24,0.212,2.37,395.2,809518,32.6,84.2,10.21,18.5,22.08,Baixo
MUN_193,Caxias do Sul,RS,12,26.97,33.82,70.44,108.83,0.391,6.72,253.7,2478932,389.1,50.1,68.76,101.98,29.59,Alto
MUN_170,Salvador,RN,27,22.93,27.88,81.93,39.66,0.285,1.74,186.2,213471,292.9,74.2,41.39,36.32,23.75,Medio
MUN_164,Santos,BA,19,26.22,31.28,51.65,52.3,0.262,7.47,185.8,2625203,415.5,62.4,55.72,66.8,24.82,Alto
MUN_182,Macaé,TO,39,30.86,34.78,63.7,20.78,0.226,5.7,387.5,176701,344.4,61.8,70.74,26.85,33.48,Medio
MUN_039,Ribeirão Preto,AM,48,28.76,34.0,60.56,32.99,0.33,9.35,525.2,1045795,42.7,93.0,23.2,34.27,29.87,Baixo
MUN_183,Campinas,SP,42,22.79,28.22,76.17,54.27,0.306,2.2,655.7,1657525,487.4,54.7,70.65,53.42,21.63,Medio
MUN_080,Palmas,BA,7,20.5,26.51,82.02,53.94,0.278,7.35,387.2,2930054,477.7,55.2,79.93,61.76,17.19,Alto
MUN_039,Campinas,AM,42,24.91,27.69,63.64,77.29,0.378,4.86,775.4,989999,438.9,56.2,60.2,63.89,28.07,Alto
MUN_188,Salvador,RN,26,25.09,30.64,54.81,36.4,0.333,5.51,327.8,711869,435.2,47.0,72.82,41.5,25.91,Alto
MUN_071,Montes Claros,TO,16,15.96,19.82,66.49,66.06,0.227,4.32,783.5,1348314,403.6,66.6,46.15,62.73,17.16,Alto
MUN_019,Montes Claros,MG,18,21.73,28.27,50.15,29.72,0.256,3.19,727.8,1179608,255.3,79.1,48.47,16.45,21.0,Baixo
MUN_175,Itaquaquecetuba,RJ,18,24.08,28.58,59.1,30.34,0.416,5.73,77.4,2877607,223.4,71.8,45.72,51.08,21.9,Alto
MUN_112,Montes Claros,RJ,6,34.19,36.7,52.37,38.42,0.225,4.63,1168.0,844888,218.0,82.2,52.94,39.61,34.61,Baixo
MUN_035,Crato,RS,39,26.79,30.85,67.51,73.29,0.218,5.19,1195.7,1702530,128.7,87.5,28.69,71.77,29.41,Baixo
MUN_160,Ribeirão Preto,PE,40,30.42,33.7,63.37,39.72,0.202,1.41,522.0,1311586,139.0,73.5,47.52,44.95,30.59,Baixo
MUN_098,Goiânia,GO,31,31.68,36.93,52.75,10.33,0.188,2.85,1198.5,2886953,374.6,57.6,56.61,28.9,35.73,Baixo
MUN_137,Santos,SC,39,26.4,31.45,56.97,42.36,0.286,4.48,420.6,2715142,485.9,54.1,57.44,50.82,27.51,Medio
MUN_059,Crato,RJ,4,20.51,27.57,60.2,76.99,0.363,5.41,886.0,2740304,64.0,83.8,34.49,90.46,22.49,Baixo
MUN_018,Campinas,GO,47,26.08,31.49,60.72,33.93,0.428,2.84,467.3,783988,41.6,99.8,14.28,49.39,23.66,Baixo
MUN_072,Macaé,PA,48,30.36,35.23,72.99,47.39,0.311,4.69,558.7,1175845,437.9,47.6,78.56,56.86,31.37,Alto
MUN_055,Curitiba,PA,45,31.0,35.58,59.29,74.34,0.367,6.92,1019.7,287937,397.8,55.1,66.97,62.54,30.7,Baixo
MUN_151,Belém,RJ,9,28.12,34.26,52.89,16.29,0.328,5.05,1175.3,1378173,84.7,88.3,18.35,15.93,28.12,Baixo
MUN_074,Araguaína,TO,42,26.8,31.39,60.38,43.8,0.283,2.9,712.3,508588,487.4,46.8,68.37,48.68,24.44,Alto
MUN_122,Macaé,PA,30,25.23,28.91,76.17,108.19,0.477,5.28,344.2,954546,383.8,65.1,61.2,119.2,28.02,Medio
MUN_070,Goiânia,PR,31,29.78,36.46,58.46,30.96,0.296,1.96,1073.8,2769211,134.7,96.7,24.16,19.96,27.1,Baixo
MUN_023,Uberlândia,BA,17,25.38,30.71,78.96,91.81,0.366,8.24,323.7,1066390,264.1,82.1,50.65,83.46,26.03,Alto
MUN_106,Goiânia,SC,40,32.22,36.54,60.24,53.36,0.362,5.99,116.5,751254,403.5,61.8,65.87,44.65,31.88,Medio
MUN_051,Santos,SC,29,29.6,34.83,56.54,16.66,0.287,2.82,345.5,2877592,151.8,78.3,26.52,15.71,31.6,Baixo
MUN_177,Crato,PA,31,28.33,33.46,58.26,42.78,0.222,5.55,539.6,2385216,184.1,86.6,29.06,28.22,30.28,Baixo
MUN_014,Palmas,CE,12,27.8,32.67,81.45,88.94,0.259,6.86,445.9,1099071,460.4,66.0,64.82,97.19,27.47,Medio
MUN_196,Itaquaquecetuba,GO,45,28.9,33.17,78.77,84.6,0.322,9.71,1187.1,1290383,310.7,72.4,56.71,105.98,25.96,Baixo
MUN_080,Goiânia,AM,3,26.22,31.7,61.14,14.17,0.253,5.2,754.0,68130,249.9,87.8,23.4,31.04,24.61,Baixo
MUN_125,Sorocaba,RJ,12,26.01,31.74,61.11,41.41,0.167,7.93,958.2,2226309,121.7,75.7,29.12,44.33,27.19,Baixo
MUN_007,Curitiba,TO,41,30.9,37.15,76.69,47.83,0.162,4.07,996.3,893823,94.9,81.5,32.46,39.52,29.73,Baixo
MUN_129,Curitiba,GO,20,25.36,30.75,56.05,12.64,0.18,1.98,1128.0,1660093,34.7,76.7,29.73,1.49,25.22,Baixo
MUN_119,Belém,RS,48,22.71,27.79,73.44,104.62,0.446,7.0,278.6,1852681,497.9,56.4,87.24,106.12,22.43,Alto
MUN_117,Belém,GO,1,25.37,29.75,80.67,83.21,0.328,0.1,204.8,268715,391.1,66.3,53.69,104.79,30.17,Medio
MUN_090,Crato,PE,33,28.92,33.74,66.94,50.96,0.292,3.72,287.8,475758,127.8,75.8,31.73,51.73,22.88,Medio
MUN_038,Itaquaquecetuba,GO,10,30.24,36.15,55.6,77.28,0.342,5.98,800.9,1255508,447.9,62.0,77.17,70.49,29.05,Alto
MUN_148,Ribeirão Preto,BA,30,22.59,25.85,75.26,92.86,0.299,7.93,530.2,1486306,181.6,90.1,28.86,103.13,24.06,Baixo
MUN_006,Manaus,BA,27,30.32,33.68,87.71,149.27,0.366,9.32,445.3,1676947,339.5,62.2,82.87,160.75,27.33,Alto
MUN_058,Curitiba,RJ,18,26.45,33.64,53.09,29.86,0.205,3.78,205.1,183177,164.4,82.6,24.36,24.25,25.95,Baixo
MUN_069,Natal,SP,42,26.91,31.72,73.6,81.1,0.452,7.14,1132.2,691660,486.2,45.4,104.31,90.58,23.02,Alto
MUN_200,Santos,PE,15,21.8,25.13,63.8,75.43,0.333,6.47,1165.1,1179196,190.9,78.0,53.57,75.52,24.56,Baixo
MUN_043,Curitiba,PR,48,33.07,38.72,80.39,86.89,0.347,9.87,161.2,2141661,188.7,87.8,39.7,105.86,33.43,Medio
MUN_176,Macaé,AM,51,27.36,31.65,57.0,49.64,0.233,2.13,49.1,2576054,269.6,73.6,43.73,50.06,27.88,Medio
MUN_013,Itaquaquecetuba,PA,18,20.45,25.96,71.91,106.07,0.486,8.13,177.5,1433632,227.3,71.6,38.92,112.62,22.31,Medio
MUN_103,Curitiba,TO,21,26.01,29.33,47.42,67.27,0.232,4.73,883.0,2355941,486.7,58.0,90.44,60.04,27.33,Alto
MUN_121,Sorocaba,BA,44,26.58,31.77,59.24,44.87,0.261,5.39,149.2,319455,97.7,68.4,49.87,59.94,25.56,Alto
MUN_063,Belém,PE,40,28.3,32.03,59.3,39.06,0.244,2.29,550.9,1049860,461.2,61.2,63.39,51.17,29.19,Medio
MUN_133,Uberlândia,PA,19,25.37,31.39,66.87,26.57,0.283,5.85,530.3,120739,476.0,65.5,77.91,23.09,25.2,Alto
MUN_025,Curitiba,PE,39,25.7,29.92,59.21,19.29,0.112,2.86,1158.9,1062720,214.6,80.7,34.12,22.53,26.87,Baixo
MUN_040,Recife,RN,28,26.03,29.54,80.21,40.49,0.318,4.35,485.4,1636755,27.4,75.2,23.36,35.33,27.96,Baixo
MUN_124,Caxias do Sul,SC,43,27.31,33.78,69.52,10.69,0.166,4.32,219.8,2265025,293.8,79.0,47.38,11.89,27.86,Medio
MUN_150,Montes Claros,MG,13,29.43,35.56,69.65,95.46,0.347,6.47,573.3,1908674,231.6,81.9,34.92,107.98,29.39,Medio
MUN_047,Salvador,SC,51,23.84,27.83,87.95,167.62,0.401,7.46,1088.3,1399750,446.4,54.6,86.5,153.07,25.08,Alto
MUN_055,Santos,MG,38,22.13,29.62,57.45,32.09,0.122,2.38,844.0,587987,435.9,47.7,70.47,32.11,24.55,Alto
MUN_086,Campinas,MG,5,25.56,28.67,57.03,32.91,0.291,4.52,134.3,2068506,375.2,68.6,49.03,23.31,28.25,Medio
MUN_059,Goiânia,AM,48,21.43,27.63,62.67,20.9,0.21,4.05,1004.8,279068,79.0,85.3,25.99,18.2,22.88,Baixo
MUN_164,Curitiba,SC,39,24.96,30.55,61.45,11.89,0.266,2.95,595.6,85388,379.7,54.0,69.88,10.48,21.48,Alto
MUN_114,Curitiba,AM,16,21.85,27.6,72.34,109.94,0.409,6.58,481.2,1820725,74.4,86.5,44.88,121.93,22.54,Alto
MUN_144,Uberlândia,CE,27,30.24,35.63,65.98,14.47,0.239,5.69,173.9,1337968,377.0,61.0,58.43,9.8,26.75,Medio
MUN_022,Goiânia,CE,36,30.85,34.53,51.89,13.15,0.229,2.73,566.0,451144,203.1,80.5,44.81,28.24,33.37,Medio
MUN_062,Manaus,RS,23,33.74,38.71,58.92,37.95,0.175,2.63,87.4,2795960,375.5,54.7,70.06,61.03,33.45,Alto
MUN_146,Ribeirão Preto,SC,38,26.04,31.12,60.22,18.8,0.252,2.16,185.8,1081047,261.3,87.6,43.48,3.1,24.61,Medio
MUN_049,Uberlândia,CE,5,24.3,27.93,54.76,85.2,0.407,7.07,584.8,1919548,133.8,54.2,31.96,91.58,25.62,Medio
MUN_186,Curitiba,GO,5,27.9,33.18,94.66,179.7,0.547,11.54,589.6,1214997,188.2,67.5,64.65,170.72,28.59,Medio
MUN_059,Salvador,RN,24,22.04,26.93,64.86,52.2,0.185,3.8,249.6,928016,45.4,91.9,5.95,62.05,20.95,Baixo
MUN_012,Itaquaquecetuba,GO,30,18.73,22.02,67.35,100.7,0.348,9.58,645.7,2771117,297.0,65.6,47.31,109.48,18.06,Medio
MUN_015,Santos,RS,49,30.12,35.72,76.1,39.22,0.235,4.3,295.1,2305360,323.9,58.1,75.31,44.46,26.75,Medio
MUN_072,Natal,CE,25,27.33,33.22,56.58,40.11,0.109,0.0,372.4,2993335,163.1,97.3,11.0,35.38,28.12,Baixo
MUN_162,Palmas,CE,47,29.45,34.17,61.54,40.1,0.244,3.9,530.9,1714510,60.1,91.9,3.85,43.4,30.55,Baixo
MUN_020,Sorocaba,PA,45,28.16,34.53,62.14,24.8,0.314,3.71,883.0,303733,83.4,68.1,28.35,14.61,26.75,Baixo
MUN_144,Campinas,RJ,3,36.26,40.25,74.11,102.88,0.405,7.26,99.5,1029142,330.0,59.5,72.27,98.19,37.16,Alto
MUN_045,Sorocaba,RN,38,27.84,34.82,59.76,30.56,0.395,3.87,37.7,941339,412.6,52.4,65.06,46.99,25.41,Alto
MUN_008,Manaus,SP,41,22.69,26.45,47.11,30.58,0.373,6.34,1133.9,295369,32.2,96.2,9.22,29.07,23.1,Baixo
MUN_038,Belém,RS,40,24.49,30.11,81.09,85.12,0.335,7.67,150.6,1967081,470.4,63.1,83.78,94.19,27.02,Alto
MUN_128,Fortaleza,BA,39,26.93,32.23,64.56,35.91,0.236,3.23,223.6,2071212,410.8,70.0,55.73,24.61,26.23,Alto
MUN_143,Natal,SP,25,23.93,28.06,56.83,19.08,0.173,3.36,671.2,1094862,468.4,67.1,62.84,-1.24,27.61,Medio
MUN_072,Santos,SP,28,23.55,27.83,74.12,160.26,0.646,11.12,260.6,65138,266.9,62.8,59.22,167.19,24.02,Alto
MUN_103,Natal,SC,8,29.31,33.24,62.64,71.2,0.424,7.04,473.7,57185,121.3,84.2,18.0,64.07,31.28,Medio
MUN_150,Salvador,TO,40,26.77,33.35,72.75,47.43,0.318,6.35,917.9,781083,447.1,58.1,62.46,41.3,28.26,Alto
MUN_174,Macaé,GO,37,20.62,27.12,68.76,19.47,0.093,2.53,267.4,155529,329.3,65.2,43.35,36.81,18.13,Medio
MUN_078,Palmas,RS,9,26.44,30.93,62.67,20.6,0.121,4.05,715.8,2971696,268.4,66.3,63.63,24.02,31.24,Baixo
MUN_035,Manaus,GO,8,24.46,29.04,67.0,88.17,0.449,6.59,384.3,1284702,40.1,92.4,9.02,116.14,26.92,Baixo
MUN_173,Araguaína,AM,28,24.99,30.86,55.8,52.05,0.349,5.73,333.1,104494,194.1,66.2,33.85,39.85,23.97,Alto
MUN_078,Montes Claros,RN,47,27.96,34.69,56.89,69.96,0.358,6.52,78.2,2118782,252.1,64.4,43.48,68.59,26.27,Alto
MUN_116,Montes Claros,PR,11,24.29,29.61,70.72,32.25,0.197,6.2,197.5,704098,340.4,56.1,57.83,30.68,29.28,Medio
MUN_146,Macaé,RJ,20,23.7,29.66,56.94,13.38,0.29,2.55,1058.5,1822794,368.9,73.7,60.43,14.52,23.25,Baixo
MUN_124,Sorocaba,MG,32,21.37,25.22,57.33,48.92,0.268,7.02,71.2,1308534,350.2,63.1,47.76,32.19,20.23,Alto
MUN_062,Caxias do Sul,PE,23,24.1,29.31,66.32,81.06,0.326,4.93,552.6,2278644,274.2,66.6,58.84,105.19,25.85,Medio
MUN_043,Macaé,PE,42,22.0,26.27,67.06,79.23,0.501,5.68,97.9,1567414,229.3,76.7,23.76,87.69,23.65,Alto
MUN_135,Caxias do Sul,RN,46,26.06,31.46,59.7,12.23,0.256,1.77,521.4,603758,99.4,86.0,19.87,22.79,28.01,Baixo
MUN_135,Uberlândia,PE,44,26.33,31.46,69.91,96.3,0.413,3.41,561.1,258519,399.4,69.8,74.0,95.42,22.08,Medio
MUN_037,Curitiba,AM,36,24.76,31.28,50.95,40.89,0.415,4.98,79.2,2699102,397.5,58.5,56.95,59.2,26.78,Medio
MUN_015,Macaé,GO,48,26.88,32.95,62.26,60.25,0.385,6.96,635.5,447393,243.4,75.7,41.32,67.03,27.92,Baixo
MUN_008,Macaé,BA,51,29.73,35.48,70.81,85.31,0.489,6.08,426.5,2091102,283.3,68.0,59.3,96.1,29.56,Alto
MUN_059,Palmas,PA,40,23.45,28.01,76.54,59.21,0.314,5.57,684.3,957853,244.0,79.1,42.87,57.0,25.53,Medio
MUN_128,Fortaleza,MG,25,27.76,33.44,64.39,3.6,0.249,0.0,561.1,402482,248.5,86.0,35.1,8.3,27.34,Baixo
MUN_121,Curitiba,PR,1,29.63,34.94,61.92,74.23,0.298,4.42,196.5,2765116,83.7,95.3,1.26,73.81,30.53,Medio
MUN_066,Curitiba,BA,44,24.95,29.4,55.09,23.92,0.227,4.27,1153.2,465434,240.3,72.0,38.4,31.29,25.12,Baixo
MUN_062,Goiânia,AM,44,25.65,31.33,62.03,38.34,0.293,5.39,917.7,1772602,372.2,53.7,62.13,39.92,27.07,Baixo
MUN_121,Recife,CE,20,21.8,27.34,72.23,41.55,0.213,4.98,990.7,1211355,396.5,78.2,41.09,48.33,19.66,Baixo
MUN_148,Campinas,SP,32,23.4,27.84,60.69,51.05,0.186,8.71,636.2,802879,256.6,70.4,45.75,48.12,23.46,Medio
MUN_198,Santos,CE,49,24.25,32.41,64.51,58.59,0.311,7.33,839.9,763641,367.2,51.3,71.11,68.37,25.19,Alto
MUN_030,Fortaleza,RS,23,29.23,34.55,63.08,52.65,0.441,5.42,132.2,990886,171.5,77.6,22.86,43.71,29.69,Medio
MUN_101,Santos,MG,13,33.49,38.44,70.11,23.15,0.268,3.31,786.4,1108249,449.8,60.9,66.14,24.39,35.29,Alto
MUN_130,Caxias do Sul,SP,3,26.68,30.87,59.11,49.12,0.194,4.6,898.4,1272234,254.0,70.5,45.9,63.23,24.11,Baixo
MUN_191,Goiânia,PE,30,23.46,27.34,68.69,70.63,0.384,2.02,93.1,402897,430.1,66.6,61.23,80.43,17.44,Medio
MUN_172,Manaus,SC,15,26.89,31.69,61.86,34.48,0.353,5.7,304.0,2926934,358.2,57.5,49.3,48.5,29.45,Alto
MUN_126,Sorocaba,BA,34,27.89,34.13,59.11,90.93,0.358,5.25,898.0,1397195,390.7,77.5,42.39,94.68,26.71,Medio
MUN_096,Santos,RS,21,24.29,30.05,58.64,18.64,0.269,5.33,83.9,1910585,395.1,62.1,45.95,15.43,24.15,Alto
MUN_172,Santos,MG,5,29.12,33.61,69.51,30.59,0.369,4.14,910.4,1478939,288.8,74.3,42.75,25.76,32.83,Baixo
MUN_062,Araguaína,GO,50,16.48,18.24,69.7,121.56,0.57,10.52,486.7,522880,499.2,67.1,80.99,113.52,13.95,Alto
MUN_158,Recife,SP,5,25.42,31.13,55.02,29.02,0.161,0.0,687.4,1198868,368.6,66.4,57.96,28.97,20.96,Alto
MUN_129,Natal,CE,43,28.01,32.12,50.19,74.08,0.223,7.2,610.9,2162526,37.5,83.4,26.51,64.59,27.65,Baixo
MUN_154,Curitiba,PE,25,20.2,23.94,72.21,45.08,0.332,5.12,434.4,1563028,478.3,61.3,86.52,53.62,22.09,Medio
MUN_034,Natal,PE,25,26.26,29.79,55.24,31.39,0.273,2.82,714.6,2198849,309.7,74.7,44.73,30.99,26.12,Baixo
MUN_021,Natal,GO,51,23.32,27.89,60.19,41.04,0.407,5.29,325.9,2227683,32.3,78.6,14.49,36.61,21.71,Baixo
MUN_042,Uberlândia,RN,51,27.86,35.52,70.84,57.01,0.327,5.33,542.5,1897876,146.6,82.3,49.9,63.07,29.59,Medio
MUN_149,Curitiba,MG,31,30.46,34.23,60.13,47.06,0.308,5.35,311.9,256974,266.4,80.7,42.82,34.98,29.22,Alto
MUN_171,Caxias do Sul,PR,25,25.74,30.37,54.41,26.78,0.351,4.02,483.7,1287211,264.5,82.9,38.72,26.63,28.75,Baixo
MUN_074,Natal,SC,24,24.69,29.31,58.39,48.8,0.402,5.33,745.6,866994,135.8,80.1,23.2,44.26,25.42,Baixo
MUN_036,Montes Claros,GO,40,28.1,31.99,61.9,57.25,0.369,6.62,264.2,831807,313.0,54.9,46.32,59.48,25.21,Medio
MUN_150,Natal,RJ,39,28.89,34.17,65.89,9.06,0.202,2.42,92.4,1125445,215.3,78.1,41.48,9.04,25.46,Medio
MUN_159,Goiânia,BA,45,28.5,33.35,66.75,46.67,0.314,4.95,84.5,1423994,37.8,89.8,18.86,46.75,26.58,Medio
MUN_029,Araguaína,RN,19,29.96,32.65,56.99,28.09,0.342,5.84,327.7,467480,459.0,43.1,72.43,29.94,27.3,Alto
MUN_125,Araguaína,GO,9,22.72,27.36,72.84,70.4,0.37,7.66,92.4,920061,99.5,95.8,27.74,80.74,22.92,Alto
MUN_070,Montes Claros,AM,22,18.65,21.22,52.22,49.6,0.304,6.11,676.8,2767822,423.6,51.4,79.89,55.7,18.39,Alto
MUN_050,Palmas,AM,42,26.5,31.28,62.93,83.05,0.36,5.14,89.9,1453247,98.2,50.4,31.59,81.15,26.97,Medio
MUN_126,Curitiba,MG,51,27.53,31.34,54.07,9.94,0.276,4.42,258.1,172697,231.1,83.9,17.21,12.74,27.95,Baixo
MUN_080,Caxias do Sul,MG,25,25.8,32.19,72.68,37.24,0.228,7.12,611.8,2765900,431.9,57.5,63.62,35.25,25.37,Alto
MUN_045,Palmas,PA,6,29.54,31.72,60.71,16.41,0.306,3.03,203.1,506734,60.2,75.6,11.27,36.34,28.04,Medio
MUN_037,Goiânia,PE,40,24.02,28.3,75.87,44.09,0.192,4.76,145.5,1027330,69.3,93.7,18.3,59.86,23.09,Medio
MUN_009,Belém,PA,42,21.87,29.24,44.5,10.9,0.137,0.0,868.0,2858582,431.4,72.9,70.16,3.45,18.77,Baixo
MUN_157,Campinas,MG,43,22.27,25.9,56.26,21.67,0.24,2.18,1054.8,1130458,79.8,87.3,20.0,24.37,21.02,Baixo
MUN_133,Goiânia,RJ,28,27.55,32.84,64.62,36.45,0.332,2.98,1067.6,794956,380.3,68.3,38.11,22.76,27.45,Baixo
MUN_070,Curitiba,RS,24,22.02,25.28,74.69,30.23,0.19,4.51,463.9,2913134,270.2,63.5,50.0,40.39,22.71,Medio
MUN_027,Campinas,RN,32,24.75,31.41,69.62,109.38,0.387,6.86,387.1,2767298,171.5,71.9,46.16,113.52,24.66,Medio
MUN_087,Salvador,RS,37,28.06,30.47,55.87,27.38,0.385,1.27,532.7,1009302,409.6,52.1,55.98,26.41,28.92,Medio
MUN_074,Montes Claros,TO,42,23.79,25.84,64.34,46.47,0.368,6.25,927.7,1813447,419.8,46.8,62.04,46.47,25.64,Alto
MUN_131,Montes Claros,BA,39,27.47,32.89,56.85,58.77,0.494,5.73,92.2,780255,424.6,53.5,84.77,57.67,27.39,Alto
MUN_200,Curitiba,SC,9,29.05,31.47,69.25,69.28,0.349,7.35,350.9,948873,461.9,52.0,78.09,79.54,27.58,Alto
MUN_194,Fortaleza,SC,27,23.94,28.1,87.5,130.17,0.403,9.18,430.9,1730809,284.8,62.0,37.88,133.3,27.65,Medio
MUN_083,Belém,TO,9,23.44,28.08,78.98,51.04,0.296,7.66,119.8,78677,314.9,58.8,63.56,49.13,22.99,Alto
MUN_140,Uberlândia,AM,15,28.9,31.78,71.99,41.97,0.253,3.15,560.2,2462788,322.1,63.8,35.4,44.0,29.13,Medio
MUN_137,Santos,SC,39,26.4,31.45,56.97,42.36,0.286,4.48,420.6,2715142,485.9,54.1,57.44,50.82,27.51,Medio
MUN_198,Curitiba,PR,29,26.34,31.99,60.19,59.45,0.126,3.41,588.5,1461148,235.8,70.9,58.72,68.54,22.36,Baixo
MUN_090,Belém,CE,2,27.98,32.77,65.46,42.33,0.2,4.53,418.7,1136418,451.1,50.5,67.57,45.83,27.66,Alto
MUN_190,Crato,SP,18,24.98,30.44,66.39,40.67,0.204,4.01,816.2,1922109,475.6,62.6,68.01,34.1,23.46,Medio
MUN_130,Macaé,SP,28,27.91,31.27,68.82,123.41,0.447,6.8,489.7,1298410,367.8,74.0,75.31,128.01,26.9,Alto
MUN_192,Campinas,AM,47,29.32,35.49,70.42,68.1,0.284,6.4,327.4,1334710,167.5,71.2,51.48,81.72,28.25,Alto
MUN_088,Curitiba,PE,7,25.33,28.69,46.96,29.3,0.289,4.09,284.6,1134476,448.2,48.7,70.27,12.8,25.91,Alto
MUN_036,Ribeirão Preto,SC,38,29.08,34.68,71.64,14.23,0.386,1.32,558.2,1410935,457.9,50.8,64.55,27.18,30.16,Alto
MUN_072,Uberlândia,SP,33,23.47,26.79,93.05,176.66,0.729,10.46,509.3,1367994,319.6,57.7,62.18,169.87,21.38,Medio
MUN_057,Itaquaquecetuba,RS,39,22.47,27.41,65.36,49.47,0.126,6.56,1187.4,2971686,349.7,52.4,58.07,35.41,22.83,Baixo
MUN_076,Uberlândia,RN,6,26.21,32.68,74.62,73.72,0.336,4.14,34.2,2385024,388.0,61.4,52.59,82.03,28.6,Medio
MUN_140,Manaus,MG,39,25.34,30.87,72.46,39.93,0.29,2.18,807.0,2383046,468.9,45.6,79.16,37.66,25.63,Alto
MUN_058,Ribeirão Preto,RJ,49,29.44,36.65,72.34,43.74,0.332,2.99,1081.2,2674548,456.2,61.5,65.49,47.17,32.73,Baixo
MUN_022,Campinas,PA,17,27.13,32.48,70.24,70.24,0.433,4.12,1130.5,1745722,345.3,53.2,57.27,64.08,25.12,Baixo
MUN_015,Goiânia,BA,11,26.22,32.52,73.58,29.76,0.23,2.6,503.8,2785386,302.4,67.4,68.09,15.39,25.79,Alto
MUN_195,Itaquaquecetuba,TO,4,22.6,29.55,67.04,40.19,0.273,3.74,840.1,717871,435.3,57.1,74.82,36.11,23.24,Medio
MUN_175,Manaus,PA,48,30.36,32.94,65.92,55.88,0.266,4.66,774.8,885018,31.3,100.0,21.71,56.64,28.24,Baixo
MUN_137,Manaus,SC,10,22.45,28.25,53.83,16.79,0.288,3.38,780.7,2954835,294.3,63.1,56.36,18.9,24.13,Baixo
MUN_200,Araguaína,GO,21,23.44,29.6,51.0,45.88,0.399,4.69,867.6,2219842,162.9,79.2,23.64,51.46,22.94,Baixo
MUN_145,Natal,SC,18,23.04,28.16,61.82,62.22,0.216,2.17,26.7,972385,94.0,76.3,43.8,83.81,19.11,Medio
MUN_006,Montes Claros,CE,1,34.34,39.47,70.39,52.0,0.337,5.01,984.6,325005,184.9,69.3,32.01,58.12,33.44,Baixo
MUN_002,Ribeirão Preto,RJ,28,22.89,29.55,63.82,66.14,0.31,6.95,572.3,2476142,285.5,52.6,60.71,49.64,23.88,Alto
MUN_118,Araguaína,RJ,19,20.76,24.57,61.81,70.24,0.334,4.75,1126.6,1769453,67.4,82.9,39.14,68.67,20.91,Baixo
MUN_003,Itaquaquecetuba,BA,2,27.88,32.62,60.03,45.83,0.286,3.59,937.5,1171837,450.9,76.9,63.32,44.17,27.31,Medio
MUN_174,Santos,RS,36,26.57,30.81,63.77,77.02,0.44,8.6,1069.5,2116279,438.4,68.1,65.79,83.35,29.82,Baixo
MUN_107,Fortaleza,TO,47,29.06,35.12,77.14,21.71,0.171,2.8,821.9,73559,469.1,52.7,71.41,41.19,26.89,Alto
MUN_138,Montes Claros,PA,30,21.98,24.95,72.65,59.79,0.322,5.46,632.3,104913,196.8,72.4,32.47,66.71,18.13,Medio
MUN_087,Manaus,RS,11,26.18,30.34,77.0,139.45,0.439,9.32,52.0,2783757,155.8,94.6,42.64,146.35,30.16,Medio
MUN_110,Natal,TO,2,22.77,27.72,64.96,25.71,0.086,0.0,408.3,1559934,197.7,80.9,40.0,39.9,20.29,Medio
MUN_127,Recife,PA,35,29.06,35.14,71.97,33.27,0.166,5.86,1106.2,2601216,238.1,83.0,51.23,45.99,30.06,Baixo
MUN_126,Curitiba,RN,35,25.95,31.0,69.38,71.55,0.406,4.1,1077.9,2069479,403.5,77.0,56.07,64.58,28.06,Baixo
MUN_198,Macaé,AM,45,28.83,33.44,54.39,23.41,0.293,1.67,619.7,2493025,74.0,82.0,19.61,36.24,28.21,Baixo
MUN_105,Itaquaquecetuba,PR,33,24.67,29.56,85.09,55.93,0.182,5.53,910.8,2916094,487.8,46.5,112.06,41.98,26.23,Alto
MUN_119,Araguaína,PE,9,29.71,36.79,64.93,64.94,0.423,8.14,8.8,2525629,362.4,76.4,45.7,62.5,29.14,Alto
MUN_167,Belém,SC,2,21.93,24.4,67.67,39.14,0.321,5.0,1192.4,1549179,226.4,89.1,40.06,42.41,25.58,Baixo
MUN_018,Santos,CE,52,29.83,33.64,64.22,60.44,0.229,7.46,297.0,1513218,80.2,87.8,28.46,61.04,31.21,Medio
MUN_074,Belém,BA,18,29.11,34.94,54.81,56.45,0.363,5.15,1177.2,748464,295.0,46.0,76.44,49.94,25.72,Baixo
MUN_135,Uberlândia,PE,44,26.33,31.46,69.91,96.3,0.413,3.41,561.1,258519,399.4,69.8,74.0,95.42,22.08,Medio
MUN_018,Crato,PA,22,23.58,28.14,56.06,11.26,0.301,0.49,626.1,615273,240.1,68.7,20.13,-1.09,21.45,Baixo
MUN_050,Santos,SC,17,25.69,30.34,44.29,10.58,0.252,2.85,71.7,726557,383.7,69.7,39.09,3.56,26.95,Medio
MUN_185,Itaquaquecetuba,CE,23,26.62,32.17,60.47,31.1,0.295,2.74,365.2,1024821,465.4,63.4,54.76,47.16,23.85,Medio
MUN_067,Itaquaquecetuba,CE,50,24.04,28.27,56.46,61.23,0.198,6.05,568.6,1970080,74.2,98.0,11.78,66.09,25.57,Baixo
MUN_073,Recife,RN,9,19.44,24.75,63.57,25.09,0.421,0.51,312.0,1093025,86.6,96.8,8.46,13.85,19.01,Baixo
MUN_041,Ribeirão Preto,GO,14,24.16,31.68,64.39,29.41,0.398,0.93,829.0,839061,476.4,55.9,66.44,37.53,21.93,Alto
MUN_014,Belém,TO,5,21.89,26.62,71.1,98.38,0.477,9.38,864.9,2939316,331.5,67.7,51.22,86.93,19.54,Medio
MUN_008,Belém,SC,27,29.61,35.2,79.42,84.55,0.446,5.53,1127.3,2932761,304.6,63.1,63.59,74.21,33.39,Baixo
MUN_050,Ribeirão Preto,RN,20,31.84,35.08,57.5,30.41,0.224,1.81,980.1,279417,448.2,59.7,49.38,35.01,33.74,Baixo
MUN_036,Santos,SC,47,29.17,34.57,81.75,113.33,0.495,10.32,945.2,1712190,178.5,58.3,52.87,122.24,29.13,Baixo
MUN_013,Manaus,SP,7,22.66,28.81,69.65,52.67,0.454,5.81,297.7,2112379,403.1,71.6,50.79,48.81,19.08,Alto
MUN_030,Araguaína,PR,4,33.0,38.06,66.11,18.05,0.374,6.38,407.8,2524897,380.7,61.5,59.54,14.4,33.35,Medio
MUN_095,Salvador,RS,31,22.97,29.15,65.2,61.97,0.317,5.62,346.8,2881912,259.0,78.0,35.18,68.01,23.69,Medio
MUN_181,Goiânia,AM,4,30.58,34.33,47.69,20.69,0.334,2.24,399.2,1402880,133.4,81.2,37.94,27.3,29.82,Baixo
MUN_168,Sorocaba,PA,36,30.04,34.34,84.61,131.57,0.291,4.53,349.5,2644117,149.7,78.9,32.71,140.85,26.97,Medio
MUN_060,Belém,PR,4,28.34,32.84,67.4,73.23,0.195,2.96,134.6,499458,316.7,57.5,49.79,74.1,26.73,Medio
MUN_115,Fortaleza,GO,46,27.27,34.45,58.86,11.71,0.155,4.79,1084.1,1405470,133.6,88.4,30.16,14.97,26.71,Baixo
MUN_149,Manaus,CE,35,20.16,28.12,70.28,31.95,0.241,3.1,536.4,2536535,159.7,97.1,28.84,36.26,17.92,Baixo
MUN_089,Sorocaba,BA,22,21.99,28.94,59.76,59.9,0.328,6.45,295.9,189576,328.7,56.5,64.22,64.63,23.29,Alto
MUN_026,Natal,GO,30,34.14,39.24,78.94,58.86,0.411,1.32,32.1,2634138,145.3,85.3,32.81,76.78,34.72,Medio
MUN_150,Palmas,TO,2,22.04,26.65,83.1,64.41,0.371,4.73,140.7,2593316,329.4,58.0,70.94,61.65,21.03,Medio
MUN_196,Salvador,BA,9,26.48,30.87,56.74,23.21,0.161,5.18,743.4,441909,124.6,88.7,20.65,23.61,26.04,Baixo
MUN_049,Belém,BA,47,23.48,28.84,70.65,80.04,0.393,8.88,32.2,2566639,464.1,45.7,87.76,92.18,22.06,Alto
MUN_040,Santos,PE,51,21.92,28.08,76.84,79.05,0.304,3.85,845.5,1676039,498.1,47.2,72.3,67.38,23.84,Alto
MUN_008,Natal,RS,34,25.26,31.18,60.55,21.88,0.363,2.86,55.8,1246251,376.4,64.4,65.73,3.88,24.16,Medio
MUN_046,Palmas,SP,17,26.35,33.19,62.14,66.76,0.259,5.68,7.4,134333,157.3,76.7,32.57,74.31,23.62,Medio
MUN_067,Itaquaquecetuba,RN,5,27.61,34.39,60.82,67.24,0.317,5.49,93.4,2427688,216.3,82.2,41.73,64.18,27.61,Alto
MUN_033,Ribeirão Preto,MG,22,31.68,37.38,60.76,28.67,0.185,2.42,808.2,638961,279.7,64.9,54.73,26.83,34.21,Baixo
MUN_104,Araguaína,GO,49,26.79,32.84,64.63,38.45,0.317,0.76,463.6,871999,161.7,83.4,27.56,33.02,29.46,Baixo
MUN_143,Sorocaba,BA,3,24.2,29.87,67.39,55.95,0.47,3.23,764.0,630128,305.7,66.6,85.99,52.82,21.28,Baixo
MUN_149,Crato,RJ,14,25.56,31.49,55.25,46.51,0.204,3.23,639.7,468750,441.8,60.4,61.26,37.19,28.62,Alto
MUN_113,Crato,TO,39,24.97,30.81,100.0,166.35,0.614,11.19,957.2,503976,162.4,80.8,44.35,168.29,22.98,Alto
MUN_157,Sorocaba,PR,30,26.94,30.65,67.52,20.82,0.273,3.88,245.7,1798578,359.9,76.1,52.77,20.51,24.92,Alto
MUN_032,Salvador,PE,43,28.41,33.42,74.44,34.55,0.393,3.52,949.7,1481345,313.8,70.5,54.23,40.07,27.77,Baixo
MUN_017,Santos,RS,33,22.86,28.43,59.45,28.82,0.246,1.35,728.4,2493129,412.9,51.5,68.41,12.38,21.85,Alto
MUN_187,Campinas,RJ,45,23.74,29.44,68.03,16.6,0.283,4.4,965.7,662677,288.2,71.5,55.08,3.75,21.59,Baixo
MUN_130,Caxias do Sul,SP,3,26.68,30.87,59.11,49.12,0.194,4.6,898.4,1272234,254.0,70.5,45.9,63.23,24.11,Baixo
MUN_004,Santos,SP,7,26.67,30.81,57.16,25.55,0.223,2.92,619.7,2733158,344.1,60.3,60.71,18.14,24.39,Medio
MUN_083,Recife,RJ,6,18.62,22.33,63.58,20.9,0.213,2.69,799.0,2093477,346.6,62.8,66.73,43.29,18.09,Baixo
MUN_170,Goiânia,AM,34,18.85,26.84,70.1,78.94,0.467,7.49,295.1,2019497,200.7,82.0,42.64,83.35,18.99,Medio
MUN_023,Araguaína,RJ,11,26.6,31.8,57.06,43.27,0.25,7.39,417.3,178143,440.6,55.9,69.79,54.44,25.12,Alto
MUN_082,Ribeirão Preto,GO,10,28.08,34.23,62.12,43.02,0.299,3.85,60.5,97149,309.9,67.3,40.54,46.19,27.99,Alto
MUN_197,Campinas,RS,1,31.6,36.28,55.36,62.53,0.342,5.64,1077.8,2379161,243.5,75.1,49.88,62.79,32.68,Baixo
MUN_171,Crato,MG,52,24.41,29.22,76.1,99.06,0.32,10.35,633.9,103567,228.1,74.7,30.43,92.56,22.15,Medio
MUN_114,Montes Claros,TO,1,21.87,27.95,59.07,15.71,0.211,3.65,447.5,1836943,157.1,91.7,35.07,28.73,24.47,Baixo
MUN_171,Crato,CE,51,25.8,31.44,65.88,37.35,0.315,5.15,409.7,782150,493.3,56.0,64.91,24.29,27.01,Alto
MUN_167,Natal,SC,12,19.93,24.3,62.7,32.43,0.205,9.28,887.7,2960641,77.6,91.2,19.05,54.12,22.79,Baixo
MUN_127,Campinas,RS,23,17.63,21.56,60.91,74.05,0.218,4.51,323.9,2791076,470.6,69.4,42.95,80.55,19.07,Medio
MUN_038,Sorocaba,SP,43,32.62,36.92,72.33,72.94,0.52,3.77,708.0,2986674,279.0,73.2,48.25,68.16,32.55,Medio
MUN_114,Recife,GO,9,23.39,27.47,55.33,11.04,0.135,0.38,266.5,168145,69.4,92.1,13.17,1.1,21.62,Baixo
MUN_032,Belém,RS,5,32.08,35.87,79.9,83.01,0.425,8.73,547.2,2430574,115.4,93.5,31.58,67.25,33.49,Baixo
MUN_103,Salvador,SP,6,21.82,27.36,62.01,73.0,0.344,6.65,694.5,2928519,206.0,88.7,24.69,86.04,21.23,Baixo
MUN_093,Palmas,PE,36,20.68,25.6,50.16,50.13,0.211,7.61,425.0,1771302,278.4,84.2,37.93,46.19,20.48,Alto
MUN_179,Natal,RJ,43,24.52,31.02,62.99,35.95,0.18,4.2,90.1,1602657,266.6,67.6,28.91,35.95,23.43,Medio
MUN_060,Manaus,PR,6,22.85,27.68,71.28,33.17,0.062,3.09,165.1,1242097,124.7,71.3,21.38,34.01,22.42,Medio
MUN_192,Campinas,BA,16,25.5,28.15,62.67,48.35,0.331,4.51,1049.3,2530950,423.6,61.2,64.5,51.31,29.63,Alto
MUN_184,Ribeirão Preto,GO,34,30.51,33.63,53.79,14.78,0.247,2.24,130.8,1525794,363.1,68.7,64.28,-6.88,30.74,Medio
MUN_004,Recife,BA,43,23.76,30.51,62.43,26.7,0.203,4.03,1086.3,1733386,322.1,65.9,49.36,42.37,20.8,Baixo
MUN_015,Palmas,RN,4,23.82,28.18,51.76,23.0,0.289,1.91,992.4,741635,406.9,57.8,55.07,6.63,21.79,Baixo
MUN_009,Santos,BA,40,25.3,31.1,68.46,50.78,0.388,3.23,709.7,611375,349.3,51.5,69.58,27.48,24.28,Alto
MUN_049,Goiânia,PE,23,26.09,30.83,63.38,35.18,0.186,1.97,668.1,1859533,109.7,75.2,30.61,31.38,26.1,Baixo
MUN_004,Natal,MG,35,22.07,27.93,66.71,39.92,0.117,2.06,500.6,1941785,306.6,64.2,59.71,49.6,21.59,Alto
MUN_173,Fortaleza,CE,26,23.96,30.34,71.7,52.84,0.317,2.33,218.7,80071,438.2,57.0,70.58,52.16,22.98,Alto
MUN_133,Goiânia,RJ,28,27.55,32.84,64.62,36.45,0.332,2.98,1067.6,794956,380.3,68.3,38.11,22.76,27.45,Baixo
MUN_159,Sorocaba,PR,6,31.94,37.04,61.75,39.25,0.177,6.04,674.1,666052,94.7,82.4,26.67,47.46,31.42,Baixo
MUN_092,Itaquaquecetuba,PE,39,30.18,34.88,79.19,69.54,0.339,7.67,220.3,2459709,429.0,61.8,68.17,55.85,27.26,Medio
MUN_047,Belém,SP,33,28.09,34.15,65.69,29.84,0.173,4.37,262.0,2783306,395.0,65.7,58.16,42.93,27.37,Alto
MUN_021,Araguaína,PE,3,27.27,31.14,60.46,24.42,0.18,2.23,334.6,2654536,278.0,86.8,49.92,23.7,28.46,Medio
MUN_024,Montes Claros,CE,13,24.22,29.52,51.81,55.21,0.22,2.4,552.4,1958153,366.2,80.9,51.59,51.86,20.69,Medio
MUN_119,Campinas,RN,29,26.52,32.04,63.12,30.08,0.196,4.36,962.6,170023,330.9,68.9,53.84,40.73,28.46,Baixo
MUN_084,Palmas,PA,29,25.84,31.97,72.68,36.72,0.123,6.2,56.5,1623435,319.9,70.8,31.49,49.76,27.63,Medio
MUN_192,Montes Claros,TO,4,30.9,38.4,59.06,21.31,0.362,0.72,292.1,1861179,389.7,61.4,51.82,31.46,29.59,Alto
MUN_058,Curitiba,BA,33,28.14,32.97,72.02,69.64,0.384,6.72,891.5,2874572,129.3,79.6,24.26,79.03,30.21,Baixo
MUN_189,Salvador,AM,10,23.2,28.3,55.99,34.73,0.358,1.39,49.7,2884664,434.6,53.7,77.95,33.84,22.26,Alto
MUN_093,Palmas,PE,36,20.68,25.6,50.16,50.13,0.211,7.61,425.0,1771302,278.4,84.2,37.93,46.19,20.48,Alto
MUN_090,Fortaleza,GO,18,27.77,34.31,66.49,33.72,0.288,4.18,504.9,1502022,233.1,65.6,53.19,46.9,26.82,Medio
MUN_168,Curitiba,AM,25,26.74,31.02,44.56,14.29,0.154,0.0,882.8,2569117,232.0,62.9,49.04,-1.28,23.39,Baixo
MUN_081,Natal,RJ,43,24.23,28.85,54.07,27.51,0.195,1.19,22.4,2161892,207.3,66.4,51.55,34.86,24.51,Alto
MUN_113,Recife,PA,35,32.14,36.56,79.02,101.54,0.316,11.26,664.0,2440441,438.4,54.2,85.16,96.47,32.53,Alto
MUN_028,Uberlândia,RS,38,25.33,29.14,68.42,55.58,0.335,3.26,5.0,1526863,126.8,85.2,25.74,54.5,28.6,Medio
MUN_075,Belém,SC,21,27.19,31.33,70.46,18.28,0.347,5.79,443.4,1130443,466.1,55.5,54.85,27.45,28.4,Medio
MUN_016,Ribeirão Preto,RN,15,25.15,31.19,63.23,12.11,0.389,1.48,567.4,1183028,200.8,68.8,37.43,21.8,24.84,Baixo
MUN_044,Belém,RJ,22,28.16,31.76,54.53,65.38,0.24,6.01,240.9,2448401,66.3,93.1,20.65,67.62,26.29,Baixo
MUN_087,Araguaína,PE,11,31.38,35.95,70.44,36.4,0.127,1.42,173.9,1878704,298.9,80.4,59.74,38.04,30.52,Alto
MUN_008,Santos,PE,21,26.86,30.0,50.37,63.65,0.178,3.44,554.0,2857918,408.6,56.5,63.89,77.01,29.14,Alto
MUN_072,Caxias do Sul,GO,9,24.49,28.92,68.5,29.11,0.252,3.61,327.1,1154392,130.7,89.8,21.66,23.19,21.65,Baixo
MUN_085,Recife,SC,3,23.99,26.76,60.02,16.42,0.135,2.93,1085.5,1359271,368.8,65.7,45.63,17.14,25.19,Baixo
MUN_107,Uberlândia,RJ,23,25.91,30.82,67.96,39.07,0.237,3.46,278.0,1499295,89.3,76.8,23.14,26.95,24.21,Baixo
MUN_132,Santos,TO,7,29.7,33.59,61.49,39.69,0.303,1.05,1086.0,1539902,62.1,94.6,18.55,25.71,31.46,Baixo
MUN_120,Araguaína,PR,5,19.9,24.06,79.41,108.9,0.362,5.51,1022.4,2270394,213.0,71.0,43.21,101.59,17.22,Baixo
MUN_109,Itaquaquecetuba,RN,19,26.39,32.2,65.59,31.37,0.149,5.1,1091.8,2119522,350.4,80.2,44.04,33.54,29.13,Baixo
MUN_001,Natal,TO,19,25.92,29.14,58.03,25.46,0.148,4.6,527.5,1950496,443.7,66.2,62.95,20.66,26.71,Alto
MUN_080,Santos,SP,14,30.95,35.88,69.54,57.98,0.383,6.71,1008.7,2122500,452.8,35.9,90.21,55.64,32.42,Alto
MUN_180,Uberlândia,PE,22,25.37,29.21,71.25,37.69,0.172,7.77,389.9,2047071,344.7,64.0,45.57,34.37,27.17,Medio
MUN_089,Santos,SP,15,24.73,30.0,39.42,23.31,0.38,1.8,445.0,1034617,490.5,47.7,76.56,14.77,19.91,Alto
MUN_084,Salvador,TO,32,22.57,27.72,63.06,17.43,0.269,0.93,1109.6,2319930,60.5,95.3,24.87,13.24,20.99,Baixo
MUN_045,Goiânia,PE,12,28.54,33.68,67.98,37.94,0.155,3.84,91.1,1898645,451.9,65.7,67.27,37.42,27.44,Medio
MUN_187,Sorocaba,MG,2,26.89,31.88,62.33,38.87,0.322,3.9,266.6,1251245,351.2,71.2,44.94,28.48,26.44,Medio
MUN_186,Macaé,BA,35,31.97,36.53,90.84,121.87,0.447,5.36,1027.3,2400369,474.7,59.2,68.42,107.52,33.34,Alto
MUN_010,Curitiba,BA,29,28.27,32.55,59.17,87.65,0.263,5.44,1126.3,675690,409.4,67.2,70.31,72.45,27.12,Medio
MUN_042,Sorocaba,TO,43,20.99,25.74,56.27,40.5,0.187,4.11,1084.1,1762452,79.9,78.4,24.84,33.6,18.73,Baixo
MUN_175,Ribeirão Preto,RN,14,28.81,31.71,54.88,50.87,0.257,6.71,253.3,1632633,438.9,61.2,67.52,70.76,25.51,Alto
MUN_036,Macaé,PE,33,24.52,28.39,50.03,42.29,0.261,3.24,511.7,1442451,255.8,56.7,32.91,16.64,26.45,Medio
MUN_146,Ribeirão Preto,SC,38,26.04,31.12,60.22,18.8,0.252,2.16,185.8,1081047,261.3,87.6,43.48,3.1,24.61,Medio
MUN_194,Natal,RN,17,24.2,26.49,66.47,45.27,0.228,0.01,65.2,1928936,185.6,70.1,35.85,62.49,24.4,Medio
MUN_061,Santos,AM,26,20.99,25.72,54.29,14.23,0.218,3.66,1121.0,2554010,241.0,76.3,40.78,19.8,22.29,Baixo
MUN_200,Macaé,RJ,37,27.96,30.6,56.18,22.42,0.134,3.78,997.2,850795,458.5,67.4,60.7,28.82,30.14,Alto
MUN_098,Ribeirão Preto,PE,36,29.6,37.09,69.13,81.34,0.269,2.06,1198.8,2737336,434.1,58.5,71.77,87.14,30.12,Baixo
MUN_080,Salvador,PA,46,27.94,32.91,49.85,16.54,0.417,1.08,857.4,461359,486.5,54.5,84.2,11.82,30.11,Alto
MUN_116,Uberlândia,BA,23,26.89,32.16,60.19,28.63,0.172,3.94,77.6,2358981,140.1,81.2,24.06,16.96,25.22,Alto
MUN_131,Crato,SP,31,30.73,35.58,48.76,6.45,0.176,1.15,132.9,1436690,334.1,53.3,59.73,-1.3,28.69,Alto
MUN_193,Fortaleza,PR,33,29.15,33.88,64.41,62.04,0.373,5.11,569.5,1842281,323.3,62.7,64.71,66.32,27.83,Alto
MUN_012,Caxias do Sul,SC,29,27.07,32.07,42.58,3.3,0.0,2.47,427.6,2191850,442.4,49.6,51.7,7.94,27.51,Alto
MUN_178,Manaus,GO,49,29.48,36.08,70.03,68.83,0.388,5.9,148.7,1472376,141.4,61.4,22.34,74.67,29.73,Medio
MUN_143,Sorocaba,BA,3,24.2,29.87,67.39,55.95,0.47,3.23,764.0,630128,305.7,66.6,85.99,52.82,21.28,Baixo
MUN_054,Caxias do Sul,SC,13,22.37,26.06,60.14,24.49,0.182,4.74,900.5,362434,425.6,67.0,76.23,17.13,25.67,Medio
MUN_148,Montes Claros,TO,41,21.15,26.37,64.57,51.5,0.253,5.51,1132.9,761988,297.0,85.1,38.88,70.4,25.19,Baixo
MUN_092,Santos,PR,23,25.82,30.4,54.06,26.32,0.368,2.97,746.9,1808035,108.7,89.2,7.81,38.03,22.41,Baixo
MUN_149,Goiânia,PA,25,18.05,23.74,66.62,49.32,0.263,8.06,293.3,2167030,307.1,68.5,69.84,58.91,18.61,Alto
MUN_011,Manaus,PA,51,30.5,34.94,72.15,100.42,0.313,6.45,166.9,404201,205.1,78.1,47.05,93.16,30.19,Medio
MUN_176,Natal,PA,25,27.15,32.61,54.85,36.01,0.265,3.03,21.8,1005746,435.8,56.9,66.74,35.81,27.52,Alto
MUN_194,Curitiba,RS,14,21.05,24.69,70.71,44.39,0.237,2.18,244.5,2383487,291.6,64.8,58.78,41.63,22.02,Medio
MUN_083,Fortaleza,SP,11,29.35,34.34,66.4,73.72,0.361,7.51,897.7,1414789,423.6,48.1,96.16,92.94,26.24,Alto
MUN_033,Macaé,SP,49,23.32,26.16,78.18,67.38,0.359,2.96,544.5,2727011,179.1,75.6,34.94,64.83,19.91,Medio
MUN_077,Belém,BA,47,23.95,27.03,51.61,31.15,0.412,3.15,1143.7,365338,345.6,77.1,45.76,32.24,24.7,Baixo
MUN_156,Itaquaquecetuba,MG,39,28.02,33.52,62.08,61.0,0.387,3.95,1003.2,601671,457.0,54.4,68.76,54.73,29.54,Alto
MUN_193,Recife,GO,41,23.65,29.4,79.09,31.16,0.165,0.69,641.0,2698988,251.6,53.2,59.05,35.59,26.43,Alto
MUN_180,Sorocaba,GO,47,24.6,29.0,65.58,74.64,0.404,9.89,734.7,2108929,422.2,55.1,78.46,72.16,21.65,Alto
MUN_113,Manaus,RS,32,30.37,32.67,60.69,30.07,0.332,5.39,402.2,1430235,434.6,60.5,69.94,40.64,32.08,Medio
MUN_183,Uberlândia,AM,42,34.42,38.34,65.76,32.13,0.235,3.05,856.0,1143924,213.3,83.5,21.06,42.41,32.6,Baixo
MUN_185,Uberlândia,RS,42,29.19,34.93,59.62,28.36,0.274,1.72,208.8,1680124,490.0,55.1,76.51,30.58,31.89,Alto
MUN_194,Araguaína,MG,48,28.84,33.99,61.61,41.68,0.183,3.22,1051.6,2087017,48.0,85.6,33.12,36.01,29.35,Baixo
MUN_122,Manaus,SC,30,17.33,20.19,60.37,55.83,0.29,1.85,722.9,2499999,370.7,72.8,44.63,43.08,13.44,Baixo
MUN_192,Macaé,MG,3,24.74,28.89,57.69,29.23,0.326,2.72,1180.2,2674661,428.9,50.4,82.41,27.58,22.9,Baixo
MUN_175,Fortaleza,RN,36,27.56,34.39,50.21,62.77,0.389,3.45,934.1,1233753,328.2,64.6,57.83,62.06,24.55,Baixo
MUN_162,Ribeirão Preto,PA,1,28.35,34.22,57.5,26.99,0.429,1.72,238.2,278883,490.8,48.2,75.53,24.89,29.0,Alto
MUN_148,Belém,PE,49,23.43,28.63,79.21,85.49,0.276,6.43,910.9,317235,318.7,55.9,56.51,79.47,24.67,Baixo
MUN_076,Curitiba,TO,37,22.03,26.75,75.79,95.95,0.392,5.13,40.2,1435435,434.0,57.3,67.88,88.8,18.45,Medio
MUN_094,Itaquaquecetuba,PE,28,26.12,31.38,57.38,53.75,0.245,4.63,925.3,1951781,368.4,68.4,67.71,61.84,24.28,Baixo
MUN_107,Curitiba,CE,25,22.46,26.92,59.99,18.09,0.192,3.86,991.3,650010,476.3,59.3,64.57,36.63,26.31,Alto
MUN_122,Manaus,PR,51,24.92,29.35,52.06,36.42,0.33,5.59,321.7,657453,426.4,65.4,56.74,40.76,22.83,Medio
MUN_042,Caxias do Sul,SC,45,27.11,29.5,66.78,71.0,0.278,6.46,681.0,1441250,460.3,40.3,69.59,83.17,29.31,Alto
MUN_021,Recife,RJ,26,26.11,30.28,79.21,99.99,0.329,7.32,835.1,2405646,426.8,53.0,84.51,96.06,24.51,Alto
MUN_117,Palmas,AM,43,25.5,29.16,51.33,39.71,0.243,4.38,463.4,1762980,234.6,63.7,35.54,46.63,24.68,Alto
MUN_003,Recife,CE,32,21.94,28.3,69.45,36.23,0.173,8.07,131.9,492312,323.3,73.1,39.19,35.87,22.27,Medio
MUN_099,Goiânia,MG,26,26.84,30.13,50.34,50.63,0.308,6.59,1151.9,2331799,337.4,81.1,57.05,62.15,24.4,Baixo
MUN_135,Macaé,RN,38,26.7,32.92,66.76,27.29,0.249,2.47,671.0,2267727,67.3,88.5,19.55,13.21,27.76,Baixo
MUN_036,Santos,SC,47,29.17,34.57,81.75,113.33,0.495,10.32,945.2,1712190,178.5,58.3,52.87,122.24,29.13,Baixo
MUN_018,Uberlândia,AM,36,29.43,33.62,58.28,30.76,0.324,4.25,339.9,1189112,247.9,74.2,57.9,40.54,29.67,Alto
MUN_199,Macaé,CE,52,22.31,27.94,58.09,23.77,0.326,1.28,82.4,2387675,368.2,75.4,61.41,6.9,21.51,Medio
MUN_078,Manaus,SP,36,27.03,32.12,65.74,97.04,0.411,5.99,446.1,2746035,137.3,78.6,37.01,110.89,27.02,Medio
MUN_013,Sorocaba,SC,19,29.09,35.3,63.27,23.35,0.316,0.0,71.8,813951,367.5,54.5,63.05,25.08,31.81,Alto
MUN_056,Salvador,RS,22,21.37,27.27,59.96,26.43,0.269,4.68,493.3,2216832,270.0,70.8,35.22,1.65,19.02,Medio
MUN_077,Araguaína,PA,14,31.24,37.16,41.34,25.47,0.347,0.07,160.1,1406332,360.9,51.1,62.57,26.92,30.9,Medio
MUN_078,Macaé,TO,8,24.77,28.55,84.27,110.3,0.324,4.55,13.2,778597,412.0,65.9,55.35,103.46,25.05,Alto
MUN_022,Santos,RJ,52,25.3,29.1,70.34,115.52,0.528,8.6,634.5,1139307,238.9,74.3,39.25,133.28,29.12,Medio
MUN_017,Sorocaba,RJ,17,21.05,23.53,74.17,41.6,0.351,1.47,27.9,70010,327.3,76.5,50.71,39.79,21.84,Medio
MUN_115,Campinas,PA,21,29.27,34.8,72.64,43.97,0.294,5.03,930.0,2882108,116.5,74.8,16.44,43.42,29.7,Baixo
MUN_027,Ribeirão Preto,TO,31,24.92,30.29,72.53,95.81,0.378,7.92,438.0,99091,97.0,76.2,30.96,89.98,22.84,Medio
MUN_127,Montes Claros,PA,32,23.66,28.3,77.02,87.09,0.343,4.62,887.4,1560279,460.0,70.8,62.56,78.24,24.74,Alto
MUN_095,Campinas,TO,35,28.22,32.4,64.78,25.99,0.244,4.5,332.4,1316664,133.8,82.5,18.98,38.72,27.7,Baixo
MUN_002,Santos,SP,3,29.07,32.31,71.98,129.14,0.415,13.94,546.5,2235071,161.0,65.9,53.68,140.61,29.31,Alto
MUN_074,Campinas,AM,23,25.56,29.13,64.79,55.38,0.393,5.07,792.1,2963783,490.7,46.3,84.11,54.93,28.24,Alto
MUN_122,Uberlândia,TO,36,23.85,27.33,48.33,27.48,0.195,4.62,27.4,2875826,228.0,79.7,46.39,34.59,23.73,Medio
MUN_069,Santos,PR,32,20.13,24.55,66.17,50.81,0.521,8.51,824.4,246997,432.4,57.0,70.44,37.6,18.32,Alto
MUN_190,Recife,PR,14,24.61,28.26,42.74,7.82,0.143,3.95,817.5,2475478,479.3,50.2,67.41,2.75,21.19,Alto
MUN_194,Belém,CE,19,27.09,31.74,54.3,43.05,0.196,6.39,825.8,2468082,165.7,73.2,27.14,37.49,30.89,Baixo
MUN_164,Araguaína,RN,24,23.85,30.47,57.04,12.4,0.196,5.26,512.2,1611350,413.7,54.7,71.4,16.64,21.5,Alto
MUN_162,Ribeirão Preto,PE,22,27.4,30.56,78.2,48.66,0.129,5.6,765.3,681931,446.6,56.9,75.04,40.33,30.33,Alto
MUN_162,Campinas,RS,12,21.96,28.01,65.9,39.91,0.143,6.3,400.7,100243,341.2,62.6,66.68,35.57,21.64,Alto
MUN_172,Itaquaquecetuba,PE,40,28.28,34.29,69.0,44.37,0.311,3.66,508.0,206672,118.3,86.5,8.48,39.53,26.46,Baixo
MUN_100,Caxias do Sul,RJ,16,26.33,31.96,58.07,47.12,0.263,5.57,957.9,2202776,397.1,51.2,58.82,42.22,30.22,Alto
MUN_065,Macaé,CE,19,27.09,29.99,66.54,14.07,0.271,5.55,591.7,2579932,439.3,57.9,55.81,14.48,27.82,Alto
MUN_007,Campinas,PE,32,20.55,26.53,78.34,44.99,0.314,1.35,925.2,2743074,425.4,69.4,67.88,42.79,20.34,Alto
MUN_162,Crato,BA,39,27.62,33.79,78.54,76.31,0.523,6.47,748.7,1844275,450.8,60.8,70.88,70.28,27.36,Alto
MUN_169,Recife,AM,24,29.23,35.43,74.58,30.99,0.242,3.89,357.5,262918,342.9,67.2,38.91,40.39,31.68,Alto
MUN_047,Sorocaba,GO,4,26.48,30.82,69.63,56.77,0.125,3.51,588.7,1875482,263.3,70.5,46.73,58.41,27.63,Medio
MUN_004,Caxias do Sul,RS,45,25.6,30.35,63.58,20.92,0.426,2.15,111.3,841210,227.7,72.9,35.45,22.98,27.67,Alto
MUN_081,Uberlândia,BA,23,25.61,31.6,66.89,66.61,0.428,6.59,1084.6,2095169,477.9,68.9,85.62,59.43,27.88,Alto
MUN_063,Macaé,RS,2,22.6,26.03,41.88,54.85,0.288,4.89,528.6,164668,417.8,61.2,63.13,43.18,18.2,Medio
MUN_176,Ribeirão Preto,PE,28,29.93,36.12,90.83,130.67,0.519,9.14,260.2,1820728,107.0,77.2,26.23,114.66,29.9,Medio
MUN_034,Goiânia,SP,52,21.24,28.72,61.18,35.92,0.248,5.8,757.1,759500,67.5,82.5,15.63,37.25,20.61,Baixo
MUN_143,Recife,RJ,52,28.72,34.77,88.78,27.61,0.159,3.43,1002.7,1545056,222.2,83.3,28.98,12.95,31.93,Baixo
MUN_003,Goiânia,AM,43,27.23,31.8,68.35,21.28,0.324,0.45,98.6,2944573,217.0,65.2,46.71,24.26,30.27,Medio
MUN_086,Recife,PA,28,27.23,34.01,80.09,44.5,0.322,1.54,264.3,1678632,417.8,56.9,59.93,43.2,29.77,Alto
MUN_195,Uberlândia,CE,9,24.02,28.63,71.03,37.71,0.309,6.37,803.3,1628167,126.0,80.7,16.0,57.57,22.03,Baixo
MUN_172,Uberlândia,BA,38,29.76,32.56,62.56,51.49,0.222,3.8,271.8,1723669,209.6,75.3,26.97,39.59,28.37,Medio
MUN_088,Curitiba,SC,27,22.24,26.6,58.57,81.22,0.502,7.53,489.6,1240207,31.7,91.5,33.67,79.21,20.73,Baixo
MUN_173,Caxias do Sul,GO,49,23.52,26.98,49.53,54.15,0.249,7.93,739.5,2111250,427.8,54.7,74.08,60.11,25.15,Alto
MUN_015,Fortaleza,RJ,34,23.07,28.67,69.13,57.31,0.376,4.24,411.3,561392,471.3,65.1,64.77,48.49,26.61,Alto
MUN_083,Fortaleza,SP,11,29.35,34.34,66.4,73.72,0.361,7.51,897.7,1414789,423.6,48.1,96.16,92.94,26.24,Alto
MUN_050,Santos,SC,17,25.69,30.34,44.29,10.58,0.252,2.85,71.7,726557,383.7,69.7,39.09,3.56,26.95,Medio
MUN_180,Uberlândia,PE,22,25.37,29.21,71.25,37.69,0.172,7.77,389.9,2047071,344.7,64.0,45.57,34.37,27.17,Medio
MUN_007,Belém,MG,4,26.0,31.83,60.27,36.47,0.228,5.07,1013.9,1051597,186.5,58.1,45.13,51.54,25.96,Baixo
MUN_062,Belém,CE,20,27.73,31.23,61.69,24.89,0.247,1.01,216.2,1544197,212.0,82.2,43.31,17.67,25.44,Medio
MUN_010,Belém,PR,2,23.75,27.91,66.15,30.06,0.313,5.22,1092.2,2560164,421.1,62.5,59.42,30.06,24.55,Baixo
MUN_167,Goiânia,BA,3,21.22,28.33,75.84,88.42,0.287,2.88,608.7,423826,288.8,81.4,45.88,82.86,24.04,Alto
MUN_091,Palmas,RS,3,27.35,30.43,69.0,60.13,0.281,2.3,967.9,2471853,447.2,61.0,60.77,58.16,26.67,Alto
MUN_137,Fortaleza,PE,36,21.66,26.95,50.96,55.13,0.245,4.88,569.9,2221843,60.0,77.6,46.53,53.27,21.39,Baixo
MUN_164,Fortaleza,GO,3,23.91,28.86,72.03,116.86,0.547,7.38,734.2,344761,443.8,58.1,69.35,120.88,25.68,Alto
MUN_121,Macaé,RJ,7,22.37,24.92,55.49,12.92,0.176,5.47,69.1,1988549,349.1,50.5,77.19,16.6,20.78,Alto
MUN_015,Montes Claros,CE,20,30.19,36.84,53.3,32.55,0.264,4.9,332.1,992282,456.0,50.0,54.61,36.14,28.54,Medio
MUN_123,Fortaleza,SP,13,27.83,33.23,71.15,95.13,0.474,4.57,1085.3,553511,438.2,50.4,65.76,106.43,26.34,Baixo
MUN_175,Natal,CE,41,24.74,27.36,50.73,47.18,0.376,3.83,615.3,2531858,92.4,77.8,24.92,55.48,25.34,Baixo
MUN_080,Goiânia,SC,35,30.58,35.25,67.86,70.9,0.428,5.24,477.1,365234,103.2,75.2,19.04,83.86,26.49,Baixo
MUN_133,Caxias do Sul,PA,16,31.35,34.22,61.62,10.32,0.245,3.69,611.0,1871598,113.4,67.2,31.0,1.04,29.48,Baixo
MUN_155,Macaé,RS,38,24.98,32.35,64.46,28.33,0.323,0.92,456.6,736618,39.3,79.7,24.83,29.62,26.35,Baixo
MUN_071,Santos,PA,28,28.55,31.81,55.23,15.36,0.313,3.58,413.1,920569,122.6,83.6,16.71,25.65,26.92,Baixo
MUN_009,Manaus,PR,47,27.16,31.63,54.51,47.73,0.303,3.75,1191.0,513175,213.1,81.8,43.23,41.84,30.89,Baixo
MUN_134,Montes Claros,PR,3,21.16,25.02,59.6,56.3,0.356,6.49,314.9,1618692,282.0,75.3,40.82,66.42,22.11,Alto
MUN_131,Uberlândia,PA,6,26.04,29.47,58.79,35.24,0.249,1.16,916.5,2784005,474.7,57.2,79.41,38.12,23.36,Medio
MUN_164,Araguaína,RN,24,23.85,30.47,57.04,12.4,0.196,5.26,512.2,1611350,413.7,54.7,71.4,16.64,21.5,Alto
MUN_086,Manaus,MG,31,29.36,33.13,56.84,17.32,0.156,1.8,371.0,1103754,494.6,58.2,76.52,24.84,29.07,Alto
MUN_138,Uberlândia,PR,22,22.31,27.38,42.03,23.11,0.1,4.91,243.0,326107,484.7,56.0,65.01,22.36,22.63,Alto
MUN_100,Manaus,PA,8,17.89,19.93,73.92,90.15,0.421,3.71,914.2,2000842,369.4,63.9,58.77,75.41,17.61,Alto
MUN_105,Crato,AM,24,22.25,26.86,61.9,51.07,0.272,6.76,490.2,2516710,430.5,52.9,78.12,57.64,25.98,Alto
MUN_128,Campinas,PA,33,23.53,28.9,66.69,29.7,0.287,1.23,447.8,202880,441.3,49.3,61.69,24.23,22.33,Alto
MUN_090,Goiânia,SP,28,21.79,25.42,42.89,27.78,0.286,2.92,510.9,780177,330.2,75.7,41.86,13.85,22.27,Medio
MUN_018,Palmas,BA,43,25.73,28.3,70.65,28.0,0.175,3.3,1060.7,352715,325.2,60.3,40.07,32.68,27.94,Baixo
MUN_009,Natal,RN,15,26.26,31.52,65.03,27.63,0.27,4.41,812.5,2249854,148.1,80.9,26.0,32.22,27.1,Baixo
MUN_089,Araguaína,RN,30,25.06,29.34,83.18,157.86,0.566,8.88,577.2,864618,137.4,81.7,26.59,156.32,25.25,Medio
MUN_085,Sorocaba,PE,27,23.84,28.43,68.25,90.96,0.183,6.2,295.6,1682718,489.3,50.9,84.18,81.99,22.67,Alto
MUN_080,Macaé,PE,31,22.95,28.57,77.08,46.4,0.337,2.58,800.5,2499369,472.5,49.4,79.37,44.57,23.49,Medio
MUN_018,Curitiba,SC,41,30.86,35.8,60.2,18.27,0.261,2.49,327.0,1093067,257.4,70.7,44.55,17.25,30.99,Medio
MUN_114,Caxias do Sul,MG,51,19.46,23.3,58.88,21.68,0.229,0.62,428.0,238835,328.4,63.1,52.19,26.32,19.11,Alto
MUN_194,Sorocaba,PE,41,31.91,36.29,78.04,63.23,0.412,5.17,6.2,2762118,134.0,75.3,22.77,71.78,33.27,Medio
MUN_157,Goiânia,RN,21,22.17,27.31,55.34,53.44,0.368,4.07,394.0,58016,362.8,68.0,49.45,65.68,22.42,Medio
MUN_182,Macaé,RS,8,27.79,33.48,39.73,17.43,0.099,4.81,478.3,2621475,351.0,59.2,63.34,14.98,26.43,Medio
MUN_176,Natal,PA,25,27.15,32.61,54.85,36.01,0.265,3.03,21.8,1005746,435.8,56.9,66.74,35.81,27.52,Alto
MUN_081,Natal,BA,20,32.72,36.12,63.06,27.15,0.298,3.9,647.6,381087,471.4,64.3,69.32,32.13,32.19,Medio
MUN_100,Campinas,SC,41,22.67,29.49,54.95,25.87,0.378,1.33,242.6,390615,265.0,81.9,43.35,33.68,22.91,Alto
MUN_115,Santos,TO,40,23.0,28.07,54.22,14.36,0.23,0.04,666.0,2581167,455.0,44.8,64.54,26.36,25.34,Alto
MUN_051,Santos,RS,19,28.37,31.97,49.37,25.73,0.233,7.08,782.9,740563,145.1,63.8,28.44,33.93,29.42,Baixo
MUN_071,Caxias do Sul,RS,7,23.41,30.79,67.86,45.04,0.287,2.04,568.8,1369889,145.6,89.6,22.77,39.7,25.14,Baixo
MUN_109,Araguaína,TO,23,27.54,34.29,61.32,41.3,0.239,2.7,808.7,887905,136.2,83.2,9.14,30.69,31.55,Baixo
MUN_028,Caxias do Sul,RJ,27,28.99,37.42,59.23,29.34,0.352,4.0,897.7,2775121,411.0,58.8,72.32,29.59,27.32,Baixo
MUN_054,Curitiba,PR,2,28.16,30.36,63.5,46.42,0.316,6.58,1182.0,2333731,316.5,58.3,67.6,47.13,29.1,Baixo
MUN_028,Santos,TO,19,23.48,27.61,65.3,21.66,0.252,4.85,39.4,2046218,361.1,56.5,47.8,-7.23,27.18,Alto
MUN_091,Manaus,CE,11,28.14,33.89,58.01,30.93,0.343,2.94,646.8,176279,295.2,61.6,41.61,27.5,27.16,Baixo
MUN_105,Belém,TO,37,22.38,26.47,67.32,99.32,0.342,5.72,310.6,647965,278.7,70.8,69.05,93.36,25.21,Alto
MUN_048,Goiânia,RN,48,24.46,30.44,72.28,110.26,0.309,5.04,374.5,1329530,455.6,55.8,70.52,114.48,23.6,Medio
MUN_011,Montes Claros,CE,30,29.45,33.57,60.55,67.93,0.301,5.47,652.0,532609,191.4,81.3,39.29,82.16,30.43,Baixo
MUN_164,Manaus,PR,32,24.8,31.61,63.71,22.22,0.164,1.21,449.3,1874020,254.7,69.3,45.66,21.95,24.26,Alto
MUN_077,Uberlândia,BA,32,24.54,28.65,65.55,20.2,0.282,3.02,286.4,2536265,488.9,51.9,74.16,41.15,25.56,Alto
MUN_052,Salvador,PE,8,20.48,25.81,94.66,153.12,0.479,11.75,1190.1,123085,454.6,57.3,89.21,130.78,20.02,Alto
MUN_148,Santos,BA,51,22.63,26.53,54.8,29.91,0.124,5.32,1145.0,1273945,314.6,80.1,47.05,28.02,26.57,Baixo
MUN_092,Itaquaquecetuba,PE,28,27.82,31.81,61.97,80.0,0.373,8.03,733.5,2766595,275.5,62.9,42.25,72.88,25.24,Medio
MUN_046,Crato,RN,18,30.93,37.7,51.48,63.14,0.302,6.69,160.7,1579879,172.4,73.4,33.52,73.58,31.71,Alto
MUN_034,Goiânia,BA,30,28.7,32.09,74.25,107.35,0.396,6.87,1139.9,1292521,294.9,80.4,48.16,101.09,25.82,Baixo
MUN_175,Sorocaba,RN,32,26.11,28.06,65.31,40.14,0.202,0.0,984.6,2398870,419.5,67.5,62.01,57.77,29.66,Baixo
MUN_044,Palmas,PE,8,28.49,34.15,57.93,35.66,0.108,5.75,814.2,2236805,468.7,67.9,60.39,34.79,28.9,Medio
MUN_142,Caxias do Sul,CE,47,27.5,31.53,56.03,78.65,0.424,4.31,754.8,2258239,296.6,62.1,43.54,85.76,28.35,Baixo
MUN_185,Sorocaba,BA,33,25.27,31.4,75.43,133.16,0.486,10.55,35.7,2014957,460.0,60.2,78.38,115.1,25.9,Medio
MUN_084,Araguaína,PA,42,30.1,34.59,57.74,11.66,0.302,5.17,353.6,1959471,113.1,72.0,38.12,17.72,35.32,Baixo
MUN_132,Ribeirão Preto,GO,44,23.27,30.71,74.36,18.02,0.234,3.9,450.4,1528424,62.1,96.3,14.95,9.58,24.02,Baixo
MUN_131,Ribeirão Preto,SP,23,17.33,21.97,55.84,32.6,0.391,2.11,566.1,2038174,441.5,62.9,63.98,29.24,19.18,Alto
MUN_183,Palmas,PA,1,23.36,29.43,62.79,103.43,0.392,5.48,993.6,317040,34.9,84.0,20.75,121.08,24.55,Baixo
MUN_189,Itaquaquecetuba,BA,5,26.62,31.23,66.38,64.12,0.36,8.43,1045.0,1160889,345.9,72.7,43.72,60.25,27.18,Baixo
MUN_109,Araguaína,RN,36,26.47,31.58,71.08,59.55,0.292,6.2,949.8,2252633,331.4,59.2,62.4,71.5,24.41,Medio
MUN_003,Recife,CE,32,21.94,28.3,69.45,36.23,0.173,8.07,131.9,492312,323.3,73.1,39.19,35.87,22.27,Medio
MUN_200,Itaquaquecetuba,TO,43,22.47,27.89,72.52,60.64,0.279,4.73,358.9,319182,459.0,50.0,51.6,76.41,22.75,Medio
MUN_054,Sorocaba,PR,40,26.39,32.55,48.18,29.89,0.299,0.0,117.1,2300480,229.3,73.7,23.05,26.95,27.83,Medio
MUN_111,Belém,SC,39,28.36,33.95,63.35,81.3,0.345,6.58,246.5,2975481,336.6,67.2,57.66,77.19,28.01,Alto
MUN_087,Curitiba,PE,1,25.0,30.94,60.35,4.26,0.259,1.89,618.9,2078090,195.5,82.0,26.62,12.77,25.72,Baixo
MUN_168,Montes Claros,GO,49,30.3,32.81,49.41,27.62,0.245,1.04,259.8,1975645,396.0,56.3,54.04,34.41,26.83,Medio
MUN_003,Palmas,MG,46,21.73,25.43,62.07,43.63,0.353,5.78,1034.5,2609863,365.0,62.6,68.05,39.5,19.96,Baixo
MUN_146,Uberlândia,PA,12,26.09,29.72,62.75,37.93,0.302,0.76,868.1,1107569,79.7,81.9,24.12,32.53,28.98,Baixo
MUN_028,Goiânia,SC,44,27.98,33.59,62.14,55.94,0.368,2.67,789.4,738001,174.8,76.7,16.61,37.33,30.77,Baixo
MUN_119,Araguaína,PE,9,29.71,36.79,64.93,64.94,0.423,8.14,8.8,2525629,362.4,76.4,45.7,62.5,29.14,Alto
MUN_019,Uberlândia,GO,52,24.6,29.79,59.16,26.68,0.372,5.45,733.7,419745,419.8,73.0,57.02,45.27,22.68,Alto
MUN_092,Montes Claros,BA,35,23.14,29.65,68.66,31.16,0.17,4.18,945.9,2663950,152.8,71.0,40.83,14.8,21.99,Baixo
MUN_162,Crato,BA,39,27.62,33.79,78.54,76.31,0.523,6.47,748.7,1844275,450.8,60.8,70.88,70.28,27.36,Alto
MUN_183,Sorocaba,CE,48,24.24,26.74,58.98,102.33,0.338,3.52,314.0,1339276,116.8,85.3,31.34,104.98,29.34,Alto
MUN_036,Ribeirão Preto,AM,43,21.02,26.88,55.87,21.87,0.192,6.33,95.0,1526805,245.4,75.8,44.72,43.57,21.26,Alto
MUN_028,Palmas,AM,31,26.0,31.27,62.34,78.17,0.41,4.64,512.3,217226,373.3,66.8,60.04,67.55,28.66,Medio
MUN_015,Fortaleza,RJ,34,23.07,28.67,69.13,57.31,0.376,4.24,411.3,561392,471.3,65.1,64.77,48.49,26.61,Alto
MUN_019,Belém,PR,11,27.8,32.47,69.71,83.13,0.492,5.71,995.6,1425908,465.1,69.9,70.53,93.64,28.03,Alto
MUN_024,Salvador,PE,40,30.15,33.4,62.57,42.13,0.344,3.46,446.9,2501480,370.1,63.1,52.41,44.49,31.25,Medio
MUN_121,Sorocaba,BA,44,26.58,31.77,59.24,44.87,0.261,5.39,149.2,319455,97.7,68.4,49.87,59.94,25.56,Alto
MUN_150,Itaquaquecetuba,PR,23,25.41,31.16,81.3,78.69,0.28,5.96,300.3,591047,171.8,88.8,19.8,76.27,24.89,Medio
MUN_063,Natal,PR,26,23.47,27.04,50.46,58.32,0.276,2.43,741.4,2453926,372.8,83.1,51.07,71.85,24.65,Baixo
MUN_006,Araguaína,GO,12,20.42,23.24,70.72,35.93,0.184,4.19,351.2,2920461,410.5,57.1,60.53,38.67,21.8,Medio
MUN_192,Goiânia,GO,35,20.41,25.24,57.01,57.72,0.188,5.42,147.1,1190465,414.5,61.3,86.33,80.57,20.04,Alto
MUN_026,Belém,SC,41,28.85,31.92,58.55,48.4,0.203,5.55,215.2,1706251,306.3,75.6,66.01,43.4,32.44,Alto
MUN_129,Montes Claros,CE,39,21.68,27.11,60.3,34.73,0.351,4.62,119.1,130678,241.9,77.4,39.76,44.31,21.52,Alto
MUN_130,Macaé,AM,37,26.02,31.38,64.36,42.54,0.275,5.38,793.2,1629851,225.5,78.7,43.56,54.75,29.78,Baixo
MUN_061,Belém,GO,2,32.4,38.36,57.06,17.86,0.18,7.46,1138.1,1389755,165.7,75.3,18.73,1.78,31.27,Baixo
MUN_193,Santos,PA,28,22.97,25.53,71.5,56.78,0.23,3.98,69.0,331547,441.9,51.2,67.59,49.72,24.88,Alto
MUN_032,Belém,GO,14,31.55,35.54,70.29,26.48,0.271,5.39,532.3,590492,480.5,60.7,51.34,25.31,29.92,Medio
MUN_039,Campinas,AM,42,24.91,27.69,63.64,77.29,0.378,4.86,775.4,989999,438.9,56.2,60.2,63.89,28.07,Alto
MUN_176,Crato,RJ,29,24.3,29.33,62.46,60.33,0.308,7.76,178.0,2588319,415.3,48.4,69.78,51.19,25.88,Alto
MUN_111,Palmas,SC,31,26.36,30.54,65.4,53.29,0.334,6.64,827.5,1548544,214.6,63.8,45.95,51.51,23.87,Baixo
MUN_183,Salvador,MG,43,27.17,30.83,63.02,32.88,0.254,3.87,579.3,1587514,272.9,79.9,34.5,37.4,24.54,Medio
MUN_013,Manaus,SP,7,22.66,28.81,69.65,52.67,0.454,5.81,297.7,2112379,403.1,71.6,50.79,48.81,19.08,Alto
MUN_159,Santos,MG,16,23.09,26.5,76.83,86.27,0.397,6.17,944.8,2951328,461.8,71.2,67.83,83.5,24.45,Medio
MUN_085,Fortaleza,AM,7,30.02,35.0,66.59,18.91,0.369,2.68,889.8,2120742,70.4,90.5,24.71,16.91,30.99,Baixo
MUN_009,Crato,BA,18,24.88,30.68,74.55,90.8,0.506,10.2,446.8,456276,324.6,73.2,68.01,98.06,22.81,Alto
MUN_159,Palmas,AM,23,24.97,31.66,67.06,42.5,0.314,5.39,290.6,1527953,479.1,58.0,65.27,45.03,26.02,Medio
MUN_178,Manaus,SP,50,28.23,33.29,61.13,26.0,0.422,2.44,137.9,279162,488.3,62.2,104.21,18.04,30.17,Alto
MUN_045,Salvador,SC,18,32.62,37.33,50.9,15.27,0.386,2.27,898.7,1422695,141.0,72.9,31.55,13.25,32.16,Baixo
MUN_115,Fortaleza,PR,33,30.11,34.53,79.51,124.24,0.323,11.84,752.5,1368828,482.2,57.9,79.95,141.67,30.1,Alto
MUN_176,Salvador,SC,51,19.86,24.94,58.83,19.84,0.259,4.02,816.4,174195,264.6,62.8,39.4,11.56,22.65,Baixo
MUN_136,Ribeirão Preto,PE,7,29.5,34.1,67.11,39.65,0.334,3.67,390.3,1008947,470.6,65.9,78.51,37.33,31.22,Alto
MUN_148,Natal,AM,3,23.86,29.76,59.2,84.24,0.186,0.07,176.9,361416,458.1,60.1,75.22,78.69,23.56,Alto
MUN_004,Santos,SP,7,26.67,30.81,57.16,25.55,0.223,2.92,619.7,2733158,344.1,60.3,60.71,18.14,24.39,Medio
MUN_122,Recife,TO,30,20.47,24.85,66.96,47.31,0.344,6.8,109.6,1811915,427.6,56.8,64.07,34.89,20.33,Medio
MUN_128,Macaé,RN,48,27.55,31.49,64.79,65.31,0.309,4.87,340.6,338352,333.3,61.6,62.83,53.14,29.74,Alto
MUN_110,Santos,RS,47,30.43,37.18,62.28,33.75,0.376,1.44,1130.8,114906,97.5,83.7,17.99,27.68,31.67,Baixo
MUN_101,Itaquaquecetuba,RN,14,27.48,32.65,52.28,5.61,0.311,4.29,844.6,1914552,48.9,81.7,6.02,4.02,28.33,Baixo
MUN_041,Ribeirão Preto,BA,8,22.47,28.57,61.75,77.3,0.509,6.43,358.7,1339177,89.5,91.9,7.66,68.3,20.55,Medio
MUN_115,Itaquaquecetuba,GO,3,24.29,27.91,82.26,27.39,0.316,2.97,496.1,1899921,231.7,77.8,49.64,7.38,24.07,Baixo
MUN_074,Ribeirão Preto,PE,20,24.87,30.68,82.02,73.63,0.358,2.98,268.6,2797864,494.1,48.5,58.85,64.91,28.81,Medio
MUN_093,Manaus,AM,21,19.31,24.95,68.17,34.63,0.093,5.24,193.2,1678045,292.8,73.4,48.01,42.77,18.82,Medio
MUN_158,Araguaína,MG,17,28.51,33.59,65.1,80.78,0.339,6.56,1149.2,693311,412.0,55.0,63.8,77.89,29.33,Baixo
MUN_157,Crato,SC,51,22.24,27.98,59.24,78.8,0.368,8.79,176.3,2462272,439.0,63.1,75.91,83.1,23.77,Alto
MUN_010,Araguaína,RJ,39,24.01,29.54,63.58,67.71,0.217,5.19,1130.2,939111,466.4,52.8,69.99,67.68,24.41,Baixo
MUN_054,Itaquaquecetuba,RN,41,31.28,38.07,54.09,29.93,0.265,1.7,546.7,2969224,476.5,48.9,59.75,27.72,27.89,Alto
MUN_137,Fortaleza,GO,31,25.3,32.91,59.28,65.94,0.287,7.05,703.9,347301,45.5,96.2,0.0,64.53,22.75,Baixo
MUN_026,Uberlândia,PE,7,28.13,34.07,79.79,79.77,0.467,8.56,806.2,2121285,481.3,55.1,82.0,72.85,27.47,Alto
MUN_002,Santos,SP,3,29.07,32.31,71.98,129.14,0.415,13.94,546.5,2235071,161.0,65.9,53.68,140.61,29.31,Alto
MUN_061,Macaé,CE,9,32.03,38.43,64.15,27.08,0.23,4.23,958.0,2161553,84.0,85.2,15.54,22.35,32.21,Baixo
MUN_130,Curitiba,BA,16,26.14,32.7,70.52,73.87,0.357,6.53,426.3,378338,106.2,83.5,49.98,68.0,28.15,Baixo
MUN_197,Recife,RS,27,25.43,30.21,57.21,28.7,0.159,3.28,386.3,2674601,242.5,60.2,48.59,35.81,25.64,Baixo
MUN_057,Crato,PR,42,24.67,28.81,57.21,44.24,0.299,7.15,1037.5,329766,164.2,81.8,32.86,51.92,22.42,Baixo
MUN_180,Sorocaba,PE,43,30.44,35.4,79.8,97.28,0.342,8.16,49.7,922362,162.9,69.6,39.42,99.26,31.36,Alto
MUN_200,Manaus,GO,17,26.68,31.79,72.88,32.69,0.413,4.82,842.8,462050,361.6,75.8,61.24,27.03,26.62,Baixo
MUN_016,Itaquaquecetuba,CE,32,22.86,27.42,48.65,69.16,0.426,5.72,595.8,2436661,290.0,60.9,54.76,67.39,22.75,Alto
MUN_194,Natal,RN,17,24.2,26.49,66.47,45.27,0.228,0.01,65.2,1928936,185.6,70.1,35.85,62.49,24.4,Medio
MUN_160,Campinas,RN,47,26.74,31.9,48.68,41.65,0.275,5.47,528.1,2335965,237.9,69.3,52.24,44.33,24.83,Medio
MUN_038,Palmas,MG,12,23.71,30.72,65.27,50.0,0.272,6.15,482.5,1445212,394.6,52.9,61.9,50.81,21.29,Alto
MUN_093,Manaus,AM,21,19.31,24.95,68.17,34.63,0.093,5.24,193.2,1678045,292.8,73.4,48.01,42.77,18.82,Medio
MUN_166,Campinas,RN,37,19.78,24.27,46.96,19.87,0.166,2.54,35.3,564574,185.3,78.3,35.29,19.02,20.74,Medio
MUN_198,Salvador,PA,50,26.23,31.58,68.18,134.82,0.489,10.02,190.0,883180,391.2,58.0,74.47,123.88,26.24,Alto
MUN_058,Sorocaba,SC,11,21.34,25.83,66.61,12.09,0.317,5.45,146.8,1938366,56.9,95.3,23.57,0.82,23.79,Baixo
MUN_070,Recife,BA,12,28.14,34.22,52.67,21.53,0.335,4.25,119.4,877330,277.4,66.6,43.96,5.38,26.75,Alto
MUN_159,Fortaleza,TO,47,27.42,33.56,46.37,26.54,0.302,0.0,474.8,1136250,442.1,53.6,67.74,28.67,28.25,Alto
MUN_183,Santos,GO,10,26.08,30.37,64.91,44.65,0.377,4.24,628.5,2084988,231.8,65.0,65.2,57.8,22.79,Baixo
MUN_130,Uberlândia,SP,20,32.5,35.39,58.58,39.57,0.293,4.8,489.1,2816548,491.5,54.4,63.06,42.55,31.54,Alto
MUN_051,Caxias do Sul,PR,25,29.0,35.18,77.98,63.71,0.482,5.95,65.8,1474351,151.8,75.8,45.29,49.98,32.14,Medio
MUN_070,Recife,CE,6,28.74,33.23,52.76,9.51,0.151,3.54,630.6,1654304,255.2,75.1,43.97,0.75,29.33,Baixo
MUN_134,Palmas,MG,23,28.53,33.25,51.67,70.4,0.415,6.86,401.9,737730,144.1,87.8,34.4,79.49,26.45,Baixo
MUN_062,Curitiba,SP,19,21.58,27.63,68.23,91.76,0.391,4.57,1101.7,360640,415.7,58.5,78.81,90.96,22.41,Medio
MUN_032,Montes Claros,RS,52,30.85,34.86,69.59,42.86,0.056,3.48,970.4,1627066,249.3,56.8,51.78,35.71,32.22,Baixo
MUN_072,Natal,AM,15,21.69,27.13,48.93,42.54,0.206,4.57,1196.8,688696,449.9,40.6,79.17,56.43,19.68,Baixo
MUN_123,Campinas,PR,22,27.41,32.72,55.6,28.48,0.295,2.48,252.1,1778911,473.7,49.2,75.05,21.2,32.18,Medio
MUN_127,Uberlândia,CE,24,24.09,27.93,71.3,66.62,0.5,1.57,533.2,216445,305.8,76.6,67.3,59.73,27.32,Alto
MUN_019,Caxias do Sul,PA,3,28.16,34.04,56.04,47.87,0.54,2.79,115.7,293607,341.2,56.9,44.65,64.64,25.21,Alto
MUN_021,Recife,RJ,26,26.11,30.28,79.21,99.99,0.329,7.32,835.1,2405646,426.8,53.0,84.51,96.06,24.51,Alto
MUN_006,Macaé,RJ,51,23.09,27.48,64.59,38.7,0.247,0.97,329.3,2873051,178.1,71.2,56.32,42.08,22.93,Alto
MUN_164,Itaquaquecetuba,RN,41,27.71,31.61,68.09,37.82,0.398,2.0,695.8,2957803,369.4,56.7,45.96,29.1,26.85,Alto
MUN_178,Salvador,MG,27,25.18,30.75,67.97,31.59,0.318,7.32,679.2,2193239,341.3,56.4,61.32,21.45,28.22,Alto
MUN_028,Palmas,TO,12,23.01,28.06,57.78,42.87,0.312,6.74,451.5,2586289,364.1,73.4,59.27,8.5,20.37,Alto
MUN_147,Goiânia,SC,8,23.96,31.13,55.04,11.16,0.315,2.69,901.4,212302,31.1,78.5,17.64,5.91,25.72,Baixo
MUN_071,Santos,PA,27,21.44,25.44,48.84,20.25,0.139,2.88,113.5,2615537,166.1,90.3,38.46,18.71,23.38,Medio
MUN_052,Itaquaquecetuba,SP,19,29.15,34.05,50.02,64.53,0.346,4.56,1104.4,1695596,461.1,54.1,52.23,64.5,26.19,Medio
MUN_149,Goiânia,BA,1,26.41,31.9,61.34,12.6,0.157,2.44,448.8,1808386,315.4,47.1,66.91,22.75,30.85,Alto
MUN_186,Santos,TO,2,27.24,32.31,71.72,88.37,0.43,2.13,127.6,2285186,493.4,49.4,85.01,83.94,29.34,Medio
MUN_090,Crato,PR,9,26.22,32.54,60.61,35.99,0.349,6.2,523.9,2764922,341.0,61.4,74.53,42.26,26.84,Alto
MUN_053,Caxias do Sul,PA,38,24.54,29.66,61.34,78.66,0.306,6.68,431.1,1718208,49.3,88.4,10.25,93.12,26.64,Baixo
MUN_028,Palmas,AM,31,26.0,31.27,62.34,78.17,0.41,4.64,512.3,217226,373.3,66.8,60.04,67.55,28.66,Medio
MUN_169,Montes Claros,MG,16,25.24,31.81,74.47,107.5,0.332,6.2,120.5,2289094,476.2,65.5,64.7,95.57,25.8,Medio
MUN_128,Curitiba,PE,43,29.37,36.36,67.06,50.01,0.199,8.42,159.4,1240349,142.1,72.2,34.24,69.05,30.05,Medio
MUN_110,Crato,CE,41,25.69,31.0,79.59,90.27,0.28,6.03,1180.5,1311375,51.8,76.8,4.18,89.83,29.17,Baixo
MUN_021,Palmas,RS,45,31.65,38.36,67.29,50.49,0.182,3.28,128.7,314567,269.2,71.7,48.99,49.59,30.97,Medio
MUN_173,Palmas,AM,27,23.48,28.1,52.06,10.27,0.114,1.38,765.0,676006,492.3,58.7,64.99,15.3,23.17,Medio
MUN_134,Goiânia,PA,29,27.44,30.48,61.53,38.14,0.299,6.42,154.0,1855983,294.2,74.6,50.98,52.72,26.2,Medio
MUN_200,Caxias do Sul,MG,22,27.37,33.27,81.2,55.88,0.387,3.47,395.8,1587729,367.8,68.5,60.98,57.43,27.21,Alto
MUN_060,Sorocaba,GO,23,28.56,33.32,88.61,121.56,0.328,4.36,823.7,1748503,457.2,71.2,67.47,133.1,29.13,Medio
MUN_159,Palmas,AM,23,24.97,31.66,67.06,42.5,0.314,5.39,290.6,1527953,479.1,58.0,65.27,45.03,26.02,Medio
MUN_031,Crato,TO,36,23.0,29.84,45.88,9.71,0.224,2.71,217.5,2895355,435.5,60.0,61.09,11.31,25.46,Medio
MUN_185,Caxias do Sul,GO,51,30.66,34.67,60.04,45.5,0.385,6.93,147.9,2466266,375.2,69.4,55.27,51.97,29.57,Medio
MUN_172,Ribeirão Preto,BA,37,23.61,28.53,65.32,21.37,0.415,1.86,102.3,2186166,447.3,58.4,73.68,22.43,22.41,Alto
MUN_085,Goiânia,CE,33,28.91,33.31,77.03,26.67,0.304,2.38,457.3,152207,480.1,64.8,74.0,4.84,26.97,Alto
MUN_033,Santos,MG,50,25.84,29.0,67.21,16.55,0.276,1.75,868.0,1787457,268.2,65.2,53.04,13.14,28.21,Baixo
MUN_186,Sorocaba,SC,28,25.26,30.22,64.47,18.45,0.268,0.22,305.4,1159280,412.9,66.3,55.68,11.06,23.48,Alto
MUN_092,Belém,RN,23,25.77,31.25,66.52,31.41,0.39,4.17,717.7,2631287,160.4,77.6,41.06,36.32,25.42,Baixo
MUN_112,Fortaleza,RS,33,32.97,36.36,78.56,39.61,0.257,2.31,921.8,2741754,149.8,64.8,37.17,42.34,30.81,Baixo
MUN_071,Belém,BA,34,21.91,26.19,61.11,18.45,0.363,0.22,523.6,416918,284.3,63.8,55.71,31.67,25.68,Medio
MUN_171,Fortaleza,RN,19,29.87,35.01,55.88,11.31,0.271,0.0,637.9,2512793,34.1,93.8,26.71,23.0,31.16,Baixo
MUN_121,Recife,PE,16,29.13,32.26,65.8,77.8,0.462,4.16,451.4,2839048,258.0,64.7,62.8,83.35,30.05,Alto
MUN_171,Crato,CE,28,28.61,34.26,40.05,38.66,0.175,6.56,460.1,2274103,272.9,78.5,34.7,37.82,30.42,Baixo
MUN_156,Curitiba,RS,21,26.79,31.3,51.21,13.73,0.226,2.95,345.1,1731833,82.5,86.8,25.66,16.38,30.61,Baixo
MUN_148,Campinas,BA,12,30.11,37.99,74.9,138.84,0.428,9.89,394.5,2477189,85.5,92.2,20.23,127.68,29.55,Medio
MUN_094,Campinas,CE,49,25.05,30.87,61.16,8.78,0.239,5.93,698.4,322621,237.5,85.0,26.17,20.6,25.43,Baixo
MUN_158,Goiânia,GO,25,28.19,35.04,65.38,39.17,0.169,3.44,452.3,1177645,490.1,57.9,68.2,49.8,28.87,Alto
MUN_043,Salvador,BA,17,20.33,24.58,64.19,100.08,0.403,6.96,283.3,590215,339.9,65.0,73.69,85.74,19.32,Alto
MUN_020,Ribeirão Preto,CE,11,24.51,29.5,75.87,42.24,0.323,6.62,472.9,982865,372.1,65.5,51.76,42.39,22.91,Alto
MUN_096,Caxias do Sul,AM,38,25.62,29.46,72.01,26.56,0.312,2.06,167.2,2569442,478.5,44.5,84.29,47.25,26.31,Alto
MUN_067,Palmas,RS,44,25.24,29.21,58.02,100.57,0.442,7.21,545.3,1538284,255.2,78.0,31.95,107.22,26.0,Medio
MUN_031,Crato,BA,8,22.85,28.8,75.85,103.16,0.419,7.95,883.2,2430552,436.0,61.1,82.23,104.71,24.07,Alto
MUN_108,Palmas,PA,15,27.81,31.82,67.73,49.72,0.406,2.82,815.9,362605,412.9,57.2,71.34,56.35,29.05,Medio
MUN_050,Sorocaba,SP,15,24.6,25.94,45.45,11.63,0.212,1.96,390.6,1965632,91.3,85.2,5.63,7.62,27.41,Baixo
MUN_117,Campinas,TO,31,25.97,29.88,64.34,35.99,0.287,2.12,294.1,1487217,247.5,66.2,55.39,25.01,25.94,Alto
MUN_079,Campinas,PE,50,20.24,27.29,63.3,119.51,0.511,6.62,133.2,1708503,214.0,58.5,28.98,129.69,20.03,Alto
MUN_178,Recife,SP,43,24.88,31.1,56.37,33.69,0.314,2.6,178.7,217854,342.3,62.6,68.61,34.35,24.27,Alto
MUN_193,Macaé,MG,18,26.96,32.16,62.67,40.59,0.143,3.19,279.9,2256756,421.7,65.4,73.38,43.06,28.63,Alto
MUN_033,Ribeirão Preto,AM,52,23.86,29.48,74.51,31.55,0.276,0.94,1004.9,1863856,238.9,74.1,45.55,42.05,24.34,Baixo
MUN_189,Araguaína,SC,45,24.32,28.99,54.77,25.8,0.216,3.11,189.1,242224,360.5,69.5,62.9,17.33,26.88,Medio
MUN_083,Salvador,RN,48,21.42,26.91,60.13,86.17,0.347,5.16,394.9,2396539,54.8,80.5,21.21,88.23,23.14,Baixo
MUN_172,Itaquaquecetuba,PE,40,28.28,34.29,69.0,44.37,0.311,3.66,508.0,206672,118.3,86.5,8.48,39.53,26.46,Baixo
MUN_019,Itaquaquecetuba,SP,9,25.1,29.98,51.06,17.44,0.26,11.24,305.6,920277,307.8,74.2,38.91,23.71,29.47,Alto
MUN_165,Caxias do Sul,PE,4,28.55,33.34,69.84,48.69,0.251,5.05,1086.6,2108805,136.8,80.8,17.45,54.92,29.91,Baixo
MUN_119,Palmas,GO,11,23.2,27.49,57.22,7.15,0.213,2.34,58.9,2888736,320.8,74.4,48.49,-9.68,22.77,Medio
MUN_039,Curitiba,BA,10,23.24,27.26,67.03,104.35,0.388,4.84,149.3,706334,290.6,63.1,65.37,116.47,24.95,Medio
MUN_010,Fortaleza,GO,34,30.46,33.98,72.41,109.6,0.333,3.15,1059.6,877006,96.7,100.0,17.69,114.65,28.16,Baixo
MUN_017,Santos,RS,33,22.86,28.43,59.45,28.82,0.246,1.35,728.4,2493129,412.9,51.5,68.41,12.38,21.85,Alto
MUN_103,Santos,SC,48,29.36,33.54,55.28,23.76,0.323,0.0,341.2,2682341,295.4,54.6,34.46,43.78,29.71,Medio
MUN_131,Ribeirão Preto,BA,44,25.8,30.63,60.56,28.8,0.364,5.16,127.5,1259786,355.0,70.4,54.62,20.72,24.62,Medio
MUN_010,Palmas,AM,5,25.86,28.65,57.72,43.82,0.286,7.33,563.6,1433574,447.0,59.8,58.12,46.64,27.32,Alto
MUN_005,Campinas,PA,40,24.24,28.77,53.1,35.81,0.359,2.45,571.0,1305882,139.6,93.0,19.15,33.0,22.84,Baixo
MUN_158,Curitiba,SC,43,26.87,33.43,53.36,11.92,0.206,1.64,763.2,2421742,476.8,56.5,80.86,-9.74,24.85,Alto
MUN_180,Salvador,BA,11,27.28,36.11,64.06,83.86,0.428,7.04,199.3,1599154,285.7,72.5,58.4,90.91,25.64,Alto
MUN_129,Montes Claros,CE,39,21.68,27.11,60.3,34.73,0.351,4.62,119.1,130678,241.9,77.4,39.76,44.31,21.52,Alto
MUN_007,Campinas,SP,7,31.77,34.66,65.67,87.73,0.295,4.69,942.9,985902,374.2,64.7,63.66,80.88,31.3,Alto
MUN_157,Crato,SP,10,21.67,24.82,61.53,63.62,0.242,5.39,317.5,565801,53.3,90.5,14.58,64.96,23.99,Medio
MUN_010,Araguaína,PR,8,29.57,34.96,60.59,66.12,0.224,7.07,274.9,2855417,83.4,97.8,27.83,64.36,28.91,Medio
MUN_184,Belém,PA,8,25.7,33.17,62.06,59.55,0.33,7.8,468.9,1910371,350.7,62.7,61.45,84.63,26.54,Alto
MUN_051,Caxias do Sul,PA,10,24.36,30.14,59.38,50.77,0.369,5.36,945.3,1351136,496.0,58.9,77.19,61.55,22.19,Medio
MUN_143,Curitiba,PA,27,25.04,31.03,69.58,58.91,0.299,3.65,1058.2,266719,276.0,70.5,50.53,47.87,24.78,Baixo
MUN_165,Uberlândia,AM,9,25.82,29.48,66.23,58.6,0.277,2.33,8.4,1587915,191.0,65.0,52.03,60.97,26.76,Alto
MUN_069,Ribeirão Preto,RS,10,25.04,28.7,42.04,16.96,0.193,6.62,419.7,1305156,169.6,65.8,26.74,11.38,24.85,Baixo
MUN_195,Santos,GO,26,26.9,32.32,51.02,41.32,0.263,3.02,975.8,2839121,466.3,57.3,85.04,38.86,27.33,Alto
MUN_120,Campinas,AM,36,27.54,33.7,66.92,80.41,0.462,5.84,992.9,1184347,480.8,57.3,77.03,75.75,26.11,Alto
MUN_162,Natal,MG,3,27.63,34.93,55.23,24.54,0.203,2.8,305.8,208364,326.9,76.1,60.17,32.57,24.24,Medio
MUN_123,Natal,RN,24,23.47,28.56,59.74,32.69,0.264,2.02,727.6,780517,178.4,80.0,22.56,27.4,24.17,Baixo
MUN_011,Itaquaquecetuba,CE,51,23.67,28.64,54.59,51.1,0.368,6.98,936.1,617744,476.7,68.9,71.26,42.93,24.68,Alto
MUN_157,Fortaleza,GO,17,24.37,31.02,67.92,59.41,0.364,4.88,408.6,2898380,355.2,75.2,59.38,43.94,26.17,Alto
MUN_174,Sorocaba,BA,38,26.09,32.42,74.54,116.58,0.436,5.57,82.0,1707259,321.3,65.9,65.43,116.24,25.19,Medio
MUN_093,Campinas,PR,7,30.88,36.32,62.01,126.18,0.352,11.63,1013.5,304502,315.8,57.2,67.97,127.12,32.8,Baixo
MUN_066,Curitiba,GO,14,21.49,25.32,66.91,57.99,0.354,4.04,368.3,1287053,154.6,71.8,38.87,55.69,19.92,Medio
MUN_118,Recife,RN,2,23.7,28.6,71.06,97.76,0.282,4.73,235.9,337824,241.6,69.5,35.79,93.58,22.45,Medio
MUN_106,Crato,MG,22,24.61,29.37,40.74,33.65,0.273,1.94,965.8,2634123,447.8,70.8,55.19,51.31,27.54,Baixo
MUN_069,Ribeirão Preto,SP,20,24.35,30.76,65.01,52.46,0.123,4.53,5.5,2734214,411.6,63.4,57.26,49.55,22.63,Alto
MUN_172,Sorocaba,MG,29,26.28,32.63,60.56,28.21,0.311,6.57,546.2,1880510,284.6,63.2,53.46,23.69,25.51,Medio
MUN_111,Belém,CE,20,28.07,33.81,81.3,98.38,0.365,6.01,280.8,699922,461.5,63.8,61.0,99.74,28.87,Medio
MUN_039,Sorocaba,PR,14,23.6,28.63,70.38,58.96,0.447,6.01,180.6,602900,127.9,86.1,21.41,60.91,23.3,Medio
MUN_018,Uberlândia,AM,36,29.43,33.62,58.28,30.76,0.324,4.25,339.9,1189112,247.9,74.2,57.9,40.54,29.67,Alto
MUN_091,Palmas,PA,37,29.04,34.66,60.45,70.53,0.406,5.81,276.6,1669558,456.5,57.0,58.93,82.31,28.07,Medio
MUN_012,Araguaína,RJ,37,17.35,21.14,60.21,46.71,0.363,3.74,1082.5,780241,347.0,54.0,62.49,27.87,18.67,Baixo
MUN_049,Araguaína,RS,25,26.49,30.79,75.16,44.06,0.285,0.41,246.9,1805495,219.8,88.6,44.43,39.7,25.36,Alto
MUN_027,Fortaleza,PR,42,31.89,37.89,51.59,42.36,0.47,2.79,81.1,1816413,492.2,55.8,63.37,60.11,33.3,Alto
MUN_077,Caxias do Sul,PE,21,25.2,30.27,60.22,66.68,0.3,4.58,475.8,2813409,336.4,57.2,52.8,63.1,25.34,Alto
MUN_159,Caxias do Sul,SC,24,26.83,31.87,49.43,29.89,0.264,8.1,415.5,139406,292.6,83.8,38.8,53.01,27.81,Medio
MUN_059,Crato,RN,7,25.32,30.55,72.49,48.72,0.363,5.55,28.1,1257720,466.5,55.5,68.28,50.41,25.63,Medio
MUN_172,Caxias do Sul,CE,33,21.13,26.61,46.54,43.96,0.322,2.17,1070.6,2598700,314.0,72.1,55.51,48.02,20.67,Baixo
MUN_185,Campinas,SP,46,27.25,32.27,60.31,63.72,0.172,7.55,117.2,1657035,297.4,69.3,53.62,71.92,27.17,Alto
MUN_132,Uberlândia,PR,19,25.91,30.88,82.65,101.36,0.529,5.48,382.0,2953875,331.5,67.4,70.77,84.64,23.72,Medio
MUN_050,Manaus,TO,14,24.29,30.19,57.87,33.35,0.292,5.04,778.3,1439746,408.2,56.8,67.33,32.53,18.46,Medio
MUN_095,Recife,PE,43,28.98,34.01,67.28,69.11,0.061,7.39,225.8,85030,426.1,50.1,70.74,73.25,32.31,Medio
MUN_015,Fortaleza,RJ,34,23.07,28.67,69.13,57.31,0.376,4.24,411.3,561392,471.3,65.1,64.77,48.49,26.61,Alto
MUN_112,Araguaína,PA,26,24.64,27.33,49.61,14.92,0.136,3.54,173.3,1291572,311.8,70.9,47.06,16.37,25.58,Alto
MUN_085,Salvador,PA,40,32.37,37.33,44.3,41.57,0.271,3.85,113.3,670122,21.6,85.9,25.37,61.41,31.13,Medio
MUN_066,Salvador,BA,26,26.09,30.18,67.98,93.32,0.468,5.45,469.6,376449,121.3,85.0,18.43,91.02,25.3,Medio
MUN_159,Recife,MG,19,21.01,26.15,67.47,69.5,0.437,6.06,684.4,1746329,491.2,35.7,95.71,68.9,19.03,Alto
MUN_130,Araguaína,PA,52,25.95,31.91,70.18,39.49,0.228,5.52,1001.0,2198430,481.9,57.5,68.95,38.88,26.27,Alto
MUN_063,Macaé,RS,2,22.6,26.03,41.88,54.85,0.288,4.89,528.6,164668,417.8,61.2,63.13,43.18,18.2,Medio
MUN_199,Sorocaba,RN,11,16.31,23.59,67.96,50.19,0.256,6.42,917.6,366009,462.1,69.9,60.67,65.96,14.71,Alto
MUN_045,Campinas,RJ,48,27.39,32.69,57.96,21.8,0.198,4.31,1006.9,430213,54.8,89.8,6.83,34.67,24.58,Baixo
MUN_064,Santos,TO,43,27.59,32.21,70.43,35.33,0.393,0.0,633.9,438147,484.7,43.9,89.25,27.8,24.62,Alto
MUN_025,Belém,RN,40,29.97,36.43,60.64,41.03,0.239,1.89,819.0,2235743,87.7,82.2,22.36,38.9,28.64,Baixo
MUN_071,Crato,GO,49,22.94,26.68,70.57,42.99,0.476,3.14,477.8,1672952,191.2,72.6,36.85,51.38,23.57,Baixo
MUN_180,Salvador,GO,23,22.28,27.81,67.58,33.02,0.361,4.63,941.6,1010141,457.9,54.3,52.1,18.92,21.79,Alto
MUN_107,Itaquaquecetuba,SP,31,29.52,32.72,53.61,8.67,0.055,1.12,928.8,889920,391.2,58.3,62.65,10.11,29.15,Baixo
MUN_096,Caxias do Sul,AM,38,25.62,29.46,72.01,26.56,0.312,2.06,167.2,2569442,478.5,44.5,84.29,47.25,26.31,Alto
MUN_151,Araguaína,RN,7,27.09,31.31,65.36,80.14,0.565,7.29,566.1,2870256,48.0,78.6,27.83,90.54,27.99,Baixo
MUN_106,Campinas,MG,34,25.42,30.44,59.73,43.44,0.269,3.91,511.4,2561824,455.6,80.4,50.2,40.71,28.86,Alto
MUN_062,Curitiba,AM,29,25.95,30.07,71.25,33.03,0.281,5.43,1086.3,127438,478.3,53.0,65.46,21.19,25.67,Medio
MUN_156,Natal,SC,45,24.16,29.31,69.95,52.38,0.236,2.99,231.5,1696526,303.1,71.0,43.88,63.86,26.64,Medio
MUN_194,Salvador,PE,47,26.44,33.22,68.85,80.47,0.398,6.59,785.2,473681,404.9,64.2,63.68,77.35,26.04,Alto
MUN_182,Recife,RS,30,20.41,24.34,54.87,78.56,0.413,4.33,291.1,2441101,410.2,62.4,54.86,67.49,18.19,Medio
MUN_027,Natal,PR,38,27.87,32.78,90.39,59.06,0.267,6.72,432.2,2651120,119.5,91.8,19.87,58.83,24.23,Baixo
MUN_045,Ribeirão Preto,BA,10,24.88,29.14,82.87,93.55,0.357,7.3,486.0,2976657,354.3,67.2,63.89,88.1,26.25,Alto
MUN_051,Fortaleza,AM,23,22.77,26.43,56.72,29.67,0.164,2.93,1093.9,2440278,74.3,90.9,1.13,40.08,20.91,Baixo
MUN_173,Fortaleza,SP,44,34.24,40.66,77.09,80.92,0.337,8.53,189.2,731078,453.8,55.6,77.63,69.34,35.52,Medio
MUN_056,Natal,RN,16,28.74,34.67,67.2,87.29,0.426,2.89,265.4,843554,325.4,71.9,60.58,70.29,28.25,Medio
MUN_117,Curitiba,RN,45,29.22,34.81,51.29,45.71,0.299,3.22,703.8,1755674,437.0,59.1,82.27,45.73,29.4,Alto
MUN_106,Uberlândia,MG,41,20.48,26.01,57.32,34.82,0.336,5.51,203.6,1205388,484.7,70.6,79.15,38.5,20.3,Alto
MUN_197,Crato,MG,19,25.82,31.45,69.46,56.46,0.24,5.27,425.7,2309060,110.3,76.6,31.68,59.05,26.43,Medio
MUN_131,Goiânia,MG,35,24.01,29.85,78.33,151.51,0.445,12.11,123.9,308825,182.1,87.8,35.67,172.88,24.92,Alto
MUN_196,Caxias do Sul,SC,27,30.03,35.17,59.17,76.53,0.252,6.82,818.7,1991175,62.6,80.0,21.34,75.38,27.08,Baixo
MUN_039,Campinas,MG,47,20.37,24.51,59.31,19.0,0.206,1.93,826.0,907911,385.0,66.2,45.5,23.99,22.0,Baixo
MUN_026,Itaquaquecetuba,RN,7,20.58,25.25,56.94,12.44,0.2,0.0,639.8,165390,147.9,80.1,21.24,16.61,22.91,Baixo
MUN_112,Natal,TO,1,25.03,31.79,68.8,50.19,0.395,3.48,1155.4,1682931,145.3,83.6,14.68,42.84,26.31,Baixo
MUN_176,Macaé,AM,51,27.36,31.65,57.0,49.64,0.233,2.13,49.1,2576054,269.6,73.6,43.73,50.06,27.88,Medio
MUN_090,Santos,CE,31,30.55,37.57,66.99,48.11,0.273,3.63,203.1,2727126,110.0,76.9,47.06,41.45,29.97,Medio
MUN_050,Caxias do Sul,SP,46,23.45,28.67,68.01,48.8,0.283,0.77,1184.3,1843896,141.7,95.3,20.16,44.36,20.39,Baixo
MUN_188,Salvador,RN,26,25.09,30.64,54.81,36.4,0.333,5.51,327.8,711869,435.2,47.0,72.82,41.5,25.91,Alto
MUN_156,Uberlândia,PR,36,25.26,30.52,53.77,39.93,0.177,2.92,697.1,2970550,318.1,65.0,48.82,39.07,23.2,Medio
MUN_085,Crato,CE,41,22.4,28.04,64.7,14.11,0.178,4.42,919.1,835219,367.6,61.1,50.52,27.99,24.73,Baixo
MUN_168,Santos,GO,13,29.09,33.69,71.61,50.77,0.251,1.75,575.3,1018155,436.7,67.4,62.82,51.61,28.44,Medio
MUN_008,Uberlândia,CE,7,31.27,35.82,63.91,61.89,0.329,2.43,11.5,1838520,44.7,83.1,12.78,69.44,34.44,Medio
MUN_010,Uberlândia,PA,26,23.33,27.28,48.89,9.9,0.138,2.42,17.6,941750,296.1,71.0,43.56,-6.44,25.91,Medio
MUN_163,Crato,RJ,16,26.46,31.55,58.86,19.76,0.256,0.0,947.6,194650,141.0,92.7,29.76,13.94,28.3,Baixo
MUN_196,Fortaleza,SP,17,21.65,26.84,55.43,19.42,0.226,2.36,114.4,2108721,131.9,78.7,29.49,25.84,16.09,Medio
MUN_044,Fortaleza,RJ,6,26.92,30.87,67.53,61.93,0.455,4.93,1025.3,1334834,236.2,57.8,46.85,70.76,23.48,Baixo
MUN_108,Recife,BA,15,26.02,31.65,64.59,55.83,0.394,2.94,809.4,1263136,404.9,65.1,65.59,45.54,30.2,Alto
MUN_047,Campinas,BA,25,26.85,31.22,47.88,14.9,0.246,3.67,472.7,2214494,444.1,54.9,64.83,25.06,26.81,Medio
MUN_061,Natal,RN,5,28.42,31.96,67.57,21.34,0.346,0.89,772.4,2202285,97.6,83.3,35.96,26.31,32.41,Baixo
MUN_077,Salvador,TO,12,24.1,29.54,83.05,149.92,0.504,8.76,987.5,737549,40.4,92.9,24.82,146.39,22.08,Baixo
MUN_173,Crato,SP,1,27.61,34.4,62.36,40.4,0.24,1.7,176.8,2486819,322.3,81.9,52.22,27.3,31.38,Medio
MUN_158,Recife,RS,4,25.68,28.92,61.0,94.83,0.362,10.9,103.6,777486,257.7,76.8,16.66,104.13,23.78,Medio
MUN_120,Itaquaquecetuba,SP,44,25.18,29.59,66.56,80.73,0.478,5.09,464.2,1237029,291.3,67.6,50.83,84.99,27.95,Alto
MUN_037,Montes Claros,SC,4,29.41,32.96,62.24,39.62,0.322,4.39,1012.9,1151113,236.6,78.4,40.38,46.65,28.72,Baixo
MUN_162,Ribeirão Preto,PE,22,27.4,30.56,78.2,48.66,0.129,5.6,765.3,681931,446.6,56.9,75.04,40.33,30.33,Alto
MUN_134,Macaé,CE,40,31.91,36.9,68.34,19.21,0.117,1.04,1020.0,1241011,72.6,66.0,12.88,16.87,28.9,Baixo
MUN_063,Campinas,PA,34,26.71,31.59,66.71,37.02,0.181,4.21,107.9,74165,478.7,61.4,67.6,42.11,27.04,Alto
MUN_058,Belém,SC,50,24.95,31.22,52.83,11.65,0.116,2.61,324.3,2680111,54.5,91.1,16.92,21.37,28.34,Baixo
MUN_073,Sorocaba,AM,15,27.69,33.19,75.17,64.33,0.428,3.6,78.8,1079155,449.1,66.3,57.68,65.4,29.59,Medio
MUN_086,Uberlândia,BA,10,24.79,30.15,62.98,75.95,0.343,4.68,1127.2,812054,412.6,67.0,65.65,77.54,23.81,Baixo
MUN_143,Santos,RJ,30,23.58,27.49,64.5,63.08,0.271,4.85,786.7,1485205,388.9,64.5,62.66,46.85,22.68,Alto
MUN_137,Santos,SC,39,26.4,31.45,56.97,42.36,0.286,4.48,420.6,2715142,485.9,54.1,57.44,50.82,27.51,Medio
MUN_158,Sorocaba,CE,2,20.08,23.07,83.94,53.14,0.269,1.67,732.8,2215133,429.5,41.9,87.33,55.36,18.02,Alto
MUN_014,Fortaleza,AM,51,31.25,36.96,74.48,73.31,0.325,7.14,531.4,2437566,128.8,94.8,33.71,75.67,30.64,Baixo
MUN_080,Santos,SC,8,28.24,34.18,51.32,44.04,0.267,1.64,163.6,1542997,236.9,76.7,39.31,36.48,29.68,Alto
MUN_190,Recife,GO,9,26.23,31.14,50.42,16.21,0.263,4.2,1000.7,1510156,304.9,68.0,50.12,23.42,23.57,Baixo
MUN_010,Uberlândia,PA,26,23.33,27.28,48.89,9.9,0.138,2.42,17.6,941750,296.1,71.0,43.56,-6.44,25.91,Medio
MUN_112,Itaquaquecetuba,RS,44,24.55,28.41,66.23,40.59,0.326,2.88,918.3,161012,452.0,57.4,65.41,27.63,25.5,Medio
MUN_128,Santos,SC,35,25.91,30.54,54.43,33.9,0.127,4.1,1164.8,1809943,76.1,78.6,25.79,37.68,22.55,Baixo
MUN_188,Macaé,PA,22,30.68,34.45,56.88,51.13,0.192,2.67,37.2,1312445,465.6,59.2,68.85,51.11,35.75,Alto
MUN_119,Montes Claros,PE,11,32.18,36.11,66.64,52.93,0.415,4.52,630.5,2966694,448.4,65.3,67.69,29.0,30.76,Medio
MUN_199,Salvador,RS,34,21.72,25.64,67.58,16.07,0.342,1.86,1183.4,2100153,482.3,51.0,68.31,21.89,23.29,Baixo
MUN_052,Manaus,RN,23,23.16,27.3,85.41,122.06,0.545,6.68,200.3,208056,437.5,62.5,75.9,127.23,24.0,Alto
MUN_056,Santos,TO,13,30.69,35.01,54.62,16.56,0.228,3.34,421.6,1699815,79.4,83.2,17.58,14.34,29.41,Baixo
MUN_029,Crato,CE,27,28.78,34.62,56.5,17.47,0.338,5.52,621.0,1908769,407.1,62.8,65.44,15.73,30.59,Alto
MUN_009,Caxias do Sul,CE,30,22.36,25.78,70.12,84.31,0.466,3.83,115.9,373856,297.8,64.4,55.71,72.91,27.43,Alto
MUN_058,Santos,RJ,50,32.76,37.99,66.31,15.31,0.131,2.43,286.5,1287397,212.9,74.7,41.42,27.9,32.44,Medio
MUN_035,Araguaína,TO,20,28.83,35.8,70.45,112.22,0.37,8.95,495.9,202631,350.2,69.6,44.43,112.35,30.37,Alto
MUN_191,Crato,RN,27,21.46,24.89,72.07,48.19,0.352,5.73,350.4,1811651,210.1,70.0,32.29,45.63,25.68,Medio
MUN_167,Macaé,PR,11,25.73,31.65,64.52,32.99,0.137,4.62,714.4,2432883,327.5,60.9,65.42,38.27,24.23,Baixo
MUN_119,Campinas,RS,41,25.0,29.59,71.51,51.88,0.37,7.44,1119.7,2605297,339.3,48.6,67.87,53.44,26.84,Baixo
MUN_179,Crato,BA,30,26.26,28.43,63.64,28.13,0.282,3.55,995.9,1475180,477.9,49.6,73.73,26.04,26.1,Alto
MUN_018,Recife,SP,30,25.25,30.56,61.66,25.75,0.208,7.63,498.7,524267,431.1,69.3,80.83,22.66,24.11,Alto
MUN_074,Macaé,RN,4,22.55,26.12,71.76,82.38,0.349,5.32,1160.7,1187369,438.3,78.7,66.86,75.35,25.88,Baixo
MUN_079,Ribeirão Preto,AM,19,28.72,31.84,53.43,31.28,0.169,6.15,890.8,401826,267.5,55.5,46.41,32.49,26.64,Baixo
MUN_060,Natal,AM,28,24.81,31.27,52.91,20.55,0.302,5.5,857.0,1924849,115.4,70.9,38.78,7.68,27.38,Baixo
MUN_189,Fortaleza,CE,32,31.29,38.09,77.8,84.46,0.367,3.43,674.3,1737547,497.8,53.2,89.02,101.76,33.02,Alto
MUN_050,Montes Claros,PR,26,25.43,30.21,83.43,72.22,0.273,5.9,192.5,2743565,272.9,66.3,62.73,82.86,26.23,Alto
MUN_078,Salvador,CE,47,30.01,34.74,63.63,115.89,0.488,10.62,1153.6,345619,296.2,58.0,71.4,106.56,29.92,Baixo
MUN_120,Salvador,AM,48,30.42,33.1,62.38,13.53,0.125,2.67,967.3,1240294,473.2,55.9,53.65,6.78,32.46,Medio
MUN_148,Campinas,SP,32,23.4,27.84,60.69,51.05,0.186,8.71,636.2,802879,256.6,70.4,45.75,48.12,23.46,Medio
MUN_027,Campinas,PA,17,23.22,26.92,59.17,13.8,0.272,4.2,312.9,2893462,413.4,55.6,49.17,29.71,23.45,Medio
MUN_164,Itaquaquecetuba,AM,25,24.21,31.41,66.68,41.4,0.369,7.35,499.4,2317128,307.4,66.4,43.57,45.23,29.62,Medio
MUN_096,Manaus,GO,13,25.77,30.26,60.31,45.98,0.281,0.33,566.4,2435562,356.6,57.1,58.77,48.05,26.67,Alto
MUN_121,Caxias do Sul,SC,44,22.15,28.36,64.56,43.98,0.184,2.98,383.9,165138,385.1,64.6,87.98,43.94,21.55,Alto
MUN_188,Curitiba,SC,31,19.44,27.25,56.51,31.87,0.391,4.43,1134.2,935293,255.7,75.3,29.07,25.72,17.42,Baixo
MUN_041,Curitiba,PA,8,23.12,28.19,80.51,50.15,0.293,6.46,752.1,992196,402.5,60.1,47.97,67.81,25.23,Medio
MUN_144,Macaé,TO,39,24.89,30.54,88.61,135.79,0.534,6.65,900.4,624875,203.1,74.3,47.21,164.68,26.59,Alto
MUN_138,Crato,AM,44,30.66,33.48,64.9,27.47,0.183,2.88,694.2,392216,67.9,94.8,18.02,14.86,28.72,Baixo
MUN_174,Fortaleza,SP,43,28.97,34.42,73.42,43.99,0.34,5.86,61.4,2358898,489.2,47.0,95.88,37.48,25.97,Medio
MUN_110,Itaquaquecetuba,PR,2,23.51,26.17,60.12,52.1,0.226,4.89,132.8,2566503,275.2,73.0,48.43,66.08,22.15,Medio
MUN_026,Sorocaba,RN,10,28.18,31.36,60.48,23.15,0.076,5.58,606.9,1136310,300.6,79.1,49.74,15.24,28.0,Medio
MUN_119,Araguaína,PE,9,29.71,36.79,64.93,64.94,0.423,8.14,8.8,2525629,362.4,76.4,45.7,62.5,29.14,Alto
MUN_038,Sorocaba,SP,43,32.62,36.92,72.33,72.94,0.52,3.77,708.0,2986674,279.0,73.2,48.25,68.16,32.55,Medio
MUN_084,Curitiba,PR,4,20.96,25.24,90.77,110.58,0.304,4.47,287.3,1813308,145.2,79.0,44.99,110.5,23.45,Medio
MUN_077,Itaquaquecetuba,SC,21,22.78,28.25,70.19,80.6,0.366,6.5,616.8,2246924,336.8,70.3,51.42,67.27,22.66,Medio
MUN_052,Belém,RN,36,23.62,29.94,73.01,48.77,0.106,5.78,982.4,2450482,366.8,54.5,51.38,68.09,23.88,Baixo
MUN_094,Ribeirão Preto,CE,45,25.63,30.59,63.2,26.25,0.332,3.4,89.7,1279448,159.1,84.0,10.7,26.63,27.75,Medio
MUN_143,Fortaleza,RJ,31,25.33,31.11,56.34,64.68,0.213,5.79,890.2,1968624,411.9,59.9,43.96,62.79,24.91,Alto
MUN_042,Natal,BA,34,29.68,34.13,49.88,11.06,0.168,2.96,1078.4,1086729,315.1,74.1,36.07,19.09,30.9,Baixo
MUN_029,Itaquaquecetuba,SP,50,25.35,29.88,64.31,103.25,0.36,8.51,223.3,2497508,325.8,81.7,60.1,100.1,25.79,Alto
MUN_074,Itaquaquecetuba,AM,44,23.8,30.03,54.04,18.05,0.159,0.46,88.2,2990296,489.1,52.0,77.97,-9.59,25.62,Alto
MUN_019,Curitiba,BA,49,27.62,32.03,71.32,27.0,0.209,7.6,94.0,1344241,69.5,86.7,16.89,44.02,29.79,Medio
MUN_085,Natal,RJ,21,23.6,31.33,65.36,52.05,0.237,3.94,855.5,2231678,142.1,72.4,41.15,20.65,22.43,Baixo
MUN_173,Santos,PR,30,25.17,30.34,78.45,34.33,0.32,3.0,454.9,1141185,340.6,72.6,70.19,35.62,25.24,Alto
MUN_036,Recife,AM,15,27.97,34.45,72.42,66.17,0.27,5.18,323.0,2411499,40.9,76.9,34.33,61.38,27.09,Baixo
MUN_186,Santos,GO,45,23.21,29.54,83.11,117.76,0.273,9.3,166.0,2888140,315.4,65.1,65.13,105.46,24.07,Alto
MUN_035,Goiânia,SC,38,25.24,30.35,68.55,71.54,0.436,8.07,26.1,2570603,190.4,75.1,38.62,65.53,26.31,Alto
MUN_132,Sorocaba,SP,21,24.2,29.55,61.02,11.86,0.258,2.11,1048.6,2381647,181.2,76.2,37.73,-5.36,24.94,Baixo
MUN_048,Salvador,BA,20,24.21,29.67,69.32,81.92,0.434,8.23,521.5,1968689,406.4,56.3,61.46,75.79,20.81,Medio
MUN_057,Curitiba,TO,48,28.48,31.0,83.11,48.78,0.413,4.27,193.8,2583549,407.4,64.0,65.79,56.07,27.35,Alto
MUN_169,Palmas,RN,19,23.8,28.71,59.39,23.98,0.25,0.0,483.1,2527726,288.6,61.2,63.4,21.97,26.48,Alto
MUN_174,Salvador,PE,6,29.06,31.94,65.35,23.42,0.37,5.42,1087.2,2989458,371.8,60.6,47.64,21.17,27.82,Baixo
MUN_055,Santos,RN,9,23.41,28.54,63.15,84.02,0.339,6.78,666.6,775573,93.5,87.9,15.93,103.48,21.89,Baixo
MUN_162,Ribeirão Preto,BA,17,27.23,31.44,57.43,58.85,0.244,2.39,578.0,783394,167.4,64.0,23.27,52.24,23.45,Baixo
MUN_002,Natal,SP,26,27.22,33.96,69.57,80.77,0.535,3.01,941.6,1164175,347.9,59.5,75.26,71.76,26.28,Alto
MUN_107,Caxias do Sul,BA,19,23.22,28.32,43.83,18.01,0.139,0.0,82.9,1455504,328.5,58.2,65.01,34.29,27.86,Medio
MUN_158,Sorocaba,CE,2,20.08,23.07,83.94,53.14,0.269,1.67,732.8,2215133,429.5,41.9,87.33,55.36,18.02,Alto
MUN_055,Santos,BA,16,24.05,27.18,58.47,48.78,0.269,6.51,324.8,576255,246.3,65.2,37.23,51.93,24.85,Medio
MUN_093,Montes Claros,TO,44,25.63,29.07,74.75,24.1,0.395,4.73,741.1,941416,138.3,78.7,23.26,19.74,24.1,Baixo
MUN_041,Montes Claros,TO,6,24.47,29.11,59.95,20.33,0.246,2.13,849.5,1337476,337.7,73.5,36.66,6.75,21.51,Baixo
MUN_075,Salvador,SP,36,24.28,28.82,70.97,32.51,0.333,1.34,165.1,2786802,294.0,65.0,39.58,26.29,22.94,Medio
MUN_097,Santos,BA,17,27.74,34.26,60.84,43.59,0.221,3.58,72.8,2598173,261.6,77.4,33.94,45.05,27.72,Alto
MUN_175,Manaus,PR,43,25.32,30.42,55.27,21.72,0.211,3.57,545.3,2319057,152.5,70.8,38.37,18.15,24.92,Baixo
MUN_005,Macaé,SP,45,27.99,33.07,62.42,34.6,0.237,3.12,263.1,2218774,70.3,85.6,16.62,36.06,28.45,Baixo
MUN_098,Santos,RS,10,27.03,31.91,57.41,58.05,0.248,1.61,659.6,2474341,401.1,56.4,62.41,49.38,27.61,Alto
MUN_059,Uberlândia,RN,4,20.51,22.53,68.77,55.43,0.329,5.0,275.3,2295530,133.4,70.2,30.46,56.23,20.7,Medio
MUN_078,Crato,TO,12,25.81,30.41,59.53,17.41,0.202,4.98,646.0,457083,233.4,58.5,40.7,20.0,26.11,Baixo
MUN_098,Goiânia,GO,31,31.68,36.93,52.75,10.33,0.188,2.85,1198.5,2886953,374.6,57.6,56.61,28.9,35.73,Baixo
MUN_043,Natal,SC,6,28.94,34.59,60.94,62.88,0.389,5.39,130.9,428208,492.5,46.1,75.12,62.46,32.26,Alto
MUN_066,Campinas,PR,49,22.9,29.17,71.31,46.55,0.233,0.0,292.0,1526736,351.2,64.3,51.52,49.25,23.02,Medio
MUN_092,Itaquaquecetuba,PE,39,27.24,29.93,48.13,13.2,0.166,4.9,817.6,1269776,167.6,86.0,28.82,5.0,29.96,Baixo
MUN_194,Palmas,PA,28,29.46,35.64,72.32,23.42,0.227,3.12,347.6,909144,300.1,63.7,48.3,25.45,30.96,Medio
MUN_114,Caxias do Sul,MG,51,19.46,23.3,58.88,21.68,0.229,0.62,428.0,238835,328.4,63.1,52.19,26.32,19.11,Alto
MUN_078,Palmas,RS,9,26.44,30.93,62.67,20.6,0.121,4.05,715.8,2971696,268.4,66.3,63.63,24.02,31.24,Baixo
MUN_005,Macaé,PR,15,21.11,24.81,63.36,41.03,0.3,0.13,1158.0,383724,322.8,70.0,40.61,61.41,19.77,Baixo
MUN_156,Ribeirão Preto,BA,20,25.6,31.37,61.5,41.13,0.061,3.17,611.7,1041242,448.1,61.1,67.19,34.39,25.75,Alto
MUN_053,Montes Claros,TO,23,21.29,24.72,53.56,14.17,0.192,3.14,223.3,1399642,386.8,61.0,54.05,-5.09,20.58,Medio
MUN_144,Fortaleza,RJ,19,27.94,34.06,71.31,72.75,0.526,5.58,387.1,85749,248.1,52.3,61.09,59.69,29.52,Medio
MUN_014,Campinas,RS,36,24.75,28.83,60.53,28.5,0.255,3.03,1186.0,892375,363.6,56.6,57.74,38.06,20.85,Baixo
MUN_161,Belém,SP,3,27.1,31.51,67.97,38.11,0.274,5.11,681.1,2264329,461.8,66.6,66.14,38.53,24.47,Medio
MUN_131,Salvador,PE,13,28.83,32.85,54.51,12.92,0.134,2.64,1088.2,2184314,243.2,66.4,34.84,8.91,30.92,Baixo
MUN_032,Belém,GO,14,31.55,35.54,70.29,26.48,0.271,5.39,532.3,590492,480.5,60.7,51.34,25.31,29.92,Medio
MUN_041,Ribeirão Preto,GO,14,24.16,31.68,64.39,29.41,0.398,0.93,829.0,839061,476.4,55.9,66.44,37.53,21.93,Alto
MUN_129,Crato,PA,47,20.28,27.25,53.14,20.82,0.373,2.03,638.4,456109,144.4,79.7,33.7,15.49,20.45,Baixo
MUN_141,Natal,PA,2,22.54,26.9,72.28,52.32,0.327,4.05,1062.1,1952900,84.3,76.6,24.29,69.8,21.37,Baixo
MUN_020,Salvador,RN,27,22.59,28.17,57.14,53.39,0.31,3.39,812.3,1476290,132.7,82.8,19.69,62.09,23.44,Baixo
MUN_161,Natal,PA,18,24.33,27.57,61.65,10.61,0.144,2.83,1107.8,823337,92.3,79.9,21.09,15.19,25.68,Baixo
MUN_004,Palmas,GO,6,28.15,33.86,54.21,24.16,0.28,3.27,611.6,2981537,215.7,66.2,41.67,37.74,25.47,Baixo
MUN_072,Belém,PE,28,27.36,29.48,64.93,43.47,0.232,4.53,818.2,2067599,77.4,94.0,31.78,59.56,29.84,Baixo
MUN_109,Macaé,PR,17,24.04,31.1,51.75,29.33,0.3,4.02,575.8,1790111,248.2,72.0,36.41,20.2,18.67,Baixo
MUN_126,Fortaleza,AM,35,27.9,33.19,71.9,68.0,0.325,8.23,564.0,2362609,431.5,48.0,69.56,65.28,28.71,Alto
MUN_175,Campinas,RS,50,21.5,24.85,83.73,108.76,0.441,5.46,899.9,543099,343.9,69.4,69.6,106.23,20.22,Medio
MUN_080,Macaé,PE,31,22.95,28.57,77.08,46.4,0.337,2.58,800.5,2499369,472.5,49.4,79.37,44.57,23.49,Medio
MUN_132,Manaus,RN,6,21.99,27.89,67.12,50.63,0.393,5.15,553.8,736711,483.5,68.1,76.73,42.25,23.23,Alto
MUN_024,Campinas,SC,34,25.39,30.56,82.41,60.6,0.319,5.5,11.9,2111138,278.5,78.0,34.72,49.59,25.34,Medio
MUN_051,Campinas,SP,23,31.12,36.01,70.24,73.47,0.476,2.99,692.0,347443,469.2,66.4,90.36,76.05,33.75,Medio
MUN_019,Montes Claros,PR,12,26.0,31.85,64.97,57.56,0.192,2.64,461.1,898750,401.2,67.6,61.08,62.33,22.4,Medio
MUN_167,Belém,RJ,4,24.42,30.74,82.78,105.64,0.434,7.5,718.9,1859107,482.7,65.9,82.94,106.47,27.18,Medio
MUN_145,Natal,SC,18,23.04,28.16,61.82,62.22,0.216,2.17,26.7,972385,94.0,76.3,43.8,83.81,19.11,Medio
MUN_098,Belém,SP,43,31.04,37.11,56.0,30.37,0.435,1.04,610.0,2161660,394.2,59.0,62.63,40.1,31.13,Medio
MUN_042,Caxias do Sul,SC,45,27.11,29.5,66.78,71.0,0.278,6.46,681.0,1441250,460.3,40.3,69.59,83.17,29.31,Alto
MUN_015,Montes Claros,CE,20,30.19,36.84,53.3,32.55,0.264,4.9,332.1,992282,456.0,50.0,54.61,36.14,28.54,Medio
MUN_182,Araguaína,GO,47,26.18,31.75,60.4,20.05,0.139,4.28,826.7,2069645,194.7,77.9,22.36,20.13,27.44,Baixo
MUN_155,Palmas,TO,39,22.9,29.59,63.28,29.91,0.252,0.0,1037.3,2363114,393.7,70.0,44.36,48.85,23.3,Baixo
MUN_112,Santos,PR,14,29.15,34.77,66.65,62.42,0.444,0.0,216.2,1000031,117.4,57.6,60.33,65.61,26.64,Medio
MUN_131,Goiânia,MG,35,24.01,29.85,78.33,151.51,0.445,12.11,123.9,308825,182.1,87.8,35.67,172.88,24.92,Alto
MUN_134,Goiânia,RS,9,24.32,30.39,55.13,50.99,0.261,2.53,701.8,2609710,479.5,78.4,55.2,46.35,30.94,Medio
MUN_124,Montes Claros,SP,43,25.31,27.89,62.03,53.28,0.399,2.34,468.7,2468741,248.8,78.8,38.49,49.62,25.99,Alto
MUN_186,Campinas,RJ,46,23.97,28.45,80.32,48.52,0.216,3.24,1194.6,681080,44.8,86.4,28.43,41.16,21.87,Baixo
MUN_163,Natal,PA,40,24.2,27.38,58.25,39.45,0.222,3.05,600.0,1731891,24.8,100.0,8.31,45.23,22.63,Baixo
MUN_051,Manaus,RS,43,30.74,34.93,50.73,28.3,0.347,4.95,561.2,233741,423.5,61.3,70.54,27.3,31.88,Alto
MUN_042,Manaus,AM,31,25.44,32.44,52.91,28.58,0.084,4.86,647.5,524777,258.3,79.3,40.75,33.72,27.77,Baixo
MUN_097,Itaquaquecetuba,AM,20,26.74,28.72,71.64,104.98,0.459,12.32,532.0,488501,38.3,72.9,2.95,88.67,27.78,Baixo
MUN_045,Araguaína,GO,21,28.98,34.34,60.73,24.46,0.296,1.18,820.9,1969138,394.4,60.5,56.85,13.04,29.39,Alto
MUN_149,Curitiba,AM,44,22.7,28.01,64.4,30.08,0.255,0.0,223.4,2269549,136.5,70.9,35.75,49.66,22.65,Medio
MUN_033,Uberlândia,RS,7,20.61,25.63,50.81,44.97,0.33,7.19,204.4,2825622,214.6,80.9,19.29,47.0,21.8,Medio
MUN_120,Salvador,SP,18,26.85,31.72,53.82,74.52,0.379,6.78,1148.0,477501,79.7,90.4,25.37,61.12,23.1,Baixo
MUN_196,Belém,SC,47,21.18,28.35,66.96,56.36,0.435,5.86,620.9,2873561,387.3,71.1,60.27,54.66,20.1,Medio
MUN_165,Itaquaquecetuba,PE,18,23.09,27.39,49.3,25.77,0.486,3.05,891.0,1764800,99.0,81.8,21.96,31.96,22.44,Baixo
MUN_160,Montes Claros,RS,44,23.52,27.95,79.81,85.88,0.351,4.68,324.4,1439261,60.6,85.6,15.77,84.14,23.5,Baixo
MUN_085,Santos,MG,34,27.02,34.63,51.3,16.56,0.287,4.31,467.8,385481,246.6,70.8,31.95,12.68,27.62,Medio
MUN_117,Crato,PR,36,25.68,28.74,52.8,49.08,0.325,5.6,1192.6,1183262,118.8,86.9,17.53,31.2,20.55,Baixo
MUN_147,Ribeirão Preto,MG,9,22.85,27.52,64.12,51.53,0.283,4.13,461.0,2072427,485.9,51.2,76.14,51.05,26.63,Alto
MUN_081,Uberlândia,BA,23,25.61,31.6,66.89,66.61,0.428,6.59,1084.6,2095169,477.9,68.9,85.62,59.43,27.88,Alto
MUN_165,Araguaína,BA,35,27.86,32.71,84.42,119.46,0.469,9.57,1138.3,1753435,55.7,86.6,21.14,115.59,30.05,Baixo
MUN_198,Montes Claros,AM,34,33.72,39.18,56.73,15.56,0.035,0.5,106.4,1000229,483.1,59.9,67.58,7.69,32.92,Alto
MUN_066,Sorocaba,CE,15,26.93,31.19,75.14,33.61,0.261,2.86,1186.5,1020583,384.6,70.0,57.27,35.26,27.47,Baixo
MUN_117,Crato,PR,36,25.68,28.74,52.8,49.08,0.325,5.6,1192.6,1183262,118.8,86.9,17.53,31.2,20.55,Baixo
MUN_030,Itaquaquecetuba,MG,11,25.82,31.41,59.08,64.58,0.258,8.75,167.8,2816344,106.5,80.1,18.98,58.93,25.37,Alto
MUN_149,Natal,AM,11,35.0,36.94,71.16,91.14,0.55,6.52,114.7,236610,43.8,98.0,30.66,99.15,35.5,Medio
MUN_132,Fortaleza,SC,30,30.09,35.31,66.95,52.69,0.357,2.52,261.1,1417062,475.4,58.5,61.8,71.18,30.17,Medio
MUN_179,Goiânia,RS,52,26.61,31.03,62.76,46.34,0.28,9.0,838.1,358705,343.5,64.3,65.45,60.56,26.8,Baixo
MUN_062,Curitiba,AM,29,25.95,30.07,71.25,33.03,0.281,5.43,1086.3,127438,478.3,53.0,65.46,21.19,25.67,Medio
MUN_178,Araguaína,BA,31,20.93,25.72,46.95,18.9,0.19,3.07,557.2,1046185,391.4,64.1,66.32,16.72,21.94,Alto
MUN_086,Belém,PE,31,26.09,30.24,67.85,74.22,0.394,7.2,780.8,1397555,461.6,71.6,68.76,59.64,24.94,Alto
MUN_162,Natal,BA,4,21.52,27.84,67.94,70.34,0.251,4.11,5.8,1543761,129.6,79.3,39.14,78.59,21.68,Medio
MUN_139,Macaé,AM,9,28.87,34.21,71.95,64.19,0.394,5.26,416.4,1193024,309.3,59.7,72.57,68.87,26.77,Alto
MUN_008,Crato,GO,32,22.92,29.47,63.97,26.27,0.364,4.49,611.6,109303,92.6,90.3,17.38,4.26,20.74,Baixo
MUN_107,Sorocaba,PR,3,26.45,32.88,82.24,60.51,0.346,5.0,90.8,2635480,37.6,78.0,24.06,58.65,24.32,Medio
MUN_047,Crato,BA,28,25.76,30.09,74.28,107.12,0.448,4.96,242.9,1356572,124.9,82.1,31.21,115.28,25.22,Alto
MUN_143,Sorocaba,BA,3,24.2,29.87,67.39,55.95,0.47,3.23,764.0,630128,305.7,66.6,85.99,52.82,21.28,Baixo
MUN_036,Crato,SP,34,26.96,31.52,56.7,38.0,0.334,5.3,802.3,2472182,30.2,98.9,13.41,36.44,25.72,Baixo
MUN_009,Araguaína,CE,52,31.41,38.86,62.32,80.18,0.224,5.44,67.9,835767,336.7,64.4,43.32,81.87,29.07,Medio
MUN_054,Ribeirão Preto,RN,13,23.03,28.1,69.02,40.11,0.312,4.91,1180.3,603720,387.0,51.3,61.37,51.22,26.65,Baixo
MUN_143,Araguaína,RJ,9,25.43,30.35,75.21,41.61,0.262,7.64,563.6,1992520,302.2,70.7,28.45,28.86,28.46,Medio
MUN_051,Belém,CE,11,22.32,26.54,58.8,59.81,0.434,3.56,286.3,1158038,121.4,81.4,29.58,65.55,22.33,Alto
MUN_058,Sorocaba,CE,39,25.07,30.9,51.0,19.98,0.226,0.0,421.4,292027,339.7,60.1,53.4,23.27,24.99,Alto
MUN_056,Natal,RN,16,28.74,34.67,67.2,87.29,0.426,2.89,265.4,843554,325.4,71.9,60.58,70.29,28.25,Medio
MUN_195,Uberlândia,TO,12,20.46,28.18,66.11,49.77,0.383,1.52,448.1,2477697,61.6,84.7,21.44,56.43,18.55,Baixo
MUN_196,Itaquaquecetuba,GO,45,28.9,33.17,78.77,84.6,0.322,9.71,1187.1,1290383,310.7,72.4,56.71,105.98,25.96,Baixo
MUN_200,Araguaína,TO,39,18.75,21.02,64.42,71.59,0.233,4.63,263.3,2098862,435.2,62.3,43.46,84.11,21.42,Medio
MUN_166,Goiânia,PA,29,23.87,27.93,96.76,155.52,0.46,6.48,1025.4,817166,244.5,78.4,55.53,159.85,21.71,Medio
MUN_163,Salvador,AM,22,28.46,31.98,60.51,76.9,0.329,2.59,321.4,1614269,184.5,76.9,35.44,92.89,29.24,Medio
MUN_097,Itaquaquecetuba,BA,11,27.62,30.7,61.45,54.71,0.382,3.57,156.6,1966133,247.3,73.1,32.03,62.87,25.61,Medio
MUN_200,Campinas,PR,52,27.11,32.47,66.41,78.36,0.264,7.03,548.4,1563705,339.2,65.3,51.24,77.84,27.22,Alto
MUN_035,Uberlândia,RN,23,23.87,27.8,62.24,24.06,0.239,1.88,626.1,866684,437.7,60.3,66.86,13.27,24.09,Alto
MUN_029,Crato,GO,26,24.78,29.07,61.24,24.99,0.186,3.25,317.0,2220613,477.6,63.0,67.02,38.22,24.74,Medio
MUN_159,Campinas,BA,44,25.53,29.9,76.67,85.23,0.542,6.54,575.6,1145397,249.3,75.0,47.31,78.71,26.73,Medio
MUN_069,Caxias do Sul,SP,19,25.82,28.94,62.19,13.12,0.203,0.0,552.2,556079,490.4,53.8,82.08,11.64,26.68,Medio
MUN_060,Araguaína,CE,25,26.33,29.61,58.26,49.51,0.235,4.66,600.4,1909691,451.5,66.5,58.79,60.58,28.56,Medio
MUN_159,Macaé,MG,4,26.91,35.76,52.53,20.09,0.251,2.71,482.7,1960997,380.8,62.5,51.69,38.06,26.74,Alto
MUN_029,Palmas,PR,3,24.72,30.29,70.69,75.98,0.313,6.08,169.0,207672,482.6,56.0,90.73,83.36,25.37,Alto
MUN_191,Curitiba,MG,20,24.92,29.27,51.44,17.26,0.268,3.99,38.4,919552,279.3,81.4,36.4,23.0,21.75,Alto
MUN_031,Salvador,TO,48,21.61,27.88,68.43,38.33,0.308,2.7,548.9,1171397,69.6,87.9,32.45,35.73,21.45,Baixo
MUN_150,Sorocaba,GO,49,28.1,32.73,58.12,14.57,0.203,3.02,951.9,1661163,206.9,56.7,47.05,22.17,28.16,Baixo
MUN_016,Ribeirão Preto,CE,1,23.13,28.25,61.1,38.42,0.272,4.9,549.9,1794204,277.5,64.9,37.67,39.2,21.59,Baixo
MUN_152,Goiânia,RJ,51,25.06,29.24,59.82,35.47,0.222,3.24,619.8,2950400,130.0,80.0,44.58,19.14,27.84,Baixo
MUN_043,Salvador,BA,17,20.33,24.58,64.19,100.08,0.403,6.96,283.3,590215,339.9,65.0,73.69,85.74,19.32,Alto
MUN_155,Natal,PA,31,25.76,32.0,58.13,31.1,0.2,3.78,700.2,1152879,104.3,83.6,16.09,36.13,24.18,Baixo
MUN_087,Palmas,PA,33,22.77,26.48,73.29,101.33,0.418,8.63,596.8,117709,406.9,66.9,45.8,107.97,23.95,Alto
MUN_188,Salvador,RN,26,25.09,30.64,54.81,36.4,0.333,5.51,327.8,711869,435.2,47.0,72.82,41.5,25.91,Alto
MUN_008,Caxias do Sul,GO,12,22.01,28.17,60.79,61.62,0.273,2.03,326.3,2998913,417.5,49.7,70.26,77.26,19.67,Medio
MUN_152,Fortaleza,PA,32,32.58,35.4,79.51,86.09,0.313,11.64,1070.4,1803577,363.9,71.6,64.66,94.05,33.61,Baixo
MUN_102,Ribeirão Preto,TO,39,27.47,33.63,80.95,89.52,0.404,5.32,559.2,371294,404.0,65.5,57.34,92.7,24.99,Medio
MUN_169,Palmas,AM,20,16.97,20.98,55.59,35.96,0.262,4.34,173.7,2017350,81.6,74.4,39.47,43.02,15.0,Medio
MUN_056,Recife,PE,27,28.52,34.81,56.78,32.82,0.279,0.0,1027.5,1200140,363.0,67.8,49.41,5.43,29.9,Baixo
MUN_162,Araguaína,AM,23,26.97,31.83,74.77,115.16,0.454,7.34,947.1,2532136,190.5,71.8,59.75,118.4,28.12,Baixo
MUN_006,Manaus,GO,49,24.37,30.95,68.56,77.57,0.27,2.4,472.5,2353219,43.4,91.6,14.15,65.44,22.42,Baixo
MUN_031,Natal,PR,34,27.18,33.22,80.97,102.55,0.478,5.4,869.4,1933716,38.0,71.1,40.7,103.31,27.65,Baixo
MUN_063,Sorocaba,RN,40,16.03,20.34,69.11,43.87,0.269,4.72,33.5,279890,445.8,53.9,75.35,34.11,17.72,Alto
MUN_191,Salvador,CE,1,28.57,33.74,68.47,45.81,0.283,3.81,628.3,1525487,470.2,49.6,84.25,48.03,27.13,Medio
MUN_057,Uberlândia,SP,23,21.98,27.14,63.09,17.99,0.248,4.04,585.1,2330486,363.4,76.6,49.03,7.51,19.27,Alto
MUN_139,Natal,PE,18,31.39,36.37,63.02,23.14,0.001,3.0,660.1,1999046,61.0,86.3,14.87,27.13,30.0,Baixo
MUN_080,Crato,BA,37,33.11,38.87,77.44,87.76,0.383,2.77,1157.4,1026657,104.1,72.0,39.88,81.0,31.53,Baixo
MUN_041,Montes Claros,TO,24,29.5,35.37,71.14,79.75,0.513,4.65,137.9,235498,272.8,58.3,38.92,76.87,32.77,Medio
MUN_052,Belém,RN,22,24.03,28.02,67.71,89.69,0.311,8.61,198.2,2266214,339.7,50.0,67.73,80.46,23.29,Medio
MUN_124,Sorocaba,SP,36,22.97,29.34,60.13,10.26,0.167,0.41,1056.8,2158695,460.1,46.9,81.8,4.71,25.71,Baixo
MUN_069,Montes Claros,PR,36,25.67,30.42,57.86,27.63,0.218,2.35,863.5,2604294,376.3,75.8,42.31,42.16,27.3,Baixo
MUN_003,Belém,PE,25,33.69,40.7,61.64,59.05,0.189,7.73,1063.6,1643070,94.2,65.0,35.79,47.25,34.49,Baixo
MUN_063,Santos,CE,40,29.42,33.2,56.66,19.02,0.217,3.63,686.2,2166960,408.7,64.1,77.48,27.6,28.38,Medio
MUN_119,Campinas,RN,29,26.52,32.04,63.12,30.08,0.196,4.36,962.6,170023,330.9,68.9,53.84,40.73,28.46,Baixo
MUN_006,Araguaína,RJ,14,25.97,29.52,68.38,59.89,0.309,9.64,231.3,2010987,406.6,61.7,67.15,54.17,28.73,Alto
MUN_189,Araguaína,BA,43,26.61,30.42,73.08,97.47,0.435,6.33,231.0,1562232,416.2,71.8,54.25,110.64,27.9,Alto
MUN_069,Crato,GO,22,30.26,36.54,57.39,86.81,0.392,8.75,66.4,774369,402.2,39.2,71.19,92.41,33.17,Alto
MUN_077,Natal,RJ,48,25.46,30.2,59.14,26.5,0.318,1.13,577.0,1731862,371.7,66.6,53.79,2.51,25.22,Alto
MUN_181,Montes Claros,RJ,14,25.89,31.1,70.02,39.48,0.223,3.53,931.5,546568,255.6,75.5,46.39,55.62,26.28,Baixo
MUN_090,Crato,PR,9,26.22,32.54,60.61,35.99,0.349,6.2,523.9,2764922,341.0,61.4,74.53,42.26,26.84,Alto
MUN_133,Uberlândia,AM,13,28.43,31.8,47.16,36.09,0.13,5.83,710.2,2065462,388.1,53.3,81.78,50.29,25.4,Alto
MUN_004,Santos,SP,7,26.67,30.81,57.16,25.55,0.223,2.92,619.7,2733158,344.1,60.3,60.71,18.14,24.39,Medio
MUN_114,Campinas,MG,38,24.88,30.56,47.37,42.9,0.257,2.04,106.1,671198,235.4,67.1,47.84,38.93,24.45,Medio
MUN_050,Goiânia,MG,24,29.15,34.62,62.56,56.71,0.221,5.23,336.4,1786519,457.1,55.1,84.58,55.34,29.64,Medio
MUN_197,Goiânia,RN,22,25.11,29.62,72.7,47.24,0.385,1.82,114.9,1941284,441.4,61.6,70.51,51.87,22.55,Alto
MUN_148,Crato,TO,33,25.13,32.46,65.25,61.79,0.291,5.62,115.9,906370,358.7,71.0,53.73,55.32,25.08,Medio
MUN_104,Curitiba,SC,12,23.68,27.35,65.5,25.89,0.171,4.77,648.6,1332319,384.6,55.2,73.06,24.02,26.69,Alto
MUN_106,Caxias do Sul,SC,16,22.19,26.91,68.59,78.66,0.262,7.99,1058.0,2656641,192.6,67.3,53.45,72.11,18.86,Baixo
MUN_198,Goiânia,RJ,16,31.17,35.58,71.8,37.9,0.293,5.89,854.4,381134,231.6,70.6,40.86,19.41,29.56,Baixo
MUN_013,Itaquaquecetuba,CE,11,28.23,33.3,63.41,21.74,0.245,8.4,295.2,2611026,171.1,89.6,29.33,32.38,26.01,Baixo
MUN_041,Fortaleza,RJ,13,34.55,39.13,66.99,55.41,0.23,5.68,1113.6,2275878,422.8,59.0,69.34,43.64,33.2,Baixo
MUN_063,Goiânia,SC,48,23.2,27.14,70.87,25.28,0.311,5.27,87.0,308954,282.6,78.8,29.39,18.38,24.73,Medio
MUN_185,Araguaína,RS,14,19.91,24.12,79.15,85.83,0.37,6.75,805.7,847055,428.4,55.2,75.62,86.39,24.07,Medio
MUN_131,Campinas,PR,17,30.02,35.54,55.22,28.88,0.302,3.64,275.4,700695,23.5,72.4,30.53,29.41,29.01,Baixo
MUN_067,Itaquaquecetuba,CE,50,24.04,28.27,56.46,61.23,0.198,6.05,568.6,1970080,74.2,98.0,11.78,66.09,25.57,Baixo
MUN_136,Belém,RJ,27,22.77,27.64,62.7,9.55,0.235,0.67,91.2,1183582,479.2,52.9,61.95,6.29,25.78,Medio
MUN_123,Goiânia,PA,16,28.53,31.98,56.91,39.08,0.341,3.01,290.6,391195,196.1,77.5,13.13,62.86,26.73,Medio
MUN_057,Macaé,CE,9,30.48,33.53,53.44,57.99,0.297,2.7,164.6,2199495,240.1,72.1,52.92,49.22,30.91,Alto
MUN_049,Santos,PE,38,24.28,28.08,50.67,56.53,0.417,6.84,285.9,1944218,149.4,79.9,35.55,64.84,25.06,Medio
MUN_076,Fortaleza,RS,15,23.74,30.44,79.4,163.07,0.673,8.58,740.3,2985706,178.4,81.2,24.92,168.99,24.39,Medio
MUN_194,Salvador,GO,25,28.42,32.38,55.58,50.6,0.303,4.91,851.3,934623,316.4,58.1,46.24,47.71,29.28,Baixo
MUN_029,Itaquaquecetuba,PR,41,29.53,33.24,66.43,21.11,0.355,4.43,55.3,2482196,489.1,55.5,78.89,4.04,27.95,Alto
MUN_028,Recife,SC,1,24.41,29.01,66.98,116.88,0.298,6.43,430.9,1804467,300.4,65.5,65.16,118.77,26.33,Alto
MUN_003,Macaé,SC,23,29.42,32.79,62.09,29.21,0.254,0.0,587.4,2759688,259.8,72.5,51.01,13.94,27.86,Baixo
MUN_184,Belém,PA,8,25.7,33.17,62.06,59.55,0.33,7.8,468.9,1910371,350.7,62.7,61.45,84.63,26.54,Alto
MUN_033,Belém,PE,40,23.81,29.45,55.04,32.59,0.285,4.35,89.5,2444989,181.4,68.9,23.71,33.83,22.66,Alto
MUN_174,Sorocaba,MG,40,26.56,32.31,60.58,77.52,0.319,6.07,545.2,220494,134.1,77.7,27.31,85.04,31.24,Medio
MUN_109,Manaus,PA,50,26.12,30.91,63.64,26.02,0.223,3.62,890.0,347486,343.8,68.1,40.97,22.88,29.9,Baixo
MUN_176,Ribeirão Preto,PA,48,19.83,27.11,65.12,96.08,0.202,5.75,428.6,121513,473.5,49.2,63.25,106.29,20.36,Alto
MUN_102,Salvador,GO,29,25.01,30.35,70.64,51.94,0.399,9.62,974.0,1005270,499.2,47.4,91.93,55.02,23.52,Alto
MUN_027,Curitiba,AM,51,26.18,31.64,65.31,59.56,0.378,3.32,709.9,1636128,484.0,56.3,69.42,50.29,25.2,Medio
MUN_132,Campinas,CE,9,32.77,38.5,61.24,50.19,0.15,3.48,298.0,75813,396.8,61.8,74.97,41.23,33.73,Medio
MUN_121,Recife,PE,16,29.13,32.26,65.8,77.8,0.462,4.16,451.4,2839048,258.0,64.7,62.8,83.35,30.05,Alto
MUN_115,Itaquaquecetuba,BA,32,26.61,31.09,49.65,25.78,0.254,3.9,617.4,1466088,104.6,79.8,24.94,10.08,29.48,Baixo
MUN_031,Santos,PE,31,29.08,30.89,71.32,75.46,0.351,3.04,953.6,1948315,55.5,81.7,33.08,88.14,28.98,Baixo
MUN_196,Caxias do Sul,SC,27,30.03,35.17,59.17,76.53,0.252,6.82,818.7,1991175,62.6,80.0,21.34,75.38,27.08,Baixo
MUN_043,Araguaína,MG,7,28.46,33.71,70.75,38.91,0.192,4.11,1177.9,2676428,484.4,60.5,79.17,44.77,29.26,Baixo
MUN_070,Recife,MG,19,21.47,26.1,81.42,95.89,0.313,6.82,352.7,2177290,296.7,65.4,49.39,84.23,24.24,Alto
MUN_051,Ribeirão Preto,CE,40,25.85,28.17,75.24,66.75,0.17,3.85,1153.3,1646792,271.7,71.7,34.67,79.84,25.87,Baixo
MUN_146,Crato,TO,51,29.09,33.46,51.03,40.27,0.305,3.86,477.8,1528280,206.0,80.2,17.62,40.82,28.13,Baixo
MUN_194,Santos,RN,30,30.24,38.54,62.82,103.5,0.513,7.14,995.5,1056521,385.0,54.2,61.54,113.83,32.64,Alto
MUN_067,Campinas,PR,48,26.12,31.8,59.4,17.57,0.265,0.0,58.3,1320515,302.2,75.0,37.59,39.71,25.11,Medio
MUN_153,Goiânia,SP,1,27.13,33.16,64.23,59.28,0.392,5.69,438.4,2825614,152.1,87.3,20.56,52.99,26.84,Baixo
MUN_007,Recife,PA,47,22.69,28.46,76.44,104.31,0.294,6.14,487.1,413848,374.4,51.1,59.01,102.02,21.92,Alto
MUN_020,Campinas,PR,10,23.68,28.85,48.65,14.64,0.164,1.59,9.0,2294451,459.2,42.1,67.36,25.04,23.39,Alto
MUN_170,Ribeirão Preto,TO,18,22.5,27.3,52.62,69.69,0.478,3.68,476.2,1783215,262.3,63.6,56.73,77.25,22.46,Alto
MUN_007,Crato,GO,19,19.1,22.57,60.86,56.16,0.203,3.67,588.0,1609038,86.2,80.8,24.29,60.43,23.49,Baixo
MUN_050,Belém,RN,47,29.51,34.95,58.69,41.32,0.242,4.27,603.3,692114,490.4,68.5,64.8,31.33,29.02,Alto
MUN_051,Belém,CE,11,22.32,26.54,58.8,59.81,0.434,3.56,286.3,1158038,121.4,81.4,29.58,65.55,22.33,Alto
MUN_129,Crato,GO,10,27.96,35.51,64.31,58.52,0.158,5.48,540.0,203408,428.9,58.1,76.15,46.98,27.42,Alto
MUN_179,Santos,SP,9,27.04,31.54,63.13,121.1,0.28,5.64,960.4,2052946,333.6,79.7,49.36,119.09,28.44,Alto
MUN_044,Natal,TO,52,28.95,34.64,64.05,29.22,0.302,3.72,321.2,1644031,39.1,87.8,22.22,23.83,28.82,Baixo
MUN_105,Macaé,TO,51,20.0,25.3,57.81,28.39,0.262,5.98,709.2,2960353,137.9,79.5,20.77,35.79,16.4,Baixo
MUN_165,Manaus,BA,7,24.27,29.87,61.63,70.8,0.345,0.0,173.4,2170212,281.1,66.0,53.17,57.16,22.36,Medio
MUN_044,Sorocaba,TO,25,26.45,33.63,70.7,124.08,0.622,7.86,1144.8,1331026,485.8,70.6,70.49,122.73,28.01,Medio
MUN_111,Campinas,AM,32,23.5,27.96,64.85,41.33,0.26,3.42,996.5,393340,99.0,83.8,28.31,46.95,22.39,Baixo
MUN_180,Uberlândia,PE,22,25.37,29.21,71.25,37.69,0.172,7.77,389.9,2047071,344.7,64.0,45.57,34.37,27.17,Medio
MUN_036,Itaquaquecetuba,SP,4,24.95,29.67,76.08,93.61,0.475,4.11,723.2,1442309,203.0,78.3,55.68,103.72,25.14,Medio
MUN_164,Natal,TO,26,24.95,29.19,50.68,12.54,0.269,2.96,977.7,134789,414.6,61.6,64.47,18.86,22.66,Baixo
MUN_152,Araguaína,RN,2,24.3,29.53,69.71,74.43,0.244,2.9,286.4,2588759,291.0,64.6,63.13,77.83,23.86,Alto
MUN_043,Fortaleza,TO,20,19.72,24.33,52.93,28.58,0.295,3.32,670.3,1968430,282.0,62.2,51.2,30.99,19.8,Baixo
MUN_057,Goiânia,PE,13,28.09,32.74,52.1,26.26,0.218,6.04,115.6,956322,495.7,50.9,73.05,27.17,27.72,Alto
MUN_199,Montes Claros,BA,34,27.6,31.37,54.19,11.51,0.347,5.46,467.7,1273174,395.3,57.2,51.86,0.96,26.34,Medio
MUN_147,Recife,PA,5,17.21,23.05,67.19,71.01,0.265,9.11,174.9,2042757,299.5,78.2,39.11,49.11,14.9,Medio
MUN_134,Macaé,SC,41,28.67,35.5,59.53,9.2,0.183,0.84,751.7,1701251,379.1,68.5,49.58,18.01,27.86,Baixo
MUN_137,Natal,PR,10,22.11,27.63,62.66,18.21,0.373,4.16,723.7,294737,116.5,94.2,15.33,24.77,21.74,Baixo
MUN_072,Uberlândia,RS,27,24.06,29.53,54.88,41.04,0.341,7.13,888.8,736210,312.1,62.5,34.41,45.73,24.58,Baixo
MUN_041,Recife,MG,6,21.98,25.18,61.22,15.04,0.221,0.24,99.3,152423,423.4,58.5,68.99,18.06,21.05,Alto
MUN_054,Sorocaba,CE,49,16.84,20.93,51.42,36.72,0.231,4.06,324.2,89899,345.7,63.9,45.13,36.43,18.76,Alto
MUN_087,Itaquaquecetuba,PA,13,25.97,30.07,78.68,61.73,0.289,3.63,454.8,2371326,321.6,81.4,40.69,58.45,26.6,Medio
MUN_088,Sorocaba,MG,6,30.04,35.98,73.18,88.32,0.465,7.79,350.7,679449,303.1,63.7,44.63,89.49,31.45,Medio
MUN_170,Ribeirão Preto,AM,41,20.0,23.69,66.12,60.45,0.281,5.1,318.0,2671590,481.0,66.2,73.78,62.83,20.02,Alto
MUN_189,Itaquaquecetuba,BA,5,26.62,31.23,66.38,64.12,0.36,8.43,1045.0,1160889,345.9,72.7,43.72,60.25,27.18,Baixo
MUN_163,Fortaleza,CE,21,27.68,30.73,64.66,38.21,0.244,4.99,627.7,1604461,87.9,79.8,37.17,38.21,24.67,Baixo
MUN_189,Salvador,SP,17,26.9,32.79,62.14,34.02,0.162,4.32,307.3,829280,397.7,67.9,65.28,41.32,26.04,Alto
MUN_043,Montes Claros,BA,17,26.81,30.43,61.34,64.49,0.23,10.02,475.9,1616631,37.4,84.7,11.05,44.29,25.91,Baixo
MUN_063,Ribeirão Preto,SC,37,30.37,35.54,69.19,33.9,0.113,5.46,694.6,1183235,170.4,77.1,36.32,37.22,26.94,Baixo
MUN_128,Uberlândia,RN,46,24.4,29.14,49.37,38.73,0.315,6.83,10.3,2596798,267.2,76.5,27.86,55.03,23.66,Medio
MUN_109,Curitiba,RS,47,23.93,26.99,52.31,51.37,0.411,4.61,382.6,2559752,422.9,55.3,68.27,39.31,24.7,Alto
MUN_184,Curitiba,MG,37,29.75,34.14,43.38,31.67,0.38,10.15,1049.1,1628375,483.8,49.4,65.66,23.46,32.28,Alto
MUN_015,Uberlândia,RS,37,22.9,28.43,57.17,31.82,0.213,3.08,828.7,2011277,369.6,68.0,69.78,31.35,23.59,Alto
MUN_102,Caxias do Sul,RS,13,27.48,31.92,61.22,63.7,0.283,0.0,636.2,731401,397.2,53.3,58.77,60.84,26.27,Alto
MUN_138,Araguaína,MG,13,22.49,27.14,56.48,15.47,0.134,4.6,611.6,492820,481.7,55.5,59.19,13.71,20.07,Alto
MUN_014,Macaé,PA,36,23.12,27.76,66.68,53.09,0.268,4.1,274.1,284932,385.9,75.9,69.19,26.21,20.16,Medio
MUN_175,Fortaleza,RN,36,27.56,34.39,50.21,62.77,0.389,3.45,934.1,1233753,328.2,64.6,57.83,62.06,24.55,Baixo
MUN_162,Natal,BA,4,21.52,27.84,67.94,70.34,0.251,4.11,5.8,1543761,129.6,79.3,39.14,78.59,21.68,Medio
MUN_026,Uberlândia,PE,7,28.13,34.07,79.79,79.77,0.467,8.56,806.2,2121285,481.3,55.1,82.0,72.85,27.47,Alto
MUN_159,Macaé,MG,4,26.91,35.76,52.53,20.09,0.251,2.71,482.7,1960997,380.8,62.5,51.69,38.06,26.74,Alto
MUN_148,Fortaleza,MG,17,27.15,33.44,66.46,57.36,0.277,5.57,185.9,2683675,489.4,65.7,84.73,62.62,29.12,Medio
MUN_100,Crato,PA,36,22.62,27.42,82.18,127.68,0.325,9.36,1016.0,1911449,69.1,86.0,15.25,128.87,23.64,Baixo
MUN_146,Crato,RN,31,26.27,30.38,56.13,13.45,0.201,4.01,194.5,319316,388.1,57.6,65.48,0.19,23.19,Medio
MUN_050,Crato,PR,4,23.5,30.17,69.84,31.29,0.161,4.15,909.2,1492092,488.5,55.8,66.47,42.9,27.31,Alto
MUN_178,Caxias do Sul,SC,13,27.78,31.25,59.47,23.05,0.254,0.0,424.0,511367,259.0,61.9,43.74,9.57,29.66,Medio
MUN_179,Fortaleza,PR,16,24.69,28.2,60.75,89.15,0.397,8.83,326.2,2266739,383.9,59.7,74.43,73.68,26.76,Alto
MUN_199,Natal,PA,16,26.28,31.91,64.63,46.77,0.247,0.0,337.9,200742,371.3,56.4,69.48,47.71,26.49,Alto
MUN_001,Goiânia,PR,51,26.01,29.83,78.19,142.6,0.449,10.17,1058.7,1087390,332.2,58.5,70.02,139.3,27.0,Alto
MUN_063,Manaus,RS,48,25.81,29.59,77.0,105.87,0.37,8.6,863.6,501793,388.1,68.2,61.9,99.54,22.04,Alto
MUN_093,Curitiba,PA,1,22.5,26.26,71.07,47.35,0.17,6.67,811.7,100069,431.9,55.8,75.53,38.03,21.22,Medio
MUN_179,Curitiba,RN,38,30.18,33.96,66.03,89.44,0.408,7.81,651.1,1854764,367.0,60.9,73.46,95.45,30.12,Alto
MUN_022,Curitiba,SP,5,30.1,34.49,79.8,56.35,0.337,7.98,131.6,488230,209.1,66.1,49.28,62.53,28.97,Alto
MUN_180,Salvador,GO,23,22.28,27.81,67.58,33.02,0.361,4.63,941.6,1010141,457.9,54.3,52.1,18.92,21.79,Alto
MUN_140,Manaus,SC,34,25.64,32.1,61.26,54.46,0.242,0.74,619.6,857439,453.9,56.1,82.13,64.97,26.04,Alto
MUN_032,Campinas,TO,27,20.27,25.54,73.8,49.53,0.203,5.65,915.0,2358324,161.6,82.3,31.05,55.12,18.23,Baixo
MUN_040,Uberlândia,RN,7,26.57,32.64,55.69,61.81,0.292,6.54,164.8,2085568,156.8,74.6,37.34,61.19,27.48,Medio
MUN_106,Caxias do Sul,RS,6,26.21,32.44,60.43,37.39,0.272,4.98,912.6,1717118,432.7,66.3,46.5,31.89,24.14,Alto
MUN_099,Belém,RJ,35,23.81,27.42,64.71,55.62,0.21,8.29,113.8,2897461,310.6,64.1,54.81,55.25,19.83,Medio
MUN_037,Palmas,RJ,19,30.62,35.92,55.47,27.55,0.269,0.0,412.2,2705978,169.7,70.0,36.34,22.19,30.46,Baixo
MUN_148,Campinas,PA,36,29.83,35.13,56.69,46.46,0.414,3.71,440.9,2043789,442.3,71.4,52.74,46.01,26.89,Alto
MUN_010,Araguaína,RJ,12,25.04,29.07,65.34,48.1,0.165,2.78,709.8,1554683,152.5,79.1,34.32,55.01,25.09,Baixo
MUN_015,Santos,SP,28,26.9,34.2,75.08,31.62,0.196,1.31,354.6,2248847,216.2,75.0,33.22,32.64,31.37,Medio
MUN_194,Macaé,SP,43,23.96,26.76,57.63,21.17,0.258,4.3,916.5,443703,238.9,69.6,63.81,28.06,23.15,Baixo
MUN_143,Crato,RN,47,25.8,29.41,52.24,15.47,0.241,0.05,495.5,2053041,351.6,71.6,71.47,23.55,27.37,Medio
MUN_190,Recife,PR,14,24.61,28.26,42.74,7.82,0.143,3.95,817.5,2475478,479.3,50.2,67.41,2.75,21.19,Alto
MUN_062,Palmas,SP,48,32.38,37.8,71.55,40.79,0.222,4.64,65.6,2910017,383.8,62.8,55.31,46.03,30.46,Alto
MUN_200,Crato,SP,9,30.27,35.74,42.21,17.53,0.306,4.42,116.8,631528,89.4,82.3,32.96,13.43,32.72,Baixo
MUN_150,Crato,AM,11,27.47,36.06,71.83,63.41,0.285,9.26,480.6,1505800,377.6,84.7,48.38,48.53,28.68,Alto
MUN_027,Itaquaquecetuba,RJ,34,27.18,31.92,62.6,69.91,0.343,5.69,462.7,1013722,329.3,74.4,60.88,70.6,28.69,Medio
MUN_074,Montes Claros,RS,20,28.98,33.6,57.09,32.7,0.246,3.48,787.4,2781583,56.5,90.2,11.29,21.66,31.64,Baixo
MUN_044,Fortaleza,PE,26,29.54,34.03,51.99,34.51,0.283,6.23,1018.4,452761,196.9,71.1,32.41,36.22,28.97,Baixo
MUN_043,Manaus,BA,30,24.82,30.3,61.41,26.18,0.21,3.48,343.8,2046635,236.3,68.4,37.32,15.34,23.48,Medio
MUN_027,Araguaína,RN,35,27.07,32.55,55.37,52.54,0.365,4.06,355.7,412642,21.8,94.3,7.98,45.8,28.09,Baixo
MUN_139,Caxias do Sul,CE,23,21.22,28.15,58.27,20.53,0.318,5.83,964.2,1290659,439.0,76.5,56.48,24.42,23.73,Baixo
MUN_007,Recife,PE,30,24.63,31.21,65.82,71.78,0.336,6.37,494.7,782786,316.2,61.2,47.59,57.25,23.81,Medio
MUN_081,Fortaleza,MG,32,26.9,31.55,65.79,88.47,0.398,6.94,152.9,2896515,237.3,62.4,56.11,82.55,26.49,Medio
MUN_010,Crato,RJ,25,23.85,27.69,71.86,44.93,0.275,5.59,316.3,1324185,474.8,61.7,73.65,47.19,24.23,Alto
MUN_068,Caxias do Sul,AM,12,28.47,32.52,77.66,128.55,0.508,11.01,847.8,161991,393.5,62.2,61.79,104.7,31.05,Alto
MUN_089,Belém,GO,43,28.78,32.48,62.57,36.9,0.19,4.27,741.7,2358994,316.7,73.1,70.66,37.77,26.87,Baixo
MUN_043,Macaé,RN,50,23.12,28.66,66.57,49.52,0.271,2.94,968.2,2595858,71.2,90.0,19.91,52.06,22.75,Baixo
MUN_027,Campinas,PA,17,23.22,26.92,59.17,13.8,0.272,4.2,312.9,2893462,413.4,55.6,49.17,29.71,23.45,Medio
MUN_117,Recife,PA,43,23.24,28.08,68.82,65.0,0.407,3.41,578.0,658207,351.7,69.9,51.83,55.28,22.58,Medio
MUN_122,Uberlândia,RS,25,22.07,26.33,90.29,129.36,0.407,10.01,48.6,1046122,356.0,60.7,67.52,110.48,21.9,Medio
MUN_003,Caxias do Sul,RS,38,25.33,29.41,65.85,45.68,0.306,3.41,1000.6,1668874,314.3,58.9,61.56,49.7,23.11,Baixo
MUN_148,Campinas,PA,36,29.83,35.13,56.69,46.46,0.414,3.71,440.9,2043789,442.3,71.4,52.74,46.01,26.89,Alto
MUN_041,Crato,RJ,21,23.94,29.35,55.24,11.3,0.13,1.11,378.7,1173916,483.9,54.4,67.66,23.43,25.96,Medio
MUN_091,Itaquaquecetuba,PA,30,30.22,34.56,74.31,130.69,0.385,6.53,668.3,672928,288.1,68.3,54.75,126.28,30.45,Medio
MUN_066,Goiânia,TO,26,21.98,26.69,59.28,29.12,0.258,2.08,567.3,1939047,409.4,68.2,55.32,30.16,25.23,Alto
MUN_193,Fortaleza,PR,33,29.15,33.88,64.41,62.04,0.373,5.11,569.5,1842281,323.3,62.7,64.71,66.32,27.83,Alto
MUN_097,Crato,RN,49,21.21,26.73,50.65,28.26,0.187,0.0,251.8,2183697,290.5,67.2,45.33,22.91,23.56,Alto
MUN_154,Fortaleza,PE,42,25.37,30.94,57.96,50.5,0.155,2.2,1010.8,1598914,253.0,72.6,42.18,53.33,28.43,Baixo
MUN_083,Goiânia,SC,17,28.92,33.22,64.12,51.07,0.384,3.59,691.8,554668,227.0,67.1,40.74,40.11,31.5,Medio
MUN_101,Uberlândia,SP,37,29.41,35.78,61.54,35.42,0.276,3.79,371.9,2077171,307.5,62.6,47.87,37.6,26.77,Medio
MUN_083,Santos,BA,34,23.0,30.12,53.33,29.69,0.359,4.81,617.2,2409811,410.2,62.2,61.19,28.48,22.92,Baixo
MUN_035,Curitiba,SC,17,25.16,29.81,65.05,22.05,0.302,2.24,641.4,2514695,315.9,65.4,58.15,30.46,26.7,Medio
MUN_151,Fortaleza,RS,12,27.14,31.61,80.65,79.93,0.328,6.05,402.0,1226197,144.6,75.4,43.68,80.19,27.87,Medio
MUN_048,Salvador,RS,13,26.61,32.24,47.11,14.82,0.164,2.53,44.9,1478439,256.7,68.0,37.74,8.67,25.59,Medio
MUN_187,Campinas,PE,24,33.3,37.77,72.56,49.81,0.282,5.11,201.4,1690609,493.1,57.9,56.75,47.27,32.56,Alto
MUN_181,Macaé,PA,37,20.88,26.16,67.47,93.5,0.427,7.1,306.9,2124977,115.8,86.4,16.87,97.67,22.06,Medio
MUN_013,Manaus,RJ,17,29.94,35.44,65.23,30.62,0.267,2.92,465.0,2502514,452.4,49.5,73.07,34.08,31.41,Alto
MUN_086,Caxias do Sul,SC,36,23.78,29.65,70.31,97.76,0.323,4.58,968.9,2872566,56.3,89.5,34.79,84.62,22.91,Baixo
MUN_179,Araguaína,RS,21,23.43,28.15,46.06,15.59,0.229,4.84,849.5,1239552,176.4,79.7,41.93,-2.56,23.41,Baixo
MUN_188,Macaé,PA,22,30.68,34.45,56.88,51.13,0.192,2.67,37.2,1312445,465.6,59.2,68.85,51.11,35.75,Alto
MUN_196,Manaus,SC,10,31.66,39.01,51.57,43.2,0.287,2.08,554.7,1532351,484.3,55.3,88.99,39.69,29.6,Alto
MUN_033,Macaé,SP,49,23.32,26.16,78.18,67.38,0.359,2.96,544.5,2727011,179.1,75.6,34.94,64.83,19.91,Medio
MUN_056,Palmas,PA,1,25.8,31.59,52.58,54.44,0.387,0.56,227.7,101401,451.7,38.1,90.24,59.93,26.18,Medio
MUN_011,Montes Claros,GO,26,25.99,30.66,75.95,61.97,0.399,7.18,603.5,1704730,492.6,47.1,81.72,35.24,28.71,Alto
MUN_174,Itaquaquecetuba,PA,51,22.22,26.72,72.57,32.88,0.243,0.75,24.6,1012742,223.9,73.8,44.49,33.31,19.26,Medio
MUN_009,Araguaína,MG,12,24.18,28.58,64.94,70.99,0.445,9.86,941.3,921178,169.6,73.6,38.98,74.82,24.78,Baixo
MUN_192,Recife,PE,5,29.95,34.54,76.33,77.7,0.427,6.48,1034.8,953186,149.6,70.9,47.12,87.06,28.38,Baixo
MUN_178,Ribeirão Preto,SP,46,26.34,31.19,69.81,36.47,0.313,2.04,13.6,418951,349.0,67.3,48.9,7.02,26.89,Medio
MUN_152,Curitiba,BA,41,18.55,22.92,66.24,51.17,0.091,3.01,370.2,501646,467.2,65.3,55.99,59.63,20.75,Alto
MUN_041,Itaquaquecetuba,PR,5,27.47,33.69,83.82,105.56,0.546,6.74,127.0,1583940,191.7,80.1,18.47,107.36,28.42,Alto
MUN_087,Caxias do Sul,MG,49,27.12,31.5,60.18,40.68,0.104,3.61,93.6,1098103,198.5,67.5,57.22,33.93,27.32,Medio
MUN_171,Crato,PE,14,24.5,28.86,69.91,27.92,0.244,4.23,5.4,1151260,451.4,53.5,59.59,5.35,24.56,Medio
MUN_020,Goiânia,PR,42,25.83,29.32,52.67,61.49,0.203,4.17,749.9,2681646,133.5,80.6,23.47,82.76,25.8,Baixo
MUN_158,Campinas,RJ,11,25.47,30.91,50.69,12.67,0.271,3.73,837.1,2048469,302.2,76.5,47.1,21.46,25.64,Baixo
MUN_042,Manaus,CE,39,27.8,34.45,57.63,35.82,0.32,0.62,951.9,268993,482.7,58.1,85.61,24.63,23.82,Alto
MUN_156,Sorocaba,GO,23,28.29,34.18,78.08,81.7,0.299,5.9,560.0,1022957,188.2,75.9,39.71,78.85,29.45,Alto
MUN_058,Recife,PR,4,28.81,33.93,75.42,93.98,0.458,4.96,545.7,2940571,336.9,69.0,59.93,88.74,29.53,Alto
MUN_083,Natal,PE,43,27.96,30.62,66.99,50.03,0.19,7.8,1174.0,1905596,52.4,73.8,21.24,50.99,29.18,Baixo
MUN_136,Ribeirão Preto,PE,7,29.5,34.1,67.11,39.65,0.334,3.67,390.3,1008947,470.6,65.9,78.51,37.33,31.22,Alto
MUN_060,Ribeirão Preto,AM,12,23.39,30.22,59.09,44.39,0.465,5.66,464.4,314834,25.0,94.0,1.39,49.85,22.7,Baixo
MUN_006,Crato,RN,18,22.31,26.84,66.27,37.6,0.339,2.79,340.3,1989932,473.8,49.3,75.07,39.59,17.45,Medio
MUN_164,Uberlândia,PR,27,31.81,35.83,54.1,63.57,0.387,3.84,666.3,855933,144.4,73.8,34.62,52.91,32.19,Baixo
MUN_062,Araguaína,MG,37,28.53,32.3,59.67,35.51,0.31,1.5,287.2,2858259,500.0,46.3,89.14,37.92,30.86,Alto
MUN_057,Curitiba,TO,48,28.48,31.0,83.11,48.78,0.413,4.27,193.8,2583549,407.4,64.0,65.79,56.07,27.35,Alto
MUN_189,Araguaína,BA,43,26.61,30.42,73.08,97.47,0.435,6.33,231.0,1562232,416.2,71.8,54.25,110.64,27.9,Alto
MUN_028,Fortaleza,BA,10,20.52,25.53,66.78,64.8,0.399,3.59,818.5,670264,254.5,64.0,33.68,67.93,20.0,Baixo
MUN_096,Manaus,SC,14,26.54,31.29,48.78,37.13,0.34,4.39,1085.5,2764181,126.8,75.3,30.06,34.53,27.62,Baixo
MUN_046,Santos,AM,23,25.56,30.15,59.01,64.74,0.34,4.79,1037.4,1155638,397.7,49.1,76.44,42.73,22.68,Medio
MUN_029,Itaquaquecetuba,RS,6,23.23,28.18,60.17,31.03,0.289,5.83,917.6,2687417,425.2,66.2,64.05,36.2,23.09,Baixo
MUN_199,Salvador,RS,34,21.72,25.64,67.58,16.07,0.342,1.86,1183.4,2100153,482.3,51.0,68.31,21.89,23.29,Baixo
MUN_063,Sorocaba,RN,40,16.03,20.34,69.11,43.87,0.269,4.72,33.5,279890,445.8,53.9,75.35,34.11,17.72,Alto
MUN_142,Itaquaquecetuba,MG,6,22.0,28.42,73.35,115.58,0.402,10.49,577.2,429320,269.6,66.8,50.29,114.56,23.92,Alto
MUN_106,Fortaleza,SP,11,26.98,33.08,68.04,40.34,0.253,0.0,30.9,1486177,407.1,74.6,51.82,37.03,25.49,Alto
MUN_176,Araguaína,BA,40,23.53,29.42,61.82,11.86,0.186,0.99,805.9,2399219,397.0,65.2,50.89,6.3,26.68,Alto
MUN_176,Araguaína,BA,40,23.53,29.42,61.82,11.86,0.186,0.99,805.9,2399219,397.0,65.2,50.89,6.3,26.68,Alto
MUN_016,Campinas,MG,37,26.08,30.98,69.17,69.12,0.354,5.59,643.7,1169351,398.9,47.4,76.21,69.55,26.25,Medio
MUN_142,Montes Claros,RS,1,29.34,35.41,56.19,36.43,0.202,0.0,1181.8,678799,35.8,88.7,17.52,57.77,27.14,Baixo
MUN_176,Araguaína,BA,40,23.53,29.42,61.82,11.86,0.186,0.99,805.9,2399219,397.0,65.2,50.89,6.3,26.68,Alto
MUN_165,Fortaleza,GO,34,32.22,38.99,51.96,53.35,0.377,4.58,44.0,2407802,322.4,56.8,54.42,37.49,32.42,Medio
MUN_065,Uberlândia,PA,13,20.45,26.76,63.86,34.69,0.318,1.98,855.4,2117497,479.9,58.2,72.45,40.71,20.24,Alto
MUN_135,Uberlândia,PE,44,26.33,31.46,69.91,96.3,0.413,3.41,561.1,258519,399.4,69.8,74.0,95.42,22.08,Medio
MUN_095,Campinas,AM,9,36.02,41.07,53.82,20.04,0.268,3.23,452.5,2903621,210.4,73.7,43.5,38.05,38.38,Baixo
MUN_108,Salvador,MG,8,27.61,35.0,69.15,49.8,0.225,5.09,36.9,2154422,185.7,70.4,30.38,61.39,29.22,Medio
MUN_041,Itaquaquecetuba,PR,5,27.47,33.69,83.82,105.56,0.546,6.74,127.0,1583940,191.7,80.1,18.47,107.36,28.42,Alto
MUN_119,Santos,PR,37,22.34,27.11,52.36,15.97,0.151,0.0,1092.1,392935,175.6,96.4,8.51,32.38,23.06,Baixo
MUN_049,Caxias do Sul,SP,32,23.47,28.75,57.86,25.7,0.374,7.67,430.0,2893257,221.4,79.7,56.46,19.0,22.45,Alto
MUN_185,Recife,GO,12,25.71,29.88,60.41,67.03,0.307,5.43,866.8,573139,224.0,69.9,32.77,67.09,29.57,Baixo
MUN_128,Itaquaquecetuba,RN,44,24.47,28.25,49.7,11.75,0.078,3.61,105.1,1250149,363.8,54.7,62.91,10.72,22.93,Alto
MUN_125,Araguaína,CE,29,26.97,30.47,47.9,13.27,0.244,1.08,561.1,1899182,429.3,74.2,64.85,23.05,24.57,Medio
MUN_057,Caxias do Sul,AM,45,28.91,34.49,65.37,99.37,0.347,9.24,349.9,2212679,238.6,61.9,59.29,97.11,30.58,Medio
MUN_086,Salvador,PE,2,25.33,31.66,59.08,41.69,0.107,5.75,222.7,1700188,113.3,80.5,26.44,51.11,24.9,Alto
MUN_173,Sorocaba,RN,52,34.61,38.92,73.51,77.1,0.287,7.21,858.1,984734,87.5,93.2,28.48,87.91,39.71,Baixo
MUN_048,Natal,GO,48,32.37,36.84,61.02,41.57,0.312,3.57,304.9,644047,413.0,54.9,61.19,48.96,38.72,Medio
MUN_014,Belém,PR,22,20.56,25.44,55.88,27.23,0.278,7.75,951.2,801340,376.1,52.0,67.84,22.7,22.26,Baixo
MUN_145,Belém,SP,35,29.1,35.14,60.42,71.78,0.204,5.26,607.5,2125020,448.1,63.1,55.88,71.58,30.47,Alto
MUN_051,Crato,SP,33,25.66,31.18,79.0,109.21,0.61,10.22,361.8,859535,73.5,91.2,36.89,114.23,21.1,Medio
MUN_108,Crato,SC,41,25.13,28.76,74.59,52.29,0.292,7.01,320.1,2324654,490.7,54.3,72.44,72.77,24.08,Alto
MUN_029,Santos,BA,20,26.89,30.37,72.93,102.05,0.425,6.4,419.1,829193,359.8,53.4,55.14,108.01,27.14,Medio
MUN_189,Santos,TO,46,29.53,33.62,58.53,24.27,0.377,5.28,67.5,1233255,483.9,59.6,67.55,40.42,26.59,Medio
MUN_013,Manaus,RJ,17,29.94,35.44,65.23,30.62,0.267,2.92,465.0,2502514,452.4,49.5,73.07,34.08,31.41,Alto
MUN_023,Belém,PE,15,33.52,39.72,85.83,67.0,0.3,4.95,356.9,2551611,481.3,52.7,58.48,51.42,38.61,Alto
MUN_091,Macaé,RS,23,30.59,35.17,72.91,50.45,0.222,1.99,1112.1,2598733,49.2,86.8,21.38,56.15,27.46,Baixo
MUN_012,Araguaína,RS,23,26.34,31.66,51.19,8.89,0.194,0.0,513.4,617028,473.1,70.7,70.91,7.13,23.29,Alto
MUN_012,Ribeirão Preto,TO,24,25.37,31.74,62.53,48.31,0.362,2.03,236.7,437735,277.7,67.2,54.9,50.64,23.41,Medio
MUN_093,Macaé,PA,42,28.76,34.24,53.47,34.98,0.413,2.62,239.0,909563,326.2,70.6,60.29,26.55,27.84,Medio
MUN_141,Belém,RS,34,23.75,28.56,62.83,67.23,0.305,1.39,379.7,552134,80.9,83.4,24.35,79.11,22.21,Baixo
MUN_053,Santos,GO,21,24.55,31.48,84.57,105.0,0.41,8.85,542.8,446220,308.8,69.8,83.36,105.73,26.15,Alto
MUN_033,Natal,SC,26,21.41,24.25,69.98,61.21,0.469,2.24,770.7,1435501,257.2,58.9,43.37,54.87,21.06,Baixo
MUN_031,Santos,SC,46,29.95,35.55,58.19,32.34,0.256,3.99,281.7,151500,367.9,66.0,70.52,37.84,30.12,Alto
MUN_105,Itaquaquecetuba,AM,20,25.78,31.72,82.6,35.98,0.133,1.85,572.2,2281049,376.1,64.3,41.13,49.27,24.04,Medio
MUN_049,Natal,PE,51,24.72,31.03,69.01,130.83,0.395,10.94,676.7,2636197,399.7,62.7,60.72,128.29,20.44,Medio
MUN_198,Salvador,PA,50,26.23,31.58,68.18,134.82,0.489,10.02,190.0,883180,391.2,58.0,74.47,123.88,26.24,Alto
MUN_124,Uberlândia,PE,9,22.35,27.33,51.84,12.96,0.259,3.19,346.3,1846751,168.0,75.0,52.13,15.73,22.89,Alto
MUN_019,Goiânia,MG,49,24.78,29.61,70.01,23.88,0.355,4.27,271.4,1124805,336.0,64.4,62.33,31.8,25.19,Alto
MUN_174,Recife,GO,28,28.25,32.85,68.14,7.38,0.157,3.73,33.0,2905268,443.7,62.2,81.36,6.9,30.15,Medio
MUN_086,Macaé,SP,12,29.23,34.54,70.42,56.51,0.208,6.13,462.4,1382150,45.7,88.6,9.99,60.58,32.23,Baixo
MUN_176,Ribeirão Preto,MG,14,30.64,35.78,91.83,190.26,0.613,15.01,786.0,2649778,407.1,69.5,62.65,182.1,29.47,Medio
MUN_171,Caxias do Sul,PR,25,25.74,30.37,54.41,26.78,0.351,4.02,483.7,1287211,264.5,82.9,38.72,26.63,28.75,Baixo
MUN_153,Montes Claros,MG,5,26.69,33.58,75.51,93.71,0.324,7.6,620.3,1755553,202.9,70.5,62.79,108.04,24.35,Medio
MUN_011,Uberlândia,RN,48,28.34,32.84,53.47,74.65,0.382,8.91,185.1,420581,260.6,67.1,49.6,61.51,28.67,Medio
MUN_033,Curitiba,RS,13,21.31,24.64,69.51,36.68,0.213,6.36,899.5,1345486,68.7,90.0,19.64,38.03,22.26,Baixo
MUN_088,Santos,PA,1,18.77,23.2,57.12,55.06,0.179,4.04,257.8,1806891,420.1,52.9,70.24,61.14,17.56,Medio
MUN_038,Curitiba,PR,45,27.82,32.85,57.65,23.63,0.335,4.08,419.0,2351984,221.0,92.5,16.9,31.7,28.03,Baixo
MUN_153,Fortaleza,AM,17,22.92,28.59,66.31,82.3,0.423,4.71,909.8,1612823,310.4,54.0,72.12,80.76,20.62,Alto
MUN_170,Palmas,GO,24,24.51,31.0,63.49,78.36,0.353,12.2,750.9,1468965,390.8,68.2,60.94,85.7,25.53,Medio
MUN_005,Curitiba,CE,44,27.62,32.71,62.77,87.58,0.528,8.55,657.1,1790337,339.6,69.1,50.83,95.2,26.99,Alto
MUN_040,Itaquaquecetuba,RN,3,22.73,26.9,64.66,61.5,0.259,4.45,715.3,540791,277.8,73.8,36.08,50.82,20.41,Alto
MUN_026,Belém,SC,41,28.85,31.92,58.55,48.4,0.203,5.55,215.2,1706251,306.3,75.6,66.01,43.4,32.44,Alto
MUN_019,Macaé,CE,12,19.81,20.94,50.2,33.65,0.231,5.56,378.6,327591,59.7,84.5,11.58,31.21,21.01,Baixo
MUN_190,Santos,RN,43,24.16,29.97,71.8,64.11,0.322,4.46,956.2,762760,168.6,87.3,33.96,67.91,24.8,Baixo
MUN_180,Curitiba,SP,24,30.32,33.83,48.3,26.86,0.12,3.24,774.4,1783548,499.3,54.3,75.91,22.23,29.61,Alto
MUN_075,Goiânia,GO,11,22.99,28.0,65.09,50.29,0.245,2.63,804.1,2926459,414.5,59.4,46.51,39.94,25.82,Medio
MUN_174,Recife,GO,28,28.25,32.85,68.14,7.38,0.157,3.73,33.0,2905268,443.7,62.2,81.36,6.9,30.15,Medio
MUN_017,Manaus,TO,36,21.2,25.96,68.58,31.01,0.33,2.08,33.9,366386,208.4,68.2,44.2,31.81,21.01,Medio
MUN_146,Araguaína,PA,29,25.0,28.55,61.61,87.19,0.301,7.48,221.4,1062650,31.5,95.3,12.14,85.49,25.25,Baixo
MUN_057,Uberlândia,SC,28,27.76,31.92,57.33,47.65,0.285,3.82,998.6,1242769,150.5,81.2,17.12,57.1,27.8,Baixo
MUN_043,Macaé,TO,25,27.02,31.89,85.16,26.48,0.084,4.2,1175.0,1450781,133.1,81.0,29.48,15.55,28.1,Baixo
MUN_085,Sorocaba,GO,14,22.52,27.98,56.7,57.44,0.13,2.21,890.4,1628100,159.9,85.0,24.31,31.93,21.35,Baixo
MUN_081,Fortaleza,RN,12,18.34,23.83,67.6,71.02,0.348,5.51,803.2,1427767,441.0,48.3,97.48,71.76,19.55,Alto
MUN_191,Recife,AM,50,23.78,28.5,63.75,6.49,0.199,5.17,36.3,2747768,279.8,68.4,45.39,2.22,23.11,Medio
MUN_097,Natal,PR,19,24.19,29.21,45.13,33.82,0.294,4.78,827.4,832174,125.9,86.1,15.12,26.24,22.63,Baixo
MUN_060,Fortaleza,MG,41,28.11,32.55,60.43,87.1,0.228,9.26,53.8,1176435,115.8,75.0,47.71,88.57,24.82,Medio
MUN_039,Manaus,GO,41,26.67,28.96,51.3,86.11,0.41,8.07,747.7,1892422,37.3,92.6,5.81,102.66,26.31,Baixo
MUN_140,Fortaleza,RN,18,22.87,28.01,65.48,31.74,0.261,2.68,23.2,119626,483.9,62.8,75.3,40.6,19.9,Medio
MUN_131,Uberlândia,AM,16,27.7,35.08,74.46,52.39,0.411,4.71,1052.5,881662,208.5,81.4,29.9,43.42,28.45,Baixo
MUN_029,Itaquaquecetuba,TO,36,27.82,32.9,69.83,115.11,0.425,10.52,1044.0,58604,265.7,67.3,72.62,122.21,25.33,Baixo
MUN_071,Araguaína,PA,5,23.56,28.77,62.08,45.27,0.294,6.56,667.8,2411544,34.6,85.7,8.08,52.44,22.85,Baixo
MUN_012,Recife,AM,19,28.05,34.67,66.69,25.95,0.266,5.52,206.2,2830967,137.6,80.5,33.34,30.57,28.11,Medio
MUN_191,Manaus,PR,22,26.21,31.41,64.11,58.48,0.343,10.51,278.9,1774175,386.7,61.3,48.67,63.65,25.2,Alto
MUN_090,Crato,SC,37,26.27,29.62,72.11,57.31,0.328,2.75,915.8,2261167,307.1,58.5,48.19,49.5,24.44,Baixo
MUN_142,Ribeirão Preto,PA,1,30.38,35.78,57.59,25.76,0.252,4.07,783.1,121152,97.1,68.9,24.1,2.33,33.58,Baixo
MUN_156,Natal,SC,45,24.16,29.31,69.95,52.38,0.236,2.99,231.5,1696526,303.1,71.0,43.88,63.86,26.64,Medio
MUN_122,Uberlândia,RS,25,22.07,26.33,90.29,129.36,0.407,10.01,48.6,1046122,356.0,60.7,67.52,110.48,21.9,Medio
MUN_092,Palmas,TO,29,33.55,37.3,52.44,9.48,0.227,0.01,1121.3,2202855,436.8,59.6,69.89,8.77,35.02,Baixo
MUN_013,Macaé,CE,44,27.74,34.12,48.71,25.75,0.324,3.2,1134.6,721198,84.0,73.9,9.42,20.3,28.21,Baixo
MUN_071,Goiânia,RJ,29,30.73,36.56,63.32,38.23,0.309,2.32,94.7,1983456,442.6,68.4,67.1,53.09,27.8,Alto
MUN_035,Fortaleza,TO,9,22.42,26.86,59.34,31.82,0.121,4.36,462.0,1565840,460.9,55.5,93.13,31.34,21.14,Alto
MUN_027,Campinas,BA,15,27.81,31.75,54.58,10.58,0.19,3.46,189.8,152323,394.7,67.3,49.9,11.68,29.7,Medio
MUN_019,Belém,PR,11,27.8,32.47,69.71,83.13,0.492,5.71,995.6,1425908,465.1,69.9,70.53,93.64,28.03,Alto
MUN_078,Caxias do Sul,CE,42,31.49,35.08,77.07,66.3,0.36,2.71,286.1,670816,277.0,65.8,54.09,72.19,31.6,Medio
MUN_105,Araguaína,RJ,13,27.48,32.91,60.94,60.07,0.308,6.82,851.9,454408,286.5,71.2,71.07,58.38,25.06,Baixo
MUN_160,Sorocaba,BA,14,30.96,36.51,40.79,8.05,0.137,0.0,52.0,2111874,291.3,74.3,44.91,14.83,30.17,Medio
MUN_067,Manaus,SP,50,27.17,31.61,59.19,19.41,0.292,0.0,260.4,411895,93.9,85.7,21.79,30.55,24.03,Baixo
MUN_173,Crato,RN,27,24.34,27.57,72.75,43.45,0.217,2.08,860.6,1155329,158.5,74.2,41.78,37.43,25.52,Baixo
MUN_102,Ribeirão Preto,TO,39,27.47,33.63,80.95,89.52,0.404,5.32,559.2,371294,404.0,65.5,57.34,92.7,24.99,Medio
MUN_023,Sorocaba,PR,35,25.65,32.27,56.69,33.41,0.292,0.41,985.0,599768,129.1,85.0,19.54,35.49,27.91,Baixo
MUN_162,Araguaína,CE,44,29.62,33.88,63.69,26.13,0.13,2.6,1044.1,960876,41.8,88.2,19.85,40.61,32.93,Baixo
MUN_121,Montes Claros,SC,2,22.77,26.18,58.05,49.8,0.498,2.18,944.5,957985,394.7,72.9,69.81,53.18,21.95,Baixo
MUN_044,Sorocaba,TO,38,23.56,29.85,66.09,87.32,0.479,4.67,6.2,483531,395.3,64.2,55.9,76.88,20.95,Alto
MUN_037,Fortaleza,PA,30,21.73,25.14,39.75,30.35,0.252,4.19,748.6,2047128,356.7,66.9,46.21,33.24,21.46,Baixo
MUN_088,Curitiba,SC,27,22.24,26.6,58.57,81.22,0.502,7.53,489.6,1240207,31.7,91.5,33.67,79.21,20.73,Baixo
MUN_028,Palmas,MG,13,26.96,33.4,64.88,20.76,0.325,3.97,438.4,604868,403.0,50.2,63.19,30.23,26.6,Medio
MUN_146,Araguaína,PE,30,26.38,32.44,52.67,46.19,0.347,3.1,376.2,2602738,395.6,75.5,42.8,40.65,21.55,Alto
MUN_148,Campinas,BA,12,30.11,37.99,74.9,138.84,0.428,9.89,394.5,2477189,85.5,92.2,20.23,127.68,29.55,Medio
MUN_168,Curitiba,AM,25,26.74,31.02,44.56,14.29,0.154,0.0,882.8,2569117,232.0,62.9,49.04,-1.28,23.39,Baixo
MUN_078,Recife,RS,36,24.27,28.82,60.06,69.46,0.342,5.68,826.6,2718368,276.8,61.4,43.14,73.04,26.17,Medio
MUN_051,Ribeirão Preto,RJ,50,25.09,31.03,64.18,44.44,0.409,3.91,853.1,2500905,310.8,64.2,62.86,53.8,26.85,Baixo
MUN_063,Natal,BA,39,27.53,33.09,65.91,44.33,0.323,5.13,352.8,2257059,488.6,53.2,73.63,40.63,27.13,Medio
MUN_134,Goiânia,PA,29,27.44,30.48,61.53,38.14,0.299,6.42,154.0,1855983,294.2,74.6,50.98,52.72,26.2,Medio
MUN_001,Fortaleza,BA,29,20.2,23.61,49.31,19.4,0.232,2.92,573.2,2659807,180.2,74.4,14.34,21.01,22.44,Baixo
MUN_160,Caxias do Sul,BA,13,28.71,31.9,76.06,69.89,0.358,3.51,653.8,632096,432.9,51.9,70.63,37.64,32.88,Alto
MUN_144,Uberlândia,CE,27,30.24,35.63,65.98,14.47,0.239,5.69,173.9,1337968,377.0,61.0,58.43,9.8,26.75,Medio
MUN_071,Macaé,RJ,47,24.92,29.74,44.31,17.73,0.157,3.76,211.1,1869045,408.8,59.0,61.37,11.87,26.65,Alto
MUN_022,Palmas,RJ,15,27.94,35.21,67.19,52.08,0.245,4.69,1046.7,464478,219.9,59.9,45.81,42.56,28.14,Baixo
MUN_183,Recife,PR,30,26.54,28.91,48.06,26.1,0.177,4.34,311.4,517084,305.0,73.9,44.68,38.51,26.78,Alto
MUN_165,Manaus,BA,7,24.27,29.87,61.63,70.8,0.345,0.0,173.4,2170212,281.1,66.0,53.17,57.16,22.36,Medio
MUN_183,Itaquaquecetuba,SP,26,18.6,23.42,65.9,127.54,0.485,7.13,456.6,1110395,257.5,76.9,43.0,123.53,19.5,Medio
MUN_013,Manaus,SP,7,22.66,28.81,69.65,52.67,0.454,5.81,297.7,2112379,403.1,71.6,50.79,48.81,19.08,Alto
MUN_175,Sorocaba,RJ,35,25.98,31.02,64.86,26.62,0.257,0.41,470.8,2434094,251.4,66.7,35.34,26.06,29.53,Medio
MUN_082,Curitiba,PR,26,26.96,32.58,61.11,44.85,0.253,5.02,953.7,2611018,109.9,89.1,37.95,30.59,27.46,Baixo
MUN_056,Montes Claros,CE,44,21.22,26.01,65.67,70.8,0.364,8.76,305.6,2238736,164.8,75.9,34.62,82.26,24.24,Medio
MUN_074,Montes Claros,TO,42,23.79,25.84,64.34,46.47,0.368,6.25,927.7,1813447,419.8,46.8,62.04,46.47,25.64,Alto
MUN_070,Goiânia,SP,8,19.93,24.18,62.58,53.48,0.363,3.32,1013.7,851498,244.9,73.4,33.32,52.67,22.23,Baixo
MUN_047,Natal,PA,5,23.99,28.92,56.7,68.36,0.36,0.21,424.3,2803625,100.2,74.4,12.0,80.79,25.95,Baixo
MUN_007,Campinas,SP,7,31.77,34.66,65.67,87.73,0.295,4.69,942.9,985902,374.2,64.7,63.66,80.88,31.3,Alto
MUN_005,Araguaína,MG,40,20.49,26.15,92.73,138.35,0.491,7.21,352.5,990864,95.6,64.7,16.19,152.09,23.58,Medio
MUN_010,Araguaína,RJ,39,24.01,29.54,63.58,67.71,0.217,5.19,1130.2,939111,466.4,52.8,69.99,67.68,24.41,Baixo
MUN_141,Ribeirão Preto,PR,48,23.6,29.5,67.55,22.3,0.25,0.93,44.0,1843793,169.8,69.4,49.6,21.87,22.91,Medio
MUN_173,Crato,RN,27,24.34,27.57,72.75,43.45,0.217,2.08,860.6,1155329,158.5,74.2,41.78,37.43,25.52,Baixo
MUN_153,Sorocaba,SP,33,31.52,35.35,68.19,92.48,0.422,6.37,621.3,893746,179.9,79.8,50.66,79.07,34.04,Medio
MUN_072,Crato,GO,37,23.17,26.54,65.86,32.33,0.317,2.67,70.7,2978573,487.6,75.6,67.71,30.98,25.39,Medio
MUN_184,Sorocaba,RS,21,26.43,31.1,60.68,18.01,0.199,1.87,1146.2,1283554,294.0,80.3,22.31,24.53,27.64,Baixo
MUN_006,Araguaína,RJ,14,25.97,29.52,68.38,59.89,0.309,9.64,231.3,2010987,406.6,61.7,67.15,54.17,28.73,Alto
MUN_021,Palmas,GO,51,26.06,30.25,55.9,42.74,0.339,5.68,838.2,2626971,147.1,84.5,21.56,65.7,25.24,Baixo
MUN_174,Macaé,SC,15,26.1,31.91,66.75,50.49,0.384,0.94,711.6,1008116,195.7,62.5,36.62,40.92,25.29,Baixo
MUN_059,Itaquaquecetuba,RN,27,31.9,36.51,46.45,44.68,0.157,2.21,992.1,1255661,49.7,81.0,33.19,26.05,36.38,Baixo
MUN_080,Itaquaquecetuba,GO,14,25.02,32.65,88.65,114.27,0.377,9.09,362.1,607379,85.2,81.6,38.89,127.26,27.29,Medio
MUN_120,Palmas,TO,40,29.77,37.43,56.86,70.8,0.229,2.53,166.9,425622,113.9,70.0,25.56,66.81,30.64,Medio
MUN_046,Goiânia,TO,8,24.7,31.02,63.35,59.53,0.319,8.82,954.1,2340256,235.5,67.2,54.05,49.26,24.06,Baixo
MUN_184,Araguaína,PE,21,26.44,32.58,52.88,64.29,0.317,6.01,525.8,1693985,59.0,79.0,3.32,73.28,28.05,Baixo
MUN_024,Ribeirão Preto,CE,30,30.73,35.8,70.99,52.33,0.368,1.81,160.6,621465,24.8,92.8,8.34,52.31,32.68,Medio
MUN_008,Santos,PE,21,26.86,30.0,50.37,63.65,0.178,3.44,554.0,2857918,408.6,56.5,63.89,77.01,29.14,Alto
MUN_063,Uberlândia,MG,21,21.21,28.14,50.13,51.11,0.234,6.22,27.7,1248322,232.3,69.6,47.96,48.15,20.94,Medio
MUN_158,Uberlândia,SP,16,22.53,28.12,65.41,66.85,0.408,6.65,922.1,1028310,353.5,53.2,74.67,75.16,21.54,Alto
MUN_173,Santos,PR,30,25.17,30.34,78.45,34.33,0.32,3.0,454.9,1141185,340.6,72.6,70.19,35.62,25.24,Alto
MUN_085,Campinas,AM,18,22.13,27.65,55.02,49.74,0.356,3.33,599.8,56852,372.5,59.0,79.12,40.24,20.79,Alto
MUN_151,Santos,AM,47,21.69,27.4,66.91,61.88,0.289,5.26,873.6,231922,94.9,94.5,23.67,65.14,19.54,Baixo
MUN_129,Sorocaba,PE,37,22.89,27.4,58.32,24.09,0.101,6.53,954.3,1649083,448.9,60.2,55.81,16.01,21.2,Baixo
MUN_056,Sorocaba,RN,47,23.25,29.2,70.32,77.64,0.287,6.07,1162.6,845505,257.8,68.9,44.63,80.36,24.47,Baixo
MUN_199,Uberlândia,RS,12,21.03,25.71,53.01,23.44,0.221,2.49,545.2,2978436,196.4,73.5,40.41,11.15,20.3,Baixo
MUN_111,Araguaína,SP,16,25.56,31.0,64.91,103.86,0.337,7.36,586.1,2987685,241.3,60.7,49.0,104.76,25.03,Alto
MUN_175,Itaquaquecetuba,RJ,18,24.08,28.58,59.1,30.34,0.416,5.73,77.4,2877607,223.4,71.8,45.72,51.08,21.9,Alto
MUN_050,Montes Claros,SC,12,26.37,29.69,56.64,71.72,0.329,9.16,725.5,207830,130.7,85.7,32.31,84.31,25.91,Baixo
MUN_178,Crato,GO,24,28.44,32.06,66.56,57.99,0.295,4.79,982.8,2671702,45.9,83.4,42.04,70.39,28.46,Baixo
MUN_086,Santos,BA,1,24.8,30.83,61.94,51.12,0.255,2.68,713.3,982659,321.0,63.1,51.88,58.13,23.24,Medio
MUN_130,Uberlândia,SP,20,32.5,35.39,58.58,39.57,0.293,4.8,489.1,2816548,491.5,54.4,63.06,42.55,31.54,Alto
MUN_182,Ribeirão Preto,PA,13,24.27,29.23,68.83,74.87,0.297,7.61,5.8,2290836,313.1,61.8,53.79,78.22,19.69,Alto
MUN_200,Macaé,RJ,12,29.68,33.06,53.49,37.69,0.424,6.32,973.1,1584115,59.1,97.5,9.82,18.75,27.68,Baixo
MUN_188,Sorocaba,TO,24,25.26,28.32,62.69,78.71,0.356,4.63,38.8,753028,148.1,81.6,22.31,87.57,26.08,Medio
MUN_097,Itaquaquecetuba,PA,46,36.88,43.44,78.28,68.34,0.291,8.61,301.5,2873979,33.0,95.1,28.44,59.84,41.38,Baixo
MUN_084,Natal,RN,25,24.35,30.69,84.4,97.1,0.377,5.35,753.0,740484,50.5,83.1,23.24,93.99,22.21,Baixo
MUN_106,Uberlândia,MG,41,20.48,26.01,57.32,34.82,0.336,5.51,203.6,1205388,484.7,70.6,79.15,38.5,20.3,Alto
MUN_003,Caxias do Sul,PA,31,26.58,31.26,90.67,130.33,0.386,7.93,501.9,2605070,378.1,73.3,66.63,138.61,30.1,Alto
MUN_028,Goiânia,SC,44,27.98,33.59,62.14,55.94,0.368,2.67,789.4,738001,174.8,76.7,16.61,37.33,30.77,Baixo
MUN_031,Manaus,PR,42,29.46,33.85,64.22,57.66,0.361,3.92,419.9,2677641,485.3,55.0,69.45,58.78,27.9,Medio
MUN_084,Sorocaba,RN,9,33.89,38.48,70.53,73.32,0.451,4.79,395.9,1687701,135.7,78.6,55.89,65.71,32.05,Medio
MUN_121,Caxias do Sul,PR,37,24.4,28.47,76.16,68.14,0.339,3.89,1055.2,2903210,379.8,64.3,53.91,78.84,23.78,Baixo
MUN_061,Macaé,CE,50,25.9,30.88,56.62,32.63,0.38,1.86,741.1,1691029,144.5,89.0,20.51,31.77,27.36,Baixo
MUN_062,Palmas,SP,48,32.38,37.8,71.55,40.79,0.222,4.64,65.6,2910017,383.8,62.8,55.31,46.03,30.46,Alto
MUN_036,Ribeirão Preto,SC,38,29.08,34.68,71.64,14.23,0.386,1.32,558.2,1410935,457.9,50.8,64.55,27.18,30.16,Alto
MUN_123,Campinas,PR,22,27.41,32.72,55.6,28.48,0.295,2.48,252.1,1778911,473.7,49.2,75.05,21.2,32.18,Medio
MUN_157,Montes Claros,PR,20,24.43,29.11,42.78,4.64,0.166,0.6,685.4,2872994,490.9,56.5,75.58,-4.49,23.95,Alto
MUN_054,Ribeirão Preto,RN,13,23.03,28.1,69.02,40.11,0.312,4.91,1180.3,603720,387.0,51.3,61.37,51.22,26.65,Baixo
MUN_008,Uberlândia,PR,9,20.59,25.35,47.67,44.8,0.178,2.66,768.2,1378085,373.7,71.2,71.22,29.35,21.78,Alto
MUN_144,Natal,RS,15,25.49,30.36,60.25,40.83,0.284,3.4,185.9,1241084,114.9,73.0,37.18,32.55,26.04,Medio
MUN_031,Fortaleza,SC,16,28.22,34.8,61.9,14.62,0.155,3.58,371.4,1727782,135.1,88.0,29.4,16.76,29.67,Baixo
MUN_059,Recife,TO,18,21.42,27.79,58.44,58.63,0.333,4.53,22.2,2673346,340.2,63.8,71.85,44.27,20.38,Medio
MUN_157,Crato,SC,17,18.19,24.18,63.63,49.78,0.302,8.06,244.9,2665682,270.5,79.3,44.77,48.21,22.34,Alto
MUN_029,Curitiba,MG,51,31.78,35.81,57.9,25.21,0.318,3.53,994.5,1762140,278.4,79.2,41.81,26.3,30.4,Baixo
MUN_017,Montes Claros,CE,46,30.45,36.1,67.68,46.94,0.188,1.4,257.6,2557571,339.2,77.6,68.69,24.43,29.06,Medio
MUN_079,Macaé,RJ,43,21.79,26.13,62.82,70.16,0.251,3.79,607.5,1237585,207.0,81.7,50.87,76.78,23.23,Medio
MUN_089,Sorocaba,BA,22,21.99,28.94,59.76,59.9,0.328,6.45,295.9,189576,328.7,56.5,64.22,64.63,23.29,Alto
MUN_048,Araguaína,AM,15,21.51,28.06,62.85,32.4,0.204,1.77,510.6,2866123,212.5,84.1,34.1,32.85,17.63,Baixo
MUN_099,Ribeirão Preto,GO,45,23.08,27.85,56.26,24.85,0.304,5.36,681.0,1581141,81.5,73.7,24.16,32.72,25.95,Baixo
MUN_011,Palmas,SC,33,23.45,27.04,59.36,41.82,0.423,1.85,81.5,97863,428.2,52.8,67.53,42.58,26.67,Medio
MUN_141,Araguaína,SP,32,27.91,33.08,72.36,26.43,0.232,2.36,1086.1,2760458,335.3,50.7,46.07,27.09,28.33,Baixo
MUN_013,Caxias do Sul,MG,6,23.43,30.44,65.13,64.0,0.294,5.63,141.4,1981901,351.2,64.3,53.9,69.39,25.63,Medio
MUN_138,Araguaína,PA,15,22.23,26.68,84.3,87.59,0.376,12.46,315.4,866299,370.3,64.9,64.05,82.25,18.01,Alto
MUN_184,Ribeirão Preto,GO,46,25.32,30.18,82.85,150.21,0.476,7.25,130.5,685423,423.9,66.4,56.73,148.44,26.25,Medio
MUN_033,Montes Claros,PE,20,33.71,39.45,52.98,49.68,0.368,2.75,483.4,565507,280.7,63.8,60.03,66.97,30.16,Alto
MUN_044,Fortaleza,RJ,6,26.92,30.87,67.53,61.93,0.455,4.93,1025.3,1334834,236.2,57.8,46.85,70.76,23.48,Baixo
MUN_055,Recife,GO,13,24.95,29.97,71.3,25.74,0.282,2.9,199.6,2697012,273.7,70.9,35.26,26.44,24.97,Medio
MUN_190,Campinas,PR,2,25.01,30.65,69.47,61.15,0.277,6.06,966.5,829740,445.7,65.4,57.68,63.83,28.66,Alto
MUN_196,Curitiba,PR,1,36.65,44.29,66.18,35.66,0.149,4.55,1109.3,623936,187.3,75.5,30.08,41.47,37.86,Baixo
MUN_102,Fortaleza,SP,13,27.9,32.78,66.76,78.89,0.311,6.58,1197.6,216089,142.6,79.6,30.26,77.48,27.39,Baixo
MUN_113,Ribeirão Preto,PR,30,29.89,35.46,58.69,56.1,0.496,4.8,889.6,2750319,429.5,63.3,56.34,74.08,27.69,Medio
MUN_163,Campinas,RS,9,31.08,36.58,65.22,51.81,0.25,2.68,1164.6,1446233,121.7,85.2,27.84,58.22,28.74,Baixo
MUN_072,Fortaleza,PA,28,33.04,38.67,59.95,37.16,0.244,3.97,15.3,1507733,470.2,52.4,53.0,50.78,33.26,Alto
MUN_154,Fortaleza,PE,42,25.37,30.94,57.96,50.5,0.155,2.2,1010.8,1598914,253.0,72.6,42.18,53.33,28.43,Baixo
MUN_103,Manaus,RJ,49,22.65,29.08,52.59,6.29,0.186,5.44,384.0,1334798,170.7,68.0,36.97,13.51,23.32,Baixo
MUN_019,Caxias do Sul,PE,4,22.59,27.9,57.34,20.01,0.148,1.78,69.4,2002781,499.5,48.6,67.42,35.31,21.8,Alto
MUN_037,Belém,RN,45,23.41,26.1,65.12,24.24,0.212,2.37,395.2,809518,32.6,84.2,10.21,18.5,22.08,Baixo
MUN_146,Crato,PA,13,19.83,24.61,56.14,21.99,0.161,2.96,171.8,673238,349.5,72.3,47.44,16.3,20.08,Alto
MUN_186,Campinas,GO,36,23.5,28.67,69.36,86.95,0.286,6.94,156.1,1924441,261.9,80.7,46.68,88.74,24.54,Medio
MUN_063,Palmas,SP,52,29.07,33.77,60.41,49.26,0.36,6.41,706.5,2791548,308.4,74.7,30.99,47.44,30.06,Medio
MUN_195,Araguaína,CE,41,28.55,35.52,56.83,39.09,0.31,3.03,174.1,1875065,24.0,80.7,13.97,48.46,23.92,Baixo
MUN_034,Macaé,BA,7,18.86,24.11,72.07,33.9,0.27,2.55,989.4,630766,61.0,90.0,33.72,44.19,16.49,Baixo
MUN_199,Crato,RS,48,28.1,33.83,56.71,32.08,0.217,6.04,574.2,1914067,453.3,64.9,63.37,41.79,30.13,Alto
MUN_077,Recife,RS,45,23.05,30.5,69.01,34.42,0.327,3.55,869.8,2449386,93.5,89.6,34.54,46.0,22.66,Baixo
MUN_105,Sorocaba,RS,6,26.78,30.69,71.05,86.29,0.219,10.18,898.6,637619,367.2,58.6,66.71,74.36,25.14,Alto
MUN_174,Sorocaba,BA,38,26.09,32.42,74.54,116.58,0.436,5.57,82.0,1707259,321.3,65.9,65.43,116.24,25.19,Medio
MUN_141,Recife,RS,9,28.85,33.87,50.17,53.41,0.21,2.97,364.0,147427,137.4,81.3,17.28,58.73,27.18,Medio
MUN_057,Macaé,CE,9,30.48,33.53,53.44,57.99,0.297,2.7,164.6,2199495,240.1,72.1,52.92,49.22,30.91,Alto
MUN_183,Campinas,PR,14,23.92,27.52,63.55,39.5,0.362,2.07,533.1,2331394,319.1,72.7,42.8,43.33,22.98,Medio
MUN_114,Recife,GO,33,26.92,32.86,59.81,21.33,0.176,0.0,183.5,1439484,354.7,58.9,66.12,41.06,25.31,Medio
MUN_013,Itaquaquecetuba,CE,11,28.23,33.3,63.41,21.74,0.245,8.4,295.2,2611026,171.1,89.6,29.33,32.38,26.01,Baixo
MUN_139,Macaé,RN,7,20.75,25.7,82.36,97.59,0.391,8.17,254.1,1871421,60.3,83.7,31.25,101.8,18.06,Medio
MUN_027,Natal,RS,16,29.34,34.9,53.63,33.16,0.306,2.62,231.2,1964693,211.1,78.9,25.75,39.05,26.88,Medio
MUN_090,Montes Claros,BA,8,22.93,27.87,53.56,121.82,0.537,4.5,45.0,848815,161.7,75.3,51.94,108.75,25.11,Alto
MUN_167,Curitiba,RN,35,26.96,33.19,64.66,36.51,0.427,8.53,108.4,1800475,118.9,77.5,40.3,30.85,25.76,Medio
MUN_149,Manaus,RJ,3,27.65,32.07,56.32,36.12,0.27,1.47,566.0,1265551,75.1,67.5,26.76,45.96,28.8,Baixo
MUN_014,Campinas,TO,21,30.83,33.93,58.61,24.2,0.325,5.44,879.1,2119361,416.9,50.0,81.74,30.25,29.03,Medio
MUN_092,Itaquaquecetuba,PE,39,30.18,34.88,79.19,69.54,0.339,7.67,220.3,2459709,429.0,61.8,68.17,55.85,27.26,Medio
MUN_081,Campinas,TO,2,23.31,25.51,77.8,108.02,0.469,6.95,231.7,564919,38.0,100.0,15.35,112.08,27.46,Medio
MUN_017,Macaé,BA,46,28.94,34.21,79.98,154.94,0.387,10.39,416.5,2551253,353.0,65.2,73.17,140.57,27.33,Medio
MUN_059,Uberlândia,AM,24,25.9,31.09,72.07,29.65,0.144,0.0,297.3,747764,416.4,63.7,58.22,13.21,25.09,Medio
MUN_098,Itaquaquecetuba,AM,10,19.46,25.01,65.13,69.06,0.33,5.33,29.2,995364,299.9,81.5,38.66,69.73,21.85,Alto
MUN_095,Uberlândia,SP,38,23.98,27.84,58.56,55.74,0.327,5.78,491.6,822261,312.9,83.3,62.88,32.15,20.74,Alto
MUN_179,Macaé,AM,46,26.49,31.33,59.22,42.22,0.329,2.02,970.1,971536,376.8,64.8,68.38,61.0,25.0,Baixo
MUN_136,Ribeirão Preto,RN,31,27.66,32.46,66.5,33.92,0.399,2.5,824.7,553881,154.9,74.5,29.95,27.84,26.94,Baixo
MUN_011,Natal,AM,50,24.1,27.74,56.91,32.23,0.312,2.19,1119.4,520568,64.3,78.7,26.51,31.87,28.45,Baixo
MUN_124,Campinas,BA,51,27.96,31.15,73.2,123.22,0.381,6.56,171.1,2289947,414.9,55.3,70.55,112.36,27.99,Medio
MUN_177,Montes Claros,PR,1,19.11,22.83,57.42,11.86,0.336,2.05,703.9,1338670,489.8,69.5,65.25,26.41,19.64,Medio
MUN_025,Macaé,AM,4,28.84,34.08,71.22,41.94,0.191,3.36,278.0,1645217,400.2,55.8,69.96,30.85,29.54,Alto
MUN_039,Curitiba,BA,10,23.24,27.26,67.03,104.35,0.388,4.84,149.3,706334,290.6,63.1,65.37,116.47,24.95,Medio
MUN_113,Fortaleza,RJ,14,32.78,36.09,59.2,25.37,0.158,2.81,96.5,1412801,424.3,65.9,57.84,7.57,35.84,Alto
MUN_002,Santos,SC,4,31.11,35.86,74.01,35.27,0.096,4.8,614.3,2440877,384.2,65.6,55.99,24.16,31.76,Medio
MUN_032,Curitiba,GO,29,22.77,26.21,59.15,36.61,0.286,8.26,1118.5,1395059,124.8,81.3,11.19,23.08,19.6,Baixo
MUN_076,Uberlândia,BA,49,28.61,31.73,46.84,14.68,0.257,5.16,671.5,2133126,274.7,51.7,53.96,27.71,32.35,Baixo
MUN_194,Recife,AM,35,25.21,30.49,55.44,20.79,0.183,3.33,945.4,1713805,393.2,85.1,36.52,6.45,26.9,Baixo
MUN_091,Ribeirão Preto,AM,46,32.12,38.62,69.45,50.31,0.233,4.96,371.6,463054,31.9,70.2,49.52,37.93,32.4,Alto
MUN_113,Santos,RJ,5,26.68,29.79,66.98,28.2,0.373,2.99,130.0,342255,309.8,67.3,37.93,30.91,25.39,Alto
MUN_019,Santos,PA,52,28.18,32.42,58.62,48.15,0.257,3.97,568.6,864943,395.5,59.0,54.79,58.4,25.52,Medio
MUN_049,Recife,RJ,45,22.46,25.9,71.76,59.68,0.316,6.62,181.2,2072485,396.2,62.9,56.7,81.17,20.65,Medio
MUN_157,Manaus,AM,44,27.17,31.04,60.13,65.72,0.466,4.44,735.2,1928798,180.4,80.8,27.04,64.26,30.41,Baixo
MUN_106,Caxias do Sul,RS,6,26.21,32.44,60.43,37.39,0.272,4.98,912.6,1717118,432.7,66.3,46.5,31.89,24.14,Alto
MUN_169,Manaus,RN,12,33.99,37.62,61.97,47.57,0.148,6.85,705.5,1117873,49.6,80.2,26.01,39.77,37.22,Baixo
MUN_065,Fortaleza,RN,33,25.64,29.96,62.22,39.18,0.302,6.26,32.0,127634,220.7,60.7,42.73,60.62,28.5,Alto
MUN_066,Curitiba,GO,23,30.19,34.17,54.25,21.17,0.276,2.15,1015.9,1961485,114.9,100.0,16.44,24.16,29.85,Baixo
MUN_110,Belém,GO,14,25.96,29.02,71.94,62.86,0.369,3.22,1164.2,923274,199.5,82.8,36.23,67.85,28.24,Baixo
MUN_187,Natal,PE,1,24.39,29.53,63.33,53.14,0.367,6.82,791.6,355872,241.6,72.7,54.55,61.91,26.22,Baixo
MUN_077,Montes Claros,SP,49,24.61,29.5,54.49,62.95,0.245,3.73,896.4,882793,24.9,96.9,16.5,68.17,24.17,Baixo
MUN_064,Manaus,TO,43,31.11,38.38,51.9,35.02,0.453,3.71,722.5,1130253,380.5,69.9,62.82,36.47,30.98,Medio
MUN_015,Palmas,PR,52,28.45,32.42,60.41,13.86,0.339,3.41,914.9,544260,401.5,66.8,54.21,2.57,29.24,Baixo
MUN_131,Montes Claros,PA,19,25.98,29.41,53.85,80.43,0.322,2.77,67.1,2165278,377.6,54.1,62.19,90.96,25.85,Medio
MUN_189,Salvador,SP,17,26.9,32.79,62.14,34.02,0.162,4.32,307.3,829280,397.7,67.9,65.28,41.32,26.04,Alto
MUN_013,Caxias do Sul,AM,10,30.36,37.93,54.19,30.95,0.353,1.51,867.8,94680,438.2,70.7,58.66,31.61,28.0,Alto
MUN_039,Natal,RN,8,30.51,36.43,63.42,37.43,0.289,5.48,498.7,743255,260.3,74.1,46.34,33.49,30.22,Medio
MUN_030,Goiânia,CE,35,25.29,30.26,56.3,39.48,0.341,3.82,500.8,313383,239.0,76.2,28.66,36.1,24.49,Medio
MUN_149,Campinas,BA,48,17.9,22.86,78.84,65.16,0.167,5.73,490.6,2098111,124.7,76.7,33.96,67.64,14.05,Medio
MUN_092,Itaquaquecetuba,PE,28,27.82,31.81,61.97,80.0,0.373,8.03,733.5,2766595,275.5,62.9,42.25,72.88,25.24,Medio
MUN_183,Montes Claros,GO,32,26.86,31.97,64.71,93.75,0.395,5.46,343.5,1460083,359.0,52.0,51.32,83.21,28.25,Alto
MUN_045,Araguaína,SP,36,28.65,33.3,62.11,61.79,0.444,7.74,83.4,868808,83.1,74.1,20.6,74.88,25.77,Medio
MUN_040,Santos,PE,51,21.92,28.08,76.84,79.05,0.304,3.85,845.5,1676039,498.1,47.2,72.3,67.38,23.84,Alto
MUN_083,Uberlândia,PE,2,25.74,28.51,63.07,68.46,0.398,3.15,439.6,1797554,182.3,71.4,25.78,51.95,24.61,Medio
MUN_144,Fortaleza,RJ,19,27.94,34.06,71.31,72.75,0.526,5.58,387.1,85749,248.1,52.3,61.09,59.69,29.52,Medio
MUN_199,Ribeirão Preto,CE,48,24.05,29.61,60.8,6.18,0.202,2.52,441.5,240055,267.6,63.3,47.92,5.57,20.69,Baixo
MUN_138,Macaé,RJ,10,26.88,34.08,72.14,29.13,0.321,2.05,713.0,740554,231.0,82.2,32.84,21.97,26.11,Baixo
MUN_086,Curitiba,RN,40,33.86,39.3,80.98,116.54,0.426,5.51,1048.7,1860002,263.7,76.4,41.41,122.33,30.1,Baixo
MUN_098,Macaé,PA,1,26.88,32.89,64.94,44.05,0.324,4.46,1124.4,412587,191.3,58.3,56.54,53.26,24.09,Baixo
MUN_057,Curitiba,TO,6,27.55,31.0,61.31,23.96,0.236,2.51,1081.6,1995752,362.2,64.2,43.85,31.7,25.19,Baixo
MUN_076,Santos,SC,18,23.39,30.08,56.39,21.0,0.294,6.91,536.0,430487,59.6,90.2,0.0,9.17,20.06,Baixo
MUN_186,Macaé,BA,35,31.97,36.53,90.84,121.87,0.447,5.36,1027.3,2400369,474.7,59.2,68.42,107.52,33.34,Alto
MUN_189,Palmas,RJ,26,23.7,27.97,55.19,16.83,0.223,5.91,805.3,696014,162.2,91.5,18.32,28.26,22.18,Baixo
MUN_058,Recife,PR,4,28.81,33.93,75.42,93.98,0.458,4.96,545.7,2940571,336.9,69.0,59.93,88.74,29.53,Alto
MUN_004,Natal,TO,5,30.46,36.17,60.78,18.9,0.408,3.18,68.3,478084,414.7,69.7,73.19,10.06,29.24,Alto
MUN_181,Sorocaba,RS,15,24.97,30.33,59.72,27.9,0.272,1.11,1100.1,1470431,372.7,73.3,41.59,30.5,21.29,Baixo
MUN_144,Caxias do Sul,AM,4,27.96,33.58,60.9,18.44,0.253,0.0,80.6,2972787,75.1,91.3,26.06,23.95,27.84,Medio
MUN_070,Santos,BA,15,27.77,33.09,73.38,61.8,0.305,6.2,156.7,2102105,203.5,61.7,23.24,69.17,25.78,Medio
MUN_083,Belém,TO,9,23.44,28.08,78.98,51.04,0.296,7.66,119.8,78677,314.9,58.8,63.56,49.13,22.99,Alto
MUN_008,Itaquaquecetuba,BA,31,26.56,32.5,53.63,49.56,0.466,7.77,708.7,426656,344.5,65.5,62.81,52.14,24.44,Alto
MUN_132,Campinas,BA,16,25.63,30.9,62.11,42.29,0.365,6.07,802.1,775838,360.2,72.7,47.08,49.0,24.52,Baixo
MUN_111,Itaquaquecetuba,AM,24,23.82,27.56,64.36,58.84,0.498,2.45,175.7,1338451,336.0,81.8,64.91,72.71,25.54,Medio
MUN_182,Natal,AM,39,27.04,30.96,43.32,17.51,0.286,4.59,234.4,1201307,434.4,58.9,60.79,7.85,30.4,Alto
MUN_006,Araguaína,RN,35,20.77,26.96,81.72,39.15,0.334,2.41,39.2,2746474,412.0,68.1,45.9,35.19,22.18,Medio
MUN_042,Caxias do Sul,SC,45,27.11,29.5,66.78,71.0,0.278,6.46,681.0,1441250,460.3,40.3,69.59,83.17,29.31,Alto
MUN_022,Campinas,GO,35,28.96,33.75,76.95,78.97,0.375,0.12,464.6,2264934,141.0,66.5,42.27,78.36,26.17,Medio
MUN_083,Caxias do Sul,SC,21,25.57,28.97,79.35,148.91,0.372,8.15,1105.3,2360653,401.1,73.6,65.38,151.48,24.67,Medio
MUN_130,Salvador,GO,28,23.86,28.68,55.34,45.28,0.405,4.79,208.3,1662456,150.1,92.3,9.38,67.78,23.03,Baixo
MUN_171,Uberlândia,CE,16,33.97,37.39,54.13,16.09,0.327,3.19,1168.8,313438,272.1,77.0,32.85,22.65,34.31,Baixo
MUN_043,Montes Claros,SP,26,25.79,30.6,58.62,68.31,0.382,5.99,915.7,1697336,393.9,67.2,48.55,62.87,24.18,Alto
MUN_145,Belém,CE,23,28.48,34.18,67.16,21.4,0.292,3.42,817.7,230524,490.3,52.8,80.77,17.92,32.22,Medio
MUN_194,Sorocaba,PE,41,31.91,36.29,78.04,63.23,0.412,5.17,6.2,2762118,134.0,75.3,22.77,71.78,33.27,Medio
MUN_043,Sorocaba,TO,28,27.65,32.52,63.55,17.28,0.25,2.55,929.2,1219317,253.2,57.2,52.48,26.4,28.85,Baixo
MUN_079,Itaquaquecetuba,TO,47,27.98,31.85,53.09,34.75,0.163,4.55,914.0,2748779,252.9,70.0,35.04,27.82,24.06,Baixo
MUN_029,Itaquaquecetuba,SP,50,25.35,29.88,64.31,103.25,0.36,8.51,223.3,2497508,325.8,81.7,60.1,100.1,25.79,Alto
MUN_157,Sorocaba,AM,28,27.75,31.9,69.21,29.57,0.281,7.23,1039.9,614431,171.3,75.6,30.01,26.63,28.02,Baixo
MUN_107,Crato,SP,44,28.23,33.12,88.71,132.46,0.325,10.0,392.3,2436503,457.0,64.6,68.98,137.09,27.96,Alto
MUN_007,Fortaleza,AM,25,29.62,37.14,64.48,22.01,0.389,2.97,524.6,1940485,216.9,77.4,29.47,25.74,28.96,Medio
MUN_187,Natal,GO,4,17.98,21.79,59.7,34.49,0.325,3.59,1018.0,1451406,422.9,57.8,51.95,34.07,20.17,Baixo
MUN_076,Sorocaba,RN,25,29.17,33.36,77.68,76.29,0.393,3.65,245.3,1925641,362.9,60.6,71.61,62.25,31.42,Alto
MUN_081,Recife,RJ,23,22.78,27.57,64.63,29.34,0.247,0.0,272.3,2934397,299.0,73.8,69.84,23.17,21.39,Medio
MUN_049,Uberlândia,PR,26,34.92,39.0,67.34,22.25,0.268,2.39,501.3,2126115,399.3,59.2,62.22,11.7,32.34,Medio
MUN_135,Palmas,PR,18,19.9,25.11,58.71,40.84,0.131,5.47,656.2,2880539,305.3,70.0,55.09,46.52,18.01,Baixo
MUN_076,Campinas,PR,36,31.5,36.47,54.35,33.63,0.277,3.76,1022.8,2169490,379.2,75.3,57.07,26.78,32.48,Baixo
MUN_128,Macaé,GO,23,25.44,29.43,64.05,21.51,0.484,2.88,450.5,2638216,406.8,55.1,51.98,26.68,24.0,Medio
MUN_183,Montes Claros,AM,39,25.08,31.16,69.06,56.66,0.34,5.63,790.3,512544,411.6,47.5,63.02,76.15,22.01,Medio
MUN_157,Ribeirão Preto,MG,50,25.06,29.79,60.33,23.63,0.259,2.02,336.0,2033054,126.5,76.0,27.76,32.77,26.43,Baixo
MUN_033,Curitiba,SC,6,23.17,27.23,60.55,42.53,0.358,2.86,182.2,866969,353.4,50.1,82.14,50.7,23.97,Medio
MUN_051,Belém,CE,11,22.32,26.54,58.8,59.81,0.434,3.56,286.3,1158038,121.4,81.4,29.58,65.55,22.33,Alto
MUN_126,Curitiba,RN,35,25.95,31.0,69.38,71.55,0.406,4.1,1077.9,2069479,403.5,77.0,56.07,64.58,28.06,Baixo
MUN_126,Araguaína,AM,20,25.94,31.84,64.99,65.76,0.377,6.18,1109.6,174375,46.6,90.5,19.8,45.98,24.75,Baixo
MUN_155,Uberlândia,RS,21,24.55,30.21,65.94,50.18,0.244,6.06,983.2,1545211,149.6,81.7,43.8,51.16,26.85,Baixo
MUN_008,Manaus,RJ,26,28.21,32.97,62.64,66.39,0.35,6.85,730.1,757454,367.0,54.8,63.31,83.88,29.48,Alto
MUN_062,Curitiba,AM,29,25.95,30.07,71.25,33.03,0.281,5.43,1086.3,127438,478.3,53.0,65.46,21.19,25.67,Medio
MUN_071,Montes Claros,RS,49,26.23,30.77,74.32,44.53,0.162,2.74,358.3,983300,440.8,54.7,70.8,47.92,25.34,Alto
MUN_027,Goiânia,AM,47,19.95,24.63,57.01,19.04,0.295,0.0,1069.2,552541,283.1,55.0,45.26,31.43,19.96,Baixo
MUN_021,Belém,RJ,52,24.01,27.28,66.21,108.68,0.404,8.53,965.4,2268646,234.1,83.9,39.88,98.82,22.05,Baixo
MUN_071,Fortaleza,PA,31,25.22,31.09,50.93,15.07,0.17,2.35,661.6,127308,460.3,57.9,76.89,3.45,23.43,Alto
MUN_154,Caxias do Sul,GO,32,28.96,33.9,45.75,18.65,0.096,1.44,976.8,2318353,64.5,66.9,38.14,14.32,24.93,Baixo
MUN_148,Recife,SC,27,29.47,35.5,70.89,38.0,0.272,2.03,155.0,972929,441.2,47.0,68.85,33.63,29.31,Medio
MUN_079,Campinas,PE,50,20.24,27.29,63.3,119.51,0.511,6.62,133.2,1708503,214.0,58.5,28.98,129.69,20.03,Alto
MUN_199,Natal,PA,16,26.28,31.91,64.63,46.77,0.247,0.0,337.9,200742,371.3,56.4,69.48,47.71,26.49,Alto
MUN_054,Belém,RJ,52,23.0,28.12,70.7,16.77,0.285,2.6,1197.5,875282,108.8,81.2,14.32,36.79,24.07,Baixo
MUN_121,Araguaína,GO,34,30.99,35.27,74.38,36.08,0.374,1.01,890.6,2876685,397.3,69.5,65.74,26.08,28.76,Baixo
MUN_140,Uberlândia,SP,9,21.74,29.76,51.04,50.99,0.313,5.27,1009.7,2555934,388.9,60.3,70.43,43.75,22.9,Baixo
MUN_184,Palmas,MG,29,27.76,33.07,74.92,36.31,0.299,5.32,574.2,2165889,459.4,54.1,77.93,35.75,31.48,Alto
MUN_109,Manaus,PA,50,26.12,30.91,63.64,26.02,0.223,3.62,890.0,347486,343.8,68.1,40.97,22.88,29.9,Baixo
MUN_197,Natal,RJ,14,25.04,29.93,66.25,27.91,0.271,6.7,578.5,2754058,61.8,79.7,7.8,38.46,27.11,Baixo
MUN_028,Manaus,GO,36,26.55,31.74,84.21,44.01,0.161,3.3,538.9,374812,43.8,87.1,9.23,59.58,26.79,Baixo
MUN_080,Itaquaquecetuba,CE,15,30.61,33.68,48.45,26.09,0.123,9.06,278.4,2019102,78.7,82.5,29.68,30.03,30.64,Baixo
MUN_161,Sorocaba,PR,25,29.09,34.45,70.83,57.36,0.145,6.81,189.2,2090473,298.8,66.4,61.27,57.21,32.02,Alto
MUN_126,Itaquaquecetuba,PE,3,29.45,32.41,50.15,51.3,0.238,5.73,309.3,2308553,304.6,74.5,46.83,40.41,28.23,Medio
MUN_131,Uberlândia,AM,16,27.7,35.08,74.46,52.39,0.411,4.71,1052.5,881662,208.5,81.4,29.9,43.42,28.45,Baixo
MUN_111,Palmas,SC,31,26.36,30.54,65.4,53.29,0.334,6.64,827.5,1548544,214.6,63.8,45.95,51.51,23.87,Baixo
MUN_171,Manaus,GO,42,25.47,30.77,69.35,85.84,0.419,3.74,567.6,2525038,67.7,82.2,8.8,76.89,22.45,Baixo
MUN_141,Ribeirão Preto,CE,17,35.35,41.52,63.73,27.15,0.448,1.61,430.3,2269958,333.9,62.7,42.78,28.39,30.56,Medio
MUN_023,Curitiba,AM,22,25.17,32.6,62.55,75.86,0.482,5.99,780.5,822875,495.8,59.5,81.67,61.8,24.8,Alto
MUN_133,Macaé,SC,20,26.14,33.03,67.57,25.64,0.161,5.38,1000.0,2619278,30.7,94.9,15.98,27.83,26.58,Baixo
MUN_074,Sorocaba,MG,17,30.95,36.48,54.21,80.52,0.409,1.95,523.3,1909537,423.7,63.9,64.89,72.89,31.14,Alto
MUN_110,Macaé,PA,15,26.9,31.79,74.06,69.42,0.276,5.44,301.7,2265173,459.1,55.4,89.32,67.66,24.47,Alto
MUN_049,Salvador,PA,3,23.58,28.33,63.14,8.79,0.291,2.33,216.7,61353,385.8,71.9,51.04,4.58,24.43,Alto
MUN_079,Sorocaba,PR,41,24.01,30.56,71.71,93.04,0.364,5.33,68.6,1170914,343.3,54.8,63.03,77.42,23.02,Alto
MUN_026,Goiânia,RS,34,18.7,22.88,54.88,32.61,0.37,0.0,513.4,2833652,274.7,84.0,57.74,47.0,16.73,Medio
MUN_106,Goiânia,GO,48,31.14,35.97,57.37,11.61,0.378,3.4,493.0,2694336,40.2,83.1,20.44,20.0,32.34,Baixo
MUN_184,Palmas,MG,29,27.76,33.07,74.92,36.31,0.299,5.32,574.2,2165889,459.4,54.1,77.93,35.75,31.48,Alto
MUN_114,Natal,PE,12,28.78,32.48,64.93,41.98,0.217,4.87,107.2,180489,298.6,70.7,59.11,30.99,28.77,Alto
MUN_096,Caxias do Sul,MG,18,27.94,33.46,61.92,46.22,0.278,3.63,673.9,2418237,266.3,72.0,33.05,49.07,28.18,Baixo
MUN_043,Macaé,MG,37,21.7,27.64,51.11,42.6,0.169,3.64,144.2,2228181,223.1,78.0,43.05,37.32,19.52,Medio
MUN_196,Itaquaquecetuba,PA,43,28.45,32.64,82.12,186.13,0.561,13.26,394.4,1146545,64.5,85.0,42.02,182.46,26.2,Alto
MUN_138,Palmas,CE,24,25.44,30.81,63.77,31.9,0.14,1.94,36.8,818544,133.2,74.3,28.02,48.03,27.04,Medio
MUN_160,Santos,BA,32,23.64,27.83,74.68,92.91,0.482,5.79,1161.0,2566244,478.1,60.9,69.63,82.85,24.22,Alto
MUN_025,Macaé,AM,4,28.84,34.08,71.22,41.94,0.191,3.36,278.0,1645217,400.2,55.8,69.96,30.85,29.54,Alto
MUN_028,Palmas,TO,12,23.01,28.06,57.78,42.87,0.312,6.74,451.5,2586289,364.1,73.4,59.27,8.5,20.37,Alto
MUN_133,Araguaína,RN,51,32.08,39.77,65.17,24.37,0.224,2.54,290.2,1878287,171.8,82.5,8.14,35.87,34.36,Baixo
MUN_114,Salvador,PR,1,27.84,31.86,67.69,49.84,0.223,2.93,179.5,2790707,198.6,69.9,66.09,54.95,27.9,Alto
MUN_173,Crato,SP,1,27.61,34.4,62.36,40.4,0.24,1.7,176.8,2486819,322.3,81.9,52.22,27.3,31.38,Medio
MUN_095,Uberlândia,PA,14,25.15,30.5,49.01,76.15,0.366,5.84,1056.2,2290527,368.2,68.4,57.72,72.05,20.63,Baixo
MUN_155,Fortaleza,TO,22,27.45,32.85,68.82,35.85,0.45,3.92,642.5,673056,245.1,81.9,41.36,19.6,29.21,Baixo
MUN_081,Crato,RS,41,26.34,31.87,53.8,36.08,0.255,5.69,1161.3,1290078,179.7,67.9,35.41,31.55,32.07,Baixo
MUN_194,Santos,RN,30,30.24,38.54,62.82,103.5,0.513,7.14,995.5,1056521,385.0,54.2,61.54,113.83,32.64,Alto
MUN_085,Fortaleza,RN,34,25.65,31.87,60.2,36.96,0.4,3.61,558.4,297656,355.2,84.2,62.82,14.11,22.24,Medio
MUN_075,Macaé,CE,23,26.53,30.87,64.76,45.88,0.32,0.69,1171.8,2421791,40.7,94.1,26.69,44.72,26.51,Baixo
MUN_100,Belém,PE,8,17.32,22.08,65.28,45.02,0.329,4.59,145.5,1589513,136.4,97.2,30.65,48.48,17.94,Medio
MUN_093,Palmas,TO,51,25.09,29.14,84.11,57.26,0.252,4.58,600.6,2109984,407.4,59.3,63.92,55.19,25.16,Medio
MUN_185,Salvador,BA,9,32.82,36.72,78.32,141.52,0.407,8.74,910.6,2888312,425.5,60.0,81.11,135.36,37.07,Alto
MUN_173,Fortaleza,GO,50,24.89,31.74,63.43,9.81,0.175,5.33,410.3,1213592,453.3,54.0,76.22,16.22,27.46,Alto
MUN_137,Palmas,CE,33,25.13,29.34,58.75,51.46,0.343,3.31,68.8,184152,241.9,69.1,27.19,46.23,24.48,Medio
MUN_026,Manaus,GO,32,20.75,26.24,81.4,100.01,0.263,5.17,642.6,2981535,216.7,69.5,30.52,102.38,18.59,Medio
MUN_073,Ribeirão Preto,RJ,7,30.19,35.56,57.56,25.25,0.34,0.62,859.0,1995625,160.4,73.4,46.52,18.07,26.07,Baixo
MUN_167,Belém,PA,38,15.52,20.63,75.93,73.98,0.386,2.81,911.9,2826306,359.1,65.6,62.38,75.7,13.91,Medio
MUN_016,Belém,PR,24,29.68,34.31,51.96,31.31,0.23,6.12,388.5,2208473,340.7,75.5,33.83,44.45,30.0,Medio
MUN_068,Macaé,CE,45,23.46,29.83,64.52,29.26,0.309,5.11,1152.7,1738511,337.2,63.4,58.8,36.52,22.19,Baixo
MUN_062,Fortaleza,SC,46,23.43,27.26,55.8,28.73,0.328,3.53,697.9,1899548,339.1,59.2,59.23,16.7,21.89,Baixo
MUN_132,Curitiba,PA,19,24.92,30.57,67.79,157.82,0.596,9.12,1153.4,2573628,107.1,79.2,36.53,156.28,21.86,Baixo
MUN_099,Santos,PA,46,22.67,27.66,58.16,47.8,0.369,4.06,692.6,368013,167.4,79.5,24.47,41.86,22.99,Baixo
MUN_062,Caxias do Sul,PE,23,24.1,29.31,66.32,81.06,0.326,4.93,552.6,2278644,274.2,66.6,58.84,105.19,25.85,Medio
MUN_195,Santos,GO,26,26.9,32.32,51.02,41.32,0.263,3.02,975.8,2839121,466.3,57.3,85.04,38.86,27.33,Alto
MUN_110,Sorocaba,BA,23,27.43,32.44,62.12,89.76,0.486,8.53,973.5,55383,157.0,70.7,47.84,98.62,27.17,Baixo
MUN_073,Curitiba,RN,5,20.99,25.96,67.18,21.59,0.386,5.51,603.0,1424861,49.1,85.3,3.58,23.89,20.31,Baixo
MUN_179,Crato,PR,30,25.0,30.45,57.1,28.14,0.277,2.96,792.8,2130781,405.0,64.4,64.04,28.99,26.06,Alto
MUN_025,Campinas,PA,39,27.17,33.19,69.25,49.49,0.452,4.9,304.9,1104630,418.5,56.2,75.11,67.6,29.27,Alto
MUN_186,Sorocaba,RS,45,27.53,32.88,61.19,12.04,0.215,1.93,593.3,79530,295.5,73.6,47.53,11.18,30.67,Baixo
MUN_020,Fortaleza,BA,25,27.48,31.13,67.13,33.87,0.209,2.6,1145.4,2594955,333.5,64.6,54.89,62.83,27.38,Baixo
MUN_165,Recife,RJ,49,25.56,32.09,50.75,12.76,0.22,0.27,824.9,1580421,272.8,80.4,46.84,7.18,24.62,Baixo
MUN_016,Macaé,CE,9,31.31,38.14,82.05,108.85,0.52,7.71,701.9,2933796,61.0,92.4,26.07,106.04,34.47,Baixo
MUN_130,Caxias do Sul,SP,3,26.68,30.87,59.11,49.12,0.194,4.6,898.4,1272234,254.0,70.5,45.9,63.23,24.11,Baixo
MUN_131,Montes Claros,TO,40,20.97,25.16,45.48,17.24,0.407,8.47,762.4,223201,486.0,45.9,83.68,11.65,21.73,Alto
MUN_102,Caxias do Sul,SP,27,26.24,30.24,45.31,16.55,0.2,6.9,33.3,501597,331.1,72.7,38.78,19.03,26.97,Medio
MUN_171,Palmas,PA,1,26.65,32.65,72.19,41.5,0.278,5.3,1097.9,2273315,328.6,62.5,68.47,53.02,27.25,Baixo
MUN_003,Belém,AM,38,29.24,35.19,61.72,23.08,0.225,3.99,1043.2,1458100,30.3,85.9,6.15,13.62,26.33,Baixo
MUN_144,Montes Claros,CE,22,29.38,34.91,71.8,69.47,0.382,3.52,820.1,1849178,87.3,85.7,30.66,41.65,31.18,Baixo
MUN_041,Crato,TO,19,26.09,31.24,57.34,42.9,0.261,4.21,707.7,882966,147.7,74.2,28.32,47.74,28.06,Baixo
MUN_027,Goiânia,CE,38,24.34,28.06,69.73,23.1,0.226,1.99,597.1,2753231,324.5,63.8,43.06,25.86,25.17,Medio
MUN_042,Santos,PA,24,22.07,28.15,67.15,38.48,0.22,4.55,697.1,65909,120.3,73.9,40.67,51.42,25.26,Baixo
MUN_115,Palmas,PR,36,36.63,40.83,62.92,36.0,0.3,1.69,260.1,195216,38.0,92.2,34.37,39.46,37.16,Medio
MUN_116,Fortaleza,GO,33,26.79,31.01,50.19,52.56,0.248,1.89,851.7,634234,30.2,79.2,0.0,58.53,26.86,Baixo
MUN_059,Recife,BA,23,27.66,32.29,64.96,31.22,0.46,4.14,1091.0,667562,183.1,79.7,35.28,25.35,25.01,Baixo
MUN_168,Macaé,PR,18,29.46,34.63,68.98,32.47,0.176,1.76,784.4,619889,54.9,87.2,28.59,36.36,28.76,Baixo
MUN_111,Curitiba,SP,52,24.53,30.4,54.87,32.18,0.389,3.66,350.4,1094614,399.8,63.1,79.13,32.27,22.79,Alto
MUN_136,Ribeirão Preto,BA,3,24.4,28.63,83.07,100.4,0.294,10.46,257.1,2486497,173.4,88.8,50.24,114.6,22.09,Medio
MUN_120,Sorocaba,TO,4,27.48,30.69,66.09,58.22,0.343,4.63,490.6,2820663,263.5,74.2,36.56,73.29,27.86,Medio
MUN_023,Curitiba,AM,22,25.17,32.6,62.55,75.86,0.482,5.99,780.5,822875,495.8,59.5,81.67,61.8,24.8,Alto
MUN_064,Curitiba,PE,45,20.29,23.78,63.4,59.38,0.324,4.56,306.5,1516698,148.9,83.8,42.15,50.51,22.82,Medio
MUN_156,Ribeirão Preto,SC,48,21.77,26.04,60.13,33.27,0.351,5.38,1003.4,1683902,33.1,87.3,10.09,53.5,20.23,Baixo
MUN_071,Goiânia,RJ,29,30.73,36.56,63.32,38.23,0.309,2.32,94.7,1983456,442.6,68.4,67.1,53.09,27.8,Alto
MUN_127,Campinas,RS,23,17.63,21.56,60.91,74.05,0.218,4.51,323.9,2791076,470.6,69.4,42.95,80.55,19.07,Medio
MUN_192,Belém,TO,10,22.52,28.76,74.86,53.15,0.295,4.33,403.7,2558560,146.8,81.4,29.0,40.6,19.73,Baixo
MUN_139,Crato,PE,48,23.88,29.82,62.58,54.24,0.329,2.32,806.6,2340946,61.4,95.3,4.03,42.4,20.24,Baixo
MUN_142,Manaus,MG,25,27.83,32.25,54.81,17.02,0.168,3.93,1098.8,640795,146.7,82.2,28.38,20.92,30.54,Baixo
MUN_047,Belém,SP,33,28.09,34.15,65.69,29.84,0.173,4.37,262.0,2783306,395.0,65.7,58.16,42.93,27.37,Alto
MUN_113,Macaé,CE,39,25.87,30.75,62.94,10.35,0.415,4.69,708.4,2947974,150.8,78.1,24.91,11.35,30.8,Baixo
MUN_043,Santos,SC,4,26.25,31.53,59.06,35.86,0.393,6.03,97.3,2415700,149.0,84.7,25.45,36.73,24.05,Medio
MUN_080,Manaus,RN,36,26.65,31.75,62.24,22.13,0.224,5.68,110.2,503109,233.3,72.1,36.12,56.2,23.58,Medio
MUN_092,Campinas,RJ,6,28.26,32.18,51.16,26.51,0.251,3.09,1196.8,476365,294.3,60.8,64.17,25.2,26.93,Baixo
MUN_046,Manaus,GO,26,26.37,32.01,57.11,60.24,0.353,6.21,13.9,417733,470.3,44.0,74.83,52.49,23.75,Alto
MUN_048,Fortaleza,CE,20,23.62,27.61,59.04,60.81,0.338,3.05,915.0,2806416,125.3,87.8,16.51,70.98,21.44,Baixo
MUN_058,Campinas,RJ,43,25.95,30.61,65.84,38.62,0.193,2.95,30.2,2164746,31.1,86.7,3.36,36.45,23.52,Medio
MUN_015,Santos,SP,28,26.9,34.2,75.08,31.62,0.196,1.31,354.6,2248847,216.2,75.0,33.22,32.64,31.37,Medio
MUN_073,Montes Claros,AM,41,28.41,32.52,49.39,16.58,0.312,3.58,677.3,2072124,361.8,68.3,44.87,7.03,27.32,Baixo
MUN_071,Araguaína,RJ,48,26.27,30.5,77.11,24.81,0.197,6.2,474.4,1781083,340.1,67.2,64.1,28.78,27.41,Alto
MUN_078,Ribeirão Preto,CE,4,25.39,32.02,61.26,64.6,0.297,6.34,540.5,542195,478.1,51.9,71.82,70.27,25.7,Alto
MUN_075,Natal,PA,29,22.94,28.34,58.56,52.35,0.258,5.02,214.8,1164980,432.2,63.8,44.1,54.51,20.89,Medio
MUN_026,Itaquaquecetuba,SC,24,27.16,33.96,49.66,18.27,0.252,0.0,81.0,1116088,138.0,67.3,35.48,32.14,29.64,Medio
MUN_026,Santos,SP,3,25.07,30.98,50.06,35.74,0.228,2.37,12.8,2356844,131.0,81.9,38.79,24.29,27.61,Alto
MUN_141,Macaé,PR,5,32.38,37.0,66.39,8.53,0.184,1.55,33.1,443138,212.1,72.9,41.71,4.04,29.21,Alto
MUN_139,Goiânia,AM,23,22.08,25.54,60.98,27.55,0.334,5.34,232.3,1377432,492.6,47.2,82.04,18.47,26.02,Alto
MUN_018,Goiânia,MG,17,19.3,25.37,61.59,67.22,0.236,5.78,317.2,622707,360.4,42.5,53.78,58.22,19.05,Medio
MUN_101,Araguaína,PE,47,28.33,35.03,79.28,108.69,0.434,9.58,327.3,2260515,387.8,76.4,57.17,104.46,29.3,Alto
MUN_138,Goiânia,PE,4,20.77,26.14,65.45,48.98,0.386,3.95,10.6,645194,372.0,53.7,68.65,47.44,23.45,Alto
MUN_162,Campinas,RJ,39,22.41,28.67,66.09,39.19,0.178,3.53,1094.1,956889,142.6,74.3,48.92,39.63,23.36,Baixo
MUN_084,Campinas,MG,14,24.37,28.1,56.98,35.5,0.283,1.15,551.6,2534502,443.9,68.2,59.14,21.47,23.61,Medio
MUN_138,Araguaína,AM,39,28.3,32.74,76.72,75.17,0.435,7.69,1012.0,1389032,447.9,46.4,65.95,80.63,25.37,Baixo
MUN_010,Caxias do Sul,AM,23,28.14,32.62,59.03,13.42,0.222,2.58,319.1,1571444,156.0,76.3,13.36,-0.71,27.2,Baixo
MUN_165,Sorocaba,RN,32,23.0,29.21,65.22,21.66,0.189,5.51,715.2,2092363,111.9,78.1,33.62,17.7,24.31,Baixo
MUN_036,Belém,PA,28,34.1,36.26,60.46,68.68,0.376,4.39,55.0,2594624,481.6,58.6,75.84,78.13,30.22,Medio
MUN_081,Natal,RJ,43,24.23,28.85,54.07,27.51,0.195,1.19,22.4,2161892,207.3,66.4,51.55,34.86,24.51,Alto
MUN_168,Santos,SC,42,27.99,31.59,60.89,81.62,0.367,7.02,173.6,2320280,197.2,60.4,27.93,90.43,28.98,Medio
MUN_055,Santos,MG,38,22.13,29.62,57.45,32.09,0.122,2.38,844.0,587987,435.9,47.7,70.47,32.11,24.55,Alto
MUN_101,Natal,RS,12,28.68,33.04,69.82,87.7,0.331,3.88,511.2,608349,236.5,52.1,63.09,87.29,28.98,Alto
MUN_105,Crato,AM,24,22.25,26.86,61.9,51.07,0.272,6.76,490.2,2516710,430.5,52.9,78.12,57.64,25.98,Alto
MUN_172,Campinas,SC,27,22.07,26.42,48.41,43.67,0.32,4.36,581.6,2371000,416.1,70.4,72.44,24.13,22.25,Alto
MUN_042,Caxias do Sul,PE,15,26.94,29.46,73.15,66.04,0.34,3.26,738.8,1023942,393.7,68.9,54.74,58.29,24.2,Medio
MUN_038,Curitiba,PR,45,27.82,32.85,57.65,23.63,0.335,4.08,419.0,2351984,221.0,92.5,16.9,31.7,28.03,Baixo
MUN_135,Caxias do Sul,RJ,6,30.97,36.58,59.79,30.14,0.29,4.25,517.6,583877,453.0,43.3,74.06,37.84,30.3,Medio
MUN_058,Araguaína,SC,39,22.74,27.71,68.28,62.35,0.195,8.5,566.0,2875851,166.8,78.6,36.56,61.4,23.09,Baixo
MUN_080,Ribeirão Preto,CE,49,26.4,30.27,59.25,48.59,0.2,3.2,379.0,400887,498.8,62.6,69.29,60.12,25.17,Medio
MUN_103,Manaus,RN,33,20.66,27.63,58.0,28.75,0.206,7.68,996.2,757212,252.4,57.1,63.19,28.53,21.08,Baixo
MUN_043,Santos,SC,4,26.25,31.53,59.06,35.86,0.393,6.03,97.3,2415700,149.0,84.7,25.45,36.73,24.05,Medio
MUN_127,Caxias do Sul,RS,41,18.85,21.45,77.35,24.88,0.192,2.02,1003.8,1508038,300.7,55.2,49.32,26.5,18.98,Baixo
MUN_045,Itaquaquecetuba,BA,28,25.76,31.07,60.67,55.0,0.147,2.86,43.1,1110905,402.9,72.9,48.67,61.12,27.09,Alto
MUN_190,Crato,SP,18,24.98,30.44,66.39,40.67,0.204,4.01,816.2,1922109,475.6,62.6,68.01,34.1,23.46,Medio
MUN_157,Manaus,AM,44,27.17,31.04,60.13,65.72,0.466,4.44,735.2,1928798,180.4,80.8,27.04,64.26,30.41,Baixo
MUN_045,Belém,MG,33,32.49,39.23,62.99,44.54,0.226,3.81,1085.6,1592070,397.8,68.2,55.24,29.0,34.78,Baixo
MUN_142,Ribeirão Preto,PE,39,20.04,26.16,71.59,71.6,0.433,6.45,765.1,233895,176.9,87.3,37.69,72.66,17.61,Baixo
MUN_040,Recife,BA,9,27.56,31.27,72.46,81.38,0.33,6.79,820.0,148059,163.2,100.0,32.51,85.23,26.85,Baixo
MUN_085,Fortaleza,AM,7,30.02,35.0,66.59,18.91,0.369,2.68,889.8,2120742,70.4,90.5,24.71,16.91,30.99,Baixo
MUN_113,Fortaleza,RJ,14,32.78,36.09,59.2,25.37,0.158,2.81,96.5,1412801,424.3,65.9,57.84,7.57,35.84,Alto
MUN_135,Itaquaquecetuba,PR,29,32.87,38.84,76.05,41.64,0.39,2.68,458.7,2048465,165.7,71.4,34.82,32.78,33.8,Baixo
MUN_146,Campinas,CE,39,28.34,34.32,53.31,23.49,0.163,4.27,630.7,1804512,411.5,49.4,59.07,26.79,23.16,Alto
MUN_018,Manaus,BA,36,23.26,28.98,82.45,51.63,0.308,8.12,68.0,2527766,349.3,54.8,52.46,61.29,22.97,Medio
MUN_077,Belém,BA,47,23.95,27.03,51.61,31.15,0.412,3.15,1143.7,365338,345.6,77.1,45.76,32.24,24.7,Baixo
MUN_091,Macaé,PR,2,25.13,30.51,61.74,73.14,0.29,7.31,1137.3,2396384,214.6,72.3,51.51,72.34,27.04,Baixo
MUN_127,Uberlândia,BA,20,26.44,30.21,68.86,84.3,0.4,7.68,793.1,445060,336.6,60.6,65.59,79.89,24.53,Medio
MUN_109,Curitiba,RS,47,23.93,26.99,52.31,51.37,0.411,4.61,382.6,2559752,422.9,55.3,68.27,39.31,24.7,Alto
MUN_198,Crato,PE,27,29.17,35.55,79.97,60.82,0.232,5.89,1102.8,2779187,34.5,96.3,3.33,61.84,25.47,Baixo
MUN_132,Ribeirão Preto,GO,44,23.27,30.71,74.36,18.02,0.234,3.9,450.4,1528424,62.1,96.3,14.95,9.58,24.02,Baixo
MUN_134,Goiânia,RS,9,24.32,30.39,55.13,50.99,0.261,2.53,701.8,2609710,479.5,78.4,55.2,46.35,30.94,Medio
MUN_108,Macaé,GO,40,26.51,31.88,70.53,111.95,0.512,7.04,326.5,798401,481.2,57.1,89.49,110.36,27.86,Alto
MUN_111,Ribeirão Preto,TO,19,25.62,31.06,63.78,71.25,0.286,7.29,895.7,112389,83.2,87.6,18.44,65.97,21.17,Baixo
MUN_120,Sorocaba,TO,4,27.48,30.69,66.09,58.22,0.343,4.63,490.6,2820663,263.5,74.2,36.56,73.29,27.86,Medio
MUN_189,Salvador,MG,18,24.45,29.4,55.46,57.25,0.344,3.97,28.5,2245012,172.8,72.9,35.29,76.14,26.71,Medio
MUN_001,Recife,PE,38,25.72,31.08,63.19,47.6,0.314,6.73,828.4,542830,324.0,75.5,46.76,35.81,23.4,Alto
MUN_089,Uberlândia,PA,28,25.99,30.96,54.84,6.76,0.235,0.91,276.2,745763,214.6,68.9,51.05,0.13,26.61,Medio
MUN_023,Natal,BA,2,25.58,30.71,51.85,21.95,0.327,5.35,299.7,696279,401.0,54.2,63.76,37.95,23.57,Alto
MUN_116,Ribeirão Preto,TO,26,26.43,33.22,55.56,28.26,0.222,2.93,43.8,1147296,247.9,55.8,52.65,24.89,26.06,Medio
MUN_057,Campinas,CE,39,27.81,33.53,73.08,40.97,0.2,4.31,27.8,887558,456.9,46.0,69.73,62.09,26.47,Medio
MUN_012,Recife,AM,19,28.05,34.67,66.69,25.95,0.266,5.52,206.2,2830967,137.6,80.5,33.34,30.57,28.11,Medio
MUN_100,Manaus,RJ,4,33.18,39.67,85.64,142.81,0.571,9.27,453.6,1231127,30.8,91.2,35.65,135.82,33.03,Medio
MUN_109,Palmas,TO,17,25.54,31.55,73.13,37.39,0.195,3.09,985.4,1525979,86.6,77.9,38.57,21.7,24.16,Baixo
MUN_077,Uberlândia,CE,3,26.25,31.27,68.69,78.79,0.459,7.02,280.5,865483,369.2,38.8,67.39,81.62,30.46,Alto
MUN_057,Itaquaquecetuba,RJ,52,29.79,36.44,96.3,153.58,0.522,8.82,75.3,888195,264.4,88.7,57.33,146.92,31.01,Medio
MUN_125,Sorocaba,MG,1,23.21,27.51,69.07,51.79,0.29,4.8,1137.7,144303,371.4,63.4,53.76,52.93,23.33,Baixo
MUN_067,Caxias do Sul,RS,38,20.57,26.31,50.15,25.27,0.314,2.15,203.5,2341966,316.9,75.2,61.96,26.67,18.47,Alto
MUN_009,Uberlândia,BA,29,19.25,24.3,45.83,10.71,0.278,2.19,447.7,516554,181.7,90.9,42.81,13.3,20.36,Baixo
MUN_173,Santos,PR,30,25.17,30.34,78.45,34.33,0.32,3.0,454.9,1141185,340.6,72.6,70.19,35.62,25.24,Alto
MUN_127,Palmas,AM,23,28.82,34.54,69.68,49.14,0.23,0.96,116.3,147514,248.8,49.6,36.66,42.99,28.53,Alto
MUN_023,Montes Claros,SC,16,19.27,25.31,65.61,81.63,0.437,3.29,701.8,1813924,378.2,55.2,53.07,93.83,18.76,Alto
MUN_115,Santos,RS,42,30.49,35.93,59.54,69.75,0.355,3.26,225.0,2504673,495.5,62.5,71.59,66.15,29.49,Alto
MUN_024,Ribeirão Preto,PA,13,32.91,38.51,69.28,90.13,0.235,7.12,383.5,2443166,59.3,78.5,23.77,84.92,35.23,Medio
MUN_149,Crato,RJ,14,25.56,31.49,55.25,46.51,0.204,3.23,639.7,468750,441.8,60.4,61.26,37.19,28.62,Alto
MUN_157,Sorocaba,PR,30,26.94,30.65,67.52,20.82,0.273,3.88,245.7,1798578,359.9,76.1,52.77,20.51,24.92,Alto
MUN_194,Recife,RS,52,21.96,27.6,58.01,73.38,0.271,5.83,37.8,2264086,118.9,86.5,36.91,70.5,26.54,Medio
MUN_080,Palmas,BA,7,20.5,26.51,82.02,53.94,0.278,7.35,387.2,2930054,477.7,55.2,79.93,61.76,17.19,Alto
MUN_186,Manaus,BA,14,29.54,34.1,67.76,77.11,0.468,5.37,690.0,1261793,109.6,82.9,34.42,61.69,32.02,Baixo
MUN_166,Fortaleza,PE,34,31.64,36.85,57.72,73.49,0.117,5.18,981.1,1665679,355.1,58.1,78.25,80.62,33.89,Medio
MUN_027,Fortaleza,SC,9,23.34,26.93,66.18,37.08,0.216,4.19,174.6,1430752,147.8,64.7,16.67,28.23,25.23,Baixo
MUN_173,Goiânia,PA,20,26.42,30.93,93.11,143.33,0.53,9.85,277.3,247383,249.4,63.7,52.31,144.95,25.63,Medio
MUN_077,Natal,RJ,48,25.46,30.2,59.14,26.5,0.318,1.13,577.0,1731862,371.7,66.6,53.79,2.51,25.22,Alto
MUN_132,Campinas,CE,9,32.77,38.5,61.24,50.19,0.15,3.48,298.0,75813,396.8,61.8,74.97,41.23,33.73,Medio
MUN_162,Sorocaba,BA,16,25.58,31.42,54.6,35.8,0.263,3.99,219.7,1290385,494.2,48.6,64.24,35.76,27.87,Medio
MUN_078,Fortaleza,RN,22,27.02,34.0,56.07,22.03,0.256,1.13,991.4,125860,204.0,86.5,24.26,39.22,26.19,Baixo
MUN_175,Ribeirão Preto,AM,12,23.04,27.41,57.58,27.48,0.246,3.08,1019.9,443330,177.7,77.1,28.41,41.97,20.91,Baixo
MUN_029,Caxias do Sul,AM,51,22.9,26.86,81.33,82.4,0.445,6.96,191.7,182181,337.6,59.1,66.89,84.29,23.79,Alto
MUN_081,Crato,RS,41,26.34,31.87,53.8,36.08,0.255,5.69,1161.3,1290078,179.7,67.9,35.41,31.55,32.07,Baixo
MUN_095,Manaus,SC,27,25.05,30.07,69.38,49.59,0.369,5.7,350.6,813758,428.8,55.7,65.2,58.49,25.04,Medio
MUN_178,Recife,SP,43,24.88,31.1,56.37,33.69,0.314,2.6,178.7,217854,342.3,62.6,68.61,34.35,24.27,Alto
MUN_027,Curitiba,RJ,3,27.03,31.74,62.42,38.35,0.245,3.13,1023.2,223766,401.2,68.3,45.77,44.29,27.51,Baixo
MUN_079,Campinas,PE,50,20.24,27.29,63.3,119.51,0.511,6.62,133.2,1708503,214.0,58.5,28.98,129.69,20.03,Alto
MUN_008,Caxias do Sul,GO,41,23.15,29.76,72.44,71.43,0.342,6.62,1036.4,2885327,477.7,72.6,51.01,59.05,22.5,Alto
MUN_131,Montes Claros,BA,39,27.47,32.89,56.85,58.77,0.494,5.73,92.2,780255,424.6,53.5,84.77,57.67,27.39,Alto
MUN_031,Recife,TO,52,27.56,32.26,58.6,54.01,0.408,7.76,135.1,1290121,313.8,60.2,54.88,60.48,22.65,Medio
MUN_083,Sorocaba,SP,44,28.04,33.81,58.77,18.14,0.239,0.0,943.4,717342,334.5,70.4,54.08,0.17,29.04,Baixo
MUN_116,Ribeirão Preto,TO,26,26.43,33.22,55.56,28.26,0.222,2.93,43.8,1147296,247.9,55.8,52.65,24.89,26.06,Medio
MUN_023,Macaé,SP,6,30.07,34.59,55.39,27.22,0.267,3.13,888.9,2542634,419.0,68.8,55.14,18.11,32.97,Medio
MUN_171,Recife,RS,7,19.91,23.61,57.79,38.82,0.242,6.91,460.2,1885260,234.7,71.0,59.31,47.87,18.92,Alto
MUN_061,Fortaleza,PE,51,27.47,33.17,57.52,104.45,0.274,9.02,631.4,1379437,498.4,47.3,90.79,108.0,29.74,Alto
MUN_006,Fortaleza,RN,28,25.35,29.32,57.64,49.15,0.279,5.61,426.6,761510,303.8,75.3,42.21,51.4,25.94,Medio
MUN_118,Crato,AM,41,23.3,28.72,64.53,23.79,0.31,3.08,1160.0,1064517,313.4,72.3,54.15,23.08,23.14,Baixo
MUN_173,Araguaína,BA,13,20.59,26.48,71.33,35.94,0.293,3.13,378.5,1968029,324.2,73.8,67.24,44.53,18.86,Medio
MUN_148,Fortaleza,MG,17,27.15,33.44,66.46,57.36,0.277,5.57,185.9,2683675,489.4,65.7,84.73,62.62,29.12,Medio
MUN_027,Uberlândia,TO,24,26.19,30.34,73.84,66.48,0.264,6.64,281.0,2672857,256.0,69.7,38.99,48.19,27.37,Medio
MUN_083,Fortaleza,SP,11,29.35,34.34,66.4,73.72,0.361,7.51,897.7,1414789,423.6,48.1,96.16,92.94,26.24,Alto
MUN_187,Campinas,PE,24,33.3,37.77,72.56,49.81,0.282,5.11,201.4,1690609,493.1,57.9,56.75,47.27,32.56,Alto
MUN_054,Manaus,MG,35,24.5,27.15,54.78,35.16,0.252,6.4,824.5,760793,461.7,64.7,71.63,50.52,19.32,Medio
MUN_134,Itaquaquecetuba,RS,8,21.0,25.96,56.31,91.96,0.277,8.56,604.5,1034663,23.1,74.2,6.0,91.17,23.3,Baixo
MUN_045,Montes Claros,PA,16,25.79,31.19,61.52,39.74,0.354,8.04,735.8,2846010,424.5,63.7,64.55,28.56,28.24,Alto
MUN_159,Natal,CE,49,31.63,36.09,70.99,91.42,0.381,9.03,336.3,1076779,121.2,100.0,26.63,89.78,32.12,Medio
MUN_027,Goiânia,CE,38,24.34,28.06,69.73,23.1,0.226,1.99,597.1,2753231,324.5,63.8,43.06,25.86,25.17,Medio
MUN_152,Montes Claros,MG,12,28.02,33.53,63.14,34.81,0.176,6.35,744.1,2768995,63.9,93.6,0.0,39.78,27.98,Baixo
MUN_154,Palmas,TO,49,27.18,33.79,70.68,12.89,0.332,1.45,374.7,2731635,493.6,70.4,60.4,17.71,29.59,Medio
MUN_145,Natal,SC,44,27.09,31.79,55.07,50.55,0.355,5.85,141.8,1592370,319.2,77.7,29.15,48.74,29.27,Medio
MUN_100,Manaus,RN,51,25.58,30.79,63.9,71.29,0.218,5.05,797.5,356706,471.7,51.2,78.24,72.39,25.44,Alto
MUN_191,Salvador,SP,18,21.8,27.3,54.8,43.92,0.36,4.9,231.8,124177,368.2,66.7,58.32,45.42,21.0,Alto
MUN_141,Campinas,PE,50,24.7,30.46,66.15,48.39,0.298,2.21,821.3,909953,107.8,100.0,9.61,57.15,23.9,Baixo
MUN_003,Montes Claros,SC,39,21.47,26.83,65.05,44.75,0.149,1.13,147.4,1345320,102.6,84.6,34.64,53.52,19.79,Medio
MUN_031,Palmas,SP,42,28.73,36.54,66.51,49.66,0.286,3.89,397.3,2133530,353.4,71.6,49.89,52.06,24.96,Medio
MUN_105,Goiânia,MG,12,25.34,33.75,52.35,83.78,0.507,4.4,419.7,650229,182.2,75.8,41.1,88.75,23.18,Medio
MUN_017,Araguaína,RS,30,34.25,39.73,70.0,80.82,0.311,2.16,32.3,1927868,400.2,50.3,55.56,72.41,36.1,Medio
MUN_143,Recife,RJ,52,28.72,34.77,88.78,27.61,0.159,3.43,1002.7,1545056,222.2,83.3,28.98,12.95,31.93,Baixo
MUN_130,Fortaleza,RN,27,24.4,27.48,58.82,45.06,0.309,3.38,437.8,2347167,279.0,75.3,41.29,44.22,25.57,Medio
MUN_023,Palmas,MG,11,26.29,33.75,70.83,89.43,0.308,4.65,58.5,2907586,439.1,47.1,75.07,80.81,27.38,Medio
MUN_060,Crato,BA,10,28.05,32.3,72.31,56.27,0.325,6.44,989.3,698780,406.8,74.9,84.64,52.6,28.1,Baixo
MUN_181,Santos,MG,33,32.35,38.51,55.26,49.45,0.381,4.6,378.4,2403627,348.0,69.8,75.59,51.3,32.36,Alto
MUN_186,Sorocaba,SC,28,25.26,30.22,64.47,18.45,0.268,0.22,305.4,1159280,412.9,66.3,55.68,11.06,23.48,Alto
MUN_151,Sorocaba,CE,15,21.78,25.86,55.33,24.81,0.156,3.79,924.8,1310065,167.8,69.5,16.06,25.19,22.4,Baixo
MUN_045,Curitiba,MG,15,27.95,32.3,65.02,50.52,0.316,5.4,789.1,1927817,379.7,65.2,46.73,37.45,28.47,Medio
MUN_034,Araguaína,TO,30,24.21,31.04,56.46,70.73,0.428,5.49,442.8,2239152,319.2,79.3,50.79,80.23,26.03,Medio
MUN_133,Ribeirão Preto,PA,43,25.8,31.11,75.82,87.06,0.286,6.89,386.9,2425289,341.6,65.8,45.38,91.14,25.74,Medio
MUN_073,Montes Claros,PA,14,27.47,31.2,58.98,38.18,0.198,2.04,266.1,918506,170.9,77.1,41.56,36.33,28.4,Medio
MUN_182,Salvador,PR,19,26.26,31.86,67.7,21.71,0.32,6.24,239.6,1256030,403.5,62.3,56.24,26.25,25.05,Medio
MUN_180,Salvador,PR,31,25.25,29.67,76.7,90.55,0.368,9.7,676.4,233944,378.9,76.6,74.62,79.34,21.8,Alto
MUN_137,Natal,BA,11,21.77,23.88,49.29,21.4,0.201,2.84,855.3,1646853,341.2,51.5,67.21,7.56,22.41,Alto
MUN_105,Itaquaquecetuba,PR,33,24.67,29.56,85.09,55.93,0.182,5.53,910.8,2916094,487.8,46.5,112.06,41.98,26.23,Alto
MUN_113,Recife,SC,21,29.65,34.0,93.67,104.96,0.498,2.81,1110.3,2071164,130.0,68.3,51.94,91.17,26.9,Baixo
MUN_188,Crato,PA,22,25.68,30.03,78.56,34.82,0.247,3.29,39.2,798706,125.2,74.3,38.32,26.67,24.81,Medio
MUN_189,Fortaleza,CE,32,31.29,38.09,77.8,84.46,0.367,3.43,674.3,1737547,497.8,53.2,89.02,101.76,33.02,Alto
MUN_057,Caxias do Sul,AM,45,28.91,34.49,65.37,99.37,0.347,9.24,349.9,2212679,238.6,61.9,59.29,97.11,30.58,Medio
MUN_122,Palmas,RJ,37,27.89,31.29,57.22,2.68,0.242,0.0,79.3,2421638,326.2,59.6,59.74,9.13,28.37,Medio
MUN_076,Manaus,PE,38,25.01,28.39,61.2,6.13,0.25,3.11,601.8,1914389,283.3,67.1,41.46,14.29,24.06,Medio
MUN_155,Santos,SP,34,26.98,31.81,46.91,20.36,0.191,1.01,487.7,2255914,460.5,57.3,51.99,14.12,24.24,Medio
MUN_014,Manaus,PE,10,29.59,35.11,56.91,34.34,0.309,2.82,396.4,283452,202.4,74.0,46.31,14.25,29.39,Medio
MUN_095,Araguaína,PA,22,28.44,35.42,55.49,20.33,0.378,4.68,852.9,1753238,217.3,71.2,32.89,25.07,25.32,Baixo
MUN_112,Araguaína,PA,26,24.64,27.33,49.61,14.92,0.136,3.54,173.3,1291572,311.8,70.9,47.06,16.37,25.58,Alto
MUN_172,Crato,RN,11,23.97,28.21,50.3,25.2,0.294,1.24,693.4,1814741,89.9,80.8,16.91,44.01,24.7,Baixo
MUN_100,Crato,PA,36,22.62,27.42,82.18,127.68,0.325,9.36,1016.0,1911449,69.1,86.0,15.25,128.87,23.64,Baixo
MUN_157,Montes Claros,PR,20,24.43,29.11,42.78,4.64,0.166,0.6,685.4,2872994,490.9,56.5,75.58,-4.49,23.95,Alto
MUN_053,Caxias do Sul,MG,52,19.46,27.66,63.14,61.67,0.332,5.32,86.0,332310,422.3,59.5,50.22,59.4,21.97,Medio
MUN_062,Fortaleza,MG,36,21.48,27.45,58.28,64.32,0.271,4.95,170.0,739462,474.4,46.3,84.98,66.85,20.4,Alto
MUN_157,Araguaína,TO,48,26.21,31.43,60.03,19.09,0.163,3.57,841.4,2353421,176.8,78.2,24.57,15.65,28.43,Baixo
MUN_049,Uberlândia,CE,5,24.3,27.93,54.76,85.2,0.407,7.07,584.8,1919548,133.8,54.2,31.96,91.58,25.62,Medio
MUN_120,Montes Claros,AM,47,25.49,29.07,58.07,11.73,0.231,0.45,259.7,2119419,497.4,56.5,77.55,14.72,24.87,Alto
MUN_030,Ribeirão Preto,AM,27,21.55,28.86,55.74,32.57,0.461,3.68,963.2,1926469,357.8,74.7,47.12,43.3,21.44,Baixo
MUN_120,Montes Claros,AM,47,25.49,29.07,58.07,11.73,0.231,0.45,259.7,2119419,497.4,56.5,77.55,14.72,24.87,Alto
MUN_108,Itaquaquecetuba,BA,25,26.54,31.84,58.21,23.92,0.233,3.95,427.5,1787643,152.3,81.9,21.25,11.22,27.74,Baixo
MUN_053,Recife,PA,1,20.35,24.78,48.51,45.97,0.233,6.29,172.5,2114737,468.2,61.9,57.0,52.78,17.18,Medio
MUN_067,Caxias do Sul,BA,9,28.4,35.04,56.83,46.39,0.344,3.28,807.9,2302156,55.0,86.9,0.0,41.36,26.19,Baixo
MUN_012,Itaquaquecetuba,SC,24,32.77,41.12,53.71,59.31,0.329,3.93,657.2,2670536,373.7,69.8,64.05,59.63,32.95,Alto
MUN_046,Ribeirão Preto,AM,23,24.6,29.79,67.69,46.24,0.321,4.81,419.6,2371810,38.0,90.7,17.01,38.35,23.9,Baixo
MUN_059,Fortaleza,RN,41,20.91,29.22,76.59,62.68,0.38,6.15,910.6,1848507,246.4,78.1,41.37,67.76,21.13,Baixo
MUN_145,Belém,CE,23,28.48,34.18,67.16,21.4,0.292,3.42,817.7,230524,490.3,52.8,80.77,17.92,32.22,Medio
MUN_154,Goiânia,AM,37,29.21,35.85,71.44,107.51,0.47,7.51,11.3,1741643,415.6,57.2,85.46,119.26,27.5,Alto
MUN_112,Montes Claros,RJ,6,34.19,36.7,52.37,38.42,0.225,4.63,1168.0,844888,218.0,82.2,52.94,39.61,34.61,Baixo
MUN_081,Montes Claros,PA,45,31.62,35.15,74.81,41.59,0.378,1.69,118.2,2263465,113.7,81.6,27.87,46.76,29.93,Medio
MUN_019,Caxias do Sul,BA,7,24.39,31.93,56.66,15.92,0.195,5.09,124.0,102410,204.1,80.6,19.92,28.08,26.03,Medio
MUN_199,Belém,RN,38,23.61,30.05,70.42,82.23,0.352,6.2,319.0,79186,225.8,82.2,44.6,77.49,21.4,Medio
MUN_148,Santos,BA,51,22.63,26.53,54.8,29.91,0.124,5.32,1145.0,1273945,314.6,80.1,47.05,28.02,26.57,Baixo
MUN_050,Ribeirão Preto,RN,20,31.84,35.08,57.5,30.41,0.224,1.81,980.1,279417,448.2,59.7,49.38,35.01,33.74,Baixo
MUN_081,Fortaleza,CE,44,24.09,30.02,49.78,35.3,0.255,4.25,569.2,2446725,403.1,74.2,63.94,45.42,22.24,Medio
MUN_178,Ribeirão Preto,RN,21,20.88,24.89,66.04,23.03,0.328,2.1,292.6,510614,420.3,59.4,52.64,15.34,22.64,Medio
MUN_019,Goiânia,SC,16,26.6,32.38,45.15,30.59,0.39,3.06,624.6,2447125,261.2,66.6,45.44,30.22,24.1,Baixo
MUN_036,Crato,PA,7,19.2,23.83,47.45,32.44,0.193,4.58,614.6,2495906,122.6,81.7,26.63,23.12,20.36,Baixo
MUN_091,Uberlândia,AM,38,26.04,30.71,64.79,32.4,0.239,4.72,169.2,400667,387.8,65.3,58.85,49.7,22.69,Alto
MUN_131,Crato,SP,31,30.73,35.58,48.76,6.45,0.176,1.15,132.9,1436690,334.1,53.3,59.73,-1.3,28.69,Alto
MUN_041,Curitiba,RN,39,27.98,32.12,41.87,34.64,0.165,2.87,1078.1,495863,290.1,59.8,64.0,25.76,30.47,Baixo
MUN_075,Ribeirão Preto,PA,9,23.31,29.21,53.52,26.37,0.193,3.55,53.7,989275,53.5,74.8,21.37,23.8,25.32,Medio
MUN_117,Sorocaba,TO,8,23.42,27.48,57.68,34.15,0.282,3.39,942.6,1962408,41.1,95.5,5.01,27.92,21.63,Baixo
MUN_012,Santos,GO,49,22.08,27.41,62.64,98.36,0.323,6.84,920.1,450821,318.2,85.8,27.81,123.02,22.64,Baixo
MUN_057,Macaé,RJ,37,26.82,32.45,68.38,73.74,0.308,4.98,311.5,1781334,409.2,69.3,62.89,78.85,25.36,Alto
MUN_069,Santos,SC,37,24.41,30.57,40.08,16.25,0.181,1.61,882.0,425629,216.6,80.5,37.7,9.49,27.01,Baixo
MUN_166,Santos,GO,35,18.87,24.57,67.96,60.98,0.292,4.36,426.1,1232174,430.7,61.5,90.84,67.96,20.38,Medio
MUN_025,Crato,SP,9,22.68,29.34,64.3,74.48,0.3,7.13,1055.3,2057553,102.2,84.0,15.32,71.04,22.64,Baixo
MUN_196,Crato,PA,28,28.19,35.29,73.48,139.67,0.421,12.25,1020.9,1842067,339.8,53.7,69.61,137.37,24.87,Alto
MUN_121,Goiânia,AM,3,21.84,26.09,60.27,29.52,0.163,3.0,345.7,2817367,245.5,65.3,32.36,20.38,22.61,Medio
MUN_036,Goiânia,TO,6,27.61,32.48,55.66,52.12,0.189,7.99,254.8,2074315,351.5,64.1,57.85,50.48,25.98,Alto
MUN_200,Macaé,GO,9,24.55,28.95,55.49,26.29,0.138,6.05,541.9,762526,407.0,66.4,61.83,30.76,28.6,Alto
MUN_010,Ribeirão Preto,SP,39,25.61,30.59,80.26,105.03,0.374,7.82,218.0,2616697,125.2,72.1,15.88,104.3,23.44,Medio
MUN_097,Araguaína,SP,7,21.75,29.23,60.57,9.27,0.332,0.0,908.5,255741,257.5,76.0,51.34,-4.64,24.66,Baixo
MUN_193,Araguaína,PR,1,28.87,34.58,70.54,65.9,0.496,3.77,226.0,660846,406.3,58.3,66.33,58.75,31.02,Medio
MUN_189,Araguaína,SC,45,24.32,28.99,54.77,25.8,0.216,3.11,189.1,242224,360.5,69.5,62.9,17.33,26.88,Medio
MUN_124,Recife,MG,51,24.78,28.07,58.89,73.85,0.383,5.5,954.8,2702244,481.8,54.2,63.52,82.9,26.09,Alto
MUN_039,Uberlândia,RN,3,19.65,25.22,63.75,119.54,0.409,9.07,666.9,1696299,229.1,79.0,57.93,119.98,18.6,Alto
MUN_123,Manaus,TO,8,25.79,31.32,66.69,72.98,0.388,7.22,195.8,2874246,426.3,65.2,67.81,71.87,24.81,Medio
MUN_197,Salvador,SP,48,21.3,25.94,74.77,53.45,0.379,1.03,1077.6,1704205,312.9,69.6,58.73,50.03,20.02,Baixo
MUN_106,Curitiba,CE,1,25.56,29.62,51.29,21.39,0.186,1.11,286.6,1988687,403.1,53.4,86.17,19.16,24.45,Alto
MUN_004,Montes Claros,GO,26,23.68,26.42,70.9,74.4,0.235,6.41,770.3,2699378,454.1,47.4,63.96,69.35,22.22,Alto
MUN_061,Fortaleza,PE,51,27.47,33.17,57.52,104.45,0.274,9.02,631.4,1379437,498.4,47.3,90.79,108.0,29.74,Alto
MUN_130,Curitiba,CE,52,26.17,30.03,66.61,76.21,0.428,6.66,275.6,252043,491.1,54.8,77.98,83.53,26.59,Alto
MUN_004,Montes Claros,GO,26,23.68,26.42,70.9,74.4,0.235,6.41,770.3,2699378,454.1,47.4,63.96,69.35,22.22,Alto
MUN_171,Natal,MG,42,22.78,27.84,60.22,82.77,0.386,5.14,317.8,1557385,327.4,68.6,60.34,92.52,27.06,Alto
MUN_179,Palmas,AM,46,26.78,33.07,53.63,95.87,0.446,5.81,805.5,2259151,441.2,64.2,75.42,96.0,26.3,Alto
MUN_136,Sorocaba,SC,46,23.0,27.49,39.45,18.14,0.218,3.09,516.1,2110394,487.1,58.1,70.97,22.18,22.33,Alto
MUN_080,Santos,SP,14,30.95,35.88,69.54,57.98,0.383,6.71,1008.7,2122500,452.8,35.9,90.21,55.64,32.42,Alto
MUN_053,Recife,PA,1,20.35,24.78,48.51,45.97,0.233,6.29,172.5,2114737,468.2,61.9,57.0,52.78,17.18,Medio
MUN_085,Fortaleza,CE,43,30.26,35.32,71.68,108.74,0.437,2.31,974.8,2701164,22.4,99.8,23.08,118.97,29.36,Baixo
MUN_183,Ribeirão Preto,RS,41,17.66,21.69,59.0,40.01,0.244,3.48,952.0,2782336,145.0,91.3,19.22,47.49,15.51,Baixo
MUN_105,Curitiba,RJ,15,27.52,32.59,60.54,77.41,0.268,5.38,1098.5,1328457,293.5,59.1,45.17,89.87,26.36,Baixo
MUN_073,Manaus,PA,30,24.22,28.33,60.19,35.42,0.252,1.58,490.7,1476603,448.0,48.9,80.5,38.72,18.94,Alto
MUN_108,Manaus,RJ,44,22.57,26.89,68.35,78.83,0.304,2.34,443.2,2995195,147.6,82.3,26.6,68.89,22.39,Baixo
MUN_130,Araguaína,RN,24,18.84,23.05,67.73,68.53,0.271,5.09,1173.7,337933,393.5,73.7,52.08,65.3,19.25,Baixo
MUN_116,Itaquaquecetuba,PE,24,29.84,32.46,78.71,97.27,0.382,2.35,464.1,2658433,218.7,68.0,65.18,89.84,30.18,Alto
MUN_127,Araguaína,TO,51,31.72,34.62,40.59,28.84,0.267,4.66,690.6,2909241,83.8,86.3,3.7,25.78,31.83,Baixo
MUN_195,Caxias do Sul,GO,2,27.98,32.72,68.78,83.72,0.339,5.51,970.5,2418838,34.1,83.7,19.92,86.74,25.89,Baixo
MUN_111,Salvador,PE,3,29.99,34.65,60.63,56.77,0.475,6.6,446.2,951368,421.4,64.5,69.82,66.21,30.35,Alto
MUN_147,Santos,MG,30,22.15,25.25,56.71,49.42,0.357,6.91,919.9,1182891,331.6,81.4,18.35,35.59,20.44,Baixo
MUN_117,Araguaína,PE,16,29.99,35.96,71.36,87.06,0.377,5.95,475.7,2477872,301.3,77.8,55.03,83.99,32.8,Alto
MUN_073,Montes Claros,AM,34,25.27,31.22,63.74,22.17,0.226,3.09,907.9,2160575,128.4,89.7,14.5,8.05,25.34,Baixo
MUN_040,Montes Claros,RS,22,23.14,29.4,56.33,41.2,0.297,2.97,444.5,2098530,337.8,57.4,57.07,63.63,26.53,Medio
MUN_115,Salvador,RS,10,29.07,36.45,67.98,57.43,0.265,4.13,230.0,2959146,97.9,90.8,24.68,64.65,30.58,Medio
MUN_159,Recife,MG,19,21.01,26.15,67.47,69.5,0.437,6.06,684.4,1746329,491.2,35.7,95.71,68.9,19.03,Alto
MUN_148,Campinas,BA,12,30.11,37.99,74.9,138.84,0.428,9.89,394.5,2477189,85.5,92.2,20.23,127.68,29.55,Medio
MUN_071,Araguaína,RJ,48,26.27,30.5,77.11,24.81,0.197,6.2,474.4,1781083,340.1,67.2,64.1,28.78,27.41,Alto
MUN_062,Belém,CE,20,27.73,31.23,61.69,24.89,0.247,1.01,216.2,1544197,212.0,82.2,43.31,17.67,25.44,Medio
MUN_124,Montes Claros,SP,43,25.31,27.89,62.03,53.28,0.399,2.34,468.7,2468741,248.8,78.8,38.49,49.62,25.99,Alto
MUN_014,Manaus,TO,4,22.98,28.63,60.74,82.92,0.265,1.39,151.5,1842951,143.8,87.1,11.17,92.15,23.86,Medio
MUN_076,Uberlândia,RN,6,26.21,32.68,74.62,73.72,0.336,4.14,34.2,2385024,388.0,61.4,52.59,82.03,28.6,Medio
MUN_184,Uberlândia,GO,34,22.39,27.71,79.64,120.74,0.506,5.4,948.2,1153858,447.2,55.5,89.91,118.77,22.38,Medio
MUN_131,Manaus,RJ,6,30.06,33.16,62.76,47.24,0.354,2.83,868.8,964602,338.1,76.8,42.46,53.21,30.98,Baixo
MUN_157,Crato,SC,17,18.19,24.18,63.63,49.78,0.302,8.06,244.9,2665682,270.5,79.3,44.77,48.21,22.34,Alto
MUN_198,Santos,CE,49,24.25,32.41,64.51,58.59,0.311,7.33,839.9,763641,367.2,51.3,71.11,68.37,25.19,Alto
MUN_081,Campinas,RJ,3,25.15,26.64,45.94,24.85,0.241,4.57,712.5,934541,433.9,77.7,65.73,40.68,25.17,Alto
MUN_006,Manaus,BA,27,30.32,33.68,87.71,149.27,0.366,9.32,445.3,1676947,339.5,62.2,82.87,160.75,27.33,Alto
MUN_185,Santos,CE,19,28.16,35.19,81.07,95.02,0.425,4.66,275.3,1448282,50.3,96.5,32.02,101.19,29.6,Medio
MUN_098,Itaquaquecetuba,AM,10,19.46,25.01,65.13,69.06,0.33,5.33,29.2,995364,299.9,81.5,38.66,69.73,21.85,Alto
MUN_004,Ribeirão Preto,PA,27,22.76,25.62,57.08,76.64,0.272,4.84,920.2,2047241,442.7,52.4,69.87,69.33,22.77,Alto
MUN_008,Belém,GO,9,27.94,32.72,59.11,9.04,0.204,3.76,939.1,2089646,189.8,85.0,32.05,18.32,27.48,Baixo
MUN_034,Natal,TO,2,31.03,37.26,64.14,83.04,0.297,9.43,480.1,1740779,189.4,74.0,33.68,91.46,31.7,Alto
MUN_164,Recife,MG,5,27.85,31.04,69.1,53.84,0.287,3.4,220.2,162530,237.6,80.0,53.79,39.08,31.6,Alto
MUN_106,Curitiba,CE,1,25.56,29.62,51.29,21.39,0.186,1.11,286.6,1988687,403.1,53.4,86.17,19.16,24.45,Alto
MUN_148,Belém,CE,6,27.03,31.56,79.1,98.16,0.284,2.99,859.0,1606650,396.0,63.2,81.23,114.26,27.62,Alto
MUN_031,Fortaleza,SC,16,28.22,34.8,61.9,14.62,0.155,3.58,371.4,1727782,135.1,88.0,29.4,16.76,29.67,Baixo
MUN_006,Natal,PE,11,23.56,29.36,83.84,79.83,0.19,7.24,503.8,1982720,473.1,52.6,86.16,71.17,22.03,Alto
MUN_141,Fortaleza,AM,44,32.95,35.85,75.18,89.41,0.351,4.45,208.2,391986,191.6,69.6,57.6,85.33,34.03,Alto
MUN_011,Uberlândia,RN,48,28.34,32.84,53.47,74.65,0.382,8.91,185.1,420581,260.6,67.1,49.6,61.51,28.67,Medio
MUN_179,Ribeirão Preto,RJ,22,28.4,33.23,67.17,21.29,0.337,2.15,93.6,2983376,341.0,67.4,50.65,21.91,29.29,Alto
MUN_106,Goiânia,SC,40,32.22,36.54,60.24,53.36,0.362,5.99,116.5,751254,403.5,61.8,65.87,44.65,31.88,Medio
MUN_021,Macaé,PE,3,24.0,30.32,55.41,19.38,0.427,4.68,262.1,702533,339.9,79.8,54.2,6.56,24.08,Medio
MUN_033,Santos,TO,47,18.26,22.36,49.72,24.46,0.3,0.0,202.2,2899893,367.4,64.1,39.96,39.68,17.19,Medio
MUN_010,Montes Claros,MG,10,27.93,34.35,67.73,36.98,0.239,5.91,667.0,932551,108.6,90.1,6.23,47.89,29.13,Baixo
MUN_200,Curitiba,SC,9,29.05,31.47,69.25,69.28,0.349,7.35,350.9,948873,461.9,52.0,78.09,79.54,27.58,Alto
MUN_157,Caxias do Sul,GO,9,24.82,29.87,70.98,129.45,0.482,10.01,4.5,2824053,187.7,69.3,47.27,134.8,23.8,Medio
MUN_122,Manaus,RN,21,23.07,26.87,66.41,52.41,0.317,9.86,467.0,2014270,184.6,73.0,30.67,74.1,22.61,Medio
MUN_001,Recife,PE,38,25.72,31.08,63.19,47.6,0.314,6.73,828.4,542830,324.0,75.5,46.76,35.81,23.4,Alto
MUN_108,Fortaleza,AM,45,23.68,29.44,65.64,54.81,0.238,6.64,473.0,608587,250.3,70.0,54.86,52.89,24.51,Medio
MUN_190,Campinas,PR,2,25.01,30.65,69.47,61.15,0.277,6.06,966.5,829740,445.7,65.4,57.68,63.83,28.66,Alto
MUN_012,Araguaína,RS,23,26.34,31.66,51.19,8.89,0.194,0.0,513.4,617028,473.1,70.7,70.91,7.13,23.29,Alto
MUN_047,Belém,SP,33,28.09,34.15,65.69,29.84,0.173,4.37,262.0,2783306,395.0,65.7,58.16,42.93,27.37,Alto
MUN_178,Itaquaquecetuba,PA,31,17.57,24.78,55.82,17.28,0.275,4.08,1050.5,2882937,467.3,66.7,64.24,10.22,19.43,Baixo
MUN_119,Araguaína,TO,32,28.73,36.09,54.0,37.91,0.514,2.0,1023.7,1109976,82.2,76.3,22.81,46.54,31.23,Baixo
MUN_149,Caxias do Sul,SP,37,26.52,32.61,92.28,191.67,0.535,8.18,437.2,532848,397.4,51.7,72.32,196.67,25.91,Alto
MUN_089,Salvador,RN,21,29.49,33.98,69.53,84.21,0.49,6.11,924.1,2801621,337.3,60.1,51.91,71.5,29.1,Medio
MUN_126,Recife,RN,30,26.03,30.01,58.86,13.85,0.369,5.16,305.0,1827170,63.6,84.1,12.57,10.65,25.35,Baixo
MUN_072,Araguaína,GO,40,18.6,21.54,76.26,104.62,0.287,5.77,388.0,523233,281.9,67.7,45.01,98.27,19.47,Medio
MUN_049,Belém,BA,47,23.48,28.84,70.65,80.04,0.393,8.88,32.2,2566639,464.1,45.7,87.76,92.18,22.06,Alto
MUN_074,Campinas,AM,23,25.56,29.13,64.79,55.38,0.393,5.07,792.1,2963783,490.7,46.3,84.11,54.93,28.24,Alto
MUN_128,Santos,CE,31,26.93,31.73,59.26,35.6,0.218,4.27,1042.8,1037219,369.9,71.7,67.61,19.89,27.52,Baixo
MUN_029,Crato,CE,27,28.78,34.62,56.5,17.47,0.338,5.52,621.0,1908769,407.1,62.8,65.44,15.73,30.59,Alto
MUN_123,Belém,SC,11,20.81,26.37,54.7,37.05,0.279,2.5,15.3,1157337,459.0,67.8,73.69,27.44,24.72,Alto
MUN_046,Palmas,BA,17,30.6,38.31,54.02,40.21,0.327,4.65,15.8,1300667,391.7,67.1,48.32,41.6,29.78,Alto
MUN_081,Fortaleza,SP,16,27.21,35.33,69.68,46.25,0.314,2.76,814.6,427994,122.4,82.8,27.03,55.9,24.23,Baixo
MUN_003,Goiânia,GO,1,22.06,26.82,54.18,32.94,0.201,4.05,952.2,2143680,152.7,86.5,8.78,36.4,20.75,Baixo
MUN_065,Uberlândia,BA,13,22.57,26.9,71.26,69.73,0.441,10.36,912.9,2007140,358.4,68.8,51.65,80.68,22.72,Medio
MUN_179,Fortaleza,PA,43,27.55,30.55,62.81,51.25,0.399,4.94,472.0,2111666,68.8,89.1,13.33,55.57,25.85,Baixo
MUN_092,Curitiba,CE,14,24.22,28.5,64.18,71.64,0.38,6.63,485.4,2919206,247.4,71.4,36.51,51.27,22.17,Medio
MUN_149,Goiânia,BA,1,26.41,31.9,61.34,12.6,0.157,2.44,448.8,1808386,315.4,47.1,66.91,22.75,30.85,Alto
MUN_031,Manaus,PR,42,29.46,33.85,64.22,57.66,0.361,3.92,419.9,2677641,485.3,55.0,69.45,58.78,27.9,Medio
MUN_044,Goiânia,PR,50,20.29,27.06,89.17,137.53,0.471,9.37,566.8,580224,298.4,65.0,48.92,122.5,21.97,Alto
MUN_091,Araguaína,BA,27,21.65,26.14,54.12,22.51,0.4,7.15,599.7,547309,96.5,86.5,19.48,18.83,21.11,Baixo
MUN_039,Macaé,RS,32,26.67,31.59,66.49,64.11,0.314,5.58,679.0,625188,480.3,62.8,67.16,65.33,28.6,Medio
MUN_165,Uberlândia,AM,9,25.82,29.48,66.23,58.6,0.277,2.33,8.4,1587915,191.0,65.0,52.03,60.97,26.76,Alto
MUN_162,Belém,PR,26,33.14,38.55,59.07,36.14,0.398,3.07,1003.5,1513698,363.8,68.2,55.61,18.19,31.87,Baixo
MUN_132,Manaus,GO,8,21.97,26.37,58.11,17.9,0.315,3.03,849.7,2761723,131.2,84.2,17.2,21.99,25.84,Baixo
MUN_033,Ribeirão Preto,MG,22,31.68,37.38,60.76,28.67,0.185,2.42,808.2,638961,279.7,64.9,54.73,26.83,34.21,Baixo
MUN_024,Araguaína,BA,51,26.05,32.07,53.86,66.85,0.22,4.4,87.4,1081879,463.7,53.3,71.74,74.16,25.08,Medio
MUN_055,Palmas,RJ,16,27.13,33.48,66.79,70.3,0.373,2.2,978.3,920116,188.1,62.3,57.53,58.26,25.74,Baixo
MUN_090,Curitiba,SC,1,22.29,27.59,55.03,11.64,0.185,2.27,581.7,600886,291.3,68.2,53.08,14.97,19.86,Baixo
MUN_084,Uberlândia,TO,45,23.24,29.06,43.61,24.36,0.197,1.49,766.1,2908304,379.4,50.7,66.53,12.86,25.45,Alto
MUN_027,Ribeirão Preto,TO,31,24.92,30.29,72.53,95.81,0.378,7.92,438.0,99091,97.0,76.2,30.96,89.98,22.84,Medio
MUN_116,Uberlândia,PR,22,29.34,34.83,45.8,39.79,0.333,4.45,239.3,2347765,298.6,72.6,37.51,51.23,29.35,Medio
MUN_180,Curitiba,SP,24,30.32,33.83,48.3,26.86,0.12,3.24,774.4,1783548,499.3,54.3,75.91,22.23,29.61,Alto
MUN_033,Macaé,CE,13,30.48,34.8,60.61,39.77,0.277,2.22,631.2,973285,155.2,76.5,28.55,32.71,33.0,Baixo
MUN_021,Natal,PE,8,33.32,38.51,65.24,102.35,0.477,12.33,736.4,244512,390.1,61.3,70.33,104.22,31.6,Medio
MUN_045,Araguaína,SP,36,28.65,33.3,62.11,61.79,0.444,7.74,83.4,868808,83.1,74.1,20.6,74.88,25.77,Medio
MUN_010,Belém,GO,39,23.35,30.73,62.47,40.8,0.219,2.72,54.6,1290845,458.4,47.6,83.13,63.74,25.24,Alto
MUN_070,Goiânia,SP,8,19.93,24.18,62.58,53.48,0.363,3.32,1013.7,851498,244.9,73.4,33.32,52.67,22.23,Baixo
MUN_052,Macaé,RN,16,22.09,27.1,67.42,23.3,0.257,0.63,830.8,1453812,375.6,56.8,59.94,16.03,24.06,Alto
MUN_056,Curitiba,GO,34,17.66,22.95,46.1,42.36,0.357,5.16,821.3,2623089,249.8,63.5,53.87,42.52,19.72,Baixo
MUN_027,Natal,TO,33,29.71,35.53,51.88,52.76,0.233,3.26,73.3,888039,344.0,83.8,45.88,40.16,29.57,Medio
MUN_142,Campinas,SC,38,24.86,27.82,63.98,35.79,0.246,1.17,158.7,827513,91.1,82.5,37.03,42.4,22.22,Medio
MUN_077,Itaquaquecetuba,RS,18,25.46,31.44,44.66,29.46,0.307,3.37,480.0,492423,354.4,66.6,68.11,39.3,29.11,Alto
MUN_100,Manaus,RN,51,25.58,30.79,63.9,71.29,0.218,5.05,797.5,356706,471.7,51.2,78.24,72.39,25.44,Alto
MUN_004,Campinas,TO,35,25.87,31.59,70.13,83.99,0.466,7.31,140.5,446905,90.0,93.1,23.29,79.18,27.27,Medio
MUN_052,Belém,CE,30,25.5,27.74,49.81,31.01,0.212,2.12,852.3,1353655,138.1,90.4,44.77,19.77,28.04,Baixo
MUN_019,Salvador,RN,9,26.08,31.89,70.4,55.13,0.394,2.46,454.0,770065,298.1,57.1,68.65,67.55,25.78,Alto
MUN_191,Palmas,CE,15,26.45,32.35,63.53,52.26,0.308,5.71,206.3,1248806,196.6,75.7,56.16,77.97,28.35,Medio
MUN_005,Campinas,RN,48,19.62,25.93,59.6,62.41,0.417,7.9,64.8,610138,241.8,66.4,44.65,57.1,20.85,Medio
MUN_091,Curitiba,RS,1,31.67,35.39,61.54,58.0,0.324,3.03,855.6,2222614,444.4,57.7,70.88,61.19,32.23,Medio
MUN_056,Santos,TO,13,30.69,35.01,54.62,16.56,0.228,3.34,421.6,1699815,79.4,83.2,17.58,14.34,29.41,Baixo
MUN_157,Crato,SP,10,21.67,24.82,61.53,63.62,0.242,5.39,317.5,565801,53.3,90.5,14.58,64.96,23.99,Medio
MUN_168,Goiânia,SC,35,24.66,30.27,58.63,41.67,0.19,5.29,625.6,898644,480.9,66.3,65.37,38.89,25.07,Alto
MUN_049,Montes Claros,PA,24,25.77,30.61,58.85,40.03,0.393,0.61,644.6,2653737,35.2,82.4,31.48,37.43,23.98,Baixo
MUN_166,Sorocaba,RJ,46,24.36,30.34,56.12,22.15,0.218,3.3,471.3,695652,486.8,65.5,46.77,24.92,21.07,Medio
MUN_165,Fortaleza,CE,43,25.7,30.35,62.48,67.39,0.112,5.87,26.2,455016,38.9,75.9,30.1,68.43,24.78,Medio
MUN_113,Fortaleza,RJ,14,32.78,36.09,59.2,25.37,0.158,2.81,96.5,1412801,424.3,65.9,57.84,7.57,35.84,Alto
MUN_004,Ribeirão Preto,CE,7,24.34,31.19,65.86,91.91,0.284,6.49,508.8,2196426,489.3,61.5,59.43,96.82,24.98,Alto
MUN_085,Salvador,RN,40,29.0,32.38,65.42,71.0,0.382,4.92,57.2,448281,486.8,58.5,68.23,67.15,29.91,Alto
MUN_112,Crato,PE,10,27.02,31.15,66.28,39.01,0.196,4.42,161.9,1475923,144.6,67.2,50.17,52.43,28.64,Alto
MUN_103,Recife,AM,14,24.17,28.99,58.7,32.41,0.181,4.19,74.3,1671396,91.6,78.9,26.6,46.2,23.25,Alto
MUN_088,Montes Claros,RN,48,26.22,33.71,80.77,79.2,0.361,5.08,67.5,1348115,386.8,41.8,89.37,85.26,28.03,Alto
MUN_092,Campinas,PE,9,26.48,30.8,61.24,32.19,0.334,5.25,90.0,1168382,388.0,52.4,57.24,26.42,26.51,Medio
MUN_163,Santos,RN,28,23.72,29.8,66.75,71.19,0.27,7.73,730.9,1413372,350.3,53.2,51.79,91.71,23.75,Alto
MUN_123,Sorocaba,PE,12,24.02,29.34,74.72,97.38,0.36,6.65,414.5,515837,100.5,80.1,50.2,84.59,22.84,Medio
MUN_012,Santos,GO,49,22.08,27.41,62.64,98.36,0.323,6.84,920.1,450821,318.2,85.8,27.81,123.02,22.64,Baixo
MUN_016,Caxias do Sul,SP,6,24.49,29.19,66.06,56.72,0.433,3.86,136.8,2898715,451.5,71.3,61.13,61.57,23.63,Medio
MUN_188,Fortaleza,PE,16,24.9,31.43,63.8,41.83,0.318,0.85,985.5,490641,191.1,77.0,41.71,31.0,26.52,Baixo
MUN_106,Caxias do Sul,RS,6,26.21,32.44,60.43,37.39,0.272,4.98,912.6,1717118,432.7,66.3,46.5,31.89,24.14,Alto
MUN_017,Sorocaba,RJ,17,21.05,23.53,74.17,41.6,0.351,1.47,27.9,70010,327.3,76.5,50.71,39.79,21.84,Medio
MUN_125,Araguaína,GO,9,22.72,27.36,72.84,70.4,0.37,7.66,92.4,920061,99.5,95.8,27.74,80.74,22.92,Alto
MUN_148,Montes Claros,TO,41,21.15,26.37,64.57,51.5,0.253,5.51,1132.9,761988,297.0,85.1,38.88,70.4,25.19,Baixo
MUN_100,Caxias do Sul,RJ,16,26.33,31.96,58.07,47.12,0.263,5.57,957.9,2202776,397.1,51.2,58.82,42.22,30.22,Alto
MUN_112,Montes Claros,PA,30,25.02,30.17,77.76,68.93,0.362,5.16,344.1,484905,260.0,73.7,64.85,60.95,26.88,Medio
MUN_162,Palmas,GO,44,36.63,41.97,53.81,17.73,0.085,7.24,115.1,1579663,178.2,76.1,30.19,7.48,36.8,Medio
MUN_037,Araguaína,RN,52,28.87,35.75,81.69,116.58,0.502,9.55,96.8,823751,419.1,61.7,65.78,90.16,29.45,Alto
MUN_180,Itaquaquecetuba,PE,29,20.02,26.37,64.97,49.27,0.305,4.16,877.3,2742700,23.4,79.1,21.3,44.88,19.28,Baixo
MUN_039,Natal,RN,8,30.51,36.43,63.42,37.43,0.289,5.48,498.7,743255,260.3,74.1,46.34,33.49,30.22,Medio
MUN_192,Curitiba,GO,39,28.12,32.34,67.03,63.44,0.349,5.48,1178.5,2037859,375.1,48.4,71.16,64.98,27.28,Baixo
MUN_191,Sorocaba,SP,47,20.56,27.63,61.85,36.77,0.297,4.42,64.3,880981,224.1,66.7,37.71,34.56,21.35,Medio
MUN_181,Curitiba,SC,30,19.42,24.42,68.26,57.07,0.311,4.99,807.3,393133,111.2,82.8,35.58,74.44,16.58,Baixo
MUN_141,Belém,RN,13,29.73,34.28,62.67,64.23,0.477,4.02,715.8,247934,90.1,85.2,28.14,61.04,30.99,Baixo
MUN_048,Palmas,CE,17,21.8,25.73,78.67,58.42,0.155,3.7,243.5,1270806,305.0,81.7,45.08,59.2,19.57,Alto
MUN_114,Recife,SP,15,23.33,29.74,68.76,31.31,0.272,0.63,407.5,2815348,117.8,82.3,23.97,54.38,23.95,Baixo
MUN_069,Santos,SC,37,24.41,30.57,40.08,16.25,0.181,1.61,882.0,425629,216.6,80.5,37.7,9.49,27.01,Baixo
MUN_052,Palmas,TO,8,28.41,34.15,72.33,88.88,0.384,8.04,959.9,2137035,454.8,60.4,76.46,87.55,29.2,Medio
MUN_126,Salvador,RS,29,29.98,34.72,72.95,41.7,0.179,5.94,47.0,2939659,31.6,87.7,6.42,44.04,31.13,Medio
MUN_153,Natal,AM,35,26.67,29.45,58.5,39.16,0.268,5.38,155.5,2025202,231.5,69.0,53.94,35.59,27.98,Medio
MUN_114,Araguaína,PR,34,28.85,32.42,70.9,40.69,0.257,0.16,828.5,157594,67.2,73.4,31.52,44.56,26.72,Baixo
MUN_149,Crato,RJ,14,25.56,31.49,55.25,46.51,0.204,3.23,639.7,468750,441.8,60.4,61.26,37.19,28.62,Alto
MUN_057,Macaé,RJ,37,26.82,32.45,68.38,73.74,0.308,4.98,311.5,1781334,409.2,69.3,62.89,78.85,25.36,Alto
MUN_192,Palmas,SC,48,20.66,25.24,54.0,46.13,0.249,5.66,680.1,1094852,271.8,67.5,50.32,60.22,18.01,Medio
MUN_072,Salvador,PR,31,31.09,35.93,88.04,149.87,0.475,6.03,275.3,2571467,435.4,47.4,84.7,140.87,33.17,Alto
MUN_036,Natal,SC,27,24.92,29.77,50.69,44.45,0.286,5.48,260.3,1214821,421.1,56.4,61.66,25.0,25.27,Alto
MUN_016,Itaquaquecetuba,TO,27,23.16,29.71,62.67,52.2,0.346,5.71,1162.9,2369097,496.4,59.6,61.0,50.58,22.49,Baixo
MUN_015,Caxias do Sul,PE,25,27.36,29.87,77.38,125.88,0.532,8.52,312.1,1064024,403.9,64.0,81.21,123.09,29.02,Alto
MUN_043,Salvador,BA,17,20.33,24.58,64.19,100.08,0.403,6.96,283.3,590215,339.9,65.0,73.69,85.74,19.32,Alto
MUN_048,Campinas,PR,45,16.2,20.47,77.51,66.67,0.351,6.97,129.7,671837,472.7,55.2,73.73,59.45,13.33,Medio
MUN_008,Sorocaba,PE,25,25.13,30.84,70.2,40.92,0.279,0.0,734.6,738772,404.5,69.1,61.2,42.99,25.49,Medio
MUN_148,Salvador,PR,14,23.99,29.44,66.87,61.69,0.377,4.69,459.5,1077313,239.1,73.5,47.35,45.98,23.29,Medio
MUN_166,Recife,GO,9,30.28,35.67,65.56,32.12,0.235,6.49,1198.2,268056,214.8,55.4,48.01,38.84,28.27,Baixo
MUN_152,Campinas,AM,31,27.38,31.8,52.91,57.14,0.348,2.74,697.4,391956,445.9,55.5,84.19,42.45,27.3,Alto
MUN_017,Santos,RS,33,22.86,28.43,59.45,28.82,0.246,1.35,728.4,2493129,412.9,51.5,68.41,12.38,21.85,Alto
MUN_067,Caxias do Sul,PE,28,25.26,31.7,41.29,25.96,0.343,3.49,613.4,625621,190.7,78.9,32.42,42.89,27.58,Baixo
MUN_182,Recife,PE,33,28.62,35.55,55.07,55.34,0.207,3.96,681.5,2450520,426.8,56.3,79.69,62.3,29.97,Alto
MUN_006,Macaé,RJ,51,23.09,27.48,64.59,38.7,0.247,0.97,329.3,2873051,178.1,71.2,56.32,42.08,22.93,Alto
MUN_060,Uberlândia,BA,2,31.21,38.52,54.78,10.55,0.187,2.17,401.2,2921873,185.4,87.1,30.13,6.95,30.6,Baixo
MUN_013,Fortaleza,RJ,33,25.91,30.21,60.07,49.94,0.327,3.55,5.7,845684,361.9,62.4,87.54,48.38,27.04,Alto
MUN_044,Santos,SC,27,25.04,28.43,62.35,24.44,0.307,6.06,1178.3,1439165,487.4,52.5,68.75,30.3,29.77,Baixo
MUN_066,Ribeirão Preto,CE,35,20.17,25.78,63.83,64.12,0.258,6.62,472.0,1890328,210.3,55.8,56.14,79.48,22.99,Medio
MUN_046,Fortaleza,CE,29,21.32,27.98,58.02,40.44,0.126,3.94,680.2,2291459,467.2,57.9,85.27,50.85,20.38,Alto
MUN_046,Santos,SP,17,32.7,37.53,71.74,74.42,0.377,6.16,206.9,1241527,287.7,67.9,56.06,81.14,35.64,Medio
MUN_071,Araguaína,RJ,48,26.27,30.5,77.11,24.81,0.197,6.2,474.4,1781083,340.1,67.2,64.1,28.78,27.41,Alto
MUN_052,Santos,MG,47,21.82,28.38,68.34,6.93,0.207,1.41,183.4,2045414,34.1,100.0,5.86,-0.67,22.85,Baixo
MUN_037,Araguaína,RN,52,28.87,35.75,81.69,116.58,0.502,9.55,96.8,823751,419.1,61.7,65.78,90.16,29.45,Alto
MUN_157,Ribeirão Preto,SC,16,28.37,36.42,65.53,60.4,0.323,5.36,126.2,2040940,103.8,79.4,37.39,61.1,28.34,Alto
MUN_176,Fortaleza,BA,25,19.67,27.13,68.34,61.74,0.383,5.49,544.2,1259136,128.8,78.8,23.78,50.91,18.19,Baixo
MUN_115,Itaquaquecetuba,TO,45,26.55,29.67,64.74,55.42,0.216,7.58,70.3,1390078,158.5,63.4,43.48,48.23,24.67,Medio
MUN_118,Ribeirão Preto,CE,40,25.01,30.4,87.95,180.6,0.557,9.16,1127.9,591058,286.3,62.7,90.42,186.32,20.86,Medio
MUN_138,Araguaína,PR,29,28.96,33.31,60.59,53.07,0.338,4.45,828.8,867099,133.6,86.2,26.08,65.02,27.34,Baixo
MUN_056,Manaus,CE,50,28.14,35.79,54.77,29.81,0.306,5.24,81.3,768405,412.1,72.6,33.17,50.21,27.39,Alto
MUN_120,Campinas,SP,45,32.49,37.86,56.59,29.15,0.176,4.78,754.8,2891774,210.5,97.3,18.7,24.97,33.96,Baixo
MUN_046,Campinas,PR,51,27.81,31.55,60.92,13.17,0.331,0.47,615.5,352154,213.6,69.6,49.23,13.28,29.94,Baixo
MUN_064,Santos,TO,43,27.59,32.21,70.43,35.33,0.393,0.0,633.9,438147,484.7,43.9,89.25,27.8,24.62,Alto
MUN_004,Natal,MG,35,22.07,27.93,66.71,39.92,0.117,2.06,500.6,1941785,306.6,64.2,59.71,49.6,21.59,Alto
MUN_178,Manaus,SP,50,28.23,33.29,61.13,26.0,0.422,2.44,137.9,279162,488.3,62.2,104.21,18.04,30.17,Alto
MUN_132,Palmas,RS,41,25.38,32.58,58.75,47.06,0.29,1.8,818.5,690507,467.1,38.9,91.58,55.87,24.94,Alto
MUN_066,Curitiba,GO,14,21.49,25.32,66.91,57.99,0.354,4.04,368.3,1287053,154.6,71.8,38.87,55.69,19.92,Medio
MUN_044,Sorocaba,TO,38,23.56,29.85,66.09,87.32,0.479,4.67,6.2,483531,395.3,64.2,55.9,76.88,20.95,Alto
MUN_071,Montes Claros,RS,50,24.57,30.48,54.77,39.37,0.148,2.87,349.4,814247,382.0,64.6,68.81,34.85,23.62,Medio
MUN_069,Belém,PE,11,19.56,23.39,62.52,23.85,0.105,3.48,421.6,1221094,173.6,75.9,16.19,38.33,19.83,Baixo
MUN_108,Araguaína,RJ,18,28.79,31.55,71.52,29.13,0.366,5.54,192.3,2139226,174.6,89.4,25.48,28.33,29.6,Medio
MUN_187,Santos,RJ,27,29.62,34.16,54.52,44.76,0.37,4.18,1027.7,1901394,38.4,82.0,10.51,20.99,31.11,Baixo
MUN_048,Manaus,SC,7,25.89,31.51,58.66,44.46,0.261,5.29,929.7,1186533,312.3,58.2,53.39,47.54,22.16,Baixo
MUN_108,Caxias do Sul,BA,5,23.59,27.66,66.11,22.42,0.149,1.22,137.0,841772,224.3,66.7,39.74,38.26,25.96,Medio
MUN_193,Curitiba,SP,34,19.19,25.27,58.73,22.59,0.253,3.18,456.4,491523,400.0,62.2,73.12,21.49,18.53,Alto
MUN_010,Fortaleza,TO,47,24.62,30.24,68.95,43.35,0.244,2.6,685.2,1899762,295.9,71.1,54.1,53.65,28.34,Medio
MUN_185,Caxias do Sul,GO,49,24.13,30.55,74.74,58.35,0.305,5.63,737.8,1085564,402.5,56.6,73.69,64.04,24.12,Alto
MUN_078,Recife,RS,36,24.27,28.82,60.06,69.46,0.342,5.68,826.6,2718368,276.8,61.4,43.14,73.04,26.17,Medio
MUN_153,Macaé,SC,37,24.08,30.28,50.2,23.9,0.171,2.45,31.7,1760663,153.5,87.0,22.95,30.31,27.78,Medio
MUN_024,Macaé,GO,34,25.06,30.17,82.87,159.21,0.529,11.82,846.8,1691450,26.8,100.0,28.32,163.19,24.44,Baixo
MUN_069,Goiânia,SP,13,21.75,26.33,84.25,100.58,0.42,5.85,9.3,2834050,347.4,69.5,51.47,100.15,20.92,Medio
MUN_145,Belém,CE,23,28.48,34.18,67.16,21.4,0.292,3.42,817.7,230524,490.3,52.8,80.77,17.92,32.22,Medio
MUN_196,Itaquaquecetuba,SP,42,26.01,32.91,52.59,38.65,0.195,2.13,334.1,99835,359.0,67.7,41.48,30.2,20.95,Medio
MUN_054,Sorocaba,CE,49,16.84,20.93,51.42,36.72,0.231,4.06,324.2,89899,345.7,63.9,45.13,36.43,18.76,Alto
MUN_076,Ribeirão Preto,RS,6,22.15,28.6,52.9,8.58,0.112,2.2,368.0,1876609,87.6,80.0,13.83,10.75,21.24,Baixo
MUN_146,Fortaleza,SP,15,20.42,24.39,64.7,62.53,0.407,7.94,955.6,838673,377.6,57.8,67.8,64.43,13.31,Alto
MUN_178,Goiânia,RJ,4,27.68,32.74,54.66,23.24,0.187,3.02,402.7,1611175,55.0,77.1,17.46,27.76,28.89,Baixo
MUN_121,Recife,PE,16,29.13,32.26,65.8,77.8,0.462,4.16,451.4,2839048,258.0,64.7,62.8,83.35,30.05,Alto
MUN_085,Fortaleza,AM,7,30.02,35.0,66.59,18.91,0.369,2.68,889.8,2120742,70.4,90.5,24.71,16.91,30.99,Baixo
MUN_029,Recife,RS,50,21.83,26.22,50.17,38.09,0.372,3.07,356.6,1167183,214.5,74.3,25.41,34.75,21.42,Medio
MUN_131,Caxias do Sul,RS,46,22.7,26.51,72.51,23.33,0.353,1.62,109.5,1212451,436.5,48.5,43.37,23.07,24.29,Medio
MUN_093,Palmas,CE,38,25.96,32.82,62.38,38.36,0.231,3.02,694.7,2894292,437.6,60.0,59.03,31.59,25.13,Alto
MUN_156,Araguaína,SC,28,25.72,31.14,63.04,73.21,0.276,6.02,1021.6,2627934,187.1,86.5,36.47,73.56,25.23,Baixo
MUN_200,Ribeirão Preto,SP,46,25.43,32.05,67.27,65.79,0.078,2.88,470.5,110484,390.6,51.3,77.57,51.7,24.95,Alto
MUN_097,Recife,PA,52,23.12,27.87,61.54,49.02,0.319,4.34,1020.5,2321280,477.3,40.6,92.07,51.05,20.26,Alto
MUN_180,Salvador,TO,49,20.3,23.3,77.23,131.81,0.533,5.49,205.2,2706980,330.1,71.5,64.37,134.37,20.57,Alto
MUN_161,Sorocaba,PR,25,29.09,34.45,70.83,57.36,0.145,6.81,189.2,2090473,298.8,66.4,61.27,57.21,32.02,Alto
MUN_138,Uberlândia,PR,22,22.31,27.38,42.03,23.11,0.1,4.91,243.0,326107,484.7,56.0,65.01,22.36,22.63,Alto
MUN_057,Sorocaba,GO,15,26.58,31.37,81.07,94.77,0.292,2.86,251.4,1306937,422.3,68.5,76.36,106.03,29.01,Medio
MUN_057,Curitiba,TO,48,28.48,31.0,83.11,48.78,0.413,4.27,193.8,2583549,407.4,64.0,65.79,56.07,27.35,Alto
MUN_164,Santos,BA,19,26.22,31.28,51.65,52.3,0.262,7.47,185.8,2625203,415.5,62.4,55.72,66.8,24.82,Alto
MUN_127,Crato,SC,10,25.93,32.1,83.3,88.75,0.422,4.86,980.3,1954649,439.8,52.5,70.14,101.99,21.03,Alto
MUN_030,Montes Claros,PE,31,30.36,36.8,71.84,35.97,0.1,5.5,399.6,1031793,466.3,61.4,74.08,34.1,32.18,Alto
MUN_199,Itaquaquecetuba,TO,49,23.21,28.44,54.96,43.42,0.445,3.31,2.3,2465038,433.1,48.0,80.65,42.7,19.35,Medio
MUN_105,Crato,GO,40,37.0,43.79,56.27,50.94,0.399,6.13,768.5,2235722,312.3,60.9,77.32,36.3,38.02,Alto
MUN_008,Campinas,BA,32,25.25,29.03,63.68,32.66,0.385,5.88,1146.3,2529016,122.8,70.3,33.84,14.02,27.36,Baixo
MUN_190,Caxias do Sul,MG,17,28.76,34.21,59.95,64.34,0.401,5.33,420.1,836296,298.7,74.5,54.59,51.63,30.27,Alto
MUN_104,Salvador,AM,38,26.49,31.62,61.68,84.76,0.261,6.13,75.6,703051,77.0,84.8,22.39,67.8,25.51,Alto
MUN_034,Crato,BA,38,24.61,28.9,46.22,24.9,0.204,4.64,81.4,626077,498.6,53.0,68.19,13.46,22.26,Alto
MUN_067,Manaus,SP,50,27.17,31.61,59.19,19.41,0.292,0.0,260.4,411895,93.9,85.7,21.79,30.55,24.03,Baixo
MUN_042,Caxias do Sul,BA,36,20.93,23.15,64.43,17.62,0.205,1.97,566.5,927407,421.4,64.0,66.59,10.86,19.33,Alto
MUN_022,Goiânia,CE,36,30.85,34.53,51.89,13.15,0.229,2.73,566.0,451144,203.1,80.5,44.81,28.24,33.37,Medio
MUN_078,Caxias do Sul,CE,6,29.47,33.94,56.52,18.58,0.304,2.38,208.6,1346257,456.0,58.6,67.19,0.37,30.85,Alto
MUN_047,Santos,RS,40,24.93,30.21,72.18,77.25,0.36,6.46,586.1,1177214,363.8,68.1,75.51,72.51,27.3,Alto
MUN_158,Manaus,RJ,38,26.54,32.44,73.58,33.83,0.202,6.43,720.1,2929298,205.3,87.0,21.67,16.49,26.6,Baixo
MUN_186,Sorocaba,RS,45,27.53,32.88,61.19,12.04,0.215,1.93,593.3,79530,295.5,73.6,47.53,11.18,30.67,Baixo
MUN_122,Caxias do Sul,SC,19,31.41,37.04,49.56,21.24,0.206,4.01,427.7,1361520,492.2,46.8,86.53,1.84,29.5,Alto
MUN_131,Santos,RS,37,30.06,34.64,54.35,8.87,0.209,2.52,595.3,2969173,276.5,68.6,46.37,-2.42,31.93,Baixo
MUN_115,Manaus,SP,33,29.71,33.55,66.34,61.32,0.405,3.79,486.8,1717548,374.5,66.5,66.6,75.32,27.65,Medio
MUN_031,Caxias do Sul,MG,9,31.58,36.96,43.81,53.68,0.291,5.5,846.4,1116342,65.3,90.5,15.02,58.15,35.16,Baixo
MUN_106,Fortaleza,RN,50,23.8,27.95,77.24,69.59,0.35,4.94,257.7,2209296,110.0,100.0,24.9,58.4,23.02,Baixo
MUN_153,Montes Claros,RN,33,29.27,33.95,64.8,19.76,0.272,0.92,159.7,2429844,296.3,65.7,65.82,18.21,30.9,Medio
MUN_200,Crato,SP,9,30.27,35.74,42.21,17.53,0.306,4.42,116.8,631528,89.4,82.3,32.96,13.43,32.72,Baixo
MUN_026,Santos,TO,6,25.83,30.35,63.43,21.45,0.203,1.85,478.2,2174817,335.3,71.6,64.76,17.87,26.6,Medio
MUN_057,Belém,MG,28,29.49,36.35,60.15,66.55,0.35,3.35,869.9,1662894,158.1,96.2,27.4,80.07,31.63,Baixo
MUN_183,Sorocaba,BA,22,24.49,31.08,90.59,103.89,0.458,6.22,1182.6,1040783,250.7,73.4,45.08,115.23,26.81,Baixo
MUN_112,Sorocaba,MG,36,25.6,30.6,76.75,90.15,0.212,2.92,976.3,2114183,29.5,79.0,17.97,94.58,26.86,Baixo
MUN_081,Fortaleza,MG,32,26.9,31.55,65.79,88.47,0.398,6.94,152.9,2896515,237.3,62.4,56.11,82.55,26.49,Medio
MUN_031,Palmas,SP,42,28.73,36.54,66.51,49.66,0.286,3.89,397.3,2133530,353.4,71.6,49.89,52.06,24.96,Medio
MUN_187,Santos,RJ,27,29.62,34.16,54.52,44.76,0.37,4.18,1027.7,1901394,38.4,82.0,10.51,20.99,31.11,Baixo
MUN_136,Curitiba,GO,11,29.87,34.47,54.93,28.52,0.153,6.14,1063.1,860660,82.7,92.0,29.05,26.86,27.43,Baixo
MUN_111,Palmas,SC,31,26.36,30.54,65.4,53.29,0.334,6.64,827.5,1548544,214.6,63.8,45.95,51.51,23.87,Baixo
MUN_131,Caxias do Sul,BA,10,22.73,28.36,70.04,84.45,0.24,6.98,713.5,605766,444.1,50.0,61.98,98.82,19.21,Alto
MUN_082,Campinas,AM,36,24.59,30.59,65.25,39.94,0.335,8.9,490.9,866764,405.3,65.7,65.52,56.7,24.46,Alto
MUN_030,Palmas,RN,44,20.8,27.04,45.64,21.77,0.196,2.62,114.1,2294244,403.9,52.3,63.54,43.29,23.1,Alto
MUN_159,Fortaleza,TO,47,27.42,33.56,46.37,26.54,0.302,0.0,474.8,1136250,442.1,53.6,67.74,28.67,28.25,Alto
MUN_182,Natal,AM,39,27.04,30.96,43.32,17.51,0.286,4.59,234.4,1201307,434.4,58.9,60.79,7.85,30.4,Alto
MUN_184,Uberlândia,GO,34,22.39,27.71,79.64,120.74,0.506,5.4,948.2,1153858,447.2,55.5,89.91,118.77,22.38,Medio
MUN_146,Montes Claros,RS,24,30.92,35.62,67.02,35.24,0.258,1.0,191.7,1983391,34.9,88.5,29.95,21.17,28.28,Baixo
MUN_106,Curitiba,CE,1,25.56,29.62,51.29,21.39,0.186,1.11,286.6,1988687,403.1,53.4,86.17,19.16,24.45,Alto
MUN_086,Recife,RN,25,26.67,31.84,54.97,40.35,0.327,2.24,208.5,2858120,206.6,79.1,16.03,47.62,29.77,Medio
MUN_199,Ribeirão Preto,CE,48,24.05,29.61,60.8,6.18,0.202,2.52,441.5,240055,267.6,63.3,47.92,5.57,20.69,Baixo
MUN_103,Caxias do Sul,TO,18,26.87,31.54,64.99,83.15,0.349,6.94,581.8,578700,333.1,68.4,36.07,81.84,23.88,Medio
MUN_145,Campinas,RN,43,22.75,27.04,64.89,17.93,0.171,4.31,991.9,1242744,126.3,76.3,9.7,15.6,25.73,Baixo
MUN_143,Salvador,SP,48,25.07,29.11,46.87,16.46,0.226,8.08,25.1,2775363,41.9,75.1,28.59,15.18,27.66,Baixo
MUN_104,Goiânia,RS,7,23.38,28.53,49.92,14.94,0.25,2.14,772.3,556690,222.0,61.1,37.06,18.12,26.4,Baixo
MUN_052,Salvador,PA,26,33.31,38.7,61.64,32.63,0.363,5.54,871.3,1869116,107.9,85.5,9.65,30.69,36.93,Baixo
MUN_011,Itaquaquecetuba,CE,51,23.67,28.64,54.59,51.1,0.368,6.98,936.1,617744,476.7,68.9,71.26,42.93,24.68,Alto
MUN_036,Goiânia,TO,6,27.61,32.48,55.66,52.12,0.189,7.99,254.8,2074315,351.5,64.1,57.85,50.48,25.98,Alto
MUN_108,Fortaleza,AM,45,23.68,29.44,65.64,54.81,0.238,6.64,473.0,608587,250.3,70.0,54.86,52.89,24.51,Medio
MUN_066,Sorocaba,CE,15,26.93,31.19,75.14,33.61,0.261,2.86,1186.5,1020583,384.6,70.0,57.27,35.26,27.47,Baixo
MUN_111,Campinas,AM,32,23.5,27.96,64.85,41.33,0.26,3.42,996.5,393340,99.0,83.8,28.31,46.95,22.39,Baixo
MUN_059,Curitiba,PR,31,25.57,32.01,66.33,18.15,0.091,4.6,788.1,1037175,26.5,86.6,12.08,32.23,25.9,Baixo
MUN_124,Araguaína,RS,31,32.39,38.39,47.05,11.15,0.195,4.18,850.8,1096689,427.0,61.7,56.3,2.65,32.01,Medio
MUN_119,Uberlândia,MG,27,24.98,28.55,65.22,54.16,0.131,1.62,196.9,2032934,236.5,74.6,36.67,61.83,23.76,Alto
MUN_105,Crato,AM,24,22.25,26.86,61.9,51.07,0.272,6.76,490.2,2516710,430.5,52.9,78.12,57.64,25.98,Alto
MUN_105,Campinas,BA,51,29.16,32.99,67.14,107.33,0.227,9.17,542.3,139349,198.1,73.4,55.18,103.18,24.18,Alto
MUN_085,Palmas,CE,51,26.65,31.51,60.36,26.41,0.172,1.33,1071.6,1790981,76.2,88.7,36.68,30.81,26.6,Baixo
MUN_198,Fortaleza,AM,1,28.46,32.73,75.04,67.57,0.364,3.71,274.0,748261,74.4,83.6,16.55,71.81,27.84,Baixo
MUN_056,Manaus,GO,13,25.88,29.34,61.06,22.47,0.278,3.68,63.1,1046541,449.9,56.1,79.49,13.94,28.8,Alto
MUN_110,Sorocaba,PR,2,23.81,29.41,69.9,46.95,0.291,5.36,436.4,1695231,218.8,83.6,38.36,50.94,19.51,Baixo
MUN_058,Ribeirão Preto,RJ,49,29.44,36.65,72.34,43.74,0.332,2.99,1081.2,2674548,456.2,61.5,65.49,47.17,32.73,Baixo
MUN_081,Goiânia,RN,11,25.67,30.82,77.87,83.31,0.39,4.69,1198.9,2346135,54.0,91.9,13.94,90.3,27.39,Baixo
MUN_018,Santos,CE,52,29.83,33.64,64.22,60.44,0.229,7.46,297.0,1513218,80.2,87.8,28.46,61.04,31.21,Medio
MUN_100,Crato,RN,42,23.54,28.28,61.45,74.01,0.302,3.19,855.3,2328620,431.7,62.3,80.34,73.33,22.46,Alto
MUN_083,Itaquaquecetuba,PA,28,21.31,24.52,54.16,13.83,0.111,4.87,1187.9,334774,61.5,87.7,0.0,17.45,25.86,Baixo
MUN_121,Curitiba,PR,1,29.63,34.94,61.92,74.23,0.298,4.42,196.5,2765116,83.7,95.3,1.26,73.81,30.53,Medio
MUN_074,Natal,PR,48,22.85,28.38,62.59,35.6,0.356,4.12,302.2,2048502,491.5,63.5,85.86,28.94,22.9,Alto
MUN_189,Macaé,CE,14,28.89,33.93,78.82,38.85,0.189,3.92,278.0,2992511,79.1,86.6,13.61,55.3,28.51,Medio
MUN_190,Campinas,PR,2,25.01,30.65,69.47,61.15,0.277,6.06,966.5,829740,445.7,65.4,57.68,63.83,28.66,Alto
MUN_166,Fortaleza,PE,34,31.64,36.85,57.72,73.49,0.117,5.18,981.1,1665679,355.1,58.1,78.25,80.62,33.89,Medio
MUN_146,Curitiba,RN,20,26.06,31.02,47.14,36.75,0.168,7.32,688.6,985458,211.6,77.0,31.78,35.12,27.44,Baixo
MUN_117,Campinas,TO,31,25.97,29.88,64.34,35.99,0.287,2.12,294.1,1487217,247.5,66.2,55.39,25.01,25.94,Alto
MUN_080,Salvador,PA,46,27.94,32.91,49.85,16.54,0.417,1.08,857.4,461359,486.5,54.5,84.2,11.82,30.11,Alto
MUN_115,Sorocaba,PA,15,26.52,33.36,64.38,73.37,0.364,4.54,657.1,1752671,311.2,65.6,49.67,51.61,24.57,Medio
MUN_155,Manaus,RS,1,23.66,26.2,77.95,70.38,0.356,6.14,318.3,1591404,164.8,86.9,36.76,63.12,26.06,Medio
MUN_143,Campinas,PA,12,27.6,32.14,66.06,100.73,0.322,8.38,936.7,1065841,23.2,90.6,18.3,118.79,25.72,Baixo
MUN_008,Crato,GO,32,22.92,29.47,63.97,26.27,0.364,4.49,611.6,109303,92.6,90.3,17.38,4.26,20.74,Baixo
MUN_049,Araguaína,RS,25,26.49,30.79,75.16,44.06,0.285,0.41,246.9,1805495,219.8,88.6,44.43,39.7,25.36,Alto
MUN_017,Araguaína,RS,30,34.25,39.73,70.0,80.82,0.311,2.16,32.3,1927868,400.2,50.3,55.56,72.41,36.1,Medio
MUN_129,Curitiba,GO,20,25.36,30.75,56.05,12.64,0.18,1.98,1128.0,1660093,34.7,76.7,29.73,1.49,25.22,Baixo
MUN_111,Curitiba,SP,52,24.53,30.4,54.87,32.18,0.389,3.66,350.4,1094614,399.8,63.1,79.13,32.27,22.79,Alto
MUN_176,Ribeirão Preto,SC,7,21.84,26.49,72.26,112.75,0.367,6.79,208.5,269423,103.4,77.6,44.38,114.59,22.94,Medio
MUN_152,Belém,GO,46,27.75,32.99,78.97,30.22,0.226,3.09,398.2,1598588,292.4,54.4,57.58,10.78,26.06,Alto
MUN_032,Macaé,SC,30,23.11,26.54,56.44,18.9,0.268,2.85,567.6,1505641,345.4,57.0,46.54,19.79,24.11,Medio
MUN_097,Palmas,SP,15,28.57,31.93,47.41,31.85,0.219,4.26,696.2,640996,219.0,77.5,52.44,27.59,32.75,Baixo
MUN_085,Natal,RJ,21,23.6,31.33,65.36,52.05,0.237,3.94,855.5,2231678,142.1,72.4,41.15,20.65,22.43,Baixo
MUN_177,Macaé,SC,20,27.95,36.01,70.72,60.11,0.257,5.18,138.9,1559304,389.8,64.0,57.46,47.47,29.1,Alto
MUN_103,Montes Claros,SC,45,29.05,35.49,49.24,14.94,0.145,2.42,1177.1,2301215,299.4,67.7,60.83,11.95,29.12,Baixo
MUN_194,Manaus,PR,40,35.95,40.46,58.19,44.6,0.368,3.15,1050.7,864443,139.0,100.0,18.0,42.88,38.99,Baixo
MUN_007,Campinas,SP,7,31.77,34.66,65.67,87.73,0.295,4.69,942.9,985902,374.2,64.7,63.66,80.88,31.3,Alto
MUN_004,Palmas,GO,6,28.15,33.86,54.21,24.16,0.28,3.27,611.6,2981537,215.7,66.2,41.67,37.74,25.47,Baixo
MUN_161,Macaé,SP,18,29.91,35.46,75.67,74.99,0.324,5.9,182.3,625506,265.1,80.2,63.45,62.67,30.96,Medio
MUN_001,Goiânia,PR,51,26.01,29.83,78.19,142.6,0.449,10.17,1058.7,1087390,332.2,58.5,70.02,139.3,27.0,Alto
MUN_037,Montes Claros,GO,16,31.08,34.14,75.65,66.93,0.375,7.37,633.7,2519555,240.3,68.3,56.0,66.51,32.42,Medio
MUN_166,Recife,SC,34,30.86,37.2,73.67,112.96,0.47,8.63,288.4,2052818,230.0,65.0,40.39,99.7,24.65,Medio
MUN_137,Natal,RJ,15,25.46,29.12,71.53,66.01,0.361,2.73,32.0,284105,308.5,79.7,39.91,66.09,25.31,Alto
MUN_116,Sorocaba,BA,9,22.68,25.1,62.69,73.86,0.277,9.43,534.4,574965,389.3,60.0,58.93,82.58,23.29,Alto
MUN_103,Fortaleza,SP,3,24.84,29.65,51.41,51.73,0.271,7.04,1172.7,151242,478.9,62.9,66.53,29.37,24.13,Baixo
MUN_153,Montes Claros,PE,22,26.81,30.43,68.18,62.79,0.381,7.15,339.6,2670890,480.1,55.5,67.72,54.38,23.88,Alto
MUN_124,Caxias do Sul,MG,3,24.45,27.28,68.92,46.0,0.343,5.54,878.8,1836711,402.4,57.4,71.96,50.92,21.53,Alto
MUN_198,Santos,CE,49,24.25,32.41,64.51,58.59,0.311,7.33,839.9,763641,367.2,51.3,71.11,68.37,25.19,Alto
MUN_112,Montes Claros,PA,30,25.02,30.17,77.76,68.93,0.362,5.16,344.1,484905,260.0,73.7,64.85,60.95,26.88,Medio
MUN_176,Santos,CE,15,24.94,31.43,72.47,17.77,0.202,2.15,195.7,2576817,379.6,65.3,65.54,15.58,24.07,Medio
MUN_050,Fortaleza,SC,38,29.53,32.54,72.04,125.1,0.593,9.96,66.0,1519271,338.7,56.5,63.37,132.56,28.85,Medio
MUN_177,Caxias do Sul,BA,26,30.04,35.65,64.28,10.96,0.335,0.38,1131.8,2312164,355.7,51.9,62.72,1.19,28.37,Baixo
MUN_037,Santos,RS,29,21.0,23.45,41.68,43.49,0.305,3.58,922.4,1791170,406.0,45.8,65.41,30.71,23.12,Alto
MUN_111,Sorocaba,PE,33,28.45,33.98,54.67,13.91,0.112,3.03,993.8,542180,471.5,53.2,73.57,16.79,26.17,Baixo
MUN_107,Caxias do Sul,PE,22,25.13,30.29,56.25,24.8,0.327,5.29,1177.2,1341969,64.6,79.5,10.42,41.63,25.09,Baixo
MUN_054,Belém,RJ,52,23.0,28.12,70.7,16.77,0.285,2.6,1197.5,875282,108.8,81.2,14.32,36.79,24.07,Baixo
MUN_101,Montes Claros,CE,35,19.66,24.57,62.38,71.95,0.281,5.41,1159.7,1488342,104.4,95.4,6.53,65.68,21.88,Baixo
MUN_122,Itaquaquecetuba,PA,38,24.25,30.11,49.89,28.09,0.161,4.69,620.1,2988992,461.0,58.5,82.69,35.99,26.61,Alto
MUN_118,Manaus,GO,41,25.86,29.87,52.19,32.48,0.235,3.56,200.9,2055340,163.8,79.0,20.62,33.88,23.4,Medio
MUN_060,Uberlândia,PR,28,26.34,29.76,59.36,38.93,0.249,2.92,741.2,309336,247.7,74.1,45.92,44.87,24.51,Baixo
MUN_074,Campinas,AM,23,25.56,29.13,64.79,55.38,0.393,5.07,792.1,2963783,490.7,46.3,84.11,54.93,28.24,Alto
MUN_173,Fortaleza,GO,50,24.89,31.74,63.43,9.81,0.175,5.33,410.3,1213592,453.3,54.0,76.22,16.22,27.46,Alto
MUN_043,Campinas,TO,30,21.95,27.51,88.9,104.82,0.344,7.27,1031.8,1698280,89.0,95.4,9.34,101.34,22.28,Baixo
MUN_125,Palmas,MG,27,22.46,28.26,63.58,26.2,0.179,7.47,421.0,2375915,102.7,84.9,33.18,18.52,18.87,Baixo
MUN_114,Araguaína,TO,38,27.48,31.95,61.89,8.82,0.211,1.12,1040.2,2406400,392.1,55.8,27.34,-2.75,23.93,Baixo
MUN_022,Araguaína,TO,28,25.74,30.81,72.45,27.42,0.206,1.14,269.9,2456910,391.2,33.8,68.02,23.78,24.4,Medio
MUN_005,Palmas,RS,36,23.73,29.59,62.4,28.19,0.251,3.8,680.8,698401,234.1,71.7,49.07,33.05,26.47,Baixo
MUN_131,Manaus,AM,6,25.19,29.16,59.58,54.09,0.33,6.42,115.9,1322511,258.2,70.9,43.01,38.97,23.72,Medio
MUN_081,Araguaína,PE,41,30.05,34.19,55.12,24.88,0.311,2.28,45.7,919931,422.0,75.2,61.41,37.39,29.67,Alto
MUN_096,Ribeirão Preto,SP,21,30.65,35.7,63.67,43.14,0.285,4.52,352.2,1721457,307.4,67.0,59.76,32.04,34.14,Alto
MUN_193,Recife,GO,41,23.65,29.4,79.09,31.16,0.165,0.69,641.0,2698988,251.6,53.2,59.05,35.59,26.43,Alto
MUN_126,Crato,RJ,19,28.51,32.53,60.32,61.3,0.338,6.21,316.5,1756957,64.9,96.6,16.87,59.8,28.46,Baixo
MUN_164,Manaus,PR,32,24.8,31.61,63.71,22.22,0.164,1.21,449.3,1874020,254.7,69.3,45.66,21.95,24.26,Alto
MUN_154,Curitiba,PE,25,20.2,23.94,72.21,45.08,0.332,5.12,434.4,1563028,478.3,61.3,86.52,53.62,22.09,Medio
MUN_160,Ribeirão Preto,PE,40,30.42,33.7,63.37,39.72,0.202,1.41,522.0,1311586,139.0,73.5,47.52,44.95,30.59,Baixo
MUN_061,Fortaleza,AM,27,22.53,26.16,75.92,108.91,0.445,10.31,1111.9,1644645,329.7,75.2,54.54,107.87,24.26,Baixo
MUN_194,Caxias do Sul,BA,19,23.74,29.68,69.86,80.88,0.529,7.21,867.6,1680286,207.7,80.8,43.36,97.91,23.93,Baixo
MUN_148,Ribeirão Preto,RS,48,21.35,28.36,72.57,63.07,0.373,7.94,257.5,483900,477.0,52.3,92.29,63.31,26.62,Alto
MUN_017,Natal,AM,37,28.51,32.2,70.17,66.72,0.407,7.13,403.8,1187318,396.3,56.3,57.54,77.69,28.95,Alto
MUN_030,Goiânia,CE,35,25.29,30.26,56.3,39.48,0.341,3.82,500.8,313383,239.0,76.2,28.66,36.1,24.49,Medio
MUN_111,Sorocaba,PE,33,28.45,33.98,54.67,13.91,0.112,3.03,993.8,542180,471.5,53.2,73.57,16.79,26.17,Baixo
MUN_135,Uberlândia,AM,46,20.5,25.51,61.32,42.3,0.323,4.89,883.2,2374036,320.0,51.7,67.45,52.53,20.56,Alto
MUN_064,Santos,TO,43,27.59,32.21,70.43,35.33,0.393,0.0,633.9,438147,484.7,43.9,89.25,27.8,24.62,Alto
MUN_164,Natal,PR,17,25.81,31.05,37.19,57.41,0.372,5.48,979.7,2587504,134.5,82.0,34.54,43.71,22.39,Baixo
MUN_031,Araguaína,GO,37,20.37,24.49,73.96,63.38,0.445,2.8,941.8,859266,181.2,83.4,26.33,61.5,20.37,Baixo
MUN_084,Sorocaba,RN,9,33.89,38.48,70.53,73.32,0.451,4.79,395.9,1687701,135.7,78.6,55.89,65.71,32.05,Medio
MUN_194,Sorocaba,RN,6,26.54,32.06,70.36,12.13,0.345,2.18,1065.0,2428434,126.8,91.7,2.13,10.31,25.73,Baixo
MUN_030,Ribeirão Preto,MG,51,21.67,27.28,71.07,45.49,0.215,5.53,344.6,147411,461.8,70.1,53.5,30.66,22.06,Medio
MUN_192,Fortaleza,SC,3,21.22,26.37,61.69,50.07,0.347,1.55,658.6,265534,165.9,86.5,8.29,46.91,21.13,Baixo
MUN_131,Ribeirão Preto,BA,44,25.8,30.63,60.56,28.8,0.364,5.16,127.5,1259786,355.0,70.4,54.62,20.72,24.62,Medio
MUN_135,Belém,MG,51,26.59,31.04,64.9,53.5,0.426,2.38,574.8,2786477,463.4,65.9,69.32,43.19,27.7,Alto
MUN_013,Manaus,RS,24,26.55,31.88,52.92,48.38,0.348,0.14,42.7,2546854,124.1,75.8,43.5,37.09,28.64,Medio
MUN_183,Goiânia,MG,21,27.24,35.1,49.56,22.05,0.189,3.74,634.1,972233,103.2,83.6,28.72,30.9,28.29,Baixo
MUN_064,Fortaleza,TO,4,28.4,32.79,72.23,3.92,0.147,4.37,536.5,2309844,367.5,80.5,38.59,6.92,31.57,Medio
MUN_045,Palmas,PA,6,29.54,31.72,60.71,16.41,0.306,3.03,203.1,506734,60.2,75.6,11.27,36.34,28.04,Medio
MUN_175,Curitiba,BA,23,29.42,35.27,64.35,52.59,0.307,3.84,715.3,1600026,182.4,82.7,48.07,55.94,28.03,Baixo
MUN_043,Natal,SC,6,28.94,34.59,60.94,62.88,0.389,5.39,130.9,428208,492.5,46.1,75.12,62.46,32.26,Alto
MUN_078,Curitiba,RJ,47,26.88,30.81,63.55,19.94,0.225,2.14,871.9,1248719,377.3,45.8,77.97,36.05,27.52,Baixo
MUN_051,Palmas,GO,51,25.67,33.06,65.14,12.21,0.035,4.58,703.3,2190931,24.1,71.6,31.48,17.96,26.95,Baixo
MUN_037,Goiânia,PA,11,34.2,38.0,66.06,46.96,0.246,6.13,677.3,1070398,287.6,70.9,56.79,35.55,35.07,Medio
MUN_099,Uberlândia,BA,48,28.66,35.12,61.99,48.19,0.412,2.76,369.1,2296958,441.1,67.1,58.67,33.52,28.56,Medio
MUN_126,Salvador,RS,29,29.98,34.72,72.95,41.7,0.179,5.94,47.0,2939659,31.6,87.7,6.42,44.04,31.13,Medio
MUN_184,Ribeirão Preto,GO,34,30.51,33.63,53.79,14.78,0.247,2.24,130.8,1525794,363.1,68.7,64.28,-6.88,30.74,Medio
MUN_068,Crato,BA,37,26.57,32.74,70.6,120.47,0.477,9.42,38.3,2002457,316.6,61.1,44.29,137.65,26.38,Medio
MUN_045,Sorocaba,RN,44,30.96,34.9,63.09,40.31,0.287,6.95,16.6,361821,195.5,94.1,24.9,55.79,32.23,Medio
MUN_149,Itaquaquecetuba,MG,27,23.97,28.29,64.09,97.9,0.202,7.62,716.4,300887,126.1,81.6,33.69,86.45,21.95,Baixo
MUN_145,Montes Claros,PE,5,23.35,26.74,56.27,59.42,0.394,4.8,711.4,1928710,254.1,81.8,43.38,72.24,23.64,Baixo
MUN_161,Macaé,SP,18,29.91,35.46,75.67,74.99,0.324,5.9,182.3,625506,265.1,80.2,63.45,62.67,30.96,Medio
MUN_151,Crato,PE,38,30.28,37.08,55.03,41.18,0.306,3.97,1003.0,892753,289.6,73.7,50.38,38.69,30.6,Baixo
MUN_094,Caxias do Sul,PA,16,28.81,32.42,75.05,57.46,0.306,3.21,126.3,1066664,332.3,57.4,57.34,72.54,31.1,Alto
MUN_199,Fortaleza,PA,5,25.64,29.9,54.61,43.9,0.386,3.36,546.0,1632211,475.2,60.3,86.84,51.88,29.31,Alto
MUN_033,Montes Claros,PE,20,33.71,39.45,52.98,49.68,0.368,2.75,483.4,565507,280.7,63.8,60.03,66.97,30.16,Alto
MUN_030,Fortaleza,RS,23,29.23,34.55,63.08,52.65,0.441,5.42,132.2,990886,171.5,77.6,22.86,43.71,29.69,Medio
MUN_012,Caxias do Sul,BA,52,26.56,34.47,69.22,79.63,0.419,6.08,482.4,1299321,175.0,68.4,48.18,89.39,25.02,Medio
MUN_177,Curitiba,GO,50,23.99,26.26,57.44,26.87,0.01,4.11,892.2,2442572,49.5,71.7,30.37,51.94,20.81,Baixo
MUN_136,Ribeirão Preto,RJ,10,26.37,31.67,68.36,34.02,0.166,2.98,858.6,619053,169.2,75.6,20.62,22.42,25.45,Baixo
MUN_061,Santos,AM,26,20.99,25.72,54.29,14.23,0.218,3.66,1121.0,2554010,241.0,76.3,40.78,19.8,22.29,Baixo
MUN_089,Palmas,PR,39,22.68,26.66,57.97,35.13,0.33,4.67,200.5,816236,468.2,39.8,85.12,47.06,21.75,Alto
MUN_001,Itaquaquecetuba,GO,18,22.75,26.94,68.02,64.3,0.235,5.98,231.7,1118257,496.3,65.6,61.43,61.88,20.93,Alto
MUN_053,Araguaína,BA,26,23.16,28.54,84.58,120.38,0.49,8.41,417.9,2121367,164.7,85.0,42.82,113.79,22.92,Medio
MUN_143,Santos,PA,19,23.54,29.86,65.56,73.99,0.378,3.17,590.0,1930254,256.6,73.2,47.05,68.61,23.8,Alto
MUN_094,Curitiba,RJ,46,24.81,29.65,52.44,67.76,0.409,7.34,98.6,2777819,231.3,61.1,46.07,46.55,24.37,Medio
MUN_117,Montes Claros,RN,35,24.84,29.17,71.12,42.05,0.268,5.11,258.1,299685,492.3,58.7,74.74,50.9,26.38,Medio
MUN_198,Fortaleza,AM,1,28.46,32.73,75.04,67.57,0.364,3.71,274.0,748261,74.4,83.6,16.55,71.81,27.84,Baixo
MUN_106,Uberlândia,MG,41,20.48,26.01,57.32,34.82,0.336,5.51,203.6,1205388,484.7,70.6,79.15,38.5,20.3,Alto
MUN_106,Natal,SP,41,25.81,30.21,84.42,98.66,0.514,5.43,667.3,2443399,418.9,62.1,54.18,109.06,26.63,Alto
MUN_003,Goiânia,GO,1,22.06,26.82,54.18,32.94,0.201,4.05,952.2,2143680,152.7,86.5,8.78,36.4,20.75,Baixo
MUN_174,Recife,RJ,12,21.8,27.82,73.8,85.71,0.432,9.89,40.6,239813,181.3,64.7,48.4,67.16,20.87,Alto
MUN_033,Natal,RS,14,25.73,31.33,63.92,5.59,0.203,4.38,497.7,1714319,471.6,60.1,53.09,7.63,26.45,Medio
MUN_024,Campinas,SC,34,25.39,30.56,82.41,60.6,0.319,5.5,11.9,2111138,278.5,78.0,34.72,49.59,25.34,Medio
MUN_067,Araguaína,RN,42,30.33,32.95,60.07,46.56,0.155,5.86,36.7,100526,432.2,60.1,67.24,35.98,31.85,Medio
MUN_193,Palmas,BA,26,22.2,27.3,55.33,29.99,0.331,2.47,1055.7,897198,95.9,85.3,33.42,40.61,20.32,Baixo
MUN_149,Santos,GO,6,24.14,29.85,73.75,47.33,0.341,2.2,331.9,1109837,333.6,63.4,58.97,47.95,23.44,Medio
MUN_166,Santos,TO,4,25.82,31.26,56.11,30.24,0.102,3.88,704.4,2976711,470.9,67.1,71.71,42.56,23.15,Medio
MUN_071,Santos,RN,25,30.47,35.73,56.19,20.52,0.208,5.84,542.2,2190831,355.0,63.7,45.74,22.75,31.42,Medio
MUN_047,Crato,BA,28,25.76,30.09,74.28,107.12,0.448,4.96,242.9,1356572,124.9,82.1,31.21,115.28,25.22,Alto
MUN_162,Manaus,GO,13,26.86,32.24,50.81,27.32,0.248,0.81,426.5,2226907,337.8,52.0,58.41,5.45,26.93,Alto
MUN_158,Sorocaba,CE,2,20.08,23.07,83.94,53.14,0.269,1.67,732.8,2215133,429.5,41.9,87.33,55.36,18.02,Alto
MUN_188,Campinas,RN,6,23.91,28.07,46.26,15.68,0.162,0.0,415.4,2045594,428.8,50.4,79.29,14.1,24.0,Alto
MUN_167,Montes Claros,PE,49,23.31,26.23,52.36,47.92,0.315,6.8,401.5,1736695,207.6,89.1,12.42,35.35,21.72,Baixo
MUN_057,Itaquaquecetuba,PA,45,23.16,30.05,51.87,27.8,0.184,5.95,266.7,2965580,133.7,87.4,28.49,36.69,24.77,Alto
MUN_010,Salvador,TO,40,24.83,31.49,54.7,30.54,0.045,5.83,668.3,2634172,332.1,62.7,55.41,28.39,26.84,Medio
MUN_121,Recife,RJ,3,23.6,27.64,91.27,181.44,0.487,9.31,558.5,2503225,477.0,50.2,94.46,168.72,20.34,Alto
MUN_013,Salvador,RJ,39,23.69,28.18,63.83,39.27,0.332,3.36,1088.6,2539970,53.8,91.2,24.41,65.87,23.42,Baixo
MUN_071,Palmas,PA,6,24.5,30.83,80.62,135.34,0.447,9.76,884.0,1384910,82.7,86.1,44.93,158.23,24.32,Baixo
MUN_186,Sorocaba,SC,28,25.26,30.22,64.47,18.45,0.268,0.22,305.4,1159280,412.9,66.3,55.68,11.06,23.48,Alto
MUN_131,Ribeirão Preto,GO,20,29.27,36.12,56.01,42.34,0.123,1.8,107.8,2626165,194.2,77.3,44.92,44.28,26.12,Alto
MUN_194,Palmas,SC,21,25.55,31.44,56.51,57.42,0.167,4.29,1107.9,1460097,363.0,75.7,46.65,58.09,24.37,Baixo
MUN_089,Araguaína,RN,30,25.06,29.34,83.18,157.86,0.566,8.88,577.2,864618,137.4,81.7,26.59,156.32,25.25,Medio
MUN_049,Crato,RS,43,27.67,33.65,85.71,71.78,0.224,4.2,382.8,1609454,478.7,55.0,77.2,63.06,28.68,Alto
MUN_061,Fortaleza,SC,29,26.0,29.41,66.84,77.02,0.363,3.1,1178.2,1743035,185.7,66.1,38.82,68.54,25.02,Baixo
MUN_033,Macaé,SP,49,23.32,26.16,78.18,67.38,0.359,2.96,544.5,2727011,179.1,75.6,34.94,64.83,19.91,Medio
MUN_175,Fortaleza,RN,36,27.56,34.39,50.21,62.77,0.389,3.45,934.1,1233753,328.2,64.6,57.83,62.06,24.55,Baixo
MUN_194,Belém,BA,22,26.47,34.32,58.93,9.17,0.103,2.31,136.8,2218310,419.4,51.3,67.45,2.76,24.66,Medio
MUN_076,Macaé,RJ,37,22.11,25.84,55.53,29.96,0.162,2.73,488.4,2939050,366.6,66.2,69.26,32.77,23.22,Medio
MUN_178,Santos,SC,44,27.59,33.08,68.6,44.85,0.357,2.28,343.5,1982085,190.1,65.0,47.86,55.79,27.9,Medio
MUN_166,Araguaína,SP,47,24.32,27.11,69.87,91.04,0.258,5.36,213.3,2249220,75.1,83.9,12.1,95.25,21.9,Medio
MUN_200,Salvador,PR,25,23.81,29.36,59.25,75.51,0.436,6.26,235.2,2822386,111.4,88.1,34.41,73.29,25.74,Medio
MUN_043,Uberlândia,SC,36,32.53,37.82,72.59,76.76,0.361,6.42,1176.9,1618308,302.6,84.6,38.26,62.95,33.15,Baixo
MUN_100,Crato,RN,42,23.54,28.28,61.45,74.01,0.302,3.19,855.3,2328620,431.7,62.3,80.34,73.33,22.46,Alto
MUN_030,Uberlândia,PR,47,31.2,37.01,59.9,34.32,0.227,5.28,1034.1,480147,150.7,58.9,47.14,43.09,31.79,Baixo
MUN_074,Belém,BA,18,29.11,34.94,54.81,56.45,0.363,5.15,1177.2,748464,295.0,46.0,76.44,49.94,25.72,Baixo
MUN_172,Araguaína,BA,9,25.36,29.86,61.61,42.4,0.202,4.01,1054.1,407234,345.9,60.0,61.42,34.18,29.03,Baixo
MUN_129,Macaé,AM,44,23.9,29.03,60.79,11.43,0.372,3.18,736.1,850947,366.1,52.3,66.91,-4.04,26.71,Alto
MUN_024,Salvador,SC,33,23.28,27.81,63.95,41.91,0.287,5.24,52.7,1419078,469.0,50.7,61.17,55.27,23.57,Medio
MUN_036,Macaé,AM,22,26.7,30.53,72.76,60.91,0.27,4.19,707.2,196739,489.2,41.1,99.59,57.27,25.92,Alto
MUN_161,Curitiba,PE,17,19.41,25.44,71.48,48.41,0.278,4.17,394.4,355073,253.4,57.4,60.13,47.44,15.04,Medio
MUN_133,Sorocaba,AM,43,31.42,36.53,66.64,57.02,0.073,5.38,396.9,291755,466.1,70.5,55.8,62.17,35.65,Medio
MUN_196,Itaquaquecetuba,GO,45,28.9,33.17,78.77,84.6,0.322,9.71,1187.1,1290383,310.7,72.4,56.71,105.98,25.96,Baixo
MUN_136,Belém,RJ,27,22.77,27.64,62.7,9.55,0.235,0.67,91.2,1183582,479.2,52.9,61.95,6.29,25.78,Medio
MUN_136,Sorocaba,SC,46,23.0,27.49,39.45,18.14,0.218,3.09,516.1,2110394,487.1,58.1,70.97,22.18,22.33,Alto
MUN_158,Goiânia,GO,2,29.12,29.3,61.25,14.92,0.101,5.04,856.8,2244588,296.0,68.2,63.45,11.67,29.04,Baixo
MUN_162,Natal,SC,11,25.42,30.89,56.35,36.75,0.203,5.11,433.5,826764,315.6,52.4,56.72,46.13,29.39,Medio
MUN_072,Fortaleza,PA,38,26.89,33.37,75.18,81.42,0.48,6.56,330.1,1551045,216.7,90.1,32.76,102.36,26.42,Medio
MUN_130,Itaquaquecetuba,CE,44,20.76,24.56,58.22,71.53,0.433,5.78,721.6,2700665,471.3,56.0,76.48,83.44,21.43,Alto
MUN_025,Campinas,PA,39,27.17,33.19,69.25,49.49,0.452,4.9,304.9,1104630,418.5,56.2,75.11,67.6,29.27,Alto
MUN_118,Fortaleza,GO,4,26.96,33.43,67.81,77.69,0.293,2.84,553.8,52838,368.9,64.3,42.82,85.09,27.3,Alto
MUN_008,Uberlândia,CE,7,31.27,35.82,63.91,61.89,0.329,2.43,11.5,1838520,44.7,83.1,12.78,69.44,34.44,Medio
MUN_191,Itaquaquecetuba,CE,48,25.86,31.96,55.73,53.7,0.212,2.46,430.1,1986971,47.6,82.6,28.25,56.42,24.43,Baixo
MUN_178,Ribeirão Preto,BA,4,34.1,37.7,63.29,15.34,0.337,1.23,610.9,925755,384.4,48.3,65.66,3.5,32.98,Alto
MUN_133,Sorocaba,MG,38,26.46,32.55,57.61,29.6,0.336,2.48,396.2,127233,59.7,90.6,27.94,50.07,26.45,Baixo
MUN_127,Salvador,PR,30,30.88,35.91,85.66,67.1,0.194,7.6,1028.1,864078,222.3,67.3,56.24,77.85,29.28,Baixo
MUN_071,Caxias do Sul,SP,35,26.02,32.09,61.74,43.31,0.377,5.42,7.8,216183,273.2,73.8,40.45,50.09,23.42,Medio
MUN_116,Araguaína,CE,23,32.42,39.4,65.54,33.64,0.225,2.03,477.9,1721530,394.7,63.1,60.01,9.6,34.7,Alto
MUN_109,Fortaleza,RN,31,21.68,26.89,56.45,9.2,0.359,3.61,1069.8,963680,137.6,81.0,21.81,4.66,18.53,Baixo
MUN_025,Itaquaquecetuba,RN,44,25.82,32.06,62.01,23.93,0.173,2.41,676.1,2699042,497.7,55.4,83.21,27.09,27.41,Medio
MUN_188,Ribeirão Preto,RS,18,29.67,32.93,52.91,45.68,0.258,4.67,1179.3,1477464,59.2,69.4,37.36,60.69,26.14,Baixo
MUN_147,Caxias do Sul,RS,14,24.41,28.64,65.34,26.46,0.186,2.56,531.3,1207356,113.2,89.1,0.0,29.35,25.07,Baixo
MUN_090,Recife,PE,16,27.01,32.71,56.23,46.23,0.228,3.91,50.1,2842286,267.7,78.9,19.23,64.96,24.88,Medio
MUN_083,Recife,RJ,6,18.62,22.33,63.58,20.9,0.213,2.69,799.0,2093477,346.6,62.8,66.73,43.29,18.09,Baixo
MUN_171,Araguaína,CE,49,23.9,28.98,68.52,17.9,0.221,0.0,864.5,1037239,46.0,78.6,26.54,2.92,23.57,Baixo
MUN_181,Recife,RS,19,23.42,27.07,62.91,60.34,0.342,5.68,531.4,2850068,258.0,67.9,54.69,69.75,24.86,Medio
MUN_182,Ribeirão Preto,SC,30,25.34,31.83,67.14,37.27,0.205,3.24,43.9,1182959,471.0,57.1,81.96,17.57,25.3,Alto
MUN_100,Crato,GO,52,21.55,25.7,67.16,66.01,0.251,4.63,476.5,1792151,225.3,75.3,33.03,60.11,23.26,Medio
MUN_085,Palmas,PR,12,17.75,23.42,85.45,96.09,0.52,8.54,169.7,2542061,453.5,51.7,81.49,100.58,17.03,Alto
MUN_127,Campinas,GO,51,29.79,34.45,57.38,28.67,0.254,7.47,785.3,860750,391.9,78.5,49.69,29.42,31.68,Baixo
MUN_095,Manaus,SC,27,25.05,30.07,69.38,49.59,0.369,5.7,350.6,813758,428.8,55.7,65.2,58.49,25.04,Medio
MUN_162,Macaé,GO,18,32.06,37.39,67.78,10.28,0.171,5.6,681.9,1734667,208.7,66.2,42.89,25.64,30.47,Baixo
MUN_049,Santos,PE,38,24.28,28.08,50.67,56.53,0.417,6.84,285.9,1944218,149.4,79.9,35.55,64.84,25.06,Medio
MUN_179,Goiânia,SC,2,25.21,31.42,68.49,37.08,0.344,5.32,27.4,508851,123.1,73.3,24.13,38.51,27.01,Medio
MUN_088,Montes Claros,RS,28,23.92,28.34,53.72,15.0,0.113,3.3,108.5,1237260,467.6,63.3,56.32,12.61,22.88,Alto
MUN_141,Natal,AM,13,23.15,28.08,71.45,102.31,0.397,3.27,144.9,918131,210.0,61.4,45.22,91.12,23.81,Medio
MUN_040,Itaquaquecetuba,AM,38,27.43,31.14,63.46,51.4,0.224,1.39,8.8,496465,78.4,71.7,24.97,36.7,27.49,Medio
MUN_027,Araguaína,RN,35,27.07,32.55,55.37,52.54,0.365,4.06,355.7,412642,21.8,94.3,7.98,45.8,28.09,Baixo
MUN_019,Montes Claros,MG,42,24.85,29.79,50.62,30.89,0.179,3.66,611.6,1874727,142.5,78.6,26.97,32.75,24.09,Baixo
MUN_034,Belém,AM,28,29.5,36.17,47.33,36.28,0.228,2.83,697.1,2824086,30.0,88.5,15.54,19.16,25.28,Baixo
MUN_059,Manaus,RS,16,28.08,33.83,61.31,29.59,0.135,5.3,182.0,1687862,57.9,93.9,23.4,40.43,30.99,Medio
MUN_124,Curitiba,RS,43,25.71,30.76,62.07,48.44,0.103,0.58,926.2,2433390,290.8,65.0,37.65,50.29,25.45,Baixo
MUN_152,Caxias do Sul,MG,3,26.34,30.43,70.16,31.57,0.287,3.73,521.1,2734387,268.9,68.7,57.87,41.09,29.36,Medio
MUN_026,Crato,AM,52,24.68,32.65,55.63,43.21,0.316,4.14,761.4,1826218,411.9,75.5,64.61,33.05,24.33,Alto
MUN_091,Santos,PA,30,29.2,34.56,69.69,42.78,0.196,0.0,854.4,1852961,186.2,78.4,28.35,62.88,33.74,Baixo
MUN_169,Recife,AM,24,29.23,35.43,74.58,30.99,0.242,3.89,357.5,262918,342.9,67.2,38.91,40.39,31.68,Alto
MUN_100,Recife,CE,7,29.34,33.31,67.69,56.33,0.312,3.01,191.0,997188,288.7,62.1,40.29,57.12,30.94,Medio
MUN_184,Sorocaba,RS,38,27.08,32.4,66.46,44.13,0.436,2.22,90.4,2953726,360.6,65.8,61.98,35.56,25.02,Medio
MUN_135,Uberlândia,RS,20,26.7,32.86,88.67,95.82,0.478,3.14,480.5,385455,299.3,67.1,56.58,76.74,25.04,Medio
MUN_079,Goiânia,PE,27,29.6,35.1,56.58,38.86,0.22,5.34,976.6,1495906,23.8,91.0,24.06,39.67,28.09,Baixo
MUN_097,Itaquaquecetuba,PA,46,36.88,43.44,78.28,68.34,0.291,8.61,301.5,2873979,33.0,95.1,28.44,59.84,41.38,Baixo
MUN_016,Recife,SP,29,27.34,32.84,56.04,67.75,0.309,5.88,380.8,1259417,434.7,50.6,63.45,57.69,28.64,Alto
MUN_174,Uberlândia,RJ,22,23.69,29.32,55.05,24.35,0.257,0.0,68.1,2299834,218.6,69.7,25.68,28.55,24.55,Medio
MUN_197,Caxias do Sul,GO,40,24.93,29.48,75.36,99.3,0.427,7.63,158.1,1666225,363.9,54.7,75.08,92.09,27.39,Medio
MUN_078,Crato,TO,12,25.81,30.41,59.53,17.41,0.202,4.98,646.0,457083,233.4,58.5,40.7,20.0,26.11,Baixo
MUN_125,Goiânia,MG,41,22.6,26.66,57.11,40.04,0.17,2.04,881.1,1646791,207.9,71.9,24.89,42.26,24.5,Baixo
MUN_176,Araguaína,BA,40,23.53,29.42,61.82,11.86,0.186,0.99,805.9,2399219,397.0,65.2,50.89,6.3,26.68,Alto
MUN_004,Itaquaquecetuba,BA,43,26.19,30.68,71.27,14.13,0.14,1.08,552.4,2694464,433.3,50.2,64.83,-2.84,23.66,Medio
MUN_027,Sorocaba,PR,38,30.7,36.43,66.69,64.24,0.224,5.9,43.2,2586451,206.4,80.7,24.6,65.65,27.58,Medio
MUN_121,Itaquaquecetuba,CE,11,25.71,31.66,66.66,40.52,0.368,8.54,884.6,1454398,34.2,91.6,26.95,46.89,25.93,Baixo
MUN_046,Campinas,PA,37,28.28,35.13,59.81,51.02,0.147,4.68,525.4,1584712,390.9,68.2,50.9,54.01,30.07,Alto
MUN_022,Ribeirão Preto,PE,38,24.11,28.68,70.42,36.53,0.23,1.06,968.4,1807840,452.7,56.4,74.15,28.98,22.76,Alto
MUN_123,Macaé,GO,31,24.69,29.85,86.39,93.12,0.41,6.0,62.1,2313723,222.7,83.4,38.07,75.78,26.79,Medio
MUN_140,Araguaína,SP,43,35.99,42.15,80.9,144.51,0.424,9.37,187.2,2547449,361.1,58.1,65.72,160.01,34.06,Alto
MUN_016,Goiânia,MG,46,22.8,28.47,76.19,70.81,0.369,5.74,1035.8,1858144,438.4,78.6,55.01,83.47,22.35,Alto
MUN_132,Fortaleza,RS,38,17.28,23.03,78.91,64.65,0.354,4.35,317.5,245644,376.6,48.3,74.42,55.81,14.78,Medio
MUN_108,Montes Claros,MG,45,29.47,35.09,57.91,27.01,0.236,0.97,376.5,148988,237.8,53.7,44.21,29.7,26.25,Alto
MUN_186,Belém,PA,20,28.04,32.43,60.19,17.91,0.269,0.86,429.5,240008,472.6,54.9,57.78,10.91,24.39,Alto
MUN_164,Santos,BA,19,26.22,31.28,51.65,52.3,0.262,7.47,185.8,2625203,415.5,62.4,55.72,66.8,24.82,Alto
MUN_180,Goiânia,SC,28,22.76,28.22,72.93,47.28,0.276,9.19,111.2,695754,43.9,100.0,25.99,32.89,22.67,Medio
MUN_047,Recife,RS,46,27.68,33.57,43.94,38.67,0.286,1.29,171.1,2983691,374.6,66.9,48.5,16.46,26.54,Alto
MUN_178,Ribeirão Preto,SP,46,26.34,31.19,69.81,36.47,0.313,2.04,13.6,418951,349.0,67.3,48.9,7.02,26.89,Medio
MUN_104,Salvador,AM,38,26.49,31.62,61.68,84.76,0.261,6.13,75.6,703051,77.0,84.8,22.39,67.8,25.51,Alto
MUN_091,Sorocaba,BA,44,26.35,31.19,79.62,81.32,0.331,7.21,946.1,1722472,354.3,58.3,55.86,90.0,31.56,Medio
MUN_104,Curitiba,SC,12,23.68,27.35,65.5,25.89,0.171,4.77,648.6,1332319,384.6,55.2,73.06,24.02,26.69,Alto
MUN_117,Itaquaquecetuba,BA,36,30.3,35.59,76.61,84.28,0.311,10.52,312.1,375570,124.8,83.1,40.91,87.6,30.54,Medio
MUN_003,Fortaleza,MG,5,28.13,32.81,69.94,69.01,0.318,6.37,1179.9,2685162,471.7,54.2,79.84,87.21,30.9,Medio
MUN_018,Belém,RJ,19,27.15,30.4,51.8,20.57,0.304,0.0,942.6,2148413,415.6,61.3,63.06,22.49,29.39,Baixo
MUN_149,Santos,PA,8,30.07,35.62,63.61,28.76,0.326,1.75,811.4,833486,418.1,63.4,61.01,23.92,30.26,Baixo
MUN_046,Belém,RJ,20,29.48,33.56,66.43,35.25,0.302,3.22,570.6,815431,290.0,58.8,60.59,45.26,32.72,Alto
MUN_115,Belém,TO,23,27.93,35.63,49.98,32.96,0.177,1.98,493.8,1198376,52.6,92.1,19.54,36.63,23.29,Baixo
MUN_146,Ribeirão Preto,BA,50,26.75,31.93,52.73,16.57,0.154,3.83,773.8,2657938,472.9,59.6,66.41,14.06,27.6,Alto
MUN_181,Palmas,RS,15,30.12,35.85,76.38,55.74,0.382,5.42,29.1,2024671,369.0,67.4,49.2,69.81,30.55,Medio
MUN_095,Goiânia,AM,41,32.91,36.97,70.39,85.2,0.332,5.79,959.0,2579269,472.3,66.3,70.02,95.47,33.82,Medio
MUN_017,Sorocaba,TO,32,23.59,27.82,84.01,86.53,0.283,4.36,200.2,2543835,27.9,78.4,13.62,86.97,25.41,Medio
MUN_128,Uberlândia,PE,42,23.87,30.17,51.3,33.31,0.166,1.68,1188.1,1217941,426.9,61.3,57.1,20.7,23.13,Baixo
MUN_022,Fortaleza,PA,34,30.24,34.92,83.78,41.54,0.11,7.85,1069.3,1023800,234.5,71.7,40.76,38.35,26.23,Baixo
MUN_157,Natal,RS,25,19.93,23.92,54.53,23.81,0.198,4.09,330.8,2882070,385.2,50.1,69.16,30.88,21.11,Alto
MUN_100,Crato,SC,33,35.56,40.55,71.17,76.76,0.36,7.53,324.4,2156950,241.0,73.4,21.33,78.99,34.68,Medio
MUN_073,Recife,GO,8,26.25,29.62,56.88,75.71,0.399,4.52,300.9,732155,231.9,65.7,20.39,71.63,28.87,Medio
MUN_176,Sorocaba,PE,16,20.55,25.1,70.11,39.66,0.16,0.09,258.8,2010068,383.9,57.4,72.65,39.51,19.9,Alto
MUN_014,Manaus,PE,10,29.59,35.11,56.91,34.34,0.309,2.82,396.4,283452,202.4,74.0,46.31,14.25,29.39,Medio
MUN_033,Crato,CE,2,27.77,31.62,77.19,82.19,0.345,5.85,727.7,1548253,110.6,90.6,6.58,68.59,26.39,Baixo
MUN_045,Belém,MG,14,25.15,29.32,83.08,98.43,0.406,9.74,1019.6,2336696,125.8,89.6,36.99,105.37,28.01,Baixo
MUN_083,Palmas,RS,30,29.16,34.03,84.98,73.31,0.261,3.28,632.6,1380705,34.1,92.6,16.46,82.42,29.34,Baixo
MUN_170,Manaus,BA,50,27.1,32.59,72.45,54.61,0.219,3.58,264.0,1717611,82.8,79.1,15.56,60.93,25.85,Baixo
MUN_108,Manaus,CE,27,17.38,21.66,81.54,114.85,0.462,6.17,1109.7,1062875,135.0,89.0,26.1,106.65,16.99,Baixo
MUN_086,Goiânia,RS,28,34.68,42.8,55.96,25.67,0.274,5.66,363.9,2287868,453.5,49.8,86.65,21.61,33.2,Medio
MUN_194,Macaé,SP,43,23.96,26.76,57.63,21.17,0.258,4.3,916.5,443703,238.9,69.6,63.81,28.06,23.15,Baixo
MUN_012,Caxias do Sul,PE,43,24.96,29.2,99.53,167.68,0.524,10.32,171.8,975657,493.4,54.4,81.02,176.53,29.39,Alto
MUN_080,Belém,PR,28,33.26,38.15,66.02,21.29,0.244,3.56,595.4,1951086,445.3,50.3,75.24,30.05,31.62,Alto
MUN_044,Goiânia,PR,50,20.29,27.06,89.17,137.53,0.471,9.37,566.8,580224,298.4,65.0,48.92,122.5,21.97,Alto
MUN_103,Curitiba,TO,47,27.55,31.41,61.18,63.3,0.243,6.43,357.2,1352146,177.5,86.5,43.13,90.77,29.77,Alto
MUN_024,Campinas,SC,34,25.39,30.56,82.41,60.6,0.319,5.5,11.9,2111138,278.5,78.0,34.72,49.59,25.34,Medio
MUN_173,Curitiba,PE,44,24.82,29.96,66.58,40.93,0.133,6.61,14.8,420640,339.3,83.0,40.41,53.07,22.84,Medio
MUN_149,Curitiba,RN,41,25.35,29.45,75.06,109.69,0.444,6.89,915.1,1692298,25.6,99.5,21.98,99.06,25.07,Baixo
MUN_114,Curitiba,AM,16,21.85,27.6,72.34,109.94,0.409,6.58,481.2,1820725,74.4,86.5,44.88,121.93,22.54,Alto
MUN_086,Recife,PA,28,27.23,34.01,80.09,44.5,0.322,1.54,264.3,1678632,417.8,56.9,59.93,43.2,29.77,Alto
MUN_124,Uberlândia,RJ,44,26.63,31.27,66.45,38.95,0.225,4.67,271.4,2715899,486.1,51.2,70.01,48.9,25.14,Alto
MUN_070,Ribeirão Preto,RN,51,24.12,31.54,49.51,21.83,0.256,1.13,10.2,1270792,453.4,70.1,63.37,14.72,23.32,Alto
MUN_106,Sorocaba,TO,18,29.8,37.54,62.32,61.67,0.244,4.64,432.6,2937906,185.1,82.3,42.14,40.17,27.43,Medio
MUN_060,Manaus,PR,6,22.85,27.68,71.28,33.17,0.062,3.09,165.1,1242097,124.7,71.3,21.38,34.01,22.42,Medio
MUN_057,Itaquaquecetuba,RS,39,22.47,27.41,65.36,49.47,0.126,6.56,1187.4,2971686,349.7,52.4,58.07,35.41,22.83,Baixo
MUN_115,Caxias do Sul,CE,43,31.85,34.6,50.57,22.35,0.219,2.94,910.9,200226,51.3,85.5,21.19,31.52,34.01,Baixo
MUN_022,Sorocaba,RJ,26,26.56,31.91,65.0,45.96,0.296,4.34,1138.4,2635773,336.0,61.1,47.57,58.15,27.47,Baixo
MUN_189,Araguaína,BA,43,26.61,30.42,73.08,97.47,0.435,6.33,231.0,1562232,416.2,71.8,54.25,110.64,27.9,Alto
MUN_016,Belém,AM,9,26.19,32.17,57.78,10.72,0.141,2.31,180.1,1030828,282.4,66.6,42.76,1.14,24.61,Alto
MUN_015,Goiânia,BA,11,26.22,32.52,73.58,29.76,0.23,2.6,503.8,2785386,302.4,67.4,68.09,15.39,25.79,Alto
MUN_080,Santos,SC,8,28.24,34.18,51.32,44.04,0.267,1.64,163.6,1542997,236.9,76.7,39.31,36.48,29.68,Alto
MUN_198,Itaquaquecetuba,CE,5,22.9,28.59,61.89,10.76,0.168,1.09,8.1,1260280,338.3,69.1,45.68,-2.69,21.96,Alto
MUN_200,Curitiba,SC,9,29.05,31.47,69.25,69.28,0.349,7.35,350.9,948873,461.9,52.0,78.09,79.54,27.58,Alto
MUN_194,Salvador,SC,52,25.64,29.4,84.15,143.31,0.472,7.82,90.9,750210,161.2,76.3,39.79,130.74,20.9,Medio
MUN_034,Santos,PE,38,28.72,32.11,54.98,30.71,0.246,1.23,456.8,1847345,419.8,68.7,50.65,33.48,23.2,Medio
MUN_100,Crato,PA,36,22.62,27.42,82.18,127.68,0.325,9.36,1016.0,1911449,69.1,86.0,15.25,128.87,23.64,Baixo
MUN_059,Montes Claros,RN,40,24.35,29.91,83.11,99.15,0.302,9.6,792.2,2752951,52.6,96.2,8.82,110.61,23.61,Baixo
MUN_008,Macaé,BA,51,29.73,35.48,70.81,85.31,0.489,6.08,426.5,2091102,283.3,68.0,59.3,96.1,29.56,Alto
MUN_157,Itaquaquecetuba,RJ,33,28.67,32.91,66.96,58.57,0.211,6.06,1010.1,1285316,451.0,70.1,59.7,60.21,27.22,Baixo
MUN_022,Curitiba,PR,49,27.14,33.68,58.24,58.34,0.269,4.1,268.6,382064,139.7,86.1,47.32,58.23,25.12,Medio
MUN_052,Palmas,PA,10,21.12,29.02,55.82,54.55,0.282,5.71,1158.0,1737189,101.1,80.4,22.43,54.69,23.18,Baixo
MUN_057,Macaé,RJ,37,26.82,32.45,68.38,73.74,0.308,4.98,311.5,1781334,409.2,69.3,62.89,78.85,25.36,Alto
MUN_198,Curitiba,PR,29,26.34,31.99,60.19,59.45,0.126,3.41,588.5,1461148,235.8,70.9,58.72,68.54,22.36,Baixo
MUN_049,Araguaína,RS,25,26.49,30.79,75.16,44.06,0.285,0.41,246.9,1805495,219.8,88.6,44.43,39.7,25.36,Alto
MUN_189,Santos,TO,46,29.53,33.62,58.53,24.27,0.377,5.28,67.5,1233255,483.9,59.6,67.55,40.42,26.59,Medio
MUN_143,Salvador,RN,15,27.88,32.97,57.02,34.69,0.284,3.66,756.8,480245,302.7,62.4,35.77,36.92,30.19,Baixo
MUN_042,Curitiba,GO,46,24.81,28.26,70.24,113.67,0.264,7.27,923.8,2338130,303.7,57.0,57.27,124.82,26.21,Alto
MUN_005,Palmas,PR,46,24.92,29.86,67.61,117.26,0.553,8.92,337.5,771247,95.7,85.4,33.29,107.37,23.07,Alto
MUN_153,Macaé,RS,5,26.14,30.71,57.28,37.09,0.275,0.7,243.2,366879,474.1,50.0,61.08,27.74,25.96,Alto
MUN_045,Recife,RJ,10,22.43,28.9,70.6,25.74,0.179,2.99,138.9,126114,327.1,59.1,70.44,27.92,23.63,Alto
MUN_044,Sorocaba,TO,38,23.56,29.85,66.09,87.32,0.479,4.67,6.2,483531,395.3,64.2,55.9,76.88,20.95,Alto
MUN_042,Sorocaba,PE,9,20.9,23.46,61.5,35.88,0.356,3.29,486.5,2695708,275.8,62.3,57.39,46.98,18.97,Medio
MUN_049,Uberlândia,CE,5,24.3,27.93,54.76,85.2,0.407,7.07,584.8,1919548,133.8,54.2,31.96,91.58,25.62,Medio
MUN_157,Caxias do Sul,GO,9,24.82,29.87,70.98,129.45,0.482,10.01,4.5,2824053,187.7,69.3,47.27,134.8,23.8,Medio
MUN_111,Salvador,PE,29,29.08,35.79,64.08,20.47,0.233,8.07,319.0,405959,85.1,81.6,37.0,29.29,32.77,Baixo
MUN_175,Recife,RJ,9,24.49,26.64,54.46,57.73,0.35,5.25,1076.5,1492095,403.2,57.8,61.4,50.72,22.09,Baixo
MUN_109,Recife,GO,39,24.14,29.97,65.06,93.47,0.402,7.86,1019.3,2787173,338.5,63.3,70.5,90.16,24.32,Medio
MUN_068,Recife,RJ,45,23.94,28.14,55.62,50.32,0.328,3.88,714.5,2972177,335.0,67.1,57.16,66.42,23.52,Medio
MUN_078,Palmas,RS,9,26.44,30.93,62.67,20.6,0.121,4.05,715.8,2971696,268.4,66.3,63.63,24.02,31.24,Baixo
MUN_163,Itaquaquecetuba,GO,16,28.27,31.7,79.93,114.54,0.501,10.38,128.4,713778,410.9,48.6,65.77,127.34,29.52,Medio
MUN_173,Palmas,AM,27,23.48,28.1,52.06,10.27,0.114,1.38,765.0,676006,492.3,58.7,64.99,15.3,23.17,Medio
MUN_033,Itaquaquecetuba,RS,46,26.42,32.2,61.19,45.69,0.444,4.69,933.4,663118,461.9,71.5,73.88,50.63,25.98,Alto
MUN_015,Montes Claros,CE,20,30.19,36.84,53.3,32.55,0.264,4.9,332.1,992282,456.0,50.0,54.61,36.14,28.54,Medio
MUN_039,Santos,PR,5,28.17,33.28,62.95,8.78,0.199,1.33,25.1,203700,336.9,69.0,63.8,-0.43,25.98,Medio
MUN_187,Fortaleza,AM,14,28.05,32.05,68.74,64.62,0.265,6.82,65.6,719708,122.1,80.8,25.6,54.83,28.56,Medio
MUN_070,Ribeirão Preto,RS,27,24.51,28.87,67.44,59.35,0.204,5.82,35.7,1196416,122.6,86.4,30.4,61.24,24.47,Medio
MUN_103,Caxias do Sul,TO,18,26.87,31.54,64.99,83.15,0.349,6.94,581.8,578700,333.1,68.4,36.07,81.84,23.88,Medio
MUN_086,Recife,RN,25,26.67,31.84,54.97,40.35,0.327,2.24,208.5,2858120,206.6,79.1,16.03,47.62,29.77,Medio
MUN_148,Ribeirão Preto,BA,30,22.59,25.85,75.26,92.86,0.299,7.93,530.2,1486306,181.6,90.1,28.86,103.13,24.06,Baixo
MUN_031,Santos,PE,31,29.08,30.89,71.32,75.46,0.351,3.04,953.6,1948315,55.5,81.7,33.08,88.14,28.98,Baixo
MUN_111,Recife,CE,5,27.15,32.18,64.31,20.83,0.287,3.99,310.7,565655,326.9,60.4,50.04,11.13,24.98,Alto
MUN_123,Fortaleza,SP,13,27.83,33.23,71.15,95.13,0.474,4.57,1085.3,553511,438.2,50.4,65.76,106.43,26.34,Baixo
MUN_023,Sorocaba,PR,35,25.65,32.27,56.69,33.41,0.292,0.41,985.0,599768,129.1,85.0,19.54,35.49,27.91,Baixo
MUN_006,Araguaína,GO,12,20.42,23.24,70.72,35.93,0.184,4.19,351.2,2920461,410.5,57.1,60.53,38.67,21.8,Medio
MUN_132,Uberlândia,PR,19,25.91,30.88,82.65,101.36,0.529,5.48,382.0,2953875,331.5,67.4,70.77,84.64,23.72,Medio
MUN_186,Sorocaba,SC,28,25.26,30.22,64.47,18.45,0.268,0.22,305.4,1159280,412.9,66.3,55.68,11.06,23.48,Alto
MUN_092,Itaquaquecetuba,PE,39,30.18,34.88,79.19,69.54,0.339,7.67,220.3,2459709,429.0,61.8,68.17,55.85,27.26,Medio
MUN_020,Ribeirão Preto,CE,11,24.51,29.5,75.87,42.24,0.323,6.62,472.9,982865,372.1,65.5,51.76,42.39,22.91,Alto
MUN_152,Curitiba,BA,41,18.55,22.92,66.24,51.17,0.091,3.01,370.2,501646,467.2,65.3,55.99,59.63,20.75,Alto
MUN_081,Natal,AM,19,20.75,26.25,64.39,13.19,0.281,1.48,266.9,2510192,174.0,54.6,50.54,11.31,20.78,Alto
MUN_055,Campinas,RN,13,28.94,33.81,76.8,88.58,0.36,7.57,868.5,871682,43.3,82.5,15.56,62.03,30.67,Baixo
MUN_060,Araguaína,RN,16,26.49,31.23,57.41,63.52,0.317,10.26,977.6,1873922,471.9,54.7,72.08,55.96,27.58,Alto
MUN_013,Ribeirão Preto,SC,12,29.11,35.95,60.84,24.39,0.368,6.59,1022.0,821502,415.5,64.8,53.35,9.66,29.38,Baixo
MUN_013,Caxias do Sul,AM,10,30.36,37.93,54.19,30.95,0.353,1.51,867.8,94680,438.2,70.7,58.66,31.61,28.0,Alto
MUN_156,Sorocaba,TO,30,24.63,29.21,57.98,17.52,0.239,0.0,243.3,870679,329.9,75.3,50.09,22.83,27.08,Alto
MUN_098,Goiânia,RN,25,25.86,30.57,72.28,69.89,0.394,2.9,959.1,2834223,199.2,85.6,12.28,76.75,25.16,Baixo
MUN_031,Campinas,AM,49,22.0,26.57,49.33,13.06,0.223,4.0,747.5,2792840,73.8,85.1,12.68,12.41,20.63,Baixo
MUN_024,Crato,SC,10,21.34,25.17,49.99,68.51,0.336,7.37,721.6,353332,79.5,83.3,23.25,70.07,20.24,Baixo
MUN_160,Manaus,PR,27,28.09,33.48,84.19,95.1,0.405,8.27,796.5,1891146,57.0,94.2,17.46,93.19,26.7,Baixo
MUN_083,Salvador,PA,48,25.93,30.54,59.62,34.68,0.237,3.8,533.5,442495,51.7,100.0,9.88,34.72,21.63,Baixo
MUN_039,Curitiba,BA,10,23.24,27.26,67.03,104.35,0.388,4.84,149.3,706334,290.6,63.1,65.37,116.47,24.95,Medio
MUN_008,Manaus,SP,41,22.69,26.45,47.11,30.58,0.373,6.34,1133.9,295369,32.2,96.2,9.22,29.07,23.1,Baixo
MUN_194,Uberlândia,GO,35,30.0,36.4,65.91,40.43,0.283,2.86,651.3,1761883,453.2,69.4,46.11,29.31,29.79,Medio
MUN_187,Manaus,RN,20,22.22,28.12,83.12,106.45,0.341,7.1,1162.5,1973896,478.3,58.0,73.83,102.31,19.5,Alto
MUN_047,Santos,RS,40,24.93,30.21,72.18,77.25,0.36,6.46,586.1,1177214,363.8,68.1,75.51,72.51,27.3,Alto
MUN_051,Uberlândia,AM,6,30.62,36.29,74.98,27.47,0.083,2.18,238.8,2045791,194.1,76.5,44.12,25.6,26.24,Medio
MUN_113,Manaus,PR,8,17.44,22.51,72.85,65.39,0.485,7.04,842.0,540909,323.7,64.7,52.89,59.34,15.96,Medio
MUN_200,Campinas,PR,52,27.11,32.47,66.41,78.36,0.264,7.03,548.4,1563705,339.2,65.3,51.24,77.84,27.22,Alto
MUN_141,Crato,CE,33,23.92,29.02,58.6,78.04,0.187,5.35,1192.3,1321131,439.5,60.9,50.23,67.61,22.63,Medio
MUN_004,Montes Claros,PR,37,28.1,34.26,57.07,14.17,0.402,1.26,1010.7,1307834,319.7,63.9,60.5,14.09,24.39,Baixo
MUN_051,Montes Claros,PR,29,23.85,29.87,57.92,91.37,0.314,6.17,148.8,1365643,351.3,69.4,49.89,95.93,27.17,Medio
MUN_131,Belém,RN,17,20.88,25.75,65.77,42.23,0.158,6.23,1159.9,1963587,44.9,68.4,11.79,53.5,21.06,Baixo
MUN_180,Ribeirão Preto,CE,1,26.72,29.73,58.88,34.3,0.325,4.43,622.5,1880197,241.6,76.1,42.39,20.61,24.16,Baixo
MUN_138,Uberlândia,PR,22,22.31,27.38,42.03,23.11,0.1,4.91,243.0,326107,484.7,56.0,65.01,22.36,22.63,Alto
MUN_199,Montes Claros,BA,34,27.6,31.37,54.19,11.51,0.347,5.46,467.7,1273174,395.3,57.2,51.86,0.96,26.34,Medio
MUN_124,Caxias do Sul,MG,3,24.45,27.28,68.92,46.0,0.343,5.54,878.8,1836711,402.4,57.4,71.96,50.92,21.53,Alto
MUN_074,Palmas,BA,27,32.27,37.38,60.98,26.52,0.232,2.94,1055.0,1232861,243.8,62.8,30.61,30.3,32.28,Baixo
MUN_056,Fortaleza,CE,30,24.33,29.44,76.43,40.42,0.296,1.6,487.7,2010656,347.5,62.8,50.52,51.0,25.44,Medio
MUN_184,Crato,CE,47,26.06,30.66,71.0,30.35,0.295,6.5,1089.2,1376613,333.4,63.1,55.86,40.64,25.15,Baixo
MUN_014,Ribeirão Preto,PA,38,27.91,34.61,48.36,38.26,0.241,4.42,1118.6,2385437,471.2,58.6,59.86,44.53,29.08,Alto
MUN_065,Uberlândia,BA,13,22.57,26.9,71.26,69.73,0.441,10.36,912.9,2007140,358.4,68.8,51.65,80.68,22.72,Medio
MUN_060,Goiânia,SP,19,30.46,36.91,47.46,32.33,0.351,2.86,742.8,1962345,374.2,52.7,64.5,41.19,29.89,Alto
MUN_149,Montes Claros,PE,22,23.97,28.51,66.66,95.52,0.333,1.38,666.1,1753068,451.9,63.8,63.83,78.98,22.66,Medio
MUN_093,Curitiba,SP,45,21.94,27.57,64.11,66.36,0.234,1.92,796.4,388583,142.6,76.0,39.53,49.95,22.73,Baixo
MUN_085,Goiânia,CE,33,28.91,33.31,77.03,26.67,0.304,2.38,457.3,152207,480.1,64.8,74.0,4.84,26.97,Alto
MUN_167,Montes Claros,PE,49,23.31,26.23,52.36,47.92,0.315,6.8,401.5,1736695,207.6,89.1,12.42,35.35,21.72,Baixo
MUN_059,Araguaína,AM,4,30.37,36.8,59.43,20.1,0.174,2.26,1178.8,2321319,141.7,87.0,28.34,19.84,30.77,Baixo
MUN_028,Manaus,GO,36,26.55,31.74,84.21,44.01,0.161,3.3,538.9,374812,43.8,87.1,9.23,59.58,26.79,Baixo
MUN_126,Montes Claros,SC,51,26.0,31.94,81.31,38.97,0.148,2.42,106.0,527346,114.0,76.3,39.78,48.9,26.88,Medio
MUN_076,Campinas,MG,36,29.22,33.66,62.94,69.87,0.392,7.38,676.6,2909017,106.6,79.3,26.36,74.43,28.83,Baixo
MUN_043,Sorocaba,BA,49,22.3,27.65,51.85,19.23,0.28,4.93,384.8,1575415,321.8,66.1,52.75,26.99,23.01,Medio
MUN_181,Montes Claros,RJ,14,25.89,31.1,70.02,39.48,0.223,3.53,931.5,546568,255.6,75.5,46.39,55.62,26.28,Baixo
MUN_004,Itaquaquecetuba,BA,43,26.19,30.68,71.27,14.13,0.14,1.08,552.4,2694464,433.3,50.2,64.83,-2.84,23.66,Medio
MUN_010,Crato,RJ,25,23.85,27.69,71.86,44.93,0.275,5.59,316.3,1324185,474.8,61.7,73.65,47.19,24.23,Alto
MUN_059,Curitiba,PR,14,24.13,27.55,71.31,51.22,0.367,1.9,522.3,371925,29.2,82.2,0.0,57.92,24.32,Baixo
MUN_157,Uberlândia,AM,7,22.09,27.58,65.6,42.89,0.351,3.37,380.5,2832528,234.4,80.4,30.57,49.09,20.26,Medio
MUN_056,Goiânia,AM,24,29.74,31.57,61.4,24.47,0.323,1.29,475.2,2571713,331.3,75.5,34.0,18.57,30.23,Medio
MUN_002,Montes Claros,TO,39,20.4,25.01,51.21,22.61,0.253,6.6,399.4,1948176,235.3,74.4,34.49,19.26,21.65,Medio
MUN_067,Itaquaquecetuba,AM,16,25.56,32.4,63.02,79.0,0.335,3.44,655.4,359560,177.6,73.9,29.61,78.26,24.23,Baixo
MUN_035,Uberlândia,RN,30,24.82,28.9,77.27,56.96,0.255,1.82,1073.5,2118802,315.3,69.6,43.64,59.49,26.37,Baixo
MUN_156,Natal,SC,28,25.01,30.47,57.86,63.27,0.332,5.39,476.5,409711,271.0,68.4,45.49,68.49,25.89,Medio
MUN_090,Natal,AM,41,27.06,30.54,73.26,73.23,0.312,3.24,1047.7,2126749,413.4,53.8,72.72,71.74,31.02,Medio
MUN_043,Montes Claros,BA,5,26.31,30.24,71.88,42.34,0.168,1.47,560.7,1680590,115.4,92.9,34.85,64.81,27.94,Baixo
MUN_182,Crato,RN,31,27.43,32.72,58.46,32.25,0.28,0.73,150.6,1655326,266.5,57.6,55.51,39.01,26.54,Medio
MUN_177,Itaquaquecetuba,PR,33,23.59,27.42,60.49,71.84,0.397,4.93,20.0,180495,162.0,65.9,40.81,64.46,25.5,Medio
MUN_176,Fortaleza,BA,25,19.67,27.13,68.34,61.74,0.383,5.49,544.2,1259136,128.8,78.8,23.78,50.91,18.19,Baixo
MUN_198,Goiânia,SC,2,32.33,37.86,67.85,58.48,0.279,8.59,97.2,1269590,25.2,89.6,12.62,53.72,30.02,Medio
MUN_129,Manaus,SP,19,26.61,31.56,47.21,10.62,0.321,0.12,896.8,525107,283.3,72.5,37.96,17.6,26.9,Baixo
MUN_081,Uberlândia,BA,23,25.61,31.6,66.89,66.61,0.428,6.59,1084.6,2095169,477.9,68.9,85.62,59.43,27.88,Alto
MUN_082,Fortaleza,GO,31,24.19,30.48,80.71,54.17,0.215,4.94,1115.6,890203,143.1,82.2,17.46,70.37,25.2,Baixo
MUN_005,Ribeirão Preto,SP,35,26.98,30.38,79.83,44.17,0.372,7.12,8.9,2586780,121.3,76.6,35.24,46.47,24.59,Medio
MUN_148,Santos,PR,7,28.53,33.83,72.29,50.62,0.276,2.29,21.1,2669181,469.9,43.5,78.79,57.74,29.0,Alto
MUN_130,Araguaína,AM,28,27.22,30.97,68.98,9.92,0.24,2.36,491.2,2917995,145.2,75.2,19.17,7.42,27.09,Baixo
MUN_090,Montes Claros,BA,6,21.2,26.73,69.22,70.22,0.457,9.76,557.5,1445220,254.7,81.8,48.36,70.56,24.22,Medio
MUN_046,Manaus,GO,26,26.37,32.01,57.11,60.24,0.353,6.21,13.9,417733,470.3,44.0,74.83,52.49,23.75,Alto
MUN_185,Itaquaquecetuba,PA,40,26.28,31.88,49.28,35.68,0.196,0.15,72.7,1688272,196.0,72.6,41.67,39.12,25.02,Medio
MUN_039,Campinas,AM,42,24.91,27.69,63.64,77.29,0.378,4.86,775.4,989999,438.9,56.2,60.2,63.89,28.07,Alto
MUN_022,Ribeirão Preto,RN,25,21.92,26.24,73.07,111.36,0.411,8.51,634.9,2665677,448.0,62.2,86.93,120.09,22.45,Alto
MUN_015,Ribeirão Preto,PE,13,21.88,27.26,81.58,159.01,0.527,7.54,1187.6,2481783,275.1,66.7,51.67,147.55,18.99,Baixo
MUN_039,Natal,GO,5,25.16,28.8,45.55,22.55,0.189,4.59,184.8,2931102,233.5,60.3,57.22,9.69,22.09,Alto
MUN_023,Goiânia,RS,21,20.05,26.68,67.63,44.78,0.263,6.54,1136.0,1258609,381.8,64.9,47.8,40.65,20.33,Baixo
MUN_053,Montes Claros,TO,23,21.29,24.72,53.56,14.17,0.192,3.14,223.3,1399642,386.8,61.0,54.05,-5.09,20.58,Medio
MUN_041,Itaquaquecetuba,PR,5,27.47,33.69,83.82,105.56,0.546,6.74,127.0,1583940,191.7,80.1,18.47,107.36,28.42,Alto
MUN_156,Belém,RJ,44,25.01,30.88,73.49,87.4,0.381,8.82,801.0,2632579,365.3,71.9,49.54,79.46,26.79,Medio
MUN_045,Salvador,PR,50,22.94,27.41,56.32,29.68,0.356,1.07,529.9,2503281,317.9,75.0,36.88,25.78,25.81,Medio
MUN_030,Goiânia,SC,31,23.72,28.71,58.4,51.38,0.229,3.28,921.2,1125705,46.0,72.3,21.83,54.97,24.24,Baixo
MUN_103,Sorocaba,AM,42,28.71,34.92,75.81,33.4,0.27,3.48,746.2,1141660,225.6,83.1,38.94,25.27,25.89,Baixo
MUN_013,Crato,TO,6,29.48,35.71,49.36,44.54,0.256,5.81,822.0,1910893,197.6,88.7,45.86,38.33,31.77,Baixo
MUN_127,Crato,SC,10,25.93,32.1,83.3,88.75,0.422,4.86,980.3,1954649,439.8,52.5,70.14,101.99,21.03,Alto
MUN_106,Sorocaba,TO,18,29.8,37.54,62.32,61.67,0.244,4.64,432.6,2937906,185.1,82.3,42.14,40.17,27.43,Medio
MUN_126,Belém,SC,32,24.88,28.4,77.85,86.95,0.408,5.41,204.1,1532055,175.1,75.8,58.19,76.3,25.04,Medio
MUN_110,Crato,CE,41,25.69,31.0,79.59,90.27,0.28,6.03,1180.5,1311375,51.8,76.8,4.18,89.83,29.17,Baixo
MUN_170,Ribeirão Preto,TO,18,22.5,27.3,52.62,69.69,0.478,3.68,476.2,1783215,262.3,63.6,56.73,77.25,22.46,Alto
MUN_170,Curitiba,SP,37,26.42,29.56,66.58,118.26,0.333,6.59,40.2,1546575,381.7,50.1,87.86,128.65,26.47,Alto
MUN_140,Recife,RJ,10,30.42,36.69,70.87,116.67,0.454,10.88,626.1,643962,299.4,67.4,57.76,120.96,33.91,Medio
MUN_128,Santos,CE,31,26.93,31.73,59.26,35.6,0.218,4.27,1042.8,1037219,369.9,71.7,67.61,19.89,27.52,Baixo
MUN_188,Belém,CE,11,24.77,28.3,62.3,33.49,0.247,6.09,118.9,1437623,361.4,55.3,76.42,10.28,21.92,Alto
MUN_161,Curitiba,PE,17,19.41,25.44,71.48,48.41,0.278,4.17,394.4,355073,253.4,57.4,60.13,47.44,15.04,Medio
MUN_016,Santos,PR,44,23.92,28.98,61.11,69.17,0.293,8.15,606.6,464449,423.9,53.9,63.32,70.44,24.82,Alto
MUN_052,Santos,MG,47,21.82,28.38,68.34,6.93,0.207,1.41,183.4,2045414,34.1,100.0,5.86,-0.67,22.85,Baixo
MUN_186,Macaé,BA,35,31.97,36.53,90.84,121.87,0.447,5.36,1027.3,2400369,474.7,59.2,68.42,107.52,33.34,Alto
MUN_166,Belém,AM,18,24.94,27.52,68.07,52.47,0.25,8.97,823.7,650042,372.8,52.6,55.8,42.13,21.31,Medio
MUN_132,Campinas,CE,34,28.3,33.31,63.95,56.75,0.262,5.88,304.1,2591957,213.6,91.8,26.78,47.52,29.71,Medio
MUN_025,Salvador,SP,16,28.21,33.76,61.91,29.03,0.348,0.85,780.3,934058,58.2,77.3,26.68,22.45,30.46,Baixo
MUN_078,Curitiba,CE,51,31.31,35.53,63.31,103.56,0.36,8.9,589.5,1666455,436.9,62.0,77.13,92.71,30.54,Alto
MUN_123,Sorocaba,PE,12,24.02,29.34,74.72,97.38,0.36,6.65,414.5,515837,100.5,80.1,50.2,84.59,22.84,Medio
MUN_133,Sorocaba,PE,44,24.56,31.5,79.01,131.42,0.567,7.28,1043.5,1618362,327.5,74.4,45.38,140.17,22.43,Medio
MUN_076,Belém,BA,43,28.61,32.32,65.54,33.84,0.37,3.49,627.2,1836820,473.2,53.7,70.3,20.78,24.93,Alto
MUN_143,Belém,PA,6,27.77,33.05,78.53,68.85,0.288,9.08,925.1,1642196,237.7,67.8,44.91,79.49,30.24,Baixo
MUN_148,Goiânia,PE,38,27.85,32.21,62.39,94.4,0.334,9.08,607.5,1456476,296.7,65.1,53.65,82.7,26.38,Alto
MUN_081,Natal,RJ,43,24.23,28.85,54.07,27.51,0.195,1.19,22.4,2161892,207.3,66.4,51.55,34.86,24.51,Alto
MUN_112,Sorocaba,AM,42,25.72,32.19,64.99,35.83,0.244,4.95,680.3,2436164,257.2,65.3,50.31,36.02,25.15,Baixo
MUN_153,Fortaleza,AM,17,22.92,28.59,66.31,82.3,0.423,4.71,909.8,1612823,310.4,54.0,72.12,80.76,20.62,Alto
MUN_046,Goiânia,PA,9,29.06,34.15,55.87,12.45,0.22,1.31,306.5,287306,269.8,81.2,50.21,8.24,28.14,Medio
MUN_140,Palmas,BA,16,27.16,31.49,48.86,6.76,0.187,0.99,494.9,930696,28.6,92.9,15.95,2.05,27.38,Baixo
MUN_023,Curitiba,AM,22,25.17,32.6,62.55,75.86,0.482,5.99,780.5,822875,495.8,59.5,81.67,61.8,24.8,Alto
MUN_046,Crato,RN,18,30.93,37.7,51.48,63.14,0.302,6.69,160.7,1579879,172.4,73.4,33.52,73.58,31.71,Alto
MUN_168,Santos,GO,26,26.55,31.16,45.69,18.89,0.129,5.32,970.0,2933247,477.9,53.8,80.19,16.77,28.56,Alto
MUN_012,Itaquaquecetuba,PE,25,22.22,29.7,49.83,27.46,0.206,6.35,1128.0,1262531,111.7,74.3,40.21,9.49,20.24,Baixo
MUN_141,Macaé,PR,5,32.38,37.0,66.39,8.53,0.184,1.55,33.1,443138,212.1,72.9,41.71,4.04,29.21,Alto
MUN_059,Curitiba,GO,24,27.15,30.84,60.31,40.68,0.333,6.24,807.8,76299,329.6,66.5,57.33,48.64,26.38,Alto
MUN_086,Salvador,PE,2,25.33,31.66,59.08,41.69,0.107,5.75,222.7,1700188,113.3,80.5,26.44,51.11,24.9,Alto
MUN_048,Palmas,GO,18,22.1,27.48,71.24,110.85,0.486,9.3,990.6,2544720,376.4,76.6,53.84,102.83,20.54,Medio
MUN_134,Macaé,RJ,41,29.14,33.79,56.31,25.91,0.208,3.86,1148.4,2981014,49.9,82.1,17.65,24.39,28.89,Baixo
MUN_185,Montes Claros,BA,34,24.62,28.85,61.95,26.64,0.333,3.67,870.8,731875,187.0,64.0,38.59,44.74,25.25,Baixo
MUN_085,Campinas,CE,50,27.33,31.75,55.86,36.5,0.209,0.9,452.0,1178162,332.5,61.5,27.89,40.7,29.04,Medio
MUN_005,Curitiba,CE,44,27.62,32.71,62.77,87.58,0.528,8.55,657.1,1790337,339.6,69.1,50.83,95.2,26.99,Alto
MUN_038,Caxias do Sul,CE,11,24.38,28.98,61.55,35.89,0.206,2.57,56.7,489349,497.3,48.8,76.08,53.38,24.79,Alto
MUN_165,Macaé,SC,32,23.23,27.57,68.93,55.34,0.263,4.13,653.8,676708,192.6,72.4,52.41,58.44,21.85,Medio
MUN_016,Santos,SC,26,27.83,30.89,76.18,19.37,0.232,3.07,135.9,414318,449.3,63.6,53.25,21.98,28.35,Medio
MUN_074,Itaquaquecetuba,RS,42,22.35,24.48,58.91,74.52,0.243,6.68,1038.1,1898646,464.2,41.4,97.93,64.64,21.57,Alto
MUN_171,Araguaína,TO,11,28.31,30.01,58.05,30.86,0.294,2.58,388.4,2005005,83.7,83.3,4.06,17.1,27.98,Baixo
MUN_168,Campinas,CE,51,28.79,35.41,57.91,70.26,0.266,6.48,661.5,1625588,113.6,77.5,13.2,68.67,29.57,Baixo
MUN_045,Sorocaba,RN,44,30.96,34.9,63.09,40.31,0.287,6.95,16.6,361821,195.5,94.1,24.9,55.79,32.23,Medio
MUN_148,Ribeirão Preto,BA,30,22.59,25.85,75.26,92.86,0.299,7.93,530.2,1486306,181.6,90.1,28.86,103.13,24.06,Baixo
MUN_150,Uberlândia,PE,24,26.95,31.5,68.53,72.22,0.422,7.33,222.0,410662,219.8,71.7,42.78,67.61,22.2,Alto
MUN_012,Caxias do Sul,GO,13,25.28,30.65,60.04,47.84,0.225,4.04,756.2,1354592,297.6,75.4,27.13,45.63,26.3,Baixo
MUN_018,Macaé,SP,41,26.06,30.1,98.77,187.57,0.697,14.02,1145.2,965092,166.0,87.0,35.66,180.33,25.07,Baixo
MUN_164,Curitiba,RS,15,26.82,32.76,64.68,48.25,0.389,1.58,805.4,884134,239.5,71.6,53.32,52.84,29.6,Baixo
MUN_098,Itaquaquecetuba,AM,10,19.46,25.01,65.13,69.06,0.33,5.33,29.2,995364,299.9,81.5,38.66,69.73,21.85,Alto
MUN_071,Itaquaquecetuba,RJ,19,25.22,30.33,64.84,72.85,0.305,7.2,250.0,2508319,382.3,65.9,59.17,69.89,24.68,Alto
MUN_190,Ribeirão Preto,AM,1,30.26,36.27,58.84,21.5,0.21,1.1,1078.0,316977,246.8,91.5,42.16,22.12,29.08,Baixo
MUN_200,Macaé,TO,44,30.98,34.18,66.57,55.66,0.345,3.37,549.4,273892,418.8,60.1,70.66,54.03,32.43,Medio
MUN_200,Santos,RS,12,26.54,31.44,76.49,26.79,0.297,2.14,188.3,952506,118.0,86.3,36.4,30.61,29.04,Medio
MUN_020,Manaus,SP,7,30.06,34.82,61.34,42.62,0.315,4.57,1191.7,1670203,76.3,82.5,22.24,57.48,28.66,Baixo
MUN_182,Ribeirão Preto,SC,30,25.34,31.83,67.14,37.27,0.205,3.24,43.9,1182959,471.0,57.1,81.96,17.57,25.3,Alto
MUN_037,Campinas,MG,35,29.79,34.39,75.49,104.62,0.259,7.63,297.9,2948175,180.4,80.3,41.26,102.1,26.92,Medio
MUN_073,Palmas,TO,7,27.84,32.56,73.93,75.65,0.303,7.27,75.4,639552,42.7,86.1,11.53,76.67,31.05,Medio
MUN_165,Araguaína,BA,35,27.86,32.71,84.42,119.46,0.469,9.57,1138.3,1753435,55.7,86.6,21.14,115.59,30.05,Baixo
MUN_029,Itaquaquecetuba,RS,6,23.23,28.18,60.17,31.03,0.289,5.83,917.6,2687417,425.2,66.2,64.05,36.2,23.09,Baixo
MUN_100,Crato,RN,42,23.54,28.28,61.45,74.01,0.302,3.19,855.3,2328620,431.7,62.3,80.34,73.33,22.46,Alto
MUN_028,Fortaleza,BA,10,20.52,25.53,66.78,64.8,0.399,3.59,818.5,670264,254.5,64.0,33.68,67.93,20.0,Baixo
MUN_023,Araguaína,SP,19,32.37,36.59,87.51,155.58,0.61,9.23,379.4,226060,291.3,73.3,66.98,147.18,30.92,Medio
MUN_118,Goiânia,GO,15,32.88,38.93,66.31,97.58,0.476,6.58,11.9,954491,378.1,60.9,74.62,84.51,34.98,Alto
MUN_035,Itaquaquecetuba,BA,52,21.28,25.96,50.33,42.4,0.337,6.22,310.2,2219992,202.7,62.3,37.99,32.51,20.55,Alto
MUN_170,Ribeirão Preto,AM,41,20.0,23.69,66.12,60.45,0.281,5.1,318.0,2671590,481.0,66.2,73.78,62.83,20.02,Alto
MUN_127,Campinas,RS,23,17.63,21.56,60.91,74.05,0.218,4.51,323.9,2791076,470.6,69.4,42.95,80.55,19.07,Medio
MUN_021,Macaé,SP,7,18.53,23.89,71.39,79.9,0.308,2.83,347.8,1131702,102.1,67.2,59.75,80.57,16.79,Alto
MUN_183,Montes Claros,AM,39,25.08,31.16,69.06,56.66,0.34,5.63,790.3,512544,411.6,47.5,63.02,76.15,22.01,Medio
MUN_172,Sorocaba,RN,47,20.24,24.94,64.02,27.5,0.096,5.13,480.4,833869,294.0,68.9,39.66,22.86,21.7,Medio
MUN_034,Palmas,AM,1,29.25,33.02,75.48,124.44,0.396,6.65,171.2,2552404,247.4,89.6,35.81,118.5,30.78,Medio
MUN_157,Macaé,RJ,44,31.9,36.87,47.56,34.09,0.273,6.33,902.7,775026,478.8,47.4,84.61,53.09,32.53,Alto
MUN_199,Montes Claros,BA,34,27.6,31.37,54.19,11.51,0.347,5.46,467.7,1273174,395.3,57.2,51.86,0.96,26.34,Medio
MUN_158,Crato,CE,37,32.44,37.45,64.65,83.33,0.308,5.14,971.3,2912154,426.3,55.7,73.03,81.83,32.27,Alto
MUN_060,Fortaleza,RN,17,30.48,34.77,50.68,58.36,0.238,4.56,464.5,2446370,391.6,55.9,50.53,45.21,26.26,Medio
MUN_163,Natal,CE,24,26.51,29.22,58.41,22.38,0.207,3.7,125.3,400637,360.6,68.1,63.31,29.85,27.06,Alto
MUN_176,Natal,PA,30,27.64,32.26,64.59,62.37,0.238,5.76,873.5,353437,409.0,57.2,74.81,57.16,29.17,Alto
MUN_166,Sorocaba,AM,1,30.5,34.89,67.04,48.92,0.378,4.42,135.1,2000583,234.3,77.3,35.87,44.27,33.57,Medio
MUN_137,Montes Claros,PR,17,19.56,24.68,63.88,87.62,0.223,5.1,172.6,1829662,487.7,65.4,64.2,89.27,16.67,Alto
MUN_102,Fortaleza,SP,13,27.9,32.78,66.76,78.89,0.311,6.58,1197.6,216089,142.6,79.6,30.26,77.48,27.39,Baixo
MUN_161,Santos,RS,31,25.58,29.63,56.44,80.28,0.411,1.04,198.3,322150,178.4,78.4,29.85,72.07,26.15,Alto
MUN_079,Natal,RN,23,32.01,36.62,69.79,17.37,0.194,1.66,376.3,2371482,412.4,67.4,75.23,7.18,32.64,Alto
MUN_008,Macaé,SC,32,19.46,26.32,47.89,23.21,0.202,1.73,235.5,2713124,472.9,51.7,55.61,32.19,20.84,Alto
MUN_036,Natal,SC,27,24.92,29.77,50.69,44.45,0.286,5.48,260.3,1214821,421.1,56.4,61.66,25.0,25.27,Alto
MUN_018,Campinas,RS,52,20.1,24.96,81.0,133.52,0.442,7.53,480.2,1364108,446.1,71.5,75.09,146.3,17.29,Alto
MUN_002,Ribeirão Preto,MG,17,22.07,26.68,66.87,40.98,0.348,3.33,210.6,785861,51.1,88.5,5.13,49.62,25.09,Medio
MUN_031,Crato,GO,10,28.76,33.03,71.55,41.09,0.271,5.05,328.6,2964411,227.2,85.1,23.89,38.01,28.08,Medio
MUN_006,Manaus,GO,49,24.37,30.95,68.56,77.57,0.27,2.4,472.5,2353219,43.4,91.6,14.15,65.44,22.42,Baixo
MUN_040,Santos,PE,51,21.92,28.08,76.84,79.05,0.304,3.85,845.5,1676039,498.1,47.2,72.3,67.38,23.84,Alto
MUN_125,Salvador,MG,12,25.89,32.75,58.29,22.48,0.252,1.25,431.5,2672333,487.6,53.3,96.29,44.27,25.01,Alto
MUN_097,Sorocaba,PA,19,24.38,30.08,75.92,83.81,0.409,10.93,470.8,1495481,396.3,52.4,73.84,72.51,24.37,Medio
MUN_148,Macaé,RJ,4,21.3,26.44,48.04,8.21,0.283,1.08,23.4,2843034,350.3,64.0,46.27,6.61,22.15,Medio
MUN_146,Curitiba,SP,22,26.62,31.37,54.13,35.31,0.139,2.93,591.0,412475,164.8,89.9,33.6,51.26,28.43,Baixo
MUN_114,Itaquaquecetuba,PR,10,21.06,27.53,51.48,10.84,0.095,1.8,728.7,2015883,191.7,81.8,17.55,6.44,22.41,Baixo
MUN_166,Natal,RJ,34,25.12,29.99,56.55,65.58,0.393,7.31,193.7,1420685,110.0,72.6,35.9,43.13,25.74,Alto
MUN_189,Curitiba,RS,31,30.08,34.16,53.71,57.6,0.326,4.27,382.6,2521989,412.0,61.5,73.8,33.18,32.45,Alto
MUN_015,Caxias do Sul,PE,25,27.36,29.87,77.38,125.88,0.532,8.52,312.1,1064024,403.9,64.0,81.21,123.09,29.02,Alto
MUN_046,Crato,RN,45,25.83,30.56,50.82,31.15,0.288,6.87,342.8,2556614,297.7,57.6,45.21,26.5,24.47,Medio
MUN_195,Curitiba,SC,1,24.84,32.37,65.47,62.86,0.359,6.44,33.3,2974105,147.1,77.8,24.34,56.75,23.82,Medio
MUN_126,Curitiba,GO,7,23.89,28.34,53.77,37.85,0.161,4.32,232.4,2587648,370.1,73.7,44.76,41.77,25.49,Medio
MUN_048,Ribeirão Preto,PE,32,25.59,29.95,70.66,65.35,0.391,5.4,662.8,1957717,94.0,75.4,17.2,63.57,26.55,Baixo
MUN_033,Macaé,CE,13,30.48,34.8,60.61,39.77,0.277,2.22,631.2,973285,155.2,76.5,28.55,32.71,33.0,Baixo
MUN_051,Macaé,PA,46,25.19,31.54,58.5,32.48,0.234,4.79,873.3,2514862,449.0,53.7,75.23,47.75,28.04,Alto
MUN_181,Goiânia,AM,4,30.58,34.33,47.69,20.69,0.334,2.24,399.2,1402880,133.4,81.2,37.94,27.3,29.82,Baixo
MUN_046,Fortaleza,CE,29,21.32,27.98,58.02,40.44,0.126,3.94,680.2,2291459,467.2,57.9,85.27,50.85,20.38,Alto
MUN_154,Fortaleza,SC,36,23.23,27.74,67.38,29.59,0.342,3.78,558.6,2643164,423.0,65.2,54.61,25.85,25.38,Medio
MUN_162,Ribeirão Preto,PA,1,28.35,34.22,57.5,26.99,0.429,1.72,238.2,278883,490.8,48.2,75.53,24.89,29.0,Alto
MUN_042,Campinas,SC,9,24.04,27.03,63.34,42.7,0.305,3.74,547.8,987662,428.0,54.1,62.36,43.47,22.37,Alto
MUN_017,Recife,RN,11,29.8,35.06,68.62,33.79,0.265,0.95,271.9,544849,292.9,71.4,35.14,32.98,28.98,Medio
MUN_039,Ribeirão Preto,AM,48,28.76,34.0,60.56,32.99,0.33,9.35,525.2,1045795,42.7,93.0,23.2,34.27,29.87,Baixo
MUN_005,Araguaína,MG,40,20.49,26.15,92.73,138.35,0.491,7.21,352.5,990864,95.6,64.7,16.19,152.09,23.58,Medio
MUN_012,Natal,RJ,8,31.24,37.43,76.11,27.84,0.269,5.38,482.7,274739,475.1,40.1,71.95,43.69,30.2,Medio
MUN_002,Araguaína,MG,50,24.69,29.79,83.13,110.78,0.509,9.95,871.0,320369,323.3,66.9,64.33,111.26,25.18,Medio
MUN_141,Fortaleza,AM,44,32.95,35.85,75.18,89.41,0.351,4.45,208.2,391986,191.6,69.6,57.6,85.33,34.03,Alto
MUN_130,Araguaína,PA,52,25.95,31.91,70.18,39.49,0.228,5.52,1001.0,2198430,481.9,57.5,68.95,38.88,26.27,Alto
MUN_088,Montes Claros,RN,48,26.22,33.71,80.77,79.2,0.361,5.08,67.5,1348115,386.8,41.8,89.37,85.26,28.03,Alto
MUN_090,Araguaína,CE,48,28.33,34.5,50.17,22.18,0.164,1.15,969.5,592152,40.6,80.2,0.0,14.17,26.09,Baixo
MUN_013,Manaus,RJ,17,29.94,35.44,65.23,30.62,0.267,2.92,465.0,2502514,452.4,49.5,73.07,34.08,31.41,Alto
MUN_013,Sorocaba,SC,19,29.09,35.3,63.27,23.35,0.316,0.0,71.8,813951,367.5,54.5,63.05,25.08,31.81,Alto
MUN_118,Recife,RN,2,23.7,28.6,71.06,97.76,0.282,4.73,235.9,337824,241.6,69.5,35.79,93.58,22.45,Medio
MUN_056,Recife,PE,27,28.52,34.81,56.78,32.82,0.279,0.0,1027.5,1200140,363.0,67.8,49.41,5.43,29.9,Baixo
MUN_075,Goiânia,SP,5,25.31,29.97,68.74,19.46,0.341,3.24,1060.7,2451903,290.5,65.8,33.22,25.49,26.22,Baixo
MUN_006,Goiânia,RS,45,24.86,28.8,60.04,17.46,0.312,0.0,866.7,1000011,312.5,73.5,41.59,17.86,21.74,Baixo
MUN_114,Caxias do Sul,TO,29,26.45,31.67,74.78,90.15,0.341,3.42,238.6,2801577,421.3,56.2,79.73,89.85,24.95,Alto
MUN_186,Belém,PA,20,28.04,32.43,60.19,17.91,0.269,0.86,429.5,240008,472.6,54.9,57.78,10.91,24.39,Alto
MUN_001,Itaquaquecetuba,GO,18,22.75,26.94,68.02,64.3,0.235,5.98,231.7,1118257,496.3,65.6,61.43,61.88,20.93,Alto
MUN_140,Araguaína,SP,43,35.99,42.15,80.9,144.51,0.424,9.37,187.2,2547449,361.1,58.1,65.72,160.01,34.06,Alto
MUN_165,Sorocaba,RN,32,23.0,29.21,65.22,21.66,0.189,5.51,715.2,2092363,111.9,78.1,33.62,17.7,24.31,Baixo
MUN_117,Santos,RS,51,23.35,27.66,68.93,21.85,0.147,1.78,291.9,2119766,417.7,60.8,57.55,6.25,25.39,Medio
MUN_017,Araguaína,TO,19,31.51,38.26,81.23,83.84,0.313,9.58,79.6,2262253,215.7,74.6,20.8,80.96,31.63,Medio
MUN_136,Caxias do Sul,CE,3,22.96,27.8,70.07,44.18,0.4,1.61,298.1,1585934,456.5,57.6,65.28,42.24,24.39,Medio
MUN_160,Montes Claros,RS,2,33.05,37.9,73.35,85.78,0.265,5.78,1194.3,2933769,179.7,75.3,40.09,90.52,33.5,Baixo
MUN_139,Caxias do Sul,TO,48,28.45,33.07,48.82,21.01,0.3,2.85,865.2,2168639,68.1,87.1,41.22,23.34,25.31,Baixo
MUN_100,Crato,PA,11,19.8,24.33,47.3,41.62,0.311,0.82,426.6,1957406,421.6,66.0,55.07,27.66,16.38,Alto
MUN_023,Salvador,AM,12,23.96,29.35,59.79,34.91,0.255,7.52,456.6,687153,433.6,49.4,60.79,44.27,27.0,Medio
MUN_106,Campinas,AM,44,33.79,38.65,54.57,18.91,0.323,4.59,444.9,1808325,218.5,70.7,46.46,18.72,32.4,Medio
MUN_046,Goiânia,TO,8,24.7,31.02,63.35,59.53,0.319,8.82,954.1,2340256,235.5,67.2,54.05,49.26,24.06,Baixo
MUN_077,Salvador,TO,12,24.1,29.54,83.05,149.92,0.504,8.76,987.5,737549,40.4,92.9,24.82,146.39,22.08,Baixo
MUN_091,Ribeirão Preto,AM,46,32.12,38.62,69.45,50.31,0.233,4.96,371.6,463054,31.9,70.2,49.52,37.93,32.4,Alto
MUN_154,Fortaleza,PE,42,25.37,30.94,57.96,50.5,0.155,2.2,1010.8,1598914,253.0,72.6,42.18,53.33,28.43,Baixo
MUN_007,Campinas,PE,32,20.55,26.53,78.34,44.99,0.314,1.35,925.2,2743074,425.4,69.4,67.88,42.79,20.34,Alto
MUN_061,Ribeirão Preto,AM,23,29.48,32.79,62.98,63.59,0.295,6.67,849.2,1561132,465.7,52.3,59.11,62.41,30.1,Medio
MUN_038,Belém,RS,40,24.49,30.11,81.09,85.12,0.335,7.67,150.6,1967081,470.4,63.1,83.78,94.19,27.02,Alto
MUN_101,Santos,MG,13,33.49,38.44,70.11,23.15,0.268,3.31,786.4,1108249,449.8,60.9,66.14,24.39,35.29,Alto
MUN_119,Crato,CE,7,25.49,29.15,70.98,48.32,0.296,5.01,462.5,1104407,392.9,65.3,51.28,36.23,23.77,Alto
MUN_110,Natal,TO,2,22.77,27.72,64.96,25.71,0.086,0.0,408.3,1559934,197.7,80.9,40.0,39.9,20.29,Medio
MUN_073,Manaus,PA,30,24.22,28.33,60.19,35.42,0.252,1.58,490.7,1476603,448.0,48.9,80.5,38.72,18.94,Alto
MUN_140,Montes Claros,SP,49,24.2,30.26,66.2,77.44,0.39,5.11,292.4,779357,381.4,64.0,57.8,63.56,22.86,Medio
MUN_072,Montes Claros,RJ,14,27.96,33.36,68.83,45.79,0.236,4.8,335.9,427306,303.0,67.9,56.28,28.82,28.99,Medio
MUN_130,Sorocaba,SP,29,22.3,28.61,50.66,43.84,0.25,3.72,571.5,1501962,172.4,88.6,27.93,37.83,23.53,Baixo
MUN_179,Itaquaquecetuba,AM,11,21.94,26.01,55.55,55.4,0.416,7.42,1123.5,2777584,402.4,61.0,66.35,60.75,17.32,Baixo
MUN_120,Recife,PR,45,22.11,28.12,64.41,39.36,0.329,2.81,104.5,202172,118.7,84.1,16.45,18.33,24.52,Medio
MUN_162,Campinas,RS,12,21.96,28.01,65.9,39.91,0.143,6.3,400.7,100243,341.2,62.6,66.68,35.57,21.64,Alto
MUN_019,Caxias do Sul,PA,3,28.16,34.04,56.04,47.87,0.54,2.79,115.7,293607,341.2,56.9,44.65,64.64,25.21,Alto
MUN_108,Crato,SC,41,25.13,28.76,74.59,52.29,0.292,7.01,320.1,2324654,490.7,54.3,72.44,72.77,24.08,Alto
MUN_137,Caxias do Sul,TO,20,28.74,33.74,72.61,87.26,0.26,6.99,1176.1,2248140,20.7,86.5,13.97,86.55,30.43,Baixo
MUN_178,Salvador,RN,23,34.22,39.17,51.42,20.7,0.327,4.91,493.2,1958187,302.3,54.1,73.65,37.97,32.1,Medio
MUN_140,Manaus,MG,39,25.34,30.87,72.46,39.93,0.29,2.18,807.0,2383046,468.9,45.6,79.16,37.66,25.63,Alto
MUN_134,Goiânia,GO,43,28.94,33.15,62.46,33.74,0.356,0.54,838.5,2600672,404.4,58.6,57.63,27.74,29.45,Medio
MUN_048,Ribeirão Preto,RJ,23,28.35,33.88,56.19,31.04,0.201,0.48,612.4,414377,328.5,63.3,47.14,29.37,29.3,Baixo
MUN_040,Natal,RS,50,24.52,30.52,58.48,50.83,0.365,8.21,381.6,2034382,270.0,75.7,40.83,60.73,19.53,Medio
MUN_116,Goiânia,BA,10,27.73,32.33,74.38,154.99,0.782,8.96,20.3,1125850,108.1,75.5,35.99,170.62,29.42,Alto
MUN_038,Sorocaba,PR,26,22.79,26.94,71.07,62.23,0.376,2.67,165.8,441616,146.0,78.8,42.1,55.55,24.68,Alto
MUN_150,Araguaína,PR,45,23.26,27.98,64.68,76.85,0.175,5.14,60.0,2908078,402.8,68.5,44.43,79.0,24.14,Medio
MUN_199,Natal,PA,16,26.28,31.91,64.63,46.77,0.247,0.0,337.9,200742,371.3,56.4,69.48,47.71,26.49,Alto
MUN_023,Curitiba,AM,22,25.17,32.6,62.55,75.86,0.482,5.99,780.5,822875,495.8,59.5,81.67,61.8,24.8,Alto
MUN_060,Crato,PE,29,25.07,31.37,61.0,3.15,0.141,0.46,454.1,1271064,249.6,58.6,52.29,13.47,23.61,Baixo
MUN_105,Crato,AM,24,22.25,26.86,61.9,51.07,0.272,6.76,490.2,2516710,430.5,52.9,78.12,57.64,25.98,Alto
MUN_122,Fortaleza,PE,31,23.17,27.09,57.71,51.12,0.368,6.5,1165.1,2272377,94.0,85.7,34.27,53.97,24.05,Baixo
MUN_126,Belém,SC,32,24.88,28.4,77.85,86.95,0.408,5.41,204.1,1532055,175.1,75.8,58.19,76.3,25.04,Medio
MUN_111,Santos,PE,40,30.21,36.28,73.94,82.32,0.297,9.17,449.3,1993980,33.8,80.0,11.78,74.66,30.99,Baixo
MUN_155,Curitiba,AM,40,33.48,39.44,53.85,19.82,0.36,1.96,1108.3,2834491,259.0,81.9,19.1,34.65,31.7,Baixo
MUN_032,Fortaleza,MG,21,28.06,34.28,55.98,42.2,0.222,1.68,802.1,2104859,191.6,77.2,35.39,52.07,27.9,Baixo
MUN_152,Campinas,AM,31,27.38,31.8,52.91,57.14,0.348,2.74,697.4,391956,445.9,55.5,84.19,42.45,27.3,Alto
MUN_192,Campinas,AM,47,29.32,35.49,70.42,68.1,0.284,6.4,327.4,1334710,167.5,71.2,51.48,81.72,28.25,Alto
MUN_027,Campinas,RN,32,24.75,31.41,69.62,109.38,0.387,6.86,387.1,2767298,171.5,71.9,46.16,113.52,24.66,Medio
MUN_087,Belém,CE,3,22.69,28.62,59.49,35.98,0.359,4.59,245.4,1021838,392.3,65.1,63.36,50.83,25.88,Medio
MUN_138,Belém,GO,50,26.68,31.18,67.83,34.17,0.278,4.26,960.3,1150938,391.0,51.0,65.21,46.6,27.52,Baixo
MUN_031,Crato,BA,8,22.85,28.8,75.85,103.16,0.419,7.95,883.2,2430552,436.0,61.1,82.23,104.71,24.07,Alto
MUN_049,Montes Claros,PA,24,25.77,30.61,58.85,40.03,0.393,0.61,644.6,2653737,35.2,82.4,31.48,37.43,23.98,Baixo
MUN_164,Crato,RS,49,21.27,25.78,68.37,42.38,0.195,3.41,559.8,413819,418.9,50.4,62.73,55.49,19.04,Alto
MUN_144,Recife,RJ,12,31.77,37.47,60.44,69.16,0.438,5.56,245.1,335397,440.4,74.0,62.79,80.23,34.12,Alto
MUN_150,Belém,AM,23,25.77,29.82,72.01,48.22,0.323,4.04,376.3,2806789,463.2,65.7,72.01,43.25,29.41,Alto
MUN_193,Sorocaba,RS,25,19.21,24.07,72.58,39.84,0.251,4.26,499.9,2388989,274.4,63.3,48.9,40.51,20.85,Alto
MUN_083,Macaé,SC,15,23.72,29.4,75.56,71.21,0.355,5.52,549.2,1788525,417.7,60.2,76.05,80.6,25.16,Medio
MUN_125,Araguaína,CE,29,26.97,30.47,47.9,13.27,0.244,1.08,561.1,1899182,429.3,74.2,64.85,23.05,24.57,Medio
MUN_200,Curitiba,SC,9,29.05,31.47,69.25,69.28,0.349,7.35,350.9,948873,461.9,52.0,78.09,79.54,27.58,Alto
MUN_157,Natal,TO,7,24.72,27.38,58.98,45.18,0.201,3.99,643.3,1574316,139.2,70.1,27.83,52.69,25.46,Baixo
MUN_180,Itaquaquecetuba,MG,34,26.24,30.91,62.33,45.5,0.492,4.09,789.8,2115692,499.4,56.7,65.26,32.45,28.01,Alto
MUN_012,Araguaína,SC,39,28.89,34.07,64.67,94.05,0.318,7.44,586.3,1313266,108.4,88.4,36.83,90.36,29.77,Baixo
MUN_142,Campinas,BA,15,21.94,25.99,57.08,33.6,0.325,5.19,248.8,2627680,371.9,63.4,70.64,44.51,22.82,Medio
MUN_078,Natal,CE,21,24.0,27.2,97.75,137.46,0.456,7.22,716.2,2729613,339.9,64.1,67.88,134.15,21.96,Medio
MUN_115,Belém,BA,47,33.03,38.09,67.68,12.33,0.074,6.14,789.5,1523499,383.0,67.5,80.07,18.74,33.33,Baixo
MUN_084,Caxias do Sul,BA,31,21.43,26.35,81.61,126.99,0.365,8.8,104.9,289803,320.9,65.1,64.18,127.29,20.67,Alto
MUN_029,Manaus,TO,41,25.98,29.94,65.64,84.43,0.435,5.0,844.1,1236782,453.1,69.2,82.44,88.68,26.41,Alto
MUN_088,Uberlândia,TO,34,30.43,36.38,63.83,7.39,0.21,2.13,132.1,1574307,124.8,83.9,40.21,-12.53,31.77,Baixo
MUN_159,Sorocaba,RS,41,27.5,31.96,62.26,78.43,0.375,3.94,483.2,2447855,277.2,82.9,49.5,88.89,30.27,Medio
MUN_189,Fortaleza,CE,32,31.29,38.09,77.8,84.46,0.367,3.43,674.3,1737547,497.8,53.2,89.02,101.76,33.02,Alto
MUN_042,Curitiba,GO,46,24.81,28.26,70.24,113.67,0.264,7.27,923.8,2338130,303.7,57.0,57.27,124.82,26.21,Alto
MUN_142,Itaquaquecetuba,RJ,50,26.64,32.76,47.44,28.0,0.401,1.97,155.2,1136236,315.9,66.6,38.82,28.8,23.08,Medio
MUN_194,Salvador,PE,47,26.44,33.22,68.85,80.47,0.398,6.59,785.2,473681,404.9,64.2,63.68,77.35,26.04,Alto
MUN_033,Ribeirão Preto,SP,9,28.87,33.71,60.22,54.12,0.325,5.84,727.6,2068524,499.1,61.6,64.85,58.2,27.66,Alto
MUN_079,Natal,AM,30,27.37,34.11,49.21,21.15,0.215,3.07,237.3,1166123,458.5,47.3,70.45,17.1,30.92,Medio
MUN_088,Recife,BA,33,23.87,27.14,70.29,60.52,0.383,4.36,244.3,2348222,291.8,63.5,55.17,51.16,24.56,Medio
MUN_067,Goiânia,GO,27,30.83,36.75,72.06,64.31,0.371,6.42,1057.0,2101617,172.2,76.5,42.77,80.17,30.03,Baixo
MUN_007,Recife,PE,30,24.63,31.21,65.82,71.78,0.336,6.37,494.7,782786,316.2,61.2,47.59,57.25,23.81,Medio
MUN_048,Santos,SC,15,26.42,31.9,59.78,22.09,0.161,2.99,770.6,320035,271.3,68.5,43.22,28.64,28.32,Baixo
MUN_119,Uberlândia,MG,27,24.98,28.55,65.22,54.16,0.131,1.62,196.9,2032934,236.5,74.6,36.67,61.83,23.76,Alto
MUN_159,Araguaína,RS,50,32.56,37.56,58.92,28.09,0.204,3.76,1055.7,1616450,134.3,91.0,10.71,14.22,29.65,Baixo
MUN_086,Manaus,MG,31,29.36,33.13,56.84,17.32,0.156,1.8,371.0,1103754,494.6,58.2,76.52,24.84,29.07,Alto
MUN_128,Caxias do Sul,TO,47,28.08,33.69,61.62,68.29,0.392,5.4,713.3,223168,307.7,87.7,26.26,73.87,30.8,Medio
MUN_057,Sorocaba,PA,35,24.54,28.71,54.81,39.43,0.353,3.48,390.9,2196620,220.0,66.5,55.03,50.13,25.43,Medio
MUN_033,Curitiba,BA,37,32.88,38.54,62.88,25.49,0.349,2.64,1199.6,1666887,299.8,81.5,51.81,23.34,34.62,Baixo
MUN_006,Araguaína,RJ,14,25.97,29.52,68.38,59.89,0.309,9.64,231.3,2010987,406.6,61.7,67.15,54.17,28.73,Alto
MUN_035,Recife,AM,12,28.72,33.78,53.31,15.55,0.313,2.72,710.1,2007034,298.3,67.0,47.8,27.31,30.42,Baixo
MUN_003,Montes Claros,PE,43,26.73,34.42,57.13,32.86,0.266,1.03,107.6,2960626,54.9,76.1,18.33,18.86,28.45,Medio
MUN_022,Montes Claros,AM,12,25.31,29.58,79.03,72.82,0.223,4.66,183.9,2568477,478.0,71.5,77.79,82.64,24.73,Alto
MUN_104,Araguaína,PA,50,30.67,34.77,61.93,93.37,0.343,3.09,539.4,2853063,369.6,69.2,84.0,82.3,30.93,Medio
MUN_049,Belém,TO,25,25.92,32.74,61.85,52.31,0.372,7.06,103.8,2954233,152.3,72.3,30.84,42.16,28.21,Alto
MUN_194,Uberlândia,GO,35,30.0,36.4,65.91,40.43,0.283,2.86,651.3,1761883,453.2,69.4,46.11,29.31,29.79,Medio
MUN_191,Fortaleza,RN,24,27.14,30.07,63.06,115.64,0.647,12.96,704.3,2790420,483.0,58.4,70.89,110.28,28.37,Alto
MUN_099,Fortaleza,SC,27,23.65,28.45,61.24,98.47,0.344,8.11,120.4,1298841,172.8,83.5,35.11,97.33,21.96,Medio
MUN_156,Itaquaquecetuba,RS,7,30.36,35.79,45.96,54.0,0.192,6.25,684.8,593329,239.8,77.4,40.88,45.03,31.56,Baixo
MUN_061,Montes Claros,SC,22,31.01,36.68,51.12,35.72,0.379,1.6,841.3,229562,368.6,73.1,33.98,38.06,29.22,Baixo
MUN_149,Salvador,CE,15,22.09,26.51,68.81,19.97,0.152,4.82,1182.7,2081619,146.7,84.9,2.2,12.31,23.21,Baixo
MUN_132,Fortaleza,RS,38,17.28,23.03,78.91,64.65,0.354,4.35,317.5,245644,376.6,48.3,74.42,55.81,14.78,Medio
MUN_186,Montes Claros,PE,21,29.08,33.94,66.96,57.81,0.484,2.6,52.2,1567947,429.0,41.3,64.88,68.95,29.84,Alto
MUN_143,Araguaína,RJ,9,25.43,30.35,75.21,41.61,0.262,7.64,563.6,1992520,302.2,70.7,28.45,28.86,28.46,Medio
MUN_159,Goiânia,BA,11,23.43,28.98,72.96,81.24,0.34,10.59,646.7,2606441,71.1,85.1,31.44,84.67,21.5,Baixo
MUN_158,Goiânia,GO,25,22.26,25.74,57.58,16.71,0.156,2.84,379.0,2481526,390.7,65.7,35.1,3.95,22.34,Medio
MUN_070,Ribeirão Preto,TO,30,29.88,33.75,51.95,32.4,0.242,4.56,550.6,1870852,414.8,69.2,52.77,41.21,31.65,Medio
MUN_042,Montes Claros,AM,48,33.92,38.33,66.79,35.15,0.196,2.69,1173.8,628237,297.7,79.4,41.34,42.51,34.66,Baixo
MUN_154,Campinas,RJ,13,26.95,31.95,62.95,9.1,0.274,1.37,457.1,252158,149.2,79.2,28.76,14.44,27.08,Baixo
MUN_062,Macaé,AM,32,28.39,33.83,53.91,28.14,0.229,3.09,878.8,2083644,409.3,70.7,34.98,13.08,29.52,Medio
MUN_135,Salvador,GO,37,23.34,28.59,59.75,40.57,0.162,0.5,367.0,1384111,488.3,51.6,64.31,48.59,22.4,Medio
MUN_102,Sorocaba,RN,28,27.06,32.13,48.81,30.45,0.288,0.68,354.5,87146,334.9,77.3,46.38,17.92,25.24,Alto
MUN_167,Macaé,PR,11,25.73,31.65,64.52,32.99,0.137,4.62,714.4,2432883,327.5,60.9,65.42,38.27,24.23,Baixo
MUN_149,Campinas,BA,48,17.9,22.86,78.84,65.16,0.167,5.73,490.6,2098111,124.7,76.7,33.96,67.64,14.05,Medio
MUN_081,Ribeirão Preto,SP,44,24.15,29.01,75.07,41.96,0.39,4.29,933.6,1417811,397.7,66.4,65.29,39.49,27.63,Baixo
MUN_046,Crato,AM,20,21.82,27.58,44.97,34.02,0.289,0.0,1187.6,1688917,123.6,92.4,20.95,51.58,21.47,Baixo
MUN_134,Belém,PA,8,26.52,31.95,44.04,22.31,0.426,4.93,731.0,873880,225.0,70.4,35.34,26.22,25.86,Baixo
MUN_086,Montes Claros,CE,26,21.39,27.01,56.72,68.86,0.32,4.45,930.8,1252827,317.9,66.5,63.59,67.7,22.37,Baixo
MUN_136,Araguaína,RS,2,20.24,25.1,85.56,84.38,0.422,4.84,174.0,366075,81.4,80.1,22.32,98.86,21.41,Medio
MUN_056,Recife,PE,48,23.87,29.91,50.85,66.04,0.226,5.65,825.9,2639022,400.4,65.8,65.91,59.19,22.34,Alto
MUN_097,Curitiba,GO,29,26.3,31.26,66.63,58.89,0.408,5.98,806.6,2087165,257.5,73.9,44.34,48.76,25.79,Baixo
MUN_167,Araguaína,RJ,43,27.31,33.72,56.92,46.01,0.35,6.24,561.8,2493145,154.4,61.9,36.56,46.73,27.06,Baixo
MUN_192,Uberlândia,RN,28,26.45,33.17,59.68,16.93,0.319,4.42,627.9,140260,425.2,74.2,76.5,17.73,24.5,Medio
MUN_054,Recife,TO,24,25.9,31.74,55.79,11.55,0.199,3.35,415.1,1422849,265.0,80.1,58.84,9.23,23.34,Alto
MUN_085,Itaquaquecetuba,SC,25,32.32,36.2,59.13,26.85,0.238,4.79,1152.7,1252568,84.9,80.5,20.41,15.17,32.65,Baixo
MUN_083,Caxias do Sul,SC,21,25.57,28.97,79.35,148.91,0.372,8.15,1105.3,2360653,401.1,73.6,65.38,151.48,24.67,Medio
MUN_072,Salvador,PR,31,31.09,35.93,88.04,149.87,0.475,6.03,275.3,2571467,435.4,47.4,84.7,140.87,33.17,Alto
MUN_061,Araguaína,MG,10,27.31,33.1,59.1,39.25,0.237,1.7,323.2,1907851,285.1,66.5,51.58,32.64,26.09,Medio
MUN_150,Recife,CE,25,23.48,29.9,63.16,64.03,0.37,6.95,148.9,1252048,239.6,66.8,59.32,62.29,21.74,Alto
MUN_148,Fortaleza,MG,17,27.15,33.44,66.46,57.36,0.277,5.57,185.9,2683675,489.4,65.7,84.73,62.62,29.12,Medio
MUN_023,Salvador,AM,12,23.96,29.35,59.79,34.91,0.255,7.52,456.6,687153,433.6,49.4,60.79,44.27,27.0,Medio
MUN_136,Goiânia,BA,15,27.32,31.52,53.85,46.21,0.179,1.18,400.5,438406,498.9,50.5,76.74,38.72,29.21,Alto
MUN_060,Caxias do Sul,RS,34,21.33,25.23,79.48,60.72,0.397,6.19,831.2,850977,72.6,91.1,14.62,73.63,20.44,Baixo
MUN_006,Araguaína,GO,12,20.42,23.24,70.72,35.93,0.184,4.19,351.2,2920461,410.5,57.1,60.53,38.67,21.8,Medio
MUN_105,Belém,TO,37,22.38,26.47,67.32,99.32,0.342,5.72,310.6,647965,278.7,70.8,69.05,93.36,25.21,Alto
MUN_143,Natal,SP,25,23.93,28.06,56.83,19.08,0.173,3.36,671.2,1094862,468.4,67.1,62.84,-1.24,27.61,Medio
MUN_118,Itaquaquecetuba,AM,19,24.8,30.73,54.68,36.16,0.338,2.48,158.4,2300100,40.4,100.0,2.54,39.98,25.19,Baixo
MUN_138,Goiânia,RS,9,29.59,34.81,67.73,71.44,0.438,4.24,393.5,2793804,80.3,77.4,26.07,70.06,28.2,Medio
MUN_080,Caxias do Sul,CE,11,18.45,24.19,53.59,23.59,0.11,2.46,376.5,2460149,74.3,77.7,11.35,15.78,21.39,Baixo
MUN_004,Natal,TO,5,30.46,36.17,60.78,18.9,0.408,3.18,68.3,478084,414.7,69.7,73.19,10.06,29.24,Alto
MUN_083,Goiânia,SC,17,28.92,33.22,64.12,51.07,0.384,3.59,691.8,554668,227.0,67.1,40.74,40.11,31.5,Medio
MUN_187,Campinas,RJ,45,23.74,29.44,68.03,16.6,0.283,4.4,965.7,662677,288.2,71.5,55.08,3.75,21.59,Baixo
MUN_162,Natal,PE,40,26.37,32.04,66.52,42.36,0.387,7.22,363.3,1828167,389.1,70.4,49.49,54.4,28.02,Medio
MUN_098,Manaus,SP,12,18.01,23.59,66.71,47.84,0.387,8.96,759.3,1990832,467.0,52.4,90.13,54.95,18.73,Medio
MUN_108,Macaé,GO,4,30.69,34.03,70.5,46.48,0.271,6.71,337.0,2326419,497.2,54.8,63.89,41.37,33.84,Medio
MUN_145,Natal,SC,18,23.04,28.16,61.82,62.22,0.216,2.17,26.7,972385,94.0,76.3,43.8,83.81,19.11,Medio
MUN_060,Macaé,MG,6,30.65,35.33,55.31,43.35,0.18,5.75,631.0,1484983,356.8,62.8,41.05,44.93,28.92,Medio
MUN_056,Curitiba,GO,34,17.66,22.95,46.1,42.36,0.357,5.16,821.3,2623089,249.8,63.5,53.87,42.52,19.72,Baixo
MUN_132,Natal,TO,46,29.97,34.61,60.57,26.32,0.258,2.92,660.7,2453456,450.9,55.5,49.59,36.22,26.76,Medio
MUN_126,Goiânia,PA,5,23.07,28.98,73.67,54.92,0.247,4.91,1097.4,2732165,401.5,61.5,68.06,46.02,21.95,Baixo
MUN_017,Sorocaba,TO,32,23.59,27.82,84.01,86.53,0.283,4.36,200.2,2543835,27.9,78.4,13.62,86.97,25.41,Medio
MUN_142,Palmas,PA,22,23.95,30.17,59.39,58.55,0.355,4.33,842.6,1596873,472.1,64.4,58.42,70.98,21.85,Medio
MUN_011,Montes Claros,RN,1,19.98,24.29,52.93,48.48,0.32,6.46,186.1,2218310,316.0,71.8,62.16,54.48,20.86,Alto
MUN_071,Uberlândia,RS,15,33.0,37.42,64.79,52.43,0.408,5.06,914.5,455480,308.3,61.6,42.91,41.08,33.04,Baixo
MUN_138,Campinas,PE,4,28.55,35.54,78.33,107.96,0.55,5.49,658.0,2342658,379.6,69.4,75.87,106.31,28.99,Alto
MUN_186,Araguaína,TO,42,26.47,32.27,71.41,33.85,0.274,3.02,523.8,2270651,342.2,78.6,58.4,31.53,24.51,Alto
MUN_104,Caxias do Sul,PA,10,31.33,36.6,66.19,40.42,0.305,2.06,277.4,1655741,319.0,77.6,47.05,28.87,30.79,Medio
MUN_030,Curitiba,RJ,32,27.69,31.78,72.75,66.91,0.315,3.75,111.0,1459556,308.9,60.4,63.29,76.53,30.84,Medio
MUN_127,Caxias do Sul,PR,15,16.02,22.16,61.0,51.17,0.293,6.74,782.7,2140097,389.7,73.2,49.05,64.15,16.8,Medio
MUN_156,Ribeirão Preto,TO,31,31.53,35.17,72.47,101.01,0.342,7.57,736.6,1938365,265.3,68.8,33.82,93.43,30.35,Baixo
MUN_028,Manaus,GO,36,26.55,31.74,84.21,44.01,0.161,3.3,538.9,374812,43.8,87.1,9.23,59.58,26.79,Baixo
MUN_118,Salvador,SC,31,28.19,31.93,63.57,32.31,0.142,4.5,820.7,2215902,475.2,66.2,69.0,34.58,26.69,Alto
MUN_001,Sorocaba,RS,42,25.9,31.41,71.83,57.72,0.247,5.54,734.9,2840295,62.8,87.8,15.09,59.4,28.8,Baixo
MUN_157,Sorocaba,PR,30,26.94,30.65,67.52,20.82,0.273,3.88,245.7,1798578,359.9,76.1,52.77,20.51,24.92,Alto
MUN_035,Macaé,RJ,14,28.82,32.15,73.57,29.09,0.229,2.54,542.2,157424,181.5,96.6,27.66,9.2,31.9,Baixo
MUN_156,Ribeirão Preto,BA,20,25.6,31.37,61.5,41.13,0.061,3.17,611.7,1041242,448.1,61.1,67.19,34.39,25.75,Alto
MUN_107,Fortaleza,TO,36,31.99,37.62,60.14,23.74,0.247,1.32,22.6,1635275,212.5,87.1,18.71,23.92,33.84,Medio
MUN_153,Santos,TO,31,28.79,34.36,63.51,25.4,0.421,2.15,690.6,917220,178.0,84.0,37.56,26.53,30.1,Baixo
MUN_124,Belém,RN,31,28.93,35.92,52.15,46.19,0.23,1.67,184.5,1965880,133.7,82.5,27.17,44.33,29.92,Medio
MUN_021,Recife,RJ,26,26.11,30.28,79.21,99.99,0.329,7.32,835.1,2405646,426.8,53.0,84.51,96.06,24.51,Alto
MUN_171,Crato,CE,28,28.61,34.26,40.05,38.66,0.175,6.56,460.1,2274103,272.9,78.5,34.7,37.82,30.42,Baixo
MUN_163,Itaquaquecetuba,GO,16,28.27,31.7,79.93,114.54,0.501,10.38,128.4,713778,410.9,48.6,65.77,127.34,29.52,Medio
MUN_182,Araguaína,GO,47,26.18,31.75,60.4,20.05,0.139,4.28,826.7,2069645,194.7,77.9,22.36,20.13,27.44,Baixo
MUN_180,Salvador,BA,11,27.28,36.11,64.06,83.86,0.428,7.04,199.3,1599154,285.7,72.5,58.4,90.91,25.64,Alto
MUN_006,Macaé,CE,33,26.41,31.56,69.52,47.77,0.266,1.71,365.5,1381279,477.0,52.3,67.83,28.91,29.47,Alto
MUN_199,Ribeirão Preto,CE,48,24.05,29.61,60.8,6.18,0.202,2.52,441.5,240055,267.6,63.3,47.92,5.57,20.69,Baixo
MUN_090,Uberlândia,PE,39,23.18,27.87,81.91,74.77,0.296,5.49,408.6,1679008,271.6,74.4,54.69,78.72,24.82,Medio
MUN_161,Caxias do Sul,CE,33,26.37,31.12,61.78,30.83,0.515,2.48,180.1,2722042,245.5,69.8,54.64,32.99,30.36,Alto
MUN_090,Santos,CE,31,30.55,37.57,66.99,48.11,0.273,3.63,203.1,2727126,110.0,76.9,47.06,41.45,29.97,Medio
MUN_087,Araguaína,RS,9,28.84,34.13,75.81,42.94,0.278,2.86,600.5,1952113,457.0,54.1,50.16,37.87,28.86,Medio
MUN_156,Goiânia,CE,23,26.16,32.04,56.3,33.79,0.261,6.57,1162.5,2814632,471.6,56.6,67.46,24.08,27.6,Baixo
MUN_175,Sorocaba,TO,23,27.25,32.91,61.12,56.02,0.37,9.12,88.4,2133363,178.2,100.0,16.78,48.72,28.57,Medio
MUN_075,Fortaleza,CE,47,31.41,36.69,75.33,107.36,0.419,8.24,1155.7,371901,185.6,84.4,30.23,122.32,30.24,Baixo
MUN_026,Macaé,MG,18,21.98,26.35,51.74,41.98,0.375,1.12,355.6,2553912,307.6,59.6,62.18,39.56,19.74,Medio
MUN_121,Crato,AM,14,26.79,32.42,70.9,82.92,0.34,6.48,1030.0,1874516,119.7,87.5,41.26,92.77,27.14,Baixo
MUN_034,Natal,PE,25,26.26,29.79,55.24,31.39,0.273,2.82,714.6,2198849,309.7,74.7,44.73,30.99,26.12,Baixo
MUN_085,Fortaleza,AM,7,30.02,35.0,66.59,18.91,0.369,2.68,889.8,2120742,70.4,90.5,24.71,16.91,30.99,Baixo
MUN_050,Recife,CE,38,27.49,30.57,52.53,28.07,0.222,5.89,611.3,533735,370.9,63.7,48.86,12.67,26.44,Alto
MUN_047,Araguaína,SP,21,24.47,28.2,64.15,26.43,0.14,0.0,1007.3,1389391,270.9,70.9,52.0,43.85,27.66,Baixo
MUN_091,Ribeirão Preto,AM,46,32.12,38.62,69.45,50.31,0.233,4.96,371.6,463054,31.9,70.2,49.52,37.93,32.4,Alto
MUN_158,Curitiba,SC,43,26.87,33.43,53.36,11.92,0.206,1.64,763.2,2421742,476.8,56.5,80.86,-9.74,24.85,Alto
MUN_178,Salvador,RN,23,34.22,39.17,51.42,20.7,0.327,4.91,493.2,1958187,302.3,54.1,73.65,37.97,32.1,Medio
MUN_199,Recife,SC,39,23.08,28.23,78.33,60.5,0.27,5.17,839.8,1137315,461.8,70.9,60.94,61.9,23.26,Medio
MUN_173,Fortaleza,CE,26,23.96,30.34,71.7,52.84,0.317,2.33,218.7,80071,438.2,57.0,70.58,52.16,22.98,Alto
MUN_053,Ribeirão Preto,BA,28,29.28,34.68,46.89,45.91,0.283,6.82,865.4,1310174,179.5,90.1,20.47,55.38,26.09,Baixo
MUN_127,Santos,TO,18,22.31,28.53,53.44,18.05,0.195,6.1,948.5,2589151,263.1,68.3,46.07,18.38,23.81,Baixo
MUN_020,Campinas,PR,10,23.68,28.85,48.65,14.64,0.164,1.59,9.0,2294451,459.2,42.1,67.36,25.04,23.39,Alto
MUN_148,Uberlândia,CE,25,23.93,29.55,76.29,85.32,0.493,6.82,658.1,1072936,403.4,66.2,68.87,109.57,21.91,Alto
MUN_052,Manaus,RN,23,23.16,27.3,85.41,122.06,0.545,6.68,200.3,208056,437.5,62.5,75.9,127.23,24.0,Alto
MUN_063,Macaé,RS,2,22.6,26.03,41.88,54.85,0.288,4.89,528.6,164668,417.8,61.2,63.13,43.18,18.2,Medio
MUN_113,Recife,PA,35,32.14,36.56,79.02,101.54,0.316,11.26,664.0,2440441,438.4,54.2,85.16,96.47,32.53,Alto
MUN_012,Itaquaquecetuba,SC,24,32.77,41.12,53.71,59.31,0.329,3.93,657.2,2670536,373.7,69.8,64.05,59.63,32.95,Alto
MUN_089,Araguaína,RN,30,25.06,29.34,83.18,157.86,0.566,8.88,577.2,864618,137.4,81.7,26.59,156.32,25.25,Medio
MUN_041,Belém,PA,24,25.55,30.35,72.45,27.69,0.317,3.42,239.7,1933035,414.2,53.6,78.65,23.67,25.67,Medio
MUN_116,Crato,AM,24,28.18,32.12,65.33,43.99,0.247,6.41,1006.3,438085,475.0,52.8,70.73,42.45,27.08,Medio
MUN_016,Sorocaba,RN,19,21.82,25.77,70.77,149.03,0.507,12.59,643.5,69942,338.4,72.8,72.01,150.49,21.67,Alto
MUN_049,Caxias do Sul,SC,18,32.61,37.71,65.56,104.56,0.326,5.83,230.5,1337201,471.3,67.0,71.78,117.42,32.51,Medio
MUN_110,Salvador,RJ,28,25.85,31.28,78.15,55.53,0.361,6.78,596.2,681021,175.4,73.6,31.62,57.9,27.55,Baixo
MUN_076,Montes Claros,TO,32,25.66,29.45,54.95,70.37,0.325,3.52,352.6,2861206,397.5,71.2,76.52,81.3,29.93,Alto
MUN_158,Recife,RS,4,25.68,28.92,61.0,94.83,0.362,10.9,103.6,777486,257.7,76.8,16.66,104.13,23.78,Medio
MUN_150,Araguaína,PA,36,23.27,28.16,50.23,47.72,0.417,5.5,893.1,1337406,380.2,57.9,75.55,46.56,25.67,Alto
MUN_141,Santos,RS,24,27.68,32.9,57.51,49.17,0.466,2.69,922.8,1302380,345.3,66.8,49.33,43.65,27.14,Baixo
MUN_188,Montes Claros,AM,27,24.72,26.67,68.84,119.06,0.281,7.27,89.7,1215878,150.1,70.0,45.78,129.53,22.74,Medio
MUN_118,Ribeirão Preto,SC,19,23.41,29.83,62.04,41.51,0.13,2.42,1051.2,1137263,425.6,47.7,58.87,32.11,24.58,Medio
MUN_183,Natal,GO,43,30.13,35.06,68.76,117.64,0.426,7.52,404.5,51271,165.7,72.6,53.89,129.83,30.26,Alto
MUN_044,Fortaleza,CE,21,33.32,36.56,93.59,84.13,0.414,6.59,752.1,1509210,457.4,64.6,49.63,89.11,33.06,Medio
MUN_091,Santos,PA,30,29.2,34.56,69.69,42.78,0.196,0.0,854.4,1852961,186.2,78.4,28.35,62.88,33.74,Baixo
MUN_034,Montes Claros,PA,5,28.3,35.63,52.93,30.43,0.286,5.18,387.9,1454854,361.8,56.3,49.16,43.98,30.65,Medio
MUN_198,Campinas,SC,2,25.91,32.02,63.71,104.35,0.494,5.15,1173.7,2251755,385.7,54.1,53.97,117.82,26.38,Alto
MUN_112,Crato,PE,10,27.02,31.15,66.28,39.01,0.196,4.42,161.9,1475923,144.6,67.2,50.17,52.43,28.64,Alto
MUN_151,Macaé,TO,52,24.19,29.56,59.89,50.99,0.409,4.24,853.9,2839398,132.5,89.8,23.83,58.0,22.07,Baixo
MUN_140,Campinas,MG,44,25.5,32.44,67.49,16.25,0.186,0.38,969.3,1934921,56.4,82.4,24.9,15.66,24.87,Baixo
MUN_078,Montes Claros,RN,47,27.96,34.69,56.89,69.96,0.358,6.52,78.2,2118782,252.1,64.4,43.48,68.59,26.27,Alto
MUN_099,Recife,RN,42,31.47,36.95,67.33,74.36,0.378,3.75,1131.0,1632824,390.2,61.6,71.09,85.75,30.99,Baixo
MUN_047,Ribeirão Preto,PE,42,21.98,29.42,64.35,63.9,0.238,3.82,1000.4,286865,384.7,67.8,67.37,59.67,22.39,Baixo
MUN_176,Crato,RJ,29,24.3,29.33,62.46,60.33,0.308,7.76,178.0,2588319,415.3,48.4,69.78,51.19,25.88,Alto
MUN_108,Recife,CE,45,24.11,28.78,59.67,45.95,0.235,4.93,342.1,2998220,407.4,55.2,64.46,45.87,25.96,Alto
MUN_043,Uberlândia,RN,26,25.92,30.8,61.05,22.09,0.258,3.36,838.5,2177838,208.4,81.5,26.48,33.71,25.11,Baixo
MUN_182,Natal,RN,24,24.06,28.22,77.56,80.26,0.46,7.56,282.8,690977,379.1,75.0,41.05,91.24,27.09,Medio
MUN_196,Crato,AM,13,23.56,28.75,64.3,89.36,0.421,9.2,46.0,2921365,446.2,71.4,68.61,85.63,21.13,Alto
MUN_005,Salvador,AM,25,22.31,24.95,56.98,72.56,0.338,7.58,105.3,1619981,474.1,44.1,65.8,76.69,17.8,Alto
MUN_096,Salvador,AM,10,29.02,35.88,58.9,17.03,0.251,4.1,149.1,1831169,221.7,81.4,39.24,3.56,28.24,Medio
MUN_156,Goiânia,CE,23,26.16,32.04,56.3,33.79,0.261,6.57,1162.5,2814632,471.6,56.6,67.46,24.08,27.6,Baixo
MUN_171,Crato,PE,14,24.5,28.86,69.91,27.92,0.244,4.23,5.4,1151260,451.4,53.5,59.59,5.35,24.56,Medio
MUN_166,Sorocaba,AM,1,30.5,34.89,67.04,48.92,0.378,4.42,135.1,2000583,234.3,77.3,35.87,44.27,33.57,Medio
MUN_123,Curitiba,AM,11,21.51,26.3,69.38,44.75,0.227,2.96,883.1,1545975,345.5,71.1,40.12,66.89,21.4,Baixo
MUN_087,Caxias do Sul,PR,33,25.09,27.58,47.24,19.35,0.209,6.03,951.9,791912,434.6,66.1,66.35,13.37,26.57,Baixo
MUN_062,Manaus,RS,23,33.74,38.71,58.92,37.95,0.175,2.63,87.4,2795960,375.5,54.7,70.06,61.03,33.45,Alto
MUN_181,Palmas,RS,15,30.12,35.85,76.38,55.74,0.382,5.42,29.1,2024671,369.0,67.4,49.2,69.81,30.55,Medio
MUN_035,Itaquaquecetuba,BA,52,21.28,25.96,50.33,42.4,0.337,6.22,310.2,2219992,202.7,62.3,37.99,32.51,20.55,Alto
MUN_090,Montes Claros,BA,8,22.93,27.87,53.56,121.82,0.537,4.5,45.0,848815,161.7,75.3,51.94,108.75,25.11,Alto
MUN_072,Recife,BA,1,26.03,30.87,68.58,27.71,0.329,0.0,1154.1,768933,205.4,79.7,25.03,34.88,29.13,Baixo
MUN_182,Campinas,PR,40,24.79,31.79,57.39,43.59,0.284,4.05,468.2,1296775,104.9,97.6,20.6,44.67,24.6,Baixo
MUN_158,Campinas,RN,51,27.49,31.89,68.72,69.07,0.322,6.64,914.1,2131394,68.9,79.7,40.07,76.29,27.06,Baixo
MUN_147,Ribeirão Preto,MG,9,22.85,27.52,64.12,51.53,0.283,4.13,461.0,2072427,485.9,51.2,76.14,51.05,26.63,Alto
MUN_007,Crato,GO,19,19.1,22.57,60.86,56.16,0.203,3.67,588.0,1609038,86.2,80.8,24.29,60.43,23.49,Baixo
MUN_170,Curitiba,SP,37,26.42,29.56,66.58,118.26,0.333,6.59,40.2,1546575,381.7,50.1,87.86,128.65,26.47,Alto
MUN_114,Ribeirão Preto,MG,18,21.22,26.73,83.59,18.63,0.378,1.14,1026.6,1185482,53.3,92.8,19.15,3.57,21.44,Baixo
MUN_013,Ribeirão Preto,SC,12,29.11,35.95,60.84,24.39,0.368,6.59,1022.0,821502,415.5,64.8,53.35,9.66,29.38,Baixo
MUN_020,Ribeirão Preto,CE,11,24.51,29.5,75.87,42.24,0.323,6.62,472.9,982865,372.1,65.5,51.76,42.39,22.91,Alto
MUN_141,Crato,GO,44,29.32,33.76,57.49,20.58,0.156,3.69,193.9,2587208,76.1,75.8,22.67,14.61,32.65,Baixo
MUN_059,Natal,MG,16,30.19,35.04,60.46,17.39,0.177,2.94,134.5,2047676,218.8,67.3,39.76,23.64,26.8,Medio
MUN_200,Araguaína,CE,10,23.8,28.1,69.2,72.43,0.5,7.56,3.6,689889,78.5,88.0,6.71,84.68,23.26,Medio
MUN_025,Curitiba,PE,39,25.7,29.92,59.21,19.29,0.112,2.86,1158.9,1062720,214.6,80.7,34.12,22.53,26.87,Baixo
MUN_130,Fortaleza,RN,27,24.4,27.48,58.82,45.06,0.309,3.38,437.8,2347167,279.0,75.3,41.29,44.22,25.57,Medio
MUN_037,Curitiba,PR,10,27.12,31.7,59.61,43.54,0.245,3.3,167.5,2541836,499.5,61.4,65.23,57.89,27.89,Medio
MUN_156,Uberlândia,AM,11,23.56,27.72,44.2,38.13,0.286,5.93,645.6,2356472,180.3,75.0,34.74,38.33,21.0,Baixo
MUN_010,Uberlândia,RJ,32,29.84,36.61,64.66,33.7,0.218,5.44,980.3,210191,442.6,56.2,81.66,28.12,31.85,Medio
MUN_037,Belém,AM,50,26.82,31.34,74.4,69.32,0.486,10.89,1162.8,2943279,466.3,57.9,75.51,65.04,25.64,Baixo
MUN_127,Montes Claros,PR,47,29.87,36.06,68.07,50.25,0.362,5.98,97.3,687063,242.3,78.7,37.54,60.07,31.16,Medio
MUN_037,Curitiba,GO,31,20.15,26.4,43.08,20.04,0.19,2.35,732.2,2164633,430.7,60.9,49.53,24.65,22.61,Alto
MUN_025,Manaus,TO,13,18.94,24.0,68.46,49.67,0.238,7.59,507.7,1921858,484.3,61.7,77.77,42.73,19.22,Medio
MUN_026,Sorocaba,PA,49,27.64,32.56,71.21,62.14,0.433,4.8,339.6,2892541,179.0,88.4,36.81,58.02,25.66,Alto
MUN_133,Salvador,RS,36,21.58,24.88,75.87,101.64,0.494,11.5,311.9,2546748,493.4,56.8,66.58,111.64,20.6,Alto
MUN_100,Caxias do Sul,PA,2,23.27,27.11,65.92,25.64,0.159,3.24,970.9,1301370,50.4,85.8,19.86,26.5,21.64,Baixo
MUN_071,Montes Claros,TO,16,15.96,19.82,66.49,66.06,0.227,4.32,783.5,1348314,403.6,66.6,46.15,62.73,17.16,Alto
MUN_178,Salvador,RN,23,34.22,39.17,51.42,20.7,0.327,4.91,493.2,1958187,302.3,54.1,73.65,37.97,32.1,Medio
MUN_041,Belém,PA,24,25.55,30.35,72.45,27.69,0.317,3.42,239.7,1933035,414.2,53.6,78.65,23.67,25.67,Medio
MUN_024,Fortaleza,RN,17,30.08,33.9,60.09,29.43,0.215,0.83,133.1,1781227,438.3,68.8,52.89,23.83,28.05,Alto
MUN_049,Belém,TO,25,25.92,32.74,61.85,52.31,0.372,7.06,103.8,2954233,152.3,72.3,30.84,42.16,28.21,Alto
MUN_090,Araguaína,CE,48,28.33,34.5,50.17,22.18,0.164,1.15,969.5,592152,40.6,80.2,0.0,14.17,26.09,Baixo
MUN_078,Caxias do Sul,CE,42,31.49,35.08,77.07,66.3,0.36,2.71,286.1,670816,277.0,65.8,54.09,72.19,31.6,Medio
MUN_101,Santos,SC,40,27.64,32.93,63.38,70.3,0.303,7.48,19.4,418116,470.4,44.5,75.85,74.69,30.23,Medio
MUN_046,Salvador,PR,17,21.73,26.53,66.89,17.81,0.232,2.26,994.6,2782909,380.4,50.2,79.42,12.08,21.93,Baixo
MUN_110,Campinas,PE,31,25.87,31.56,59.04,77.3,0.454,5.65,185.3,1894952,224.1,77.9,37.43,75.26,23.78,Medio
MUN_131,Goiânia,MG,35,24.01,29.85,78.33,151.51,0.445,12.11,123.9,308825,182.1,87.8,35.67,172.88,24.92,Alto
MUN_089,Araguaína,RN,30,25.06,29.34,83.18,157.86,0.566,8.88,577.2,864618,137.4,81.7,26.59,156.32,25.25,Medio
MUN_197,Caxias do Sul,SP,25,28.9,33.13,64.35,30.84,0.33,2.1,445.5,184890,372.3,72.0,31.81,33.51,25.71,Medio
MUN_090,Crato,PE,33,28.92,33.74,66.94,50.96,0.292,3.72,287.8,475758,127.8,75.8,31.73,51.73,22.88,Medio
MUN_070,Belém,PA,5,30.15,35.41,70.43,39.4,0.291,4.33,282.1,815152,343.7,68.2,63.77,45.36,30.3,Alto
MUN_153,Macaé,PE,40,27.27,30.75,65.0,69.46,0.367,5.72,912.0,1522956,218.0,58.8,69.93,61.45,27.58,Baixo
MUN_096,Recife,PA,51,20.42,26.42,59.27,56.62,0.355,3.08,943.1,1687349,111.5,78.5,31.11,63.72,21.59,Baixo
MUN_036,Fortaleza,RJ,36,25.11,29.78,67.26,33.32,0.231,3.07,759.7,892883,430.3,51.3,87.09,46.79,25.6,Alto
MUN_026,Santos,TO,6,25.83,30.35,63.43,21.45,0.203,1.85,478.2,2174817,335.3,71.6,64.76,17.87,26.6,Medio
MUN_158,Araguaína,MG,17,28.51,33.59,65.1,80.78,0.339,6.56,1149.2,693311,412.0,55.0,63.8,77.89,29.33,Baixo
MUN_012,Araguaína,RS,23,26.34,31.66,51.19,8.89,0.194,0.0,513.4,617028,473.1,70.7,70.91,7.13,23.29,Alto
MUN_080,Goiânia,AM,24,26.52,30.88,61.66,24.18,0.185,1.9,823.4,802323,64.2,85.6,35.64,16.9,21.16,Baixo
MUN_141,Belém,BA,12,25.0,29.79,57.16,47.4,0.131,5.76,536.3,2268797,326.9,58.6,80.26,46.59,25.43,Alto
MUN_115,Campinas,PA,21,29.27,34.8,72.64,43.97,0.294,5.03,930.0,2882108,116.5,74.8,16.44,43.42,29.7,Baixo
MUN_108,Caxias do Sul,BA,5,23.59,27.66,66.11,22.42,0.149,1.22,137.0,841772,224.3,66.7,39.74,38.26,25.96,Medio
MUN_180,Caxias do Sul,BA,18,24.46,29.4,63.02,49.15,0.415,7.83,986.9,2705571,205.4,82.6,22.55,57.11,27.74,Baixo
MUN_036,Macaé,AM,22,26.7,30.53,72.76,60.91,0.27,4.19,707.2,196739,489.2,41.1,99.59,57.27,25.92,Alto
MUN_182,Crato,RN,31,27.43,32.72,58.46,32.25,0.28,0.73,150.6,1655326,266.5,57.6,55.51,39.01,26.54,Medio
MUN_069,Santos,SC,37,24.41,30.57,40.08,16.25,0.181,1.61,882.0,425629,216.6,80.5,37.7,9.49,27.01,Baixo
MUN_043,Macaé,TO,25,27.02,31.89,85.16,26.48,0.084,4.2,1175.0,1450781,133.1,81.0,29.48,15.55,28.1,Baixo
MUN_053,Itaquaquecetuba,PE,48,22.65,28.67,69.06,134.41,0.394,6.96,164.5,2394607,30.1,82.7,20.78,140.2,24.42,Medio
MUN_070,Goiânia,PR,31,29.78,36.46,58.46,30.96,0.296,1.96,1073.8,2769211,134.7,96.7,24.16,19.96,27.1,Baixo
MUN_092,Fortaleza,RS,10,29.31,34.4,73.33,57.44,0.327,3.2,554.2,2098470,337.2,67.6,49.25,65.7,34.62,Medio
MUN_077,Araguaína,PA,14,31.24,37.16,41.34,25.47,0.347,0.07,160.1,1406332,360.9,51.1,62.57,26.92,30.9,Medio
MUN_188,Macaé,PA,22,30.68,34.45,56.88,51.13,0.192,2.67,37.2,1312445,465.6,59.2,68.85,51.11,35.75,Alto
MUN_148,Manaus,PR,8,28.16,32.68,75.83,96.9,0.354,6.16,79.7,2324065,338.9,69.5,57.84,89.99,29.0,Alto
MUN_088,Curitiba,PE,7,25.33,28.69,46.96,29.3,0.289,4.09,284.6,1134476,448.2,48.7,70.27,12.8,25.91,Alto
MUN_005,Araguaína,SP,41,19.78,25.15,69.28,62.36,0.341,5.09,422.0,2275349,231.0,85.2,34.3,51.14,20.8,Alto
MUN_021,Ribeirão Preto,SP,21,29.71,34.28,64.89,19.5,0.299,0.33,1191.2,1311692,33.7,71.9,3.54,44.41,30.96,Baixo
MUN_138,Belém,CE,6,23.68,29.39,81.08,78.89,0.284,9.37,186.5,2078331,290.3,70.0,53.28,86.06,23.75,Medio
MUN_095,Natal,PE,21,25.37,31.0,62.6,52.51,0.462,3.78,154.9,2102312,318.5,41.3,81.84,54.37,23.04,Alto
MUN_104,Crato,PE,14,30.66,36.74,57.26,30.04,0.283,1.87,1102.6,2672681,101.8,88.0,22.84,22.1,30.22,Baixo
MUN_073,Belém,RJ,14,32.52,38.02,56.63,15.84,0.29,0.0,729.6,2215997,116.1,85.8,27.47,17.69,36.08,Baixo
MUN_165,Belém,BA,13,28.59,34.54,63.25,93.58,0.31,7.86,833.2,465070,211.5,79.9,22.43,93.58,30.31,Baixo
MUN_078,Macaé,TO,8,24.77,28.55,84.27,110.3,0.324,4.55,13.2,778597,412.0,65.9,55.35,103.46,25.05,Alto
MUN_099,Caxias do Sul,BA,18,25.48,27.56,51.93,16.71,0.234,0.99,489.4,1521249,106.0,76.7,25.22,25.39,24.75,Baixo
MUN_010,Manaus,BA,19,24.62,30.04,51.25,45.85,0.166,1.24,967.8,2836048,32.8,97.0,1.03,38.44,20.85,Baixo
MUN_083,Montes Claros,GO,10,24.83,29.14,64.85,44.44,0.091,4.25,320.8,1108416,335.1,59.6,55.33,38.82,26.56,Medio
MUN_015,Itaquaquecetuba,BA,39,28.21,32.77,75.88,98.1,0.507,8.95,724.9,345806,326.2,74.2,41.36,101.56,30.0,Medio
MUN_066,Sorocaba,CE,15,26.93,31.19,75.14,33.61,0.261,2.86,1186.5,1020583,384.6,70.0,57.27,35.26,27.47,Baixo
MUN_184,Manaus,PE,13,23.89,31.04,87.16,123.15,0.414,8.37,131.0,1710506,65.6,77.9,34.26,124.9,23.41,Medio
MUN_019,Itaquaquecetuba,AM,17,32.28,36.0,53.6,37.33,0.258,3.73,704.7,2802404,418.0,66.2,55.29,41.91,31.39,Alto
MUN_145,Crato,CE,26,25.58,29.85,69.25,35.4,0.313,3.74,828.7,128245,263.9,65.1,37.56,41.16,24.06,Baixo
MUN_008,Sorocaba,PE,25,25.13,30.84,70.2,40.92,0.279,0.0,734.6,738772,404.5,69.1,61.2,42.99,25.49,Medio
MUN_028,Palmas,AM,31,26.0,31.27,62.34,78.17,0.41,4.64,512.3,217226,373.3,66.8,60.04,67.55,28.66,Medio
MUN_037,Uberlândia,SC,34,21.61,25.76,58.25,94.58,0.483,8.57,1032.4,894751,231.9,72.6,19.82,85.51,24.09,Baixo
MUN_183,Crato,GO,41,27.35,31.0,62.85,37.41,0.072,3.82,204.5,1468680,462.2,49.9,82.12,39.14,31.51,Medio
MUN_015,Crato,TO,48,27.43,32.89,77.24,54.86,0.277,2.5,1005.5,1075936,29.2,97.4,3.0,53.24,31.41,Baixo
MUN_124,Belém,RN,31,28.93,35.92,52.15,46.19,0.23,1.67,184.5,1965880,133.7,82.5,27.17,44.33,29.92,Medio
MUN_022,Curitiba,PR,49,27.14,33.68,58.24,58.34,0.269,4.1,268.6,382064,139.7,86.1,47.32,58.23,25.12,Medio
MUN_122,Itaquaquecetuba,TO,33,25.79,31.07,56.08,68.93,0.395,2.96,841.5,2363641,384.5,52.9,70.93,81.78,24.31,Medio
MUN_128,Santos,RS,7,29.01,34.16,67.83,32.1,0.427,6.65,553.6,336530,379.5,57.3,61.43,23.28,27.98,Alto
MUN_027,Campinas,RJ,10,23.69,27.61,67.11,30.81,0.377,7.11,943.9,2263312,96.7,94.2,18.62,46.0,24.34,Baixo
MUN_022,Santos,RS,51,18.82,23.99,69.35,35.87,0.319,4.59,681.5,2500393,430.8,65.5,61.18,28.7,20.29,Medio
MUN_089,Belém,CE,17,29.87,36.79,64.73,48.97,0.275,5.59,704.5,287820,92.9,91.8,0.28,55.25,30.02,Baixo
MUN_086,Belém,PE,31,26.09,30.24,67.85,74.22,0.394,7.2,780.8,1397555,461.6,71.6,68.76,59.64,24.94,Alto
MUN_063,Sorocaba,CE,15,25.8,30.04,58.85,40.87,0.253,1.0,881.5,1053837,31.3,77.7,25.3,17.18,22.2,Baixo
MUN_120,Palmas,TO,40,29.77,37.43,56.86,70.8,0.229,2.53,166.9,425622,113.9,70.0,25.56,66.81,30.64,Medio
MUN_105,Caxias do Sul,TO,44,21.47,27.13,46.7,23.77,0.3,4.84,231.6,1132694,365.1,62.1,53.55,16.13,24.66,Medio
MUN_010,Crato,RJ,25,23.85,27.69,71.86,44.93,0.275,5.59,316.3,1324185,474.8,61.7,73.65,47.19,24.23,Alto
MUN_045,Manaus,MG,33,20.08,26.14,57.72,23.13,0.286,0.0,989.6,1587612,248.7,68.0,35.38,15.67,18.26,Baixo
MUN_055,Itaquaquecetuba,BA,12,27.53,31.52,58.92,20.54,0.108,1.0,269.4,1922315,267.5,71.1,42.27,4.8,25.89,Medio
MUN_076,Sorocaba,RN,25,29.17,33.36,77.68,76.29,0.393,3.65,245.3,1925641,362.9,60.6,71.61,62.25,31.42,Alto
MUN_129,Araguaína,AM,22,28.48,34.24,70.64,49.3,0.267,1.12,723.3,1914264,444.8,66.3,47.96,49.16,27.45,Alto
MUN_159,Montes Claros,PR,46,22.8,29.64,56.9,23.42,0.119,1.79,227.0,1959391,47.3,87.8,6.94,13.8,23.12,Baixo
MUN_180,Crato,PR,14,29.6,34.35,63.35,55.03,0.288,5.33,414.9,317816,30.1,88.0,3.82,79.93,29.58,Baixo
MUN_055,Curitiba,PA,45,31.0,35.58,59.29,74.34,0.367,6.92,1019.7,287937,397.8,55.1,66.97,62.54,30.7,Baixo
MUN_107,Palmas,TO,13,19.04,25.72,50.05,29.82,0.263,1.29,841.0,2764738,418.9,55.9,68.86,29.89,17.86,Alto
MUN_101,Natal,RS,12,28.68,33.04,69.82,87.7,0.331,3.88,511.2,608349,236.5,52.1,63.09,87.29,28.98,Alto
MUN_076,Macaé,PA,27,27.48,32.69,59.91,35.76,0.091,2.25,971.4,2049282,230.6,63.3,49.38,31.47,24.61,Baixo
MUN_036,Sorocaba,PR,42,30.47,36.01,83.26,75.41,0.31,6.65,968.4,285362,428.7,63.3,54.13,60.91,30.83,Medio
MUN_044,Sorocaba,TO,25,26.45,33.63,70.7,124.08,0.622,7.86,1144.8,1331026,485.8,70.6,70.49,122.73,28.01,Medio
MUN_156,Itaquaquecetuba,RS,7,30.36,35.79,45.96,54.0,0.192,6.25,684.8,593329,239.8,77.4,40.88,45.03,31.56,Baixo
MUN_099,Araguaína,RN,15,25.96,29.77,77.9,128.53,0.429,5.41,654.1,1868380,380.7,66.3,77.03,115.59,23.88,Alto
MUN_197,Crato,GO,40,22.6,25.44,54.97,47.35,0.231,2.02,628.4,186778,392.1,61.7,60.18,51.22,23.77,Alto
MUN_173,Fortaleza,SP,44,34.24,40.66,77.09,80.92,0.337,8.53,189.2,731078,453.8,55.6,77.63,69.34,35.52,Medio
MUN_086,Ribeirão Preto,RN,3,27.4,31.83,61.1,66.87,0.363,6.16,150.6,2812794,200.6,96.0,16.68,62.88,27.27,Medio
MUN_111,Recife,CE,5,27.15,32.18,64.31,20.83,0.287,3.99,310.7,565655,326.9,60.4,50.04,11.13,24.98,Alto
MUN_020,Sorocaba,SC,30,21.56,28.66,70.37,59.96,0.252,5.62,805.5,1077965,293.7,75.2,54.51,48.51,24.2,Baixo
MUN_146,Campinas,CE,39,28.34,34.32,53.31,23.49,0.163,4.27,630.7,1804512,411.5,49.4,59.07,26.79,23.16,Alto
MUN_090,Fortaleza,BA,42,29.92,35.26,61.38,35.96,0.346,1.09,261.8,2328508,231.1,76.2,26.38,42.02,31.21,Medio
MUN_074,Campinas,SC,41,21.37,25.42,63.24,74.57,0.246,8.89,259.2,390411,59.0,79.7,11.85,81.7,23.02,Baixo
MUN_045,Goiânia,PE,47,20.51,26.39,79.88,25.9,0.114,4.75,135.8,1009352,130.7,81.9,19.51,26.06,21.8,Medio
MUN_153,Goiânia,SP,1,27.13,33.16,64.23,59.28,0.392,5.69,438.4,2825614,152.1,87.3,20.56,52.99,26.84,Baixo
MUN_086,Salvador,RS,26,24.13,28.63,64.82,31.25,0.285,4.51,314.8,1127419,496.7,64.7,66.84,26.81,27.8,Alto
MUN_140,Montes Claros,RS,7,19.79,25.73,64.03,45.35,0.261,2.98,984.1,1908562,258.3,37.8,49.29,41.12,19.27,Baixo
MUN_081,Natal,AM,19,20.75,26.25,64.39,13.19,0.281,1.48,266.9,2510192,174.0,54.6,50.54,11.31,20.78,Alto
MUN_081,Campinas,TO,2,23.31,25.51,77.8,108.02,0.469,6.95,231.7,564919,38.0,100.0,15.35,112.08,27.46,Medio
MUN_163,Caxias do Sul,RJ,5,17.53,21.84,51.93,45.5,0.314,2.33,374.6,1622384,411.1,54.8,63.81,40.68,14.55,Medio
MUN_088,Goiânia,BA,7,21.25,23.3,49.96,19.22,0.213,1.15,435.2,960728,348.5,71.9,40.93,32.22,20.87,Alto
MUN_155,Uberlândia,RS,3,26.24,30.29,59.07,38.06,0.206,4.85,924.7,1242576,277.5,90.3,41.4,40.19,25.13,Baixo
MUN_005,Salvador,AM,25,22.31,24.95,56.98,72.56,0.338,7.58,105.3,1619981,474.1,44.1,65.8,76.69,17.8,Alto
MUN_176,Santos,CE,15,24.94,31.43,72.47,17.77,0.202,2.15,195.7,2576817,379.6,65.3,65.54,15.58,24.07,Medio
MUN_011,Crato,PA,14,29.03,33.49,56.76,27.54,0.187,4.34,77.8,2339843,427.5,73.1,58.09,2.11,29.65,Alto
MUN_129,Macaé,PA,24,28.57,33.34,55.38,6.98,0.262,0.0,552.0,490548,277.2,81.0,29.57,21.2,29.8,Baixo
MUN_060,Goiânia,SP,19,30.46,36.91,47.46,32.33,0.351,2.86,742.8,1962345,374.2,52.7,64.5,41.19,29.89,Alto
MUN_130,Sorocaba,BA,41,22.25,28.88,60.89,56.97,0.398,1.77,38.7,1464513,71.9,97.2,12.62,55.14,24.9,Medio
MUN_070,Recife,MG,19,21.47,26.1,81.42,95.89,0.313,6.82,352.7,2177290,296.7,65.4,49.39,84.23,24.24,Alto
MUN_162,Manaus,GO,13,26.86,32.24,50.81,27.32,0.248,0.81,426.5,2226907,337.8,52.0,58.41,5.45,26.93,Alto
MUN_158,Santos,MG,50,33.19,37.56,64.63,97.09,0.419,7.23,573.4,1450216,480.9,68.3,85.48,89.95,31.54,Alto
MUN_158,Goiânia,SP,12,23.41,26.93,54.09,53.75,0.28,3.97,778.9,1178495,405.9,66.2,80.25,62.57,24.01,Alto
MUN_175,Itaquaquecetuba,RJ,32,26.03,31.09,66.02,52.16,0.316,4.62,156.5,1035406,409.3,59.7,57.89,56.66,25.45,Medio
MUN_075,Sorocaba,SC,45,25.96,28.56,74.84,47.32,0.337,5.88,539.4,2012575,35.0,82.5,19.3,24.38,26.17,Baixo
MUN_119,Caxias do Sul,PR,31,13.71,18.24,79.0,111.59,0.359,8.09,510.5,2689434,103.8,97.4,31.57,107.0,14.29,Medio
MUN_102,Salvador,GO,29,25.01,30.35,70.64,51.94,0.399,9.62,974.0,1005270,499.2,47.4,91.93,55.02,23.52,Alto
MUN_151,Macaé,BA,3,23.8,31.61,62.94,17.0,0.157,3.06,1109.5,2109618,345.5,82.2,52.82,37.24,25.02,Baixo
MUN_075,Goiânia,BA,41,19.45,24.15,42.66,38.61,0.255,1.27,584.7,563140,142.6,81.8,24.43,54.62,19.14,Baixo
MUN_029,Caxias do Sul,PA,45,29.41,35.72,67.54,29.81,0.269,4.13,262.9,2474110,57.0,91.9,0.35,36.6,25.41,Medio
MUN_097,Belém,PE,32,26.68,31.45,74.96,110.45,0.343,9.92,255.5,330481,381.7,79.3,66.12,98.83,27.27,Alto
MUN_172,Crato,PR,28,26.55,30.41,58.97,54.62,0.348,7.88,487.7,2202817,139.7,83.9,30.99,54.49,25.75,Alto
MUN_051,Macaé,PA,39,22.91,29.79,82.43,86.68,0.357,4.73,650.7,1560910,305.5,58.2,58.92,81.08,25.47,Alto
MUN_171,Natal,MG,42,22.78,27.84,60.22,82.77,0.386,5.14,317.8,1557385,327.4,68.6,60.34,92.52,27.06,Alto
MUN_005,Fortaleza,TO,41,25.21,30.86,57.1,46.87,0.324,5.36,181.9,1453957,474.5,78.9,72.2,29.61,26.92,Alto
MUN_161,Campinas,MG,22,18.5,23.2,50.58,73.1,0.581,6.39,756.5,2917673,266.8,71.9,38.88,45.85,13.22,Medio
MUN_117,Santos,RS,51,23.35,27.66,68.93,21.85,0.147,1.78,291.9,2119766,417.7,60.8,57.55,6.25,25.39,Medio
MUN_180,Goiânia,GO,26,24.34,28.81,58.64,54.61,0.371,3.11,349.6,1602903,246.7,63.9,47.7,69.93,25.5,Alto
MUN_124,Palmas,RN,42,26.21,29.5,70.14,28.99,0.291,6.97,913.2,2112800,114.3,90.4,23.3,25.12,26.88,Baixo
MUN_059,Recife,PA,39,20.14,24.44,61.23,56.11,0.317,7.01,546.9,1547067,136.7,75.8,39.84,66.43,20.23,Baixo
MUN_027,Palmas,AM,46,27.69,31.55,55.6,44.33,0.153,2.22,208.5,2711964,44.2,78.8,22.22,39.77,26.16,Medio
MUN_052,Belém,RN,22,24.03,28.02,67.71,89.69,0.311,8.61,198.2,2266214,339.7,50.0,67.73,80.46,23.29,Medio
MUN_044,Fortaleza,MG,13,20.6,24.15,50.69,43.28,0.313,3.81,90.8,1809666,439.4,67.6,67.38,35.39,17.73,Medio
MUN_186,Uberlândia,RS,43,17.66,21.21,72.18,50.41,0.283,3.78,875.2,2922277,90.2,88.9,28.28,46.96,16.28,Baixo
MUN_030,Curitiba,RJ,32,27.69,31.78,72.75,66.91,0.315,3.75,111.0,1459556,308.9,60.4,63.29,76.53,30.84,Medio
MUN_109,Itaquaquecetuba,TO,26,31.75,37.12,67.22,32.35,0.376,2.44,677.2,1629971,274.9,57.9,65.56,26.95,28.41,Baixo
MUN_184,Belém,PA,8,25.7,33.17,62.06,59.55,0.33,7.8,468.9,1910371,350.7,62.7,61.45,84.63,26.54,Alto
MUN_100,Manaus,RJ,4,33.18,39.67,85.64,142.81,0.571,9.27,453.6,1231127,30.8,91.2,35.65,135.82,33.03,Medio
MUN_038,Sorocaba,PR,26,22.79,26.94,71.07,62.23,0.376,2.67,165.8,441616,146.0,78.8,42.1,55.55,24.68,Alto
MUN_176,Natal,PA,30,27.64,32.26,64.59,62.37,0.238,5.76,873.5,353437,409.0,57.2,74.81,57.16,29.17,Alto
MUN_004,Curitiba,PR,30,23.4,30.88,79.84,63.5,0.301,6.56,1180.2,2559072,22.3,81.8,37.41,62.99,21.43,Baixo
MUN_020,Crato,PR,36,28.42,31.7,69.08,66.85,0.346,4.78,689.3,2133213,349.0,59.2,74.52,97.14,27.29,Alto
MUN_164,Fortaleza,GO,3,23.91,28.86,72.03,116.86,0.547,7.38,734.2,344761,443.8,58.1,69.35,120.88,25.68,Alto
MUN_065,Recife,RS,26,30.35,36.14,58.78,82.31,0.439,6.91,591.9,2081412,186.3,87.9,21.6,90.4,29.47,Baixo
MUN_058,Santos,RJ,50,32.76,37.99,66.31,15.31,0.131,2.43,286.5,1287397,212.9,74.7,41.42,27.9,32.44,Medio
MUN_185,Campinas,RS,35,28.33,34.97,66.7,48.54,0.231,2.81,970.2,935924,202.5,57.3,52.93,34.19,27.24,Baixo
MUN_156,Salvador,TO,39,22.05,28.0,62.61,73.4,0.39,6.55,21.5,2551643,322.0,67.8,74.14,70.12,20.09,Alto
MUN_049,Natal,PE,51,24.72,31.03,69.01,130.83,0.395,10.94,676.7,2636197,399.7,62.7,60.72,128.29,20.44,Medio
MUN_100,Salvador,PR,13,22.69,28.71,71.28,60.74,0.376,5.1,581.7,1679560,471.7,44.7,83.55,57.1,20.57,Alto
MUN_044,Fortaleza,CE,21,33.32,36.56,93.59,84.13,0.414,6.59,752.1,1509210,457.4,64.6,49.63,89.11,33.06,Medio
MUN_020,Macaé,SP,6,29.36,34.77,67.83,58.87,0.314,3.53,101.6,1042042,90.2,81.4,30.58,58.96,28.97,Medio
MUN_194,Uberlândia,GO,35,30.0,36.4,65.91,40.43,0.283,2.86,651.3,1761883,453.2,69.4,46.11,29.31,29.79,Medio
MUN_057,Uberlândia,PR,51,27.84,30.27,56.28,40.0,0.265,6.86,290.9,222475,165.1,84.3,8.77,50.18,21.93,Medio
MUN_020,Ribeirão Preto,CE,11,24.51,29.5,75.87,42.24,0.323,6.62,472.9,982865,372.1,65.5,51.76,42.39,22.91,Alto
MUN_030,Fortaleza,RS,22,27.09,32.35,82.86,136.25,0.521,9.82,420.7,1190225,368.4,69.7,56.17,137.56,23.58,Medio
MUN_122,Uberlândia,RS,25,22.07,26.33,90.29,129.36,0.407,10.01,48.6,1046122,356.0,60.7,67.52,110.48,21.9,Medio
MUN_035,Araguaína,TO,6,30.08,36.74,71.87,113.53,0.391,8.58,433.2,2601923,442.2,65.8,64.95,131.34,29.26,Alto
MUN_146,Fortaleza,TO,42,28.24,32.7,63.66,29.93,0.205,3.12,467.7,1466240,487.2,46.4,91.38,8.47,27.07,Alto
MUN_149,Sorocaba,AM,26,24.27,30.22,48.86,36.92,0.454,4.09,12.6,458735,93.1,100.0,20.29,54.17,24.77,Medio
MUN_100,Sorocaba,AM,42,26.64,30.99,73.43,77.27,0.397,8.0,248.6,1551122,298.0,59.9,78.32,89.6,24.97,Medio
MUN_180,Salvador,BA,11,27.28,36.11,64.06,83.86,0.428,7.04,199.3,1599154,285.7,72.5,58.4,90.91,25.64,Alto
MUN_042,Santos,PA,24,22.07,28.15,67.15,38.48,0.22,4.55,697.1,65909,120.3,73.9,40.67,51.42,25.26,Baixo
MUN_079,Araguaína,GO,10,21.59,27.24,57.93,39.57,0.275,2.54,565.9,2169488,278.2,65.1,41.18,47.65,18.99,Medio
MUN_099,Caxias do Sul,RN,14,34.65,37.76,45.87,13.7,0.337,2.64,842.4,2988520,435.6,51.2,59.92,15.66,36.54,Baixo
MUN_195,Fortaleza,RS,49,24.35,30.29,71.79,107.6,0.522,4.71,15.3,826337,483.0,59.3,88.79,90.63,24.1,Alto
MUN_004,Macaé,RS,5,27.4,31.63,64.32,74.07,0.391,4.83,513.1,518413,339.5,63.8,54.3,59.33,28.52,Alto
MUN_200,Goiânia,GO,27,25.18,30.61,64.81,63.04,0.212,7.89,513.2,342976,218.9,61.2,62.35,58.48,23.68,Alto
MUN_142,Fortaleza,PA,13,24.29,29.27,67.38,30.65,0.178,4.69,1192.1,2763372,413.0,58.5,46.85,53.32,25.3,Baixo
MUN_088,Santos,PA,1,18.77,23.2,57.12,55.06,0.179,4.04,257.8,1806891,420.1,52.9,70.24,61.14,17.56,Medio
MUN_076,Uberlândia,BA,49,28.61,31.73,46.84,14.68,0.257,5.16,671.5,2133126,274.7,51.7,53.96,27.71,32.35,Baixo
MUN_097,Palmas,PA,47,21.29,27.01,74.96,44.4,0.317,3.86,983.6,1579332,35.9,83.8,20.78,51.16,22.89,Baixo
MUN_176,Ribeirão Preto,RN,38,21.92,27.41,66.91,48.94,0.257,7.12,729.1,138576,330.4,69.6,34.01,57.03,19.14,Baixo
MUN_072,Belém,SC,20,29.06,34.09,55.94,61.18,0.427,5.42,865.2,281134,490.5,48.0,91.51,74.6,29.23,Alto
MUN_138,Montes Claros,RJ,25,26.69,32.59,59.7,39.64,0.212,3.36,746.6,2894443,329.4,62.3,65.6,26.59,25.21,Baixo
MUN_125,Uberlândia,PR,47,17.9,21.75,67.43,59.29,0.192,2.73,281.0,238625,38.3,86.4,8.03,65.29,19.41,Baixo
MUN_193,Fortaleza,PA,22,29.81,33.91,61.29,37.67,0.314,0.32,117.9,923057,162.1,65.2,57.01,47.33,32.14,Medio
MUN_192,Goiânia,GO,35,20.41,25.24,57.01,57.72,0.188,5.42,147.1,1190465,414.5,61.3,86.33,80.57,20.04,Alto
MUN_027,Campinas,PA,17,23.22,26.92,59.17,13.8,0.272,4.2,312.9,2893462,413.4,55.6,49.17,29.71,23.45,Medio
MUN_010,Ribeirão Preto,SP,39,25.61,30.59,80.26,105.03,0.374,7.82,218.0,2616697,125.2,72.1,15.88,104.3,23.44,Medio
MUN_080,Araguaína,BA,24,28.73,34.81,69.0,83.43,0.328,7.22,658.2,2450021,270.4,70.7,31.64,87.84,26.45,Baixo
MUN_063,Belém,MG,37,32.13,37.56,79.64,103.74,0.446,6.94,340.8,768392,255.6,80.5,55.29,90.5,29.7,Medio
MUN_141,Uberlândia,TO,1,31.83,36.31,61.84,38.64,0.235,3.11,666.5,1495102,299.1,61.1,61.82,26.49,31.36,Baixo
MUN_159,Sorocaba,PR,6,31.94,37.04,61.75,39.25,0.177,6.04,674.1,666052,94.7,82.4,26.67,47.46,31.42,Baixo
MUN_178,Araguaína,BA,31,20.93,25.72,46.95,18.9,0.19,3.07,557.2,1046185,391.4,64.1,66.32,16.72,21.94,Alto
MUN_070,Manaus,SP,43,27.53,30.41,65.05,29.49,0.299,3.91,79.9,1343709,96.1,82.1,45.61,35.48,24.46,Alto
MUN_006,Salvador,PA,41,23.67,28.88,74.86,74.53,0.277,10.64,764.5,1436704,290.2,73.7,44.37,74.73,21.21,Baixo
MUN_078,Salvador,SC,2,26.02,30.05,57.96,64.21,0.391,7.42,264.0,1276505,199.6,79.4,35.26,44.81,26.23,Medio
MUN_074,Ribeirão Preto,PE,20,24.87,30.68,82.02,73.63,0.358,2.98,268.6,2797864,494.1,48.5,58.85,64.91,28.81,Medio
MUN_158,Goiânia,GO,25,22.26,25.74,57.58,16.71,0.156,2.84,379.0,2481526,390.7,65.7,35.1,3.95,22.34,Medio
MUN_187,Itaquaquecetuba,CE,38,22.59,28.25,74.39,55.53,0.314,7.13,926.2,1263903,185.3,79.9,32.62,55.02,22.81,Baixo
MUN_180,Ribeirão Preto,CE,1,26.72,29.73,58.88,34.3,0.325,4.43,622.5,1880197,241.6,76.1,42.39,20.61,24.16,Baixo
MUN_006,Araguaína,RN,35,20.77,26.96,81.72,39.15,0.334,2.41,39.2,2746474,412.0,68.1,45.9,35.19,22.18,Medio
MUN_074,Belém,BA,18,29.11,34.94,54.81,56.45,0.363,5.15,1177.2,748464,295.0,46.0,76.44,49.94,25.72,Baixo
MUN_061,Sorocaba,SP,33,24.63,29.89,62.7,30.19,0.316,2.42,51.0,1740199,336.5,75.6,26.78,15.56,27.08,Alto
MUN_059,Recife,PA,39,20.14,24.44,61.23,56.11,0.317,7.01,546.9,1547067,136.7,75.8,39.84,66.43,20.23,Baixo
MUN_181,Recife,RS,19,23.42,27.07,62.91,60.34,0.342,5.68,531.4,2850068,258.0,67.9,54.69,69.75,24.86,Medio
MUN_198,Goiânia,SC,2,32.33,37.86,67.85,58.48,0.279,8.59,97.2,1269590,25.2,89.6,12.62,53.72,30.02,Medio
MUN_071,Crato,GO,49,22.94,26.68,70.57,42.99,0.476,3.14,477.8,1672952,191.2,72.6,36.85,51.38,23.57,Baixo
MUN_152,Belém,GO,46,27.75,32.99,78.97,30.22,0.226,3.09,398.2,1598588,292.4,54.4,57.58,10.78,26.06,Alto
MUN_008,Campinas,MG,43,30.72,36.61,60.59,69.52,0.445,5.57,225.8,2360673,187.1,85.5,29.61,67.3,31.46,Medio
MUN_025,Macaé,AM,4,28.84,34.08,71.22,41.94,0.191,3.36,278.0,1645217,400.2,55.8,69.96,30.85,29.54,Alto
MUN_018,Goiânia,RN,49,25.57,32.18,48.18,11.61,0.382,4.44,1168.4,1053338,277.0,69.8,72.61,17.37,26.16,Baixo
MUN_069,Ribeirão Preto,SP,20,24.35,30.76,65.01,52.46,0.123,4.53,5.5,2734214,411.6,63.4,57.26,49.55,22.63,Alto
MUN_083,Uberlândia,RJ,48,30.88,38.06,62.25,51.69,0.443,6.07,329.8,2557839,373.0,69.3,54.23,37.83,33.14,Medio
MUN_157,Crato,SC,51,22.24,27.98,59.24,78.8,0.368,8.79,176.3,2462272,439.0,63.1,75.91,83.1,23.77,Alto
MUN_020,Palmas,BA,4,25.95,32.15,70.05,52.78,0.348,1.82,57.2,434339,403.2,72.3,39.22,49.0,23.95,Medio
MUN_123,Araguaína,PR,37,25.27,29.27,61.57,35.37,0.296,10.7,1143.5,1679746,134.3,81.9,15.68,29.83,27.97,Baixo
MUN_033,Uberlândia,RN,38,23.98,29.24,67.8,51.08,0.43,7.26,684.0,1871001,55.3,97.3,0.0,61.1,24.51,Baixo
MUN_148,Palmas,PR,26,25.1,29.89,63.4,18.15,0.29,3.91,341.3,77984,470.1,65.2,60.81,33.95,23.82,Medio
MUN_056,Salvador,RS,22,21.37,27.27,59.96,26.43,0.269,4.68,493.3,2216832,270.0,70.8,35.22,1.65,19.02,Medio
MUN_036,Goiânia,TO,6,27.61,32.48,55.66,52.12,0.189,7.99,254.8,2074315,351.5,64.1,57.85,50.48,25.98,Alto
MUN_098,Macaé,CE,24,28.8,32.42,73.06,104.3,0.361,6.6,426.2,907963,195.4,79.9,45.9,100.58,28.31,Medio
MUN_110,Natal,RS,40,27.29,31.71,64.86,30.55,0.17,5.66,733.4,2516113,28.1,80.5,16.85,29.85,24.52,Baixo
MUN_175,Curitiba,BA,23,29.42,35.27,64.35,52.59,0.307,3.84,715.3,1600026,182.4,82.7,48.07,55.94,28.03,Baixo
MUN_036,Macaé,PE,33,24.52,28.39,50.03,42.29,0.261,3.24,511.7,1442451,255.8,56.7,32.91,16.64,26.45,Medio
MUN_083,Crato,BA,11,27.61,32.09,58.6,31.87,0.192,5.56,859.2,1022897,276.7,72.3,45.66,29.97,26.85,Baixo
MUN_131,Crato,BA,11,24.79,31.21,76.02,83.69,0.293,6.04,356.7,1161830,398.4,53.1,76.95,76.65,22.75,Medio
MUN_019,Santos,GO,48,33.0,38.83,69.87,75.06,0.428,6.9,329.4,1443671,215.4,77.1,25.46,62.15,32.1,Medio
MUN_086,Curitiba,RN,40,33.86,39.3,80.98,116.54,0.426,5.51,1048.7,1860002,263.7,76.4,41.41,122.33,30.1,Baixo
MUN_085,Recife,GO,48,22.62,28.73,77.2,136.94,0.45,7.24,618.0,837011,98.9,88.1,22.77,137.26,24.37,Baixo
MUN_151,Macaé,TO,52,24.19,29.56,59.89,50.99,0.409,4.24,853.9,2839398,132.5,89.8,23.83,58.0,22.07,Baixo
MUN_139,Fortaleza,PR,15,30.9,37.15,62.96,54.87,0.312,4.3,1132.1,2611273,154.6,67.5,38.43,46.03,30.44,Baixo
MUN_029,Macaé,PE,10,26.27,34.86,66.92,40.45,0.32,4.37,227.0,1740062,430.8,72.8,60.36,24.94,29.78,Medio
MUN_194,Palmas,SC,21,25.55,31.44,56.51,57.42,0.167,4.29,1107.9,1460097,363.0,75.7,46.65,58.09,24.37,Baixo
MUN_124,Crato,TO,37,28.8,34.2,47.18,42.31,0.274,0.8,706.8,1824647,479.4,43.1,82.66,43.38,27.92,Alto
MUN_130,Salvador,PE,8,28.04,32.93,42.75,25.99,0.241,7.97,186.3,2176631,166.4,65.9,47.01,23.45,28.75,Alto
MUN_173,Belém,RS,51,26.4,29.78,58.67,39.36,0.346,6.29,90.1,307359,258.3,72.0,40.55,46.26,24.42,Medio
MUN_155,Uberlândia,RS,21,24.55,30.21,65.94,50.18,0.244,6.06,983.2,1545211,149.6,81.7,43.8,51.16,26.85,Baixo
MUN_020,Curitiba,PA,14,31.27,33.95,54.52,48.99,0.294,4.4,1060.6,427898,486.5,58.2,59.76,32.44,27.52,Medio
MUN_006,Araguaína,RJ,14,25.97,29.52,68.38,59.89,0.309,9.64,231.3,2010987,406.6,61.7,67.15,54.17,28.73,Alto
MUN_045,Belém,SP,31,29.33,32.85,40.11,5.42,0.179,4.77,1038.1,2867130,341.7,73.9,35.33,3.08,30.48,Baixo
MUN_030,Curitiba,RJ,32,27.69,31.78,72.75,66.91,0.315,3.75,111.0,1459556,308.9,60.4,63.29,76.53,30.84,Medio
MUN_150,Crato,GO,6,21.5,26.21,51.25,55.44,0.206,6.45,474.0,80726,251.7,63.3,40.73,53.2,20.75,Medio
MUN_121,Macaé,PA,9,30.87,35.4,41.79,20.23,0.18,1.61,1062.9,1614743,58.0,83.8,26.4,8.81,30.35,Baixo
MUN_112,Natal,TO,1,25.03,31.79,68.8,50.19,0.395,3.48,1155.4,1682931,145.3,83.6,14.68,42.84,26.31,Baixo
MUN_161,Recife,SP,8,23.91,27.19,71.9,130.99,0.456,9.53,1098.3,2680135,389.2,48.3,66.57,124.77,23.06,Alto
MUN_159,Sorocaba,RS,41,27.5,31.96,62.26,78.43,0.375,3.94,483.2,2447855,277.2,82.9,49.5,88.89,30.27,Medio
MUN_023,Fortaleza,RN,38,28.93,33.62,63.17,54.12,0.208,2.14,373.5,1689089,435.5,48.9,68.24,51.24,29.41,Medio
MUN_059,Curitiba,GO,24,27.15,30.84,60.31,40.68,0.333,6.24,807.8,76299,329.6,66.5,57.33,48.64,26.38,Alto
MUN_173,Ribeirão Preto,MG,24,30.42,34.28,57.6,65.85,0.271,4.73,1006.8,2599728,302.2,77.8,39.9,65.61,29.48,Baixo
MUN_008,Sorocaba,PE,25,25.13,30.84,70.2,40.92,0.279,0.0,734.6,738772,404.5,69.1,61.2,42.99,25.49,Medio
MUN_124,Natal,PA,48,27.21,32.02,80.77,215.97,0.596,12.06,495.7,2649131,416.5,67.0,55.92,221.17,28.32,Alto
MUN_001,Montes Claros,PR,47,27.82,32.97,48.98,10.22,0.168,6.66,1044.0,113374,406.7,67.2,65.75,-4.99,27.02,Baixo
MUN_093,Macaé,PR,35,28.41,32.07,57.95,43.53,0.295,1.38,32.3,1906344,32.1,91.3,29.21,40.1,31.04,Medio
MUN_141,Caxias do Sul,PR,10,22.3,26.06,72.65,56.66,0.379,3.98,322.7,1340379,188.7,67.3,10.71,61.9,21.77,Medio
MUN_129,Curitiba,TO,36,27.84,32.61,78.93,33.66,0.251,4.3,284.8,2586072,95.5,71.2,26.57,36.23,26.52,Medio
MUN_191,Palmas,MG,47,23.93,27.06,55.37,33.71,0.242,1.98,180.3,2649410,372.6,60.5,94.43,24.36,20.61,Medio
MUN_022,Ribeirão Preto,PE,38,24.11,28.68,70.42,36.53,0.23,1.06,968.4,1807840,452.7,56.4,74.15,28.98,22.76,Alto
MUN_024,Macaé,PA,16,20.11,25.72,77.71,143.55,0.406,9.25,890.2,805741,383.6,58.0,60.89,145.24,19.08,Alto
MUN_069,Santos,CE,1,27.46,32.12,69.82,93.44,0.367,10.19,341.7,2519569,273.6,73.0,62.31,92.22,24.64,Alto
MUN_045,Curitiba,MG,15,27.95,32.3,65.02,50.52,0.316,5.4,789.1,1927817,379.7,65.2,46.73,37.45,28.47,Medio
MUN_122,Fortaleza,PE,31,23.17,27.09,57.71,51.12,0.368,6.5,1165.1,2272377,94.0,85.7,34.27,53.97,24.05,Baixo
MUN_120,Araguaína,RS,44,30.46,32.66,58.25,27.59,0.264,1.7,55.1,2756339,391.4,69.1,48.94,32.57,31.35,Medio
MUN_012,Manaus,RJ,34,22.12,27.37,64.86,41.73,0.221,2.92,309.3,596210,141.2,89.1,42.92,51.53,24.3,Baixo
MUN_125,Araguaína,GO,9,22.72,27.36,72.84,70.4,0.37,7.66,92.4,920061,99.5,95.8,27.74,80.74,22.92,Alto
MUN_186,Belém,TO,47,22.88,30.27,73.93,69.21,0.266,4.6,931.6,2332317,144.8,72.0,41.23,68.43,22.54,Baixo
MUN_093,Santos,AM,51,26.91,30.99,72.69,37.61,0.394,4.77,18.8,592074,389.5,61.8,65.07,52.17,26.7,Medio
MUN_103,Santos,SC,3,32.95,37.31,66.38,58.37,0.292,5.64,118.9,392481,408.0,73.0,51.51,60.32,31.55,Alto
MUN_163,Recife,RJ,12,29.14,35.2,69.37,59.45,0.324,5.25,1134.4,2425430,478.8,56.8,74.95,61.01,25.58,Baixo
MUN_038,Curitiba,SC,21,19.86,24.74,50.93,43.03,0.251,1.2,87.6,1493228,176.5,79.3,29.9,43.19,19.2,Medio
MUN_015,Fortaleza,MG,10,20.87,25.57,81.47,113.3,0.381,9.19,718.0,334343,188.4,70.0,31.89,97.19,20.81,Medio
MUN_143,Montes Claros,RJ,15,28.55,31.44,90.09,154.32,0.53,12.4,505.3,2920212,116.6,69.0,51.05,157.37,27.4,Medio
MUN_040,Goiânia,CE,19,32.8,39.55,63.97,43.82,0.342,3.8,48.1,1024564,371.0,71.7,49.37,44.98,31.91,Medio
MUN_005,Palmas,PR,46,24.92,29.86,67.61,117.26,0.553,8.92,337.5,771247,95.7,85.4,33.29,107.37,23.07,Alto
MUN_069,Santos,SC,37,24.41,30.57,40.08,16.25,0.181,1.61,882.0,425629,216.6,80.5,37.7,9.49,27.01,Baixo
MUN_040,Macaé,SC,4,28.85,33.96,75.12,50.83,0.419,8.95,148.8,2840847,217.1,77.1,43.15,59.68,29.38,Medio
MUN_131,Santos,RS,37,30.06,34.64,54.35,8.87,0.209,2.52,595.3,2969173,276.5,68.6,46.37,-2.42,31.93,Baixo
MUN_135,Uberlândia,AM,46,20.5,25.51,61.32,42.3,0.323,4.89,883.2,2374036,320.0,51.7,67.45,52.53,20.56,Alto
MUN_021,Macaé,SP,7,18.53,23.89,71.39,79.9,0.308,2.83,347.8,1131702,102.1,67.2,59.75,80.57,16.79,Alto
MUN_028,Campinas,RN,30,25.58,31.22,50.36,48.48,0.293,5.19,117.8,620299,134.6,71.7,28.44,61.75,25.51,Medio
MUN_135,Recife,PE,40,21.14,26.09,58.5,23.57,0.221,0.0,1080.5,439043,449.8,46.7,80.34,18.93,19.05,Baixo
MUN_197,Salvador,RN,52,29.36,33.91,71.99,47.66,0.356,4.22,949.8,1039759,362.9,75.7,44.99,50.03,31.48,Baixo
MUN_057,Fortaleza,GO,46,28.86,33.89,64.67,17.76,0.0,0.0,569.2,1250528,216.3,78.1,49.94,2.39,30.28,Baixo
MUN_178,Manaus,GO,49,29.48,36.08,70.03,68.83,0.388,5.9,148.7,1472376,141.4,61.4,22.34,74.67,29.73,Medio
MUN_174,Sorocaba,PE,28,22.62,30.3,58.14,33.39,0.326,6.16,812.2,2379002,418.9,60.8,60.48,37.89,20.32,Alto
MUN_171,Recife,RS,7,19.91,23.61,57.79,38.82,0.242,6.91,460.2,1885260,234.7,71.0,59.31,47.87,18.92,Alto
MUN_010,Salvador,TO,40,24.83,31.49,54.7,30.54,0.045,5.83,668.3,2634172,332.1,62.7,55.41,28.39,26.84,Medio
MUN_121,Ribeirão Preto,MG,8,27.53,32.57,81.39,52.74,0.241,2.35,803.0,555614,419.8,63.7,66.55,38.09,26.38,Medio
MUN_135,Curitiba,AM,7,24.04,28.86,65.15,28.27,0.145,3.23,393.9,452680,348.3,55.4,66.11,35.08,19.36,Alto
MUN_121,Araguaína,SC,46,25.87,31.47,53.82,44.16,0.249,6.69,105.1,2979073,428.3,64.8,59.81,51.88,29.57,Medio
MUN_011,Uberlândia,MG,26,28.63,34.25,61.08,23.04,0.391,2.33,217.6,1987951,263.7,95.8,37.04,19.05,31.0,Medio
MUN_062,Fortaleza,MG,36,21.48,27.45,58.28,64.32,0.271,4.95,170.0,739462,474.4,46.3,84.98,66.85,20.4,Alto
MUN_127,Sorocaba,BA,6,30.58,37.36,54.14,33.39,0.308,3.81,47.0,393124,333.6,68.3,48.41,22.83,28.48,Alto
MUN_060,Goiânia,SP,19,30.46,36.91,47.46,32.33,0.351,2.86,742.8,1962345,374.2,52.7,64.5,41.19,29.89,Alto
MUN_065,Ribeirão Preto,CE,1,26.91,30.3,50.3,21.24,0.187,1.51,858.7,122650,332.1,52.5,58.77,27.98,26.55,Baixo
MUN_060,Goiânia,SP,19,30.46,36.91,47.46,32.33,0.351,2.86,742.8,1962345,374.2,52.7,64.5,41.19,29.89,Alto
MUN_003,Montes Claros,SC,39,21.47,26.83,65.05,44.75,0.149,1.13,147.4,1345320,102.6,84.6,34.64,53.52,19.79,Medio
MUN_153,Goiânia,SP,1,27.13,33.16,64.23,59.28,0.392,5.69,438.4,2825614,152.1,87.3,20.56,52.99,26.84,Baixo
MUN_055,Itaquaquecetuba,BA,12,27.53,31.52,58.92,20.54,0.108,1.0,269.4,1922315,267.5,71.1,42.27,4.8,25.89,Medio
MUN_059,Recife,BA,23,27.66,32.29,64.96,31.22,0.46,4.14,1091.0,667562,183.1,79.7,35.28,25.35,25.01,Baixo
MUN_186,Montes Claros,PE,21,29.08,33.94,66.96,57.81,0.484,2.6,52.2,1567947,429.0,41.3,64.88,68.95,29.84,Alto
MUN_140,Recife,SC,8,23.9,27.47,55.52,30.28,0.122,1.16,386.8,404898,398.4,65.9,51.61,31.16,22.4,Medio
MUN_019,Sorocaba,CE,13,25.38,31.41,72.19,69.42,0.471,8.33,27.8,372749,226.8,77.6,44.94,88.18,23.55,Alto
MUN_096,Macaé,RN,34,19.57,24.01,41.17,22.64,0.155,0.73,354.5,1572030,118.2,68.8,29.84,31.41,21.65,Baixo
MUN_101,Montes Claros,SP,42,26.21,31.0,56.52,21.78,0.283,3.56,829.6,2655399,414.7,39.6,67.67,31.7,27.89,Medio
MUN_040,Montes Claros,RS,22,23.14,29.4,56.33,41.2,0.297,2.97,444.5,2098530,337.8,57.4,57.07,63.63,26.53,Medio
MUN_019,Salvador,RN,9,26.08,31.89,70.4,55.13,0.394,2.46,454.0,770065,298.1,57.1,68.65,67.55,25.78,Alto
MUN_176,Belém,GO,25,26.0,28.17,51.42,33.19,0.202,4.98,1175.1,1476753,108.9,89.0,6.26,57.39,26.58,Baixo
MUN_143,Crato,PE,33,24.45,29.86,61.47,40.54,0.401,2.19,409.5,1688627,209.1,67.5,37.38,30.28,19.92,Medio
MUN_132,Manaus,RN,6,21.99,27.89,67.12,50.63,0.393,5.15,553.8,736711,483.5,68.1,76.73,42.25,23.23,Alto
MUN_091,Santos,GO,35,24.54,31.28,65.18,55.26,0.367,0.7,909.0,2355459,495.6,64.1,71.48,62.49,25.22,Alto
MUN_086,Salvador,PE,2,25.33,31.66,59.08,41.69,0.107,5.75,222.7,1700188,113.3,80.5,26.44,51.11,24.9,Alto
MUN_116,Salvador,TO,33,30.92,35.6,64.32,48.56,0.339,4.05,901.0,1976590,212.1,73.1,39.82,36.86,32.66,Baixo
MUN_091,Belém,TO,23,26.29,31.07,65.53,57.94,0.287,3.89,575.1,303755,190.2,97.4,45.35,42.96,27.15,Baixo
MUN_147,Caxias do Sul,RS,14,24.41,28.64,65.34,26.46,0.186,2.56,531.3,1207356,113.2,89.1,0.0,29.35,25.07,Baixo
MUN_005,Macaé,BA,52,26.16,30.98,76.11,27.2,0.241,2.21,311.2,2982527,416.6,60.2,63.64,13.22,25.78,Medio
MUN_076,Palmas,RN,34,26.1,30.3,59.62,26.56,0.289,3.78,1102.9,924042,206.3,70.7,48.9,19.07,25.97,Baixo
MUN_099,Santos,PA,46,22.67,27.66,58.16,47.8,0.369,4.06,692.6,368013,167.4,79.5,24.47,41.86,22.99,Baixo
MUN_153,Manaus,MG,5,27.02,31.38,69.4,70.28,0.349,5.78,386.3,764622,432.2,45.7,72.67,71.44,22.97,Alto
MUN_035,Araguaína,TO,6,30.08,36.74,71.87,113.53,0.391,8.58,433.2,2601923,442.2,65.8,64.95,131.34,29.26,Alto
MUN_048,Salvador,RN,16,21.95,23.67,70.05,43.13,0.202,5.79,517.4,1223878,290.4,89.5,58.26,34.65,21.84,Alto
MUN_019,Palmas,PA,50,25.33,29.32,66.87,17.39,0.209,5.02,361.3,494398,242.3,85.2,38.27,22.28,23.0,Medio
MUN_108,Campinas,BA,48,26.27,30.93,64.23,24.37,0.215,3.97,37.9,2737599,341.4,71.0,56.94,6.78,25.61,Alto
MUN_028,Fortaleza,BA,10,20.52,25.53,66.78,64.8,0.399,3.59,818.5,670264,254.5,64.0,33.68,67.93,20.0,Baixo
MUN_178,Goiânia,RJ,4,27.68,32.74,54.66,23.24,0.187,3.02,402.7,1611175,55.0,77.1,17.46,27.76,28.89,Baixo
MUN_141,Recife,BA,37,25.04,31.92,54.32,26.41,0.241,1.71,1126.8,1003498,82.3,81.1,27.89,30.98,26.38,Baixo
MUN_021,Ribeirão Preto,SP,21,29.71,34.28,64.89,19.5,0.299,0.33,1191.2,1311692,33.7,71.9,3.54,44.41,30.96,Baixo
MUN_099,Caxias do Sul,RN,14,34.65,37.76,45.87,13.7,0.337,2.64,842.4,2988520,435.6,51.2,59.92,15.66,36.54,Baixo
MUN_190,Recife,PR,43,22.84,28.82,48.8,20.28,0.192,0.89,735.8,2712310,479.9,64.0,81.81,4.51,25.22,Alto
MUN_130,Araguaína,PA,52,25.95,31.91,70.18,39.49,0.228,5.52,1001.0,2198430,481.9,57.5,68.95,38.88,26.27,Alto
MUN_045,Araguaína,SP,36,28.65,33.3,62.11,61.79,0.444,7.74,83.4,868808,83.1,74.1,20.6,74.88,25.77,Medio
MUN_125,Natal,PR,32,28.03,33.59,51.17,32.18,0.19,2.82,1068.4,2796255,148.9,79.5,45.86,44.4,26.09,Baixo
MUN_053,Araguaína,SC,3,26.59,32.73,46.8,71.47,0.384,3.15,399.8,178303,170.7,63.4,43.59,58.88,27.58,Medio
MUN_167,Belém,SC,2,21.93,24.4,67.67,39.14,0.321,5.0,1192.4,1549179,226.4,89.1,40.06,42.41,25.58,Baixo
MUN_178,Ribeirão Preto,BA,4,34.1,37.7,63.29,15.34,0.337,1.23,610.9,925755,384.4,48.3,65.66,3.5,32.98,Alto
MUN_100,Crato,PA,11,19.8,24.33,47.3,41.62,0.311,0.82,426.6,1957406,421.6,66.0,55.07,27.66,16.38,Alto
MUN_005,Araguaína,SP,41,19.78,25.15,69.28,62.36,0.341,5.09,422.0,2275349,231.0,85.2,34.3,51.14,20.8,Alto
MUN_093,Salvador,RJ,43,30.33,35.85,60.03,56.52,0.309,0.7,155.5,155704,142.7,79.5,47.4,68.19,28.68,Medio
MUN_041,Fortaleza,PA,2,28.96,34.36,62.46,73.41,0.586,4.46,137.8,1681669,261.6,61.2,41.51,79.08,30.71,Alto
MUN_095,Fortaleza,BA,8,32.63,38.26,60.94,57.88,0.339,3.88,1034.0,2149260,464.1,52.7,69.95,66.84,28.53,Alto
MUN_056,Recife,PE,27,28.52,34.81,56.78,32.82,0.279,0.0,1027.5,1200140,363.0,67.8,49.41,5.43,29.9,Baixo
MUN_101,Salvador,GO,3,24.12,29.37,70.78,91.87,0.388,8.19,598.1,1739606,287.1,77.5,51.76,78.19,25.42,Medio
MUN_091,Campinas,BA,27,23.78,28.79,58.6,16.95,0.289,0.49,341.9,1180865,193.4,72.9,56.94,29.77,24.15,Baixo
MUN_092,Macaé,RJ,43,26.48,32.47,55.51,19.7,0.195,2.98,1096.3,1614625,233.0,88.2,36.84,20.55,26.9,Baixo
MUN_197,Montes Claros,AM,40,23.69,27.39,66.74,67.18,0.271,8.17,1193.6,2888611,175.5,74.1,42.18,68.46,20.34,Baixo
MUN_136,Belém,RJ,27,22.77,27.64,62.7,9.55,0.235,0.67,91.2,1183582,479.2,52.9,61.95,6.29,25.78,Medio
MUN_015,Goiânia,AM,22,16.49,21.75,65.6,29.4,0.292,8.71,627.6,2028279,453.5,72.3,76.49,21.07,15.28,Alto
MUN_139,Curitiba,CE,28,22.75,27.77,68.7,62.47,0.214,4.98,788.6,1644051,390.6,71.3,62.33,56.78,21.31,Baixo
MUN_119,Araguaína,SC,50,26.24,31.39,55.48,59.92,0.397,2.28,813.9,1612932,323.7,68.5,50.83,42.09,26.48,Baixo
MUN_037,Curitiba,TO,31,29.8,33.37,86.43,149.44,0.591,8.78,63.3,2110500,385.9,64.6,55.66,164.23,29.87,Medio
MUN_103,Fortaleza,SP,3,24.84,29.65,51.41,51.73,0.271,7.04,1172.7,151242,478.9,62.9,66.53,29.37,24.13,Baixo
MUN_115,Araguaína,SC,49,27.59,29.9,78.83,80.7,0.356,6.05,202.3,2342719,329.7,69.2,49.33,90.96,29.99,Medio
MUN_105,Ribeirão Preto,RN,19,19.65,25.5,59.29,73.5,0.284,7.57,30.8,2352389,463.0,60.4,72.85,89.85,22.31,Alto
MUN_181,Campinas,PR,15,31.15,34.73,79.01,81.62,0.39,4.85,669.6,1964310,32.6,96.5,0.0,81.55,30.63,Baixo
MUN_048,Uberlândia,SC,18,22.22,29.1,64.07,61.9,0.183,7.17,720.6,274647,199.3,67.2,34.9,46.13,23.58,Medio
MUN_059,Uberlândia,RN,4,20.51,22.53,68.77,55.43,0.329,5.0,275.3,2295530,133.4,70.2,30.46,56.23,20.7,Medio
MUN_036,Fortaleza,RJ,36,25.11,29.78,67.26,33.32,0.231,3.07,759.7,892883,430.3,51.3,87.09,46.79,25.6,Alto
MUN_079,Montes Claros,GO,25,26.37,32.27,61.58,44.6,0.269,4.74,1025.2,2022798,149.1,78.8,39.52,58.4,24.01,Baixo
MUN_173,Montes Claros,BA,23,21.54,28.12,63.21,28.8,0.309,0.42,223.4,551660,165.1,72.4,33.43,30.11,21.47,Medio
MUN_131,Santos,PA,27,30.5,35.48,65.93,64.28,0.3,7.24,288.2,2543564,325.5,73.4,38.11,54.17,26.91,Medio
MUN_005,Palmas,PR,46,24.92,29.86,67.61,117.26,0.553,8.92,337.5,771247,95.7,85.4,33.29,107.37,23.07,Alto
MUN_069,Recife,AM,3,26.0,31.9,54.97,59.35,0.236,5.28,534.0,521400,79.7,90.4,9.65,58.44,27.14,Baixo
MUN_166,Crato,RJ,46,25.41,30.09,62.66,27.9,0.326,2.59,211.6,1015141,165.4,79.3,29.81,7.72,25.05,Medio
MUN_162,Natal,MG,3,27.63,34.93,55.23,24.54,0.203,2.8,305.8,208364,326.9,76.1,60.17,32.57,24.24,Medio
MUN_071,Montes Claros,TO,16,15.96,19.82,66.49,66.06,0.227,4.32,783.5,1348314,403.6,66.6,46.15,62.73,17.16,Alto
MUN_023,Macaé,SP,6,30.07,34.59,55.39,27.22,0.267,3.13,888.9,2542634,419.0,68.8,55.14,18.11,32.97,Medio
MUN_161,Caxias do Sul,CE,33,26.37,31.12,61.78,30.83,0.515,2.48,180.1,2722042,245.5,69.8,54.64,32.99,30.36,Alto
MUN_111,Campinas,AM,32,23.5,27.96,64.85,41.33,0.26,3.42,996.5,393340,99.0,83.8,28.31,46.95,22.39,Baixo
MUN_059,Curitiba,GO,24,27.15,30.84,60.31,40.68,0.333,6.24,807.8,76299,329.6,66.5,57.33,48.64,26.38,Alto
MUN_145,Natal,SC,44,27.09,31.79,55.07,50.55,0.355,5.85,141.8,1592370,319.2,77.7,29.15,48.74,29.27,Medio
MUN_131,Goiânia,RS,11,25.35,31.25,54.67,42.67,0.407,2.23,680.5,1229032,270.1,74.5,34.85,37.28,24.26,Baixo
MUN_144,Palmas,SP,5,22.6,29.45,65.51,84.86,0.444,3.51,566.1,2275865,427.7,64.4,81.51,91.55,19.51,Alto
MUN_177,Santos,RJ,48,23.85,28.37,72.91,34.76,0.407,0.89,1107.4,55542,288.1,64.7,61.5,36.62,21.82,Baixo
MUN_020,Belém,AM,8,19.63,24.44,57.81,42.07,0.26,2.84,870.3,1214744,436.2,64.1,51.1,39.68,18.23,Medio
MUN_189,Fortaleza,CE,32,31.29,38.09,77.8,84.46,0.367,3.43,674.3,1737547,497.8,53.2,89.02,101.76,33.02,Alto
MUN_068,Crato,CE,14,23.97,29.41,72.73,138.14,0.443,6.07,881.1,2797521,327.6,73.0,79.62,126.42,24.28,Alto
MUN_097,Belém,PE,32,26.68,31.45,74.96,110.45,0.343,9.92,255.5,330481,381.7,79.3,66.12,98.83,27.27,Alto
MUN_069,Goiânia,BA,25,28.02,32.02,51.66,16.73,0.259,3.52,450.7,400209,298.7,67.3,65.53,31.25,28.96,Medio
MUN_012,Belém,RJ,49,23.72,31.6,62.56,59.2,0.123,1.38,1061.9,1674846,391.5,61.7,73.31,55.82,24.65,Medio
MUN_102,Natal,PA,33,31.34,36.8,67.99,57.54,0.32,1.99,442.4,2052339,412.4,59.7,85.08,67.03,33.05,Alto
MUN_102,Natal,AM,21,32.53,37.46,48.31,20.23,0.223,1.96,529.3,2760056,89.2,81.2,54.24,35.49,31.19,Baixo
MUN_168,Salvador,CE,15,20.43,24.57,53.84,11.3,0.287,2.32,69.2,2231729,182.6,80.7,32.89,14.72,21.76,Alto
MUN_180,Salvador,TO,49,20.3,23.3,77.23,131.81,0.533,5.49,205.2,2706980,330.1,71.5,64.37,134.37,20.57,Alto
MUN_054,Recife,TO,24,25.9,31.74,55.79,11.55,0.199,3.35,415.1,1422849,265.0,80.1,58.84,9.23,23.34,Alto
MUN_053,Ribeirão Preto,BA,28,29.28,34.68,46.89,45.91,0.283,6.82,865.4,1310174,179.5,90.1,20.47,55.38,26.09,Baixo
MUN_174,Sorocaba,PA,35,28.66,33.39,60.01,61.55,0.332,7.36,30.9,630746,29.6,97.6,22.25,52.88,25.25,Baixo
MUN_050,Recife,RJ,41,28.77,34.16,71.42,57.93,0.398,2.44,52.9,2890120,99.2,82.9,17.68,52.1,29.12,Medio
MUN_033,Ribeirão Preto,MG,22,31.68,37.38,60.76,28.67,0.185,2.42,808.2,638961,279.7,64.9,54.73,26.83,34.21,Baixo
MUN_089,Crato,SP,34,28.0,32.61,45.83,16.86,0.286,5.59,577.0,2799973,131.3,80.4,20.21,28.65,29.85,Baixo
MUN_076,Itaquaquecetuba,BA,49,25.18,29.63,72.52,35.46,0.25,2.95,183.9,195419,267.9,61.3,53.38,28.72,23.56,Medio
MUN_149,Crato,AM,52,27.31,32.72,72.34,13.74,0.25,0.02,442.8,1156969,279.3,69.6,36.05,20.1,27.57,Medio
MUN_131,Salvador,PE,13,28.83,32.85,54.51,12.92,0.134,2.64,1088.2,2184314,243.2,66.4,34.84,8.91,30.92,Baixo
MUN_068,Salvador,TO,17,22.37,29.44,49.29,6.9,0.169,0.49,622.8,1006696,363.6,66.9,62.19,20.46,21.8,Alto
MUN_072,Salvador,PR,31,31.09,35.93,88.04,149.87,0.475,6.03,275.3,2571467,435.4,47.4,84.7,140.87,33.17,Alto
MUN_184,Montes Claros,AM,9,28.84,34.74,69.63,72.98,0.349,4.38,1011.4,938792,398.5,68.6,46.27,85.82,25.96,Baixo
MUN_054,Manaus,MG,35,24.5,27.15,54.78,35.16,0.252,6.4,824.5,760793,461.7,64.7,71.63,50.52,19.32,Medio
MUN_164,Araguaína,MG,6,26.31,32.38,61.79,32.7,0.179,4.11,64.7,762598,126.0,85.4,29.89,34.35,25.97,Medio
MUN_072,Belém,SC,20,29.06,34.09,55.94,61.18,0.427,5.42,865.2,281134,490.5,48.0,91.51,74.6,29.23,Alto
MUN_166,Belém,AM,18,24.94,27.52,68.07,52.47,0.25,8.97,823.7,650042,372.8,52.6,55.8,42.13,21.31,Medio
MUN_073,Crato,GO,2,22.3,26.18,62.01,71.43,0.287,1.08,94.6,945899,406.3,67.6,70.35,67.99,23.13,Medio
MUN_070,Recife,MG,19,21.47,26.1,81.42,95.89,0.313,6.82,352.7,2177290,296.7,65.4,49.39,84.23,24.24,Alto
MUN_118,Salvador,TO,52,25.15,29.94,74.56,51.14,0.257,5.79,481.1,1536287,85.4,78.4,34.58,63.26,26.14,Baixo
MUN_070,Ribeirão Preto,TO,30,29.88,33.75,51.95,32.4,0.242,4.56,550.6,1870852,414.8,69.2,52.77,41.21,31.65,Medio
MUN_053,Crato,AM,32,31.63,36.97,54.71,37.07,0.2,6.7,1074.6,2390351,29.9,80.5,13.61,33.44,29.83,Baixo
MUN_069,Palmas,RN,23,25.29,29.89,51.38,16.03,0.308,4.12,10.0,882707,170.1,74.0,23.37,16.14,28.77,Medio
MUN_148,Campinas,PA,36,29.83,35.13,56.69,46.46,0.414,3.71,440.9,2043789,442.3,71.4,52.74,46.01,26.89,Alto
MUN_047,Itaquaquecetuba,RJ,36,31.69,35.84,64.52,84.39,0.47,7.88,681.3,1996171,223.9,75.3,48.53,78.64,28.26,Baixo
MUN_180,Salvador,GO,23,22.28,27.81,67.58,33.02,0.361,4.63,941.6,1010141,457.9,54.3,52.1,18.92,21.79,Alto
MUN_165,Montes Claros,TO,25,25.31,29.13,60.16,29.65,0.183,3.9,990.0,1047381,439.2,60.2,66.8,37.66,24.97,Alto
MUN_110,Natal,RS,40,27.29,31.71,64.86,30.55,0.17,5.66,733.4,2516113,28.1,80.5,16.85,29.85,24.52,Baixo
MUN_124,Crato,TO,37,28.8,34.2,47.18,42.31,0.274,0.8,706.8,1824647,479.4,43.1,82.66,43.38,27.92,Alto
MUN_175,Manaus,PR,43,25.32,30.42,55.27,21.72,0.211,3.57,545.3,2319057,152.5,70.8,38.37,18.15,24.92,Baixo
MUN_049,Santos,BA,27,26.57,33.18,73.9,45.37,0.228,4.82,452.5,779515,345.4,66.3,55.7,48.76,27.12,Alto
MUN_133,Itaquaquecetuba,BA,43,21.54,27.08,56.1,16.91,0.315,3.96,1010.3,989434,176.4,73.0,39.0,1.13,23.69,Baixo
MUN_111,Santos,RN,16,15.75,22.37,70.59,78.62,0.238,6.89,716.6,2617448,442.0,55.8,76.67,83.25,18.85,Medio
MUN_051,Macaé,PA,39,22.91,29.79,82.43,86.68,0.357,4.73,650.7,1560910,305.5,58.2,58.92,81.08,25.47,Alto
MUN_066,Manaus,RS,9,29.37,34.01,66.78,26.1,0.282,4.52,652.3,2882014,272.5,76.9,48.82,18.72,32.49,Baixo
MUN_147,Ribeirão Preto,GO,50,22.78,27.04,58.43,65.59,0.418,2.72,699.6,65071,394.2,61.3,50.15,65.82,21.22,Alto
MUN_167,Recife,PE,42,31.81,36.51,65.68,53.72,0.185,4.17,407.9,227194,296.5,70.5,48.28,70.08,31.02,Medio
MUN_009,Macaé,SP,43,22.96,28.88,65.36,54.97,0.358,8.48,1082.3,187534,23.1,100.0,0.0,49.49,22.85,Baixo
MUN_108,Caxias do Sul,PR,26,25.52,29.68,66.85,36.6,0.309,0.69,39.3,2484997,482.5,58.9,74.84,39.64,25.16,Alto
MUN_021,Macaé,PE,3,24.0,30.32,55.41,19.38,0.427,4.68,262.1,702533,339.9,79.8,54.2,6.56,24.08,Medio
MUN_019,Belém,GO,31,23.03,26.07,59.89,37.55,0.266,4.59,708.1,1991813,349.7,58.8,66.78,52.14,21.27,Baixo
MUN_173,Santos,PR,30,25.17,30.34,78.45,34.33,0.32,3.0,454.9,1141185,340.6,72.6,70.19,35.62,25.24,Alto
MUN_094,Belém,TO,17,25.04,29.36,81.27,27.65,0.427,4.56,661.2,1494300,31.6,99.8,0.0,26.75,26.22,Baixo
MUN_114,Curitiba,AM,16,21.85,27.6,72.34,109.94,0.409,6.58,481.2,1820725,74.4,86.5,44.88,121.93,22.54,Alto
MUN_049,Santos,MG,3,30.42,33.91,71.44,12.16,0.244,1.84,684.0,225138,148.1,86.6,14.62,9.76,27.1,Baixo
MUN_014,Montes Claros,SC,41,27.85,31.1,67.76,29.38,0.145,2.64,507.1,192098,144.9,79.4,20.82,37.95,29.32,Baixo
MUN_179,Santos,TO,14,26.97,32.8,57.78,32.56,0.376,4.76,607.5,480452,269.4,72.8,40.4,25.57,26.3,Baixo
MUN_085,Sorocaba,PE,27,23.84,28.43,68.25,90.96,0.183,6.2,295.6,1682718,489.3,50.9,84.18,81.99,22.67,Alto
MUN_081,Manaus,RJ,11,22.26,26.46,71.4,66.14,0.339,6.37,911.0,947493,485.1,53.4,61.1,69.84,23.71,Alto
MUN_007,Montes Claros,PE,34,26.9,32.59,80.02,79.8,0.352,6.92,919.4,2663349,279.1,62.3,60.65,74.41,27.32,Baixo
MUN_096,Recife,MG,15,23.81,29.71,46.21,35.28,0.326,4.77,535.8,2777686,40.1,87.5,24.23,37.04,26.74,Baixo
MUN_104,Fortaleza,MG,6,26.32,31.83,46.88,27.64,0.325,1.8,25.3,1148158,475.7,60.5,61.97,13.05,27.02,Alto
MUN_144,Uberlândia,CE,27,30.24,35.63,65.98,14.47,0.239,5.69,173.9,1337968,377.0,61.0,58.43,9.8,26.75,Medio
MUN_088,Ribeirão Preto,BA,6,23.48,28.98,68.61,26.08,0.284,3.49,892.6,630509,322.3,62.9,47.25,7.46,24.57,Baixo
MUN_083,Natal,PA,37,26.45,31.75,79.24,62.37,0.221,5.23,864.4,1839967,135.3,89.4,16.62,66.3,27.2,Baixo
MUN_030,Ribeirão Preto,SP,19,26.95,32.96,66.66,39.13,0.227,6.48,262.8,926595,31.9,89.1,13.29,33.32,27.67,Baixo
MUN_103,Macaé,PR,12,24.6,30.48,58.34,64.64,0.294,5.05,588.5,453448,483.8,59.0,61.86,50.27,23.21,Alto
MUN_019,Caxias do Sul,PA,3,28.16,34.04,56.04,47.87,0.54,2.79,115.7,293607,341.2,56.9,44.65,64.64,25.21,Alto
MUN_198,Crato,MG,9,24.93,28.28,62.25,20.23,0.226,4.78,380.1,870652,288.6,65.2,37.6,15.58,23.95,Medio
MUN_011,Crato,PA,14,29.03,33.49,56.76,27.54,0.187,4.34,77.8,2339843,427.5,73.1,58.09,2.11,29.65,Alto
MUN_194,Palmas,PA,28,29.46,35.64,72.32,23.42,0.227,3.12,347.6,909144,300.1,63.7,48.3,25.45,30.96,Medio
MUN_162,Belém,PR,26,33.14,38.55,59.07,36.14,0.398,3.07,1003.5,1513698,363.8,68.2,55.61,18.19,31.87,Baixo
MUN_019,Sorocaba,SP,39,20.16,23.13,53.72,41.48,0.329,1.95,453.3,2805304,467.8,53.2,86.73,54.53,19.47,Alto
MUN_023,Campinas,TO,27,23.85,27.92,52.16,25.45,0.326,1.66,1119.3,804087,149.7,72.0,40.56,36.92,20.49,Baixo
MUN_005,Salvador,CE,28,27.9,33.59,59.87,9.18,0.239,1.67,1175.8,780620,247.9,62.9,46.07,-4.13,27.88,Baixo
MUN_019,Itaquaquecetuba,AM,17,32.28,36.0,53.6,37.33,0.258,3.73,704.7,2802404,418.0,66.2,55.29,41.91,31.39,Alto
MUN_135,Fortaleza,RN,41,22.81,28.61,67.21,79.42,0.383,4.94,149.0,2099148,145.3,90.2,25.32,74.78,23.89,Alto
MUN_015,Fortaleza,MG,47,29.04,33.64,75.92,81.21,0.417,6.32,369.8,2829641,231.3,87.5,35.47,75.77,28.62,Medio
MUN_137,Campinas,GO,4,25.29,31.01,58.33,66.78,0.314,4.62,298.4,456687,401.7,54.6,57.4,70.73,26.14,Alto
MUN_150,Salvador,TO,40,26.77,33.35,72.75,47.43,0.318,6.35,917.9,781083,447.1,58.1,62.46,41.3,28.26,Alto
MUN_042,Sorocaba,TO,43,20.99,25.74,56.27,40.5,0.187,4.11,1084.1,1762452,79.9,78.4,24.84,33.6,18.73,Baixo
MUN_185,Campinas,RS,35,28.33,34.97,66.7,48.54,0.231,2.81,970.2,935924,202.5,57.3,52.93,34.19,27.24,Baixo
MUN_100,Recife,CE,7,29.34,33.31,67.69,56.33,0.312,3.01,191.0,997188,288.7,62.1,40.29,57.12,30.94,Medio
MUN_127,Belém,RN,39,27.41,31.99,63.98,73.05,0.371,4.59,483.9,1704670,496.2,50.4,89.53,62.11,25.28,Alto
MUN_157,Natal,RS,25,19.93,23.92,54.53,23.81,0.198,4.09,330.8,2882070,385.2,50.1,69.16,30.88,21.11,Alto
MUN_058,Curitiba,RJ,18,26.45,33.64,53.09,29.86,0.205,3.78,205.1,183177,164.4,82.6,24.36,24.25,25.95,Baixo
MUN_063,Natal,TO,40,25.89,31.18,54.49,61.41,0.455,6.09,669.0,1223634,124.1,82.8,25.8,50.31,26.47,Baixo
MUN_043,Montes Claros,PR,2,27.71,29.95,48.67,8.12,0.187,4.36,663.4,935206,434.7,68.8,69.92,16.47,27.88,Medio
MUN_096,Natal,PR,20,23.37,28.29,67.24,42.24,0.29,4.63,56.9,2002828,48.2,84.3,13.68,39.3,20.56,Medio
MUN_148,Campinas,SP,32,23.4,27.84,60.69,51.05,0.186,8.71,636.2,802879,256.6,70.4,45.75,48.12,23.46,Medio
MUN_047,Palmas,PA,22,26.17,29.72,67.01,28.18,0.296,4.43,747.2,1052416,129.4,74.3,31.17,25.08,25.46,Baixo
MUN_067,Araguaína,RN,42,30.33,32.95,60.07,46.56,0.155,5.86,36.7,100526,432.2,60.1,67.24,35.98,31.85,Medio
MUN_027,Campinas,RJ,10,23.69,27.61,67.11,30.81,0.377,7.11,943.9,2263312,96.7,94.2,18.62,46.0,24.34,Baixo
MUN_167,Ribeirão Preto,MG,44,32.69,36.96,72.72,41.05,0.222,6.41,261.3,848791,310.9,51.9,55.73,47.43,34.01,Medio
MUN_017,Ribeirão Preto,TO,8,27.79,32.38,77.84,60.34,0.304,2.12,78.8,335067,274.8,60.9,48.71,61.02,27.25,Medio
MUN_071,Montes Claros,RS,49,26.23,30.77,74.32,44.53,0.162,2.74,358.3,983300,440.8,54.7,70.8,47.92,25.34,Alto
MUN_174,Itaquaquecetuba,PA,51,22.22,26.72,72.57,32.88,0.243,0.75,24.6,1012742,223.9,73.8,44.49,33.31,19.26,Medio
MUN_012,Uberlândia,TO,4,28.19,32.19,69.82,30.29,0.397,5.16,792.1,2471193,349.4,58.9,47.55,44.28,30.81,Baixo
MUN_158,Campinas,RN,8,28.28,34.3,68.32,35.42,0.236,3.3,128.2,1644168,281.1,71.8,40.66,35.02,31.76,Medio
MUN_107,Caxias do Sul,BA,19,23.22,28.32,43.83,18.01,0.139,0.0,82.9,1455504,328.5,58.2,65.01,34.29,27.86,Medio
MUN_145,Ribeirão Preto,SP,1,28.19,34.4,59.64,75.73,0.262,6.17,658.6,1529415,295.1,65.3,48.91,51.16,24.84,Medio
MUN_064,Curitiba,RJ,45,20.78,24.35,57.69,50.26,0.301,4.47,937.5,1212588,317.0,75.2,60.06,46.07,19.41,Baixo
MUN_067,Araguaína,RN,42,30.33,32.95,60.07,46.56,0.155,5.86,36.7,100526,432.2,60.1,67.24,35.98,31.85,Medio
MUN_117,Sorocaba,RN,10,19.58,25.01,68.27,80.79,0.3,3.94,274.5,2905032,394.9,63.0,53.0,88.5,25.23,Alto
MUN_030,Montes Claros,PE,31,30.36,36.8,71.84,35.97,0.1,5.5,399.6,1031793,466.3,61.4,74.08,34.1,32.18,Alto
MUN_163,Caxias do Sul,SC,2,22.37,24.87,43.63,54.8,0.214,3.15,62.0,503076,425.4,54.0,66.47,59.83,24.13,Alto
MUN_026,Fortaleza,PR,26,27.2,31.81,69.09,42.09,0.261,6.34,1030.3,2228867,156.4,84.1,25.85,52.5,27.48,Baixo
MUN_138,Macaé,TO,2,29.6,34.48,58.23,63.21,0.387,5.15,341.9,2889652,287.7,62.0,43.31,65.89,30.1,Medio
MUN_194,Curitiba,GO,1,24.24,28.11,69.43,38.99,0.203,6.14,738.5,2108477,192.9,68.0,23.52,50.65,25.11,Baixo
MUN_178,Manaus,SP,50,28.23,33.29,61.13,26.0,0.422,2.44,137.9,279162,488.3,62.2,104.21,18.04,30.17,Alto
MUN_017,Uberlândia,RN,49,30.58,35.95,55.32,20.52,0.415,6.16,448.1,1212744,55.5,72.4,28.94,19.31,30.49,Baixo
MUN_103,Curitiba,BA,45,24.59,30.03,56.57,64.59,0.351,6.97,649.4,1413293,41.7,90.4,29.62,71.26,24.55,Baixo
MUN_076,Uberlândia,RJ,13,20.23,24.6,63.16,34.96,0.269,3.69,377.4,2312937,65.7,96.0,13.27,33.35,18.95,Baixo
MUN_025,Recife,AM,42,30.78,36.15,61.72,55.28,0.204,7.9,854.7,1746987,147.5,79.2,24.7,55.72,27.76,Baixo
MUN_078,Campinas,PE,1,30.14,35.3,53.1,20.31,0.303,2.72,880.0,1594584,385.7,58.5,61.09,26.04,26.82,Baixo
MUN_119,Araguaína,SC,50,26.24,31.39,55.48,59.92,0.397,2.28,813.9,1612932,323.7,68.5,50.83,42.09,26.48,Baixo
MUN_156,Itaquaquecetuba,MG,39,28.02,33.52,62.08,61.0,0.387,3.95,1003.2,601671,457.0,54.4,68.76,54.73,29.54,Alto
MUN_026,Belém,SC,41,28.85,31.92,58.55,48.4,0.203,5.55,215.2,1706251,306.3,75.6,66.01,43.4,32.44,Alto
MUN_124,Caxias do Sul,PA,13,22.8,28.72,57.43,61.29,0.3,6.5,865.2,1554456,332.5,71.8,46.27,52.7,21.44,Baixo
MUN_136,Caxias do Sul,CE,3,22.96,27.8,70.07,44.18,0.4,1.61,298.1,1585934,456.5,57.6,65.28,42.24,24.39,Medio
MUN_130,Santos,MG,35,28.32,31.42,48.86,13.11,0.288,4.08,521.1,1745474,51.5,82.7,20.6,1.68,28.43,Baixo
MUN_087,Fortaleza,TO,12,22.5,29.87,78.05,83.87,0.366,6.59,407.0,549477,163.4,68.2,38.4,91.36,19.81,Medio
MUN_078,Uberlândia,RN,35,30.04,33.31,58.59,20.13,0.281,0.58,652.0,2347700,317.8,64.0,71.23,14.17,27.0,Baixo
MUN_080,Curitiba,PE,10,25.66,32.88,58.59,45.54,0.229,2.7,10.5,1454180,82.2,73.2,32.47,51.36,25.8,Medio
MUN_077,Campinas,BA,11,25.5,29.35,61.5,7.31,0.303,5.73,1020.0,2800625,86.0,71.0,22.68,21.43,23.75,Baixo
MUN_154,Montes Claros,BA,2,27.59,32.15,58.01,43.87,0.291,1.67,173.2,1514193,487.4,46.6,63.63,27.62,23.85,Alto
MUN_067,Sorocaba,BA,43,26.93,33.49,76.24,19.9,0.237,2.9,82.6,815548,453.8,65.3,60.12,19.92,26.09,Medio
MUN_003,Fortaleza,RS,14,27.75,33.11,57.09,20.84,0.167,3.8,813.5,2102934,136.9,86.2,18.03,21.12,26.72,Baixo
MUN_009,Macaé,PR,1,25.67,33.19,56.38,44.17,0.228,5.05,1198.3,916030,470.4,59.0,60.01,44.97,25.64,Baixo
MUN_067,Campinas,TO,17,20.26,22.23,84.04,150.18,0.42,9.78,887.9,1800235,178.4,74.2,43.1,175.1,21.96,Medio
MUN_051,Campinas,GO,6,30.07,35.97,72.41,33.27,0.249,1.57,345.0,110100,284.7,74.1,40.99,45.36,25.94,Medio
MUN_118,Itaquaquecetuba,PE,30,28.22,34.51,70.09,102.46,0.332,8.06,266.3,2175399,376.3,54.8,77.83,109.01,28.03,Alto
MUN_182,Curitiba,PR,47,28.73,34.0,74.53,49.11,0.35,6.82,589.2,1366419,385.4,82.8,35.5,52.95,31.28,Medio
MUN_012,Natal,RJ,8,31.24,37.43,76.11,27.84,0.269,5.38,482.7,274739,475.1,40.1,71.95,43.69,30.2,Medio
MUN_072,Manaus,SP,6,25.93,30.9,60.65,66.98,0.243,5.33,216.6,983432,56.7,81.6,31.3,63.26,28.14,Medio
MUN_020,Salvador,BA,1,18.82,23.95,53.27,62.79,0.327,1.84,679.1,125339,431.9,48.3,78.37,54.16,19.38,Medio
MUN_015,Natal,PR,10,24.62,29.12,68.65,49.83,0.346,5.81,1015.0,427129,164.5,73.2,32.97,62.55,27.6,Baixo
MUN_082,Campinas,AM,36,24.59,30.59,65.25,39.94,0.335,8.9,490.9,866764,405.3,65.7,65.52,56.7,24.46,Alto
MUN_095,Recife,PE,43,28.98,34.01,67.28,69.11,0.061,7.39,225.8,85030,426.1,50.1,70.74,73.25,32.31,Medio
MUN_005,Natal,PE,34,27.52,30.62,72.52,41.21,0.378,2.84,458.9,408787,35.5,98.3,13.1,45.44,24.72,Baixo
MUN_122,Montes Claros,CE,19,21.76,26.16,67.16,20.76,0.253,2.22,144.6,1712306,237.9,70.8,41.89,6.59,23.65,Medio
MUN_167,Fortaleza,PA,21,22.8,28.29,62.64,44.76,0.178,5.94,237.2,970573,309.3,62.7,49.82,56.39,21.53,Alto
MUN_074,Ribeirão Preto,RN,2,25.4,28.8,62.23,61.19,0.35,4.86,1033.6,1822752,282.7,68.5,48.35,56.54,25.57,Baixo
MUN_127,Sorocaba,SC,3,18.08,22.37,63.67,42.42,0.295,3.53,857.7,1250317,380.8,61.8,64.73,30.12,17.15,Alto
MUN_141,Campinas,PA,21,20.68,26.31,64.14,15.96,0.384,4.0,6.2,73701,60.0,76.2,31.96,10.26,21.16,Medio
MUN_025,Santos,SC,37,27.2,33.1,63.1,48.64,0.254,7.41,416.6,902011,475.5,52.8,83.94,51.36,28.63,Alto
MUN_049,Macaé,PR,46,25.41,32.54,72.62,76.73,0.288,6.18,974.7,1546665,279.2,64.1,56.9,79.68,27.14,Baixo
MUN_096,Ribeirão Preto,SP,21,30.65,35.7,63.67,43.14,0.285,4.52,352.2,1721457,307.4,67.0,59.76,32.04,34.14,Alto
MUN_115,Crato,RS,37,21.65,24.77,56.34,37.35,0.2,6.09,233.3,128481,364.3,63.5,61.52,42.19,22.35,Alto
MUN_098,Macaé,CE,24,28.8,32.42,73.06,104.3,0.361,6.6,426.2,907963,195.4,79.9,45.9,100.58,28.31,Medio
MUN_090,Crato,PE,33,28.92,33.74,66.94,50.96,0.292,3.72,287.8,475758,127.8,75.8,31.73,51.73,22.88,Medio
MUN_160,Uberlândia,RJ,19,22.69,28.51,52.36,14.6,0.147,0.0,1050.9,1050731,410.3,67.5,55.52,17.7,26.1,Baixo
MUN_016,Belém,TO,25,21.15,26.68,59.69,33.16,0.361,5.35,87.4,1827401,265.6,73.2,46.32,45.52,22.25,Medio
MUN_099,Araguaína,RN,15,25.96,29.77,77.9,128.53,0.429,5.41,654.1,1868380,380.7,66.3,77.03,115.59,23.88,Alto
MUN_064,Curitiba,TO,24,24.53,29.42,54.93,24.13,0.232,3.4,1154.9,317165,424.5,59.2,77.85,33.03,25.26,Baixo
MUN_090,Salvador,GO,50,30.67,35.81,74.65,95.21,0.336,8.24,754.2,2833205,98.9,88.1,7.55,114.47,32.74,Baixo
MUN_018,Araguaína,TO,17,24.64,31.19,53.95,64.73,0.295,1.64,174.7,2239617,450.7,62.1,58.62,62.05,25.22,Medio
MUN_124,Sorocaba,MG,32,21.37,25.22,57.33,48.92,0.268,7.02,71.2,1308534,350.2,63.1,47.76,32.19,20.23,Alto
MUN_161,Uberlândia,BA,7,23.08,25.25,58.49,42.31,0.086,1.64,273.4,2352553,417.7,50.9,61.1,36.28,23.58,Medio
MUN_168,Crato,RN,3,31.05,36.33,53.57,57.86,0.498,4.24,828.8,728526,131.5,82.8,25.5,67.89,32.88,Baixo
MUN_166,Salvador,RS,38,28.42,34.31,66.22,27.07,0.24,2.38,445.1,2647839,300.4,71.4,50.93,21.44,28.27,Medio
MUN_117,Macaé,RJ,17,28.43,35.26,74.07,36.68,0.27,0.74,1066.3,1169191,428.5,61.5,72.7,29.41,22.27,Baixo
MUN_151,Montes Claros,RS,42,27.71,33.12,62.92,37.22,0.352,3.99,1046.9,699465,41.1,86.8,9.81,27.03,25.72,Baixo
MUN_173,Campinas,PE,21,31.35,36.44,72.94,109.13,0.535,6.56,406.0,2484021,372.2,68.0,54.11,110.75,34.47,Medio
MUN_116,Recife,AM,37,20.64,26.74,59.13,53.08,0.17,4.18,707.5,2349373,486.1,57.9,83.88,46.23,22.42,Medio
MUN_019,Salvador,RN,9,26.08,31.89,70.4,55.13,0.394,2.46,454.0,770065,298.1,57.1,68.65,67.55,25.78,Alto
MUN_025,Campinas,PA,39,27.17,33.19,69.25,49.49,0.452,4.9,304.9,1104630,418.5,56.2,75.11,67.6,29.27,Alto
MUN_158,Santos,MG,50,33.19,37.56,64.63,97.09,0.419,7.23,573.4,1450216,480.9,68.3,85.48,89.95,31.54,Alto
MUN_166,Recife,RS,21,21.37,28.67,65.32,23.2,0.202,7.55,247.1,1575200,210.8,82.9,2.92,23.0,21.53,Medio
MUN_163,Ribeirão Preto,RN,38,25.52,29.2,59.77,34.72,0.192,4.22,1120.3,2926969,378.3,54.4,78.0,28.96,25.86,Baixo
MUN_200,Caxias do Sul,MG,22,27.37,33.27,81.2,55.88,0.387,3.47,395.8,1587729,367.8,68.5,60.98,57.43,27.21,Alto
MUN_087,Macaé,GO,42,32.02,38.79,67.23,81.44,0.41,7.84,838.3,833091,445.4,57.4,86.45,90.63,30.76,Alto
MUN_047,Recife,RS,46,27.68,33.57,43.94,38.67,0.286,1.29,171.1,2983691,374.6,66.9,48.5,16.46,26.54,Alto
MUN_033,Itaquaquecetuba,AM,46,28.41,34.43,65.42,62.68,0.21,6.13,235.2,1957451,139.5,79.3,42.51,56.58,27.0,Medio
MUN_010,Palmas,AM,8,24.98,29.35,54.21,30.6,0.234,0.0,1132.2,464357,465.2,57.0,62.24,44.98,24.02,Baixo
MUN_192,Belém,TO,10,22.52,28.76,74.86,53.15,0.295,4.33,403.7,2558560,146.8,81.4,29.0,40.6,19.73,Baixo
MUN_181,Belém,PE,10,31.85,34.64,92.7,70.16,0.514,9.15,766.5,134701,339.2,66.8,43.89,70.96,33.47,Medio
MUN_135,Uberlândia,PE,44,26.33,31.46,69.91,96.3,0.413,3.41,561.1,258519,399.4,69.8,74.0,95.42,22.08,Medio
MUN_035,Araguaína,TO,6,30.08,36.74,71.87,113.53,0.391,8.58,433.2,2601923,442.2,65.8,64.95,131.34,29.26,Alto
MUN_152,Araguaína,RN,26,23.95,29.59,68.67,37.49,0.362,5.95,1166.2,1406411,230.4,71.2,53.38,29.24,26.7,Baixo
MUN_190,Natal,TO,46,23.97,30.96,53.1,22.56,0.051,2.27,833.7,2343871,184.7,68.0,29.26,39.86,26.44,Baixo
MUN_125,Santos,RN,12,27.59,34.85,58.27,43.15,0.219,5.29,635.7,2474755,432.3,69.2,40.09,29.59,28.57,Medio
MUN_065,Recife,SC,6,26.81,31.54,57.61,32.27,0.289,0.0,894.8,1571122,394.6,67.5,63.45,24.98,23.29,Baixo
MUN_018,Natal,SC,24,22.78,29.32,63.32,64.48,0.265,8.69,365.3,593260,223.7,78.8,41.1,85.22,24.2,Alto
MUN_052,Itaquaquecetuba,SP,19,29.15,34.05,50.02,64.53,0.346,4.56,1104.4,1695596,461.1,54.1,52.23,64.5,26.19,Medio
MUN_067,Belém,RS,31,21.03,26.52,50.68,21.93,0.307,3.68,897.8,1507059,157.6,84.3,21.02,5.88,19.78,Baixo
MUN_056,Araguaína,GO,43,27.11,32.86,64.04,68.05,0.368,7.39,228.2,1059759,491.3,48.0,76.3,75.14,27.48,Alto
MUN_112,Caxias do Sul,PA,42,29.6,35.43,53.18,45.11,0.219,6.23,202.9,432311,145.4,79.3,28.76,59.16,30.45,Medio
MUN_034,Araguaína,TO,30,24.21,31.04,56.46,70.73,0.428,5.49,442.8,2239152,319.2,79.3,50.79,80.23,26.03,Medio
MUN_149,Santos,SC,46,30.5,35.0,55.31,39.05,0.196,7.07,978.0,1299278,437.3,53.4,54.04,55.32,32.68,Alto
MUN_043,Itaquaquecetuba,MG,28,29.55,32.63,53.76,65.09,0.228,3.97,427.5,2274618,448.1,47.0,84.99,71.32,30.62,Alto
MUN_103,Santos,SC,3,32.95,37.31,66.38,58.37,0.292,5.64,118.9,392481,408.0,73.0,51.51,60.32,31.55,Alto
MUN_022,Ribeirão Preto,PE,38,24.11,28.68,70.42,36.53,0.23,1.06,968.4,1807840,452.7,56.4,74.15,28.98,22.76,Alto
MUN_170,Manaus,MG,15,21.67,24.78,72.08,104.11,0.433,5.26,680.9,2152772,459.9,53.2,70.53,106.97,21.06,Alto
MUN_145,Ribeirão Preto,RN,47,26.87,32.91,63.58,68.1,0.474,6.87,714.3,783285,139.7,80.6,12.26,68.86,25.25,Baixo
MUN_081,Goiânia,RN,11,25.67,30.82,77.87,83.31,0.39,4.69,1198.9,2346135,54.0,91.9,13.94,90.3,27.39,Baixo
MUN_171,Itaquaquecetuba,PA,33,21.56,25.01,40.94,19.83,0.361,2.25,530.2,876696,359.0,54.6,59.63,17.8,21.84,Medio
MUN_012,Araguaína,RS,23,26.34,31.66,51.19,8.89,0.194,0.0,513.4,617028,473.1,70.7,70.91,7.13,23.29,Alto
MUN_055,Itaquaquecetuba,TO,48,21.38,27.57,72.99,59.67,0.3,6.12,770.1,635921,208.4,79.8,48.89,70.63,22.21,Baixo
MUN_182,Macaé,RS,8,27.79,33.48,39.73,17.43,0.099,4.81,478.3,2621475,351.0,59.2,63.34,14.98,26.43,Medio
MUN_080,Itaquaquecetuba,MG,5,27.49,33.09,64.33,14.84,0.308,1.8,628.6,1819446,203.0,76.2,36.01,12.02,27.45,Baixo
MUN_105,Salvador,AM,23,23.9,27.58,68.19,89.58,0.407,5.74,915.4,1762231,188.6,69.9,21.13,92.65,21.63,Baixo
MUN_159,Itaquaquecetuba,PA,34,23.76,30.67,52.96,50.45,0.294,6.37,1152.2,422654,142.2,88.3,19.75,51.88,27.79,Baixo
MUN_055,Macaé,RS,38,18.91,24.49,70.62,32.23,0.34,3.92,797.0,1445374,122.0,91.0,34.26,27.38,17.41,Baixo
MUN_129,Macaé,PA,24,28.57,33.34,55.38,6.98,0.262,0.0,552.0,490548,277.2,81.0,29.57,21.2,29.8,Baixo
MUN_146,Crato,RN,31,26.27,30.38,56.13,13.45,0.201,4.01,194.5,319316,388.1,57.6,65.48,0.19,23.19,Medio
MUN_049,Uberlândia,PA,47,30.47,33.72,63.8,46.77,0.137,2.74,557.3,1934639,463.4,49.5,81.66,48.72,32.02,Alto
MUN_140,Belém,BA,11,23.68,29.12,67.88,13.15,0.272,0.96,647.7,1025938,427.0,54.4,68.55,18.89,26.13,Medio
MUN_093,Palmas,SC,1,33.11,37.97,50.0,41.36,0.241,0.23,295.7,911397,49.7,83.3,9.89,40.87,33.17,Baixo
MUN_071,Montes Claros,RS,49,26.23,30.77,74.32,44.53,0.162,2.74,358.3,983300,440.8,54.7,70.8,47.92,25.34,Alto
MUN_110,Natal,PA,51,27.19,30.72,52.01,15.24,0.099,0.0,867.5,2254322,116.7,81.7,18.2,6.22,27.29,Baixo
MUN_153,Salvador,PE,37,25.48,28.92,59.29,51.47,0.283,5.05,403.6,1606715,396.8,53.3,70.08,67.9,23.57,Medio
MUN_016,Natal,AM,37,23.47,26.56,53.11,20.84,0.272,5.11,658.5,709291,159.4,82.6,38.25,17.83,22.88,Baixo
MUN_083,Uberlândia,RJ,48,30.88,38.06,62.25,51.69,0.443,6.07,329.8,2557839,373.0,69.3,54.23,37.83,33.14,Medio
MUN_066,Curitiba,GO,23,30.19,34.17,54.25,21.17,0.276,2.15,1015.9,1961485,114.9,100.0,16.44,24.16,29.85,Baixo
MUN_157,Ribeirão Preto,RJ,39,28.76,32.73,71.78,60.13,0.381,3.99,71.5,2745123,350.2,62.1,69.91,65.24,30.39,Alto
MUN_077,Itaquaquecetuba,RS,18,25.46,31.44,44.66,29.46,0.307,3.37,480.0,492423,354.4,66.6,68.11,39.3,29.11,Alto
MUN_141,Recife,SP,51,25.71,31.86,79.6,112.32,0.538,6.89,415.5,1089699,473.3,55.7,67.12,108.12,24.16,Alto
MUN_142,Ribeirão Preto,PA,1,30.38,35.78,57.59,25.76,0.252,4.07,783.1,121152,97.1,68.9,24.1,2.33,33.58,Baixo
MUN_180,Salvador,BA,11,27.28,36.11,64.06,83.86,0.428,7.04,199.3,1599154,285.7,72.5,58.4,90.91,25.64,Alto
MUN_083,Uberlândia,RJ,48,30.88,38.06,62.25,51.69,0.443,6.07,329.8,2557839,373.0,69.3,54.23,37.83,33.14,Medio
MUN_081,Araguaína,PE,41,30.05,34.19,55.12,24.88,0.311,2.28,45.7,919931,422.0,75.2,61.41,37.39,29.67,Alto
MUN_066,Goiânia,TO,26,21.98,26.69,59.28,29.12,0.258,2.08,567.3,1939047,409.4,68.2,55.32,30.16,25.23,Alto
MUN_029,Itaquaquecetuba,TO,36,27.82,32.9,69.83,115.11,0.425,10.52,1044.0,58604,265.7,67.3,72.62,122.21,25.33,Baixo
MUN_035,Palmas,MG,5,24.83,29.22,65.94,33.47,0.24,0.75,78.7,1889801,447.0,66.1,54.09,40.31,26.85,Medio
MUN_194,Salvador,CE,50,18.5,24.29,79.81,71.71,0.404,3.19,190.7,2117712,224.3,72.9,54.58,76.55,17.15,Medio
MUN_005,Palmas,PR,46,24.92,29.86,67.61,117.26,0.553,8.92,337.5,771247,95.7,85.4,33.29,107.37,23.07,Alto
MUN_067,Campinas,TO,17,20.26,22.23,84.04,150.18,0.42,9.78,887.9,1800235,178.4,74.2,43.1,175.1,21.96,Medio
MUN_180,Goiânia,SC,28,22.76,28.22,72.93,47.28,0.276,9.19,111.2,695754,43.9,100.0,25.99,32.89,22.67,Medio
MUN_179,Montes Claros,TO,8,24.36,30.64,68.36,20.15,0.268,6.5,1186.5,385014,68.1,87.0,15.08,20.87,23.98,Baixo
MUN_183,Itaquaquecetuba,PA,31,27.04,32.23,70.98,55.76,0.204,7.9,748.1,1407775,194.3,69.8,37.06,56.44,28.43,Baixo
MUN_199,Itaquaquecetuba,RN,51,26.73,31.24,80.45,105.02,0.579,6.61,705.3,1208147,387.1,73.8,58.74,105.17,25.42,Medio
MUN_200,Crato,SP,9,30.27,35.74,42.21,17.53,0.306,4.42,116.8,631528,89.4,82.3,32.96,13.43,32.72,Baixo
MUN_188,Macaé,PA,22,30.68,34.45,56.88,51.13,0.192,2.67,37.2,1312445,465.6,59.2,68.85,51.11,35.75,Alto
MUN_057,Macaé,CE,9,30.48,33.53,53.44,57.99,0.297,2.7,164.6,2199495,240.1,72.1,52.92,49.22,30.91,Alto
MUN_048,Ribeirão Preto,PE,32,25.59,29.95,70.66,65.35,0.391,5.4,662.8,1957717,94.0,75.4,17.2,63.57,26.55,Baixo
MUN_191,Palmas,PE,48,23.2,28.54,62.17,35.24,0.188,0.0,146.5,2053977,421.9,68.3,50.54,8.02,20.1,Medio
MUN_106,Caxias do Sul,RS,6,26.21,32.44,60.43,37.39,0.272,4.98,912.6,1717118,432.7,66.3,46.5,31.89,24.14,Alto
MUN_162,Araguaína,CE,44,29.62,33.88,63.69,26.13,0.13,2.6,1044.1,960876,41.8,88.2,19.85,40.61,32.93,Baixo
MUN_129,Macaé,AM,44,23.9,29.03,60.79,11.43,0.372,3.18,736.1,850947,366.1,52.3,66.91,-4.04,26.71,Alto
MUN_198,Salvador,PA,50,26.23,31.58,68.18,134.82,0.489,10.02,190.0,883180,391.2,58.0,74.47,123.88,26.24,Alto
MUN_127,Itaquaquecetuba,CE,15,29.45,37.47,75.89,86.84,0.457,6.73,712.8,228897,220.4,59.3,40.11,92.88,29.08,Baixo
MUN_146,Crato,PA,13,19.83,24.61,56.14,21.99,0.161,2.96,171.8,673238,349.5,72.3,47.44,16.3,20.08,Alto
MUN_108,Palmas,PA,15,27.81,31.82,67.73,49.72,0.406,2.82,815.9,362605,412.9,57.2,71.34,56.35,29.05,Medio
MUN_184,Curitiba,AM,49,28.57,32.62,69.96,99.47,0.228,10.14,1007.3,63522,82.5,95.2,15.75,98.36,32.61,Baixo
MUN_079,Goiânia,MG,47,26.45,30.8,77.37,61.61,0.221,7.05,165.4,1992768,66.2,78.9,30.77,63.8,28.53,Medio
MUN_104,Fortaleza,MG,6,26.32,31.83,46.88,27.64,0.325,1.8,25.3,1148158,475.7,60.5,61.97,13.05,27.02,Alto
MUN_095,Palmas,CE,8,31.16,37.52,66.38,80.4,0.358,9.64,691.0,1692701,165.8,85.7,29.18,78.22,31.92,Baixo
MUN_156,Ribeirão Preto,BA,20,25.6,31.37,61.5,41.13,0.061,3.17,611.7,1041242,448.1,61.1,67.19,34.39,25.75,Alto
MUN_196,Manaus,SC,10,31.66,39.01,51.57,43.2,0.287,2.08,554.7,1532351,484.3,55.3,88.99,39.69,29.6,Alto
MUN_023,Araguaína,SP,27,26.03,31.04,60.92,52.04,0.327,4.66,1186.2,2509758,274.1,77.5,53.15,52.92,25.46,Baixo
MUN_191,Curitiba,PR,7,21.1,26.2,65.67,112.14,0.296,4.24,36.8,1214087,466.4,66.5,64.28,114.47,20.6,Alto
MUN_024,Campinas,GO,9,25.2,31.7,77.49,136.33,0.498,9.1,652.6,2619167,415.6,68.5,72.74,148.21,27.99,Alto
MUN_015,Santos,RS,49,30.12,35.72,76.1,39.22,0.235,4.3,295.1,2305360,323.9,58.1,75.31,44.46,26.75,Medio
MUN_133,Goiânia,RJ,28,27.55,32.84,64.62,36.45,0.332,2.98,1067.6,794956,380.3,68.3,38.11,22.76,27.45,Baixo
MUN_074,Curitiba,BA,14,28.28,33.26,53.88,40.69,0.261,5.22,252.0,2839196,223.6,81.5,38.71,46.13,27.43,Medio
MUN_007,Campinas,PE,32,20.55,26.53,78.34,44.99,0.314,1.35,925.2,2743074,425.4,69.4,67.88,42.79,20.34,Alto
MUN_148,Crato,MG,4,25.2,28.5,46.23,30.92,0.462,3.24,1170.2,2882343,470.8,57.0,50.09,23.54,24.56,Baixo
MUN_029,Itaquaquecetuba,SP,50,25.35,29.88,64.31,103.25,0.36,8.51,223.3,2497508,325.8,81.7,60.1,100.1,25.79,Alto
MUN_012,Palmas,RN,3,28.91,34.41,66.37,84.19,0.37,6.24,70.8,996703,476.0,58.6,57.99,85.97,28.19,Alto
MUN_070,Recife,MG,19,21.47,26.1,81.42,95.89,0.313,6.82,352.7,2177290,296.7,65.4,49.39,84.23,24.24,Alto
MUN_138,Macaé,TO,2,29.6,34.48,58.23,63.21,0.387,5.15,341.9,2889652,287.7,62.0,43.31,65.89,30.1,Medio
MUN_028,Campinas,RN,30,25.58,31.22,50.36,48.48,0.293,5.19,117.8,620299,134.6,71.7,28.44,61.75,25.51,Medio
MUN_036,Itaquaquecetuba,RN,26,22.83,29.2,57.48,31.02,0.084,0.0,222.2,2015253,36.0,100.0,10.93,35.89,20.43,Baixo
MUN_190,Campinas,PR,2,25.01,30.65,69.47,61.15,0.277,6.06,966.5,829740,445.7,65.4,57.68,63.83,28.66,Alto
MUN_147,Sorocaba,SC,44,20.85,25.56,68.7,44.66,0.52,5.82,477.2,2609832,462.3,63.9,60.37,25.94,20.66,Medio
MUN_130,Sorocaba,SP,29,22.3,28.61,50.66,43.84,0.25,3.72,571.5,1501962,172.4,88.6,27.93,37.83,23.53,Baixo
MUN_038,Palmas,RJ,10,25.49,31.4,57.64,9.84,0.379,2.92,8.5,1396045,185.4,74.5,27.43,5.33,25.8,Alto
MUN_155,Uberlândia,RS,21,24.55,30.21,65.94,50.18,0.244,6.06,983.2,1545211,149.6,81.7,43.8,51.16,26.85,Baixo
MUN_156,Montes Claros,MG,10,24.67,30.35,80.07,141.58,0.629,11.77,0.3,2711157,493.2,68.6,73.32,153.77,24.72,Medio
MUN_042,Sorocaba,MG,33,29.35,35.15,77.09,96.79,0.434,5.28,433.6,2462089,471.2,47.6,90.73,96.07,31.9,Alto
MUN_090,Santos,CE,31,30.55,37.57,66.99,48.11,0.273,3.63,203.1,2727126,110.0,76.9,47.06,41.45,29.97,Medio
MUN_060,Curitiba,SP,39,28.74,33.45,100.0,230.79,0.679,15.11,1199.3,1749281,245.2,64.9,67.48,230.82,30.99,Medio
MUN_147,Macaé,PA,22,23.43,28.97,58.56,72.73,0.526,5.95,288.6,1759006,147.5,87.1,47.17,80.07,24.31,Medio
MUN_156,Santos,TO,51,24.98,29.32,58.52,31.92,0.277,0.66,380.5,2590488,247.2,76.7,42.1,42.71,22.2,Medio
MUN_133,Salvador,PA,18,28.43,32.92,72.91,84.9,0.193,2.48,925.2,361881,85.1,79.6,29.45,79.21,23.78,Baixo
MUN_026,Santos,BA,45,23.64,26.47,71.33,49.12,0.279,2.65,225.7,2948972,164.0,82.2,40.05,59.74,24.5,Alto
MUN_078,Caxias do Sul,CE,42,31.49,35.08,77.07,66.3,0.36,2.71,286.1,670816,277.0,65.8,54.09,72.19,31.6,Medio
MUN_014,Curitiba,CE,14,30.41,36.93,72.99,81.4,0.398,1.74,23.3,550682,160.4,69.3,29.1,76.12,32.56,Medio
MUN_013,Sorocaba,SC,19,29.09,35.3,63.27,23.35,0.316,0.0,71.8,813951,367.5,54.5,63.05,25.08,31.81,Alto
MUN_045,Goiânia,PE,12,28.54,33.68,67.98,37.94,0.155,3.84,91.1,1898645,451.9,65.7,67.27,37.42,27.44,Medio
MUN_196,Itaquaquecetuba,SP,42,26.01,32.91,52.59,38.65,0.195,2.13,334.1,99835,359.0,67.7,41.48,30.2,20.95,Medio
MUN_100,Montes Claros,CE,12,22.43,25.86,73.59,87.3,0.342,6.48,789.8,1537078,64.6,79.4,26.48,97.43,24.23,Baixo
MUN_126,Curitiba,MG,51,27.53,31.34,54.07,9.94,0.276,4.42,258.1,172697,231.1,83.9,17.21,12.74,27.95,Baixo
MUN_027,Palmas,AM,46,27.69,31.55,55.6,44.33,0.153,2.22,208.5,2711964,44.2,78.8,22.22,39.77,26.16,Medio
MUN_026,Recife,AM,47,28.08,35.2,59.46,46.85,0.273,4.04,673.9,1439692,363.9,64.8,62.22,38.32,28.84,Medio
MUN_146,Crato,PA,13,19.83,24.61,56.14,21.99,0.161,2.96,171.8,673238,349.5,72.3,47.44,16.3,20.08,Alto
MUN_143,Crato,PA,33,25.22,28.05,67.02,35.18,0.311,0.24,1120.0,2470330,269.2,68.9,57.45,28.11,22.97,Baixo
MUN_189,Salvador,AM,10,23.2,28.3,55.99,34.73,0.358,1.39,49.7,2884664,434.6,53.7,77.95,33.84,22.26,Alto
MUN_190,Macaé,PR,19,21.9,27.13,64.85,63.63,0.243,5.76,1160.3,1032952,249.4,76.6,68.76,61.0,24.46,Baixo
MUN_014,Fortaleza,RS,25,31.62,36.82,56.92,66.94,0.385,3.39,985.8,255703,425.1,60.9,55.56,63.64,26.67,Alto
MUN_101,Fortaleza,CE,12,33.18,38.15,72.24,85.9,0.427,3.7,948.8,1850130,350.8,57.9,54.91,98.55,31.42,Medio
MUN_189,Recife,TO,48,21.25,25.22,64.18,49.05,0.345,2.7,425.3,1231335,92.4,73.4,29.34,46.02,18.14,Baixo
MUN_069,Crato,GO,22,30.26,36.54,57.39,86.81,0.392,8.75,66.4,774369,402.2,39.2,71.19,92.41,33.17,Alto
MUN_049,Caxias do Sul,RS,35,31.0,35.82,67.21,52.43,0.449,1.35,522.8,1351594,80.7,84.3,36.01,33.05,29.12,Baixo
MUN_067,Araguaína,RN,42,30.33,32.95,60.07,46.56,0.155,5.86,36.7,100526,432.2,60.1,67.24,35.98,31.85,Medio
MUN_072,Caxias do Sul,TO,40,27.0,31.87,80.93,95.52,0.144,4.08,1052.2,1592656,300.8,67.4,60.56,100.25,27.19,Baixo
MUN_148,Uberlândia,CE,25,23.93,29.55,76.29,85.32,0.493,6.82,658.1,1072936,403.4,66.2,68.87,109.57,21.91,Alto
MUN_067,Crato,TO,38,30.68,34.72,73.81,86.13,0.358,0.49,477.3,874345,142.7,73.4,44.62,86.57,32.3,Alto
MUN_016,Sorocaba,RN,19,21.82,25.77,70.77,149.03,0.507,12.59,643.5,69942,338.4,72.8,72.01,150.49,21.67,Alto
MUN_160,Curitiba,AM,7,20.08,27.6,70.93,43.01,0.346,1.69,278.8,1771133,370.7,68.7,62.98,44.31,19.94,Medio
MUN_038,Itaquaquecetuba,CE,11,28.36,32.77,42.8,37.24,0.046,3.21,925.5,918908,80.9,89.1,24.61,8.93,29.23,Baixo
MUN_029,Natal,MG,48,27.46,32.59,72.48,94.47,0.56,7.96,574.9,2915062,130.1,73.7,41.82,97.93,28.06,Baixo
MUN_113,Fortaleza,RJ,14,32.78,36.09,59.2,25.37,0.158,2.81,96.5,1412801,424.3,65.9,57.84,7.57,35.84,Alto
MUN_123,Fortaleza,SC,18,23.67,26.23,66.37,44.93,0.324,3.15,160.7,1915711,238.8,52.3,44.69,34.89,25.21,Medio
MUN_161,Sorocaba,TO,18,31.16,38.6,65.44,30.01,0.34,3.92,149.5,320821,494.6,43.7,91.79,55.63,30.65,Alto
MUN_176,Natal,PA,25,27.15,32.61,54.85,36.01,0.265,3.03,21.8,1005746,435.8,56.9,66.74,35.81,27.52,Alto
MUN_074,Montes Claros,TO,42,23.79,25.84,64.34,46.47,0.368,6.25,927.7,1813447,419.8,46.8,62.04,46.47,25.64,Alto
MUN_106,Sorocaba,TO,18,29.8,37.54,62.32,61.67,0.244,4.64,432.6,2937906,185.1,82.3,42.14,40.17,27.43,Medio
MUN_024,Fortaleza,PR,43,25.05,30.06,57.75,52.18,0.372,4.01,1158.7,170410,175.2,69.4,36.6,57.62,25.8,Baixo
MUN_161,Montes Claros,BA,36,28.47,34.49,45.08,11.41,0.324,2.6,706.7,1146436,477.9,57.3,55.52,8.23,29.99,Medio
MUN_171,Belém,RN,1,20.82,26.05,70.28,79.88,0.319,6.35,91.4,1817782,377.8,52.3,86.09,74.12,24.55,Alto
MUN_022,Montes Claros,CE,16,23.44,29.22,66.78,78.57,0.324,4.9,973.6,1481672,53.7,80.6,15.0,78.15,21.56,Baixo
MUN_160,Caxias do Sul,BA,13,28.71,31.9,76.06,69.89,0.358,3.51,653.8,632096,432.9,51.9,70.63,37.64,32.88,Alto
MUN_044,Macaé,SP,30,22.99,27.73,70.26,39.66,0.233,3.96,1166.1,1815505,466.5,54.5,87.46,33.49,23.35,Baixo
MUN_146,Sorocaba,TO,24,29.15,32.91,49.88,19.34,0.335,1.6,1037.0,1171851,279.7,69.8,41.57,-0.51,30.45,Baixo
MUN_170,Recife,PR,10,25.35,32.27,73.95,80.39,0.414,4.78,9.9,555433,438.2,72.3,50.76,68.26,24.74,Alto
MUN_113,Recife,PA,35,32.14,36.56,79.02,101.54,0.316,11.26,664.0,2440441,438.4,54.2,85.16,96.47,32.53,Alto
MUN_072,Araguaína,GO,40,18.6,21.54,76.26,104.62,0.287,5.77,388.0,523233,281.9,67.7,45.01,98.27,19.47,Medio
MUN_148,Goiânia,PE,38,27.85,32.21,62.39,94.4,0.334,9.08,607.5,1456476,296.7,65.1,53.65,82.7,26.38,Alto
MUN_138,Campinas,PE,4,28.55,35.54,78.33,107.96,0.55,5.49,658.0,2342658,379.6,69.4,75.87,106.31,28.99,Alto
MUN_014,Palmas,RS,38,24.45,27.7,70.37,60.84,0.371,6.61,264.3,1256769,360.3,64.9,57.04,54.44,23.06,Alto
MUN_050,Goiânia,CE,9,30.31,35.58,79.75,59.22,0.242,5.63,799.9,2852839,407.4,73.2,63.56,54.8,33.11,Medio
MUN_079,Palmas,PA,21,27.38,32.74,73.27,66.91,0.388,6.65,1136.0,2186123,265.7,88.1,34.98,71.86,24.84,Baixo
MUN_112,Araguaína,SP,45,24.84,28.85,65.57,39.62,0.268,0.0,359.2,1318406,109.4,90.9,20.78,43.32,24.62,Baixo
MUN_080,Manaus,RN,36,26.65,31.75,62.24,22.13,0.224,5.68,110.2,503109,233.3,72.1,36.12,56.2,23.58,Medio
MUN_005,Natal,CE,29,25.38,28.74,70.51,35.34,0.368,3.21,537.6,2371884,100.2,92.1,12.21,37.66,25.09,Baixo
MUN_131,Montes Claros,BA,39,27.47,32.89,56.85,58.77,0.494,5.73,92.2,780255,424.6,53.5,84.77,57.67,27.39,Alto
MUN_147,Ribeirão Preto,GO,50,22.78,27.04,58.43,65.59,0.418,2.72,699.6,65071,394.2,61.3,50.15,65.82,21.22,Alto
MUN_017,Santos,RS,33,22.86,28.43,59.45,28.82,0.246,1.35,728.4,2493129,412.9,51.5,68.41,12.38,21.85,Alto
MUN_062,Fortaleza,PA,46,18.07,23.54,66.12,39.71,0.404,2.08,264.6,2603963,443.8,76.6,53.87,20.48,16.29,Medio
MUN_160,Araguaína,PA,21,28.27,33.58,79.46,99.15,0.503,7.53,597.5,62530,109.1,77.1,33.61,105.32,30.8,Baixo
MUN_142,Caxias do Sul,CE,30,27.72,32.91,51.16,35.14,0.301,3.91,138.8,946414,299.7,68.5,37.39,24.43,27.25,Medio
MUN_131,Goiânia,MG,35,24.01,29.85,78.33,151.51,0.445,12.11,123.9,308825,182.1,87.8,35.67,172.88,24.92,Alto
MUN_077,Itaquaquecetuba,RS,18,25.46,31.44,44.66,29.46,0.307,3.37,480.0,492423,354.4,66.6,68.11,39.3,29.11,Alto
MUN_126,Fortaleza,PE,19,23.66,28.76,70.17,46.03,0.302,3.38,298.4,2259592,351.5,62.4,44.83,55.47,26.02,Medio
MUN_173,Caxias do Sul,GO,49,23.52,26.98,49.53,54.15,0.249,7.93,739.5,2111250,427.8,54.7,74.08,60.11,25.15,Alto
MUN_004,Curitiba,PR,30,23.4,30.88,79.84,63.5,0.301,6.56,1180.2,2559072,22.3,81.8,37.41,62.99,21.43,Baixo
MUN_093,Santos,AM,51,26.91,30.99,72.69,37.61,0.394,4.77,18.8,592074,389.5,61.8,65.07,52.17,26.7,Medio
MUN_094,Montes Claros,PE,12,28.49,36.05,68.95,97.87,0.414,8.39,963.4,815563,475.9,63.7,80.78,98.26,26.71,Alto
MUN_089,Ribeirão Preto,SC,29,24.78,27.44,45.14,18.17,0.169,3.51,990.4,1651245,259.5,71.3,36.27,6.2,23.72,Baixo
MUN_162,Sorocaba,GO,15,24.34,28.22,63.72,53.79,0.228,4.18,748.3,619709,189.5,78.8,29.61,59.08,22.87,Baixo
MUN_091,Santos,PA,30,29.2,34.56,69.69,42.78,0.196,0.0,854.4,1852961,186.2,78.4,28.35,62.88,33.74,Baixo
MUN_150,Itaquaquecetuba,AM,7,25.82,28.13,59.06,57.25,0.374,4.18,583.7,1434122,404.2,68.0,35.68,58.6,26.22,Medio
MUN_035,Uberlândia,RN,28,29.97,37.26,55.22,30.91,0.332,1.78,1192.6,843593,111.3,72.9,42.32,40.19,31.22,Baixo
MUN_083,Crato,MG,43,23.48,30.34,66.21,70.03,0.291,7.4,478.2,1935321,191.2,97.8,37.57,68.42,22.57,Medio
MUN_156,Goiânia,AM,34,23.63,29.49,42.17,24.8,0.22,4.6,182.1,599220,334.5,64.4,44.6,21.91,23.94,Medio
MUN_136,Sorocaba,SC,46,23.0,27.49,39.45,18.14,0.218,3.09,516.1,2110394,487.1,58.1,70.97,22.18,22.33,Alto
MUN_093,Palmas,TO,51,25.09,29.14,84.11,57.26,0.252,4.58,600.6,2109984,407.4,59.3,63.92,55.19,25.16,Medio
MUN_065,Macaé,GO,32,30.66,33.86,60.08,7.88,0.09,5.56,112.3,1487418,150.9,93.3,18.37,-3.01,32.7,Medio
MUN_155,Salvador,PR,46,30.54,34.78,57.24,35.69,0.574,6.06,1021.9,2298351,454.6,47.7,79.81,42.27,32.69,Medio
MUN_162,Manaus,SP,37,23.58,26.62,86.49,70.87,0.298,3.77,108.0,2299527,266.7,77.9,39.62,74.8,27.31,Medio
MUN_113,Santos,RJ,5,26.68,29.79,66.98,28.2,0.373,2.99,130.0,342255,309.8,67.3,37.93,30.91,25.39,Alto
MUN_157,Montes Claros,PR,20,24.43,29.11,42.78,4.64,0.166,0.6,685.4,2872994,490.9,56.5,75.58,-4.49,23.95,Alto
MUN_161,Macaé,SP,18,29.91,35.46,75.67,74.99,0.324,5.9,182.3,625506,265.1,80.2,63.45,62.67,30.96,Medio
MUN_056,Recife,PE,48,23.87,29.91,50.85,66.04,0.226,5.65,825.9,2639022,400.4,65.8,65.91,59.19,22.34,Alto
MUN_084,Uberlândia,TO,45,23.24,29.06,43.61,24.36,0.197,1.49,766.1,2908304,379.4,50.7,66.53,12.86,25.45,Alto
MUN_033,Curitiba,BA,37,32.88,38.54,62.88,25.49,0.349,2.64,1199.6,1666887,299.8,81.5,51.81,23.34,34.62,Baixo
MUN_035,Sorocaba,SP,38,31.11,37.46,57.81,42.63,0.375,5.56,896.6,1890171,133.8,86.3,10.56,30.67,27.28,Baixo
MUN_079,Crato,RN,51,33.4,37.65,61.99,32.49,0.216,4.76,991.9,2554061,365.3,57.9,66.86,12.62,32.57,Baixo
MUN_161,Montes Claros,RN,3,24.16,30.37,48.92,42.85,0.166,7.24,939.8,1130104,300.0,69.5,52.67,42.97,24.94,Baixo
MUN_069,Natal,MG,39,28.39,32.03,53.52,37.67,0.219,2.54,987.9,527338,153.9,83.6,20.75,41.38,29.07,Baixo
MUN_085,Palmas,CE,31,26.95,32.41,54.16,14.11,0.317,1.29,175.2,2080591,216.7,67.3,31.63,25.68,28.9,Alto
MUN_187,Campinas,PE,21,26.78,31.71,67.49,42.85,0.283,7.4,30.6,1007969,92.7,67.6,37.21,44.74,26.77,Medio
MUN_084,Palmas,MG,35,24.77,28.47,59.62,42.92,0.17,5.73,460.5,52307,297.9,59.0,52.89,15.62,24.24,Alto
MUN_167,Palmas,PR,50,24.92,29.19,81.65,88.32,0.417,5.94,1121.3,2722597,335.5,69.9,53.14,80.52,23.69,Baixo
MUN_175,Itaquaquecetuba,RJ,18,24.08,28.58,59.1,30.34,0.416,5.73,77.4,2877607,223.4,71.8,45.72,51.08,21.9,Alto
MUN_016,Santos,PA,4,26.42,32.25,59.34,82.01,0.338,6.05,1062.4,1635085,121.9,70.8,49.29,90.08,26.51,Baixo
MUN_069,Belém,RN,47,27.31,31.18,49.75,77.01,0.4,6.29,292.8,1045685,410.2,51.1,72.14,75.38,26.39,Medio
MUN_006,Araguaína,GO,12,20.42,23.24,70.72,35.93,0.184,4.19,351.2,2920461,410.5,57.1,60.53,38.67,21.8,Medio
MUN_167,Goiânia,BA,3,21.22,28.33,75.84,88.42,0.287,2.88,608.7,423826,288.8,81.4,45.88,82.86,24.04,Alto
MUN_177,Crato,PA,31,28.33,33.46,58.26,42.78,0.222,5.55,539.6,2385216,184.1,86.6,29.06,28.22,30.28,Baixo
MUN_165,Caxias do Sul,PE,4,28.55,33.34,69.84,48.69,0.251,5.05,1086.6,2108805,136.8,80.8,17.45,54.92,29.91,Baixo
MUN_003,Fortaleza,MG,5,28.13,32.81,69.94,69.01,0.318,6.37,1179.9,2685162,471.7,54.2,79.84,87.21,30.9,Medio
MUN_082,Manaus,MG,52,26.75,31.96,64.32,43.45,0.212,7.15,524.2,2273390,438.1,52.5,84.96,38.79,28.17,Medio
MUN_074,Itaquaquecetuba,RS,42,22.35,24.48,58.91,74.52,0.243,6.68,1038.1,1898646,464.2,41.4,97.93,64.64,21.57,Alto
MUN_078,Sorocaba,BA,17,25.38,30.99,50.77,17.93,0.196,4.53,994.3,2669994,299.5,60.8,51.43,21.83,26.63,Baixo
MUN_066,Goiânia,AM,19,32.25,36.11,61.81,45.9,0.24,0.0,310.6,2376716,299.8,63.0,71.85,43.95,31.93,Medio
MUN_189,Santos,TO,46,29.53,33.62,58.53,24.27,0.377,5.28,67.5,1233255,483.9,59.6,67.55,40.42,26.59,Medio
MUN_055,Itaquaquecetuba,TO,48,21.38,27.57,72.99,59.67,0.3,6.12,770.1,635921,208.4,79.8,48.89,70.63,22.21,Baixo
MUN_097,Itaquaquecetuba,BA,11,27.62,30.7,61.45,54.71,0.382,3.57,156.6,1966133,247.3,73.1,32.03,62.87,25.61,Medio
MUN_133,Palmas,PA,25,22.89,29.46,64.53,38.12,0.407,3.09,987.4,822142,442.5,57.5,70.61,39.13,23.03,Alto
MUN_188,Campinas,RN,6,23.91,28.07,46.26,15.68,0.162,0.0,415.4,2045594,428.8,50.4,79.29,14.1,24.0,Alto
MUN_099,Macaé,GO,35,26.71,31.64,68.48,77.65,0.375,3.13,225.5,1122878,259.4,84.0,21.74,76.92,23.23,Medio
MUN_003,Recife,CE,32,21.94,28.3,69.45,36.23,0.173,8.07,131.9,492312,323.3,73.1,39.19,35.87,22.27,Medio
MUN_052,Santos,MG,47,21.82,28.38,68.34,6.93,0.207,1.41,183.4,2045414,34.1,100.0,5.86,-0.67,22.85,Baixo
MUN_048,Salvador,RN,16,21.95,23.67,70.05,43.13,0.202,5.79,517.4,1223878,290.4,89.5,58.26,34.65,21.84,Alto
MUN_196,Fortaleza,SP,17,21.65,26.84,55.43,19.42,0.226,2.36,114.4,2108721,131.9,78.7,29.49,25.84,16.09,Medio
MUN_046,Salvador,PR,17,21.73,26.53,66.89,17.81,0.232,2.26,994.6,2782909,380.4,50.2,79.42,12.08,21.93,Baixo
MUN_069,Ribeirão Preto,PR,22,29.52,35.58,70.41,76.1,0.412,3.98,1130.2,217920,290.1,61.7,47.88,77.72,29.69,Baixo
MUN_191,Fortaleza,RN,24,27.14,30.07,63.06,115.64,0.647,12.96,704.3,2790420,483.0,58.4,70.89,110.28,28.37,Alto
MUN_133,Uberlândia,AM,13,28.43,31.8,47.16,36.09,0.13,5.83,710.2,2065462,388.1,53.3,81.78,50.29,25.4,Alto
MUN_111,Macaé,PE,33,29.46,34.27,47.63,47.91,0.271,4.27,720.8,1569400,217.0,71.5,41.63,54.93,31.92,Baixo
MUN_072,Belém,SP,28,27.6,32.99,56.96,87.47,0.278,8.77,1112.8,597244,382.8,64.2,61.68,87.87,32.9,Baixo
MUN_046,Belém,RJ,20,29.48,33.56,66.43,35.25,0.302,3.22,570.6,815431,290.0,58.8,60.59,45.26,32.72,Alto
MUN_028,Santos,TO,19,23.48,27.61,65.3,21.66,0.252,4.85,39.4,2046218,361.1,56.5,47.8,-7.23,27.18,Alto
MUN_068,Crato,CE,14,23.97,29.41,72.73,138.14,0.443,6.07,881.1,2797521,327.6,73.0,79.62,126.42,24.28,Alto
MUN_162,Campinas,RS,12,21.96,28.01,65.9,39.91,0.143,6.3,400.7,100243,341.2,62.6,66.68,35.57,21.64,Alto
MUN_124,Sorocaba,MG,32,21.37,25.22,57.33,48.92,0.268,7.02,71.2,1308534,350.2,63.1,47.76,32.19,20.23,Alto
MUN_066,Goiânia,TO,26,21.98,26.69,59.28,29.12,0.258,2.08,567.3,1939047,409.4,68.2,55.32,30.16,25.23,Alto
MUN_064,Fortaleza,TO,4,28.4,32.79,72.23,3.92,0.147,4.37,536.5,2309844,367.5,80.5,38.59,6.92,31.57,Medio
MUN_071,Palmas,TO,44,22.3,27.76,73.93,47.72,0.245,4.41,751.0,520479,162.7,79.7,46.97,50.37,20.67,Baixo
MUN_162,Palmas,CE,47,29.45,34.17,61.54,40.1,0.244,3.9,530.9,1714510,60.1,91.9,3.85,43.4,30.55,Baixo
MUN_142,Santos,RS,10,23.01,29.63,61.69,25.24,0.513,4.47,627.8,2141709,435.9,70.3,48.43,30.92,20.95,Medio
MUN_013,Crato,MG,26,32.89,35.43,63.56,74.83,0.439,9.15,183.6,1314122,348.8,76.4,69.22,90.98,30.35,Alto
MUN_110,Natal,RN,42,26.14,31.0,52.81,18.17,0.369,0.0,948.4,2014587,93.3,86.8,6.41,17.21,25.16,Baixo
MUN_067,Belém,RS,31,21.03,26.52,50.68,21.93,0.307,3.68,897.8,1507059,157.6,84.3,21.02,5.88,19.78,Baixo
MUN_097,Curitiba,GO,29,26.3,31.26,66.63,58.89,0.408,5.98,806.6,2087165,257.5,73.9,44.34,48.76,25.79,Baixo
MUN_090,Sorocaba,AM,31,29.89,34.84,65.32,93.44,0.21,5.42,1113.4,140480,118.4,93.4,32.24,93.11,34.03,Baixo
MUN_108,Macaé,GO,40,26.51,31.88,70.53,111.95,0.512,7.04,326.5,798401,481.2,57.1,89.49,110.36,27.86,Alto
MUN_016,Santos,PR,44,23.92,28.98,61.11,69.17,0.293,8.15,606.6,464449,423.9,53.9,63.32,70.44,24.82,Alto
MUN_126,Goiânia,PA,3,25.04,26.61,61.24,54.21,0.337,2.46,783.9,488577,151.5,84.3,29.4,44.48,23.96,Baixo
MUN_031,Crato,BA,8,22.85,28.8,75.85,103.16,0.419,7.95,883.2,2430552,436.0,61.1,82.23,104.71,24.07,Alto
MUN_137,Sorocaba,PE,14,26.31,30.72,55.5,28.04,0.288,4.13,900.6,203530,190.5,80.8,30.39,40.68,24.5,Baixo
MUN_193,Macaé,PR,26,21.7,26.71,71.23,38.14,0.15,1.27,1092.7,1874182,445.9,53.0,62.17,21.89,20.51,Baixo
MUN_013,Manaus,RS,24,26.55,31.88,52.92,48.38,0.348,0.14,42.7,2546854,124.1,75.8,43.5,37.09,28.64,Medio
MUN_169,Uberlândia,MG,27,24.18,29.13,85.21,150.4,0.612,15.51,1078.1,828729,109.5,88.9,57.52,166.91,25.12,Baixo
MUN_038,Belém,RS,40,24.49,30.11,81.09,85.12,0.335,7.67,150.6,1967081,470.4,63.1,83.78,94.19,27.02,Alto
MUN_002,Natal,SP,26,27.22,33.96,69.57,80.77,0.535,3.01,941.6,1164175,347.9,59.5,75.26,71.76,26.28,Alto
MUN_182,Santos,PR,10,20.57,26.17,61.37,78.34,0.349,6.7,881.3,2430342,55.4,83.6,7.44,68.94,21.51,Baixo
MUN_006,Araguaína,RJ,14,25.97,29.52,68.38,59.89,0.309,9.64,231.3,2010987,406.6,61.7,67.15,54.17,28.73,Alto
MUN_072,Goiânia,GO,24,22.82,26.18,54.34,64.51,0.376,2.14,198.2,2765007,315.1,63.7,66.23,62.34,24.06,Alto
MUN_134,Salvador,MG,7,25.04,33.13,68.51,98.9,0.325,5.32,409.1,1518095,281.5,72.5,42.54,116.74,25.9,Medio
MUN_120,Recife,PR,20,25.93,31.1,61.63,50.43,0.404,3.05,278.0,2883713,259.3,67.7,58.74,56.21,24.81,Medio
MUN_171,Caxias do Sul,PR,25,25.74,30.37,54.41,26.78,0.351,4.02,483.7,1287211,264.5,82.9,38.72,26.63,28.75,Baixo
MUN_167,Recife,RN,6,30.02,34.81,54.27,34.42,0.225,5.55,569.9,2452790,322.4,67.6,44.87,33.58,31.87,Alto
MUN_189,Araguaína,BA,43,26.61,30.42,73.08,97.47,0.435,6.33,231.0,1562232,416.2,71.8,54.25,110.64,27.9,Alto
MUN_011,Itaquaquecetuba,CE,51,23.67,28.64,54.59,51.1,0.368,6.98,936.1,617744,476.7,68.9,71.26,42.93,24.68,Alto
MUN_182,Salvador,PR,19,26.26,31.86,67.7,21.71,0.32,6.24,239.6,1256030,403.5,62.3,56.24,26.25,25.05,Medio
MUN_171,Palmas,PA,1,26.65,32.65,72.19,41.5,0.278,5.3,1097.9,2273315,328.6,62.5,68.47,53.02,27.25,Baixo
MUN_021,Caxias do Sul,MG,52,28.45,34.84,68.75,31.85,0.205,5.17,440.0,2429134,377.4,57.8,75.28,19.72,28.3,Alto
MUN_059,Curitiba,GO,24,27.15,30.84,60.31,40.68,0.333,6.24,807.8,76299,329.6,66.5,57.33,48.64,26.38,Alto
MUN_017,Curitiba,PR,24,23.8,27.81,60.45,33.36,0.273,2.32,1098.6,2457555,253.7,81.2,39.51,37.54,25.25,Baixo
MUN_089,Campinas,PE,43,28.27,33.76,61.34,26.32,0.337,2.25,65.4,1361839,245.7,88.7,16.51,25.41,29.37,Medio
MUN_112,Araguaína,RJ,36,28.56,30.76,57.15,26.27,0.242,1.03,974.8,871175,495.5,60.9,80.05,10.54,28.73,Baixo
MUN_101,Santos,MG,29,20.1,26.16,64.87,57.01,0.195,5.45,1141.1,2118925,478.0,43.4,94.3,43.58,22.24,Alto
MUN_183,Belém,RN,31,26.89,31.94,73.9,58.66,0.479,6.91,140.7,1954473,418.3,61.5,42.55,57.36,27.23,Medio
MUN_043,Fortaleza,TO,20,19.72,24.33,52.93,28.58,0.295,3.32,670.3,1968430,282.0,62.2,51.2,30.99,19.8,Baixo
MUN_126,Curitiba,SP,23,24.54,28.76,64.56,67.64,0.272,5.38,787.8,1638901,405.0,66.3,56.85,56.21,25.96,Medio
MUN_200,Campinas,MG,51,29.84,35.89,64.05,40.0,0.148,6.08,405.8,2356472,69.4,86.8,24.15,47.63,29.14,Baixo
MUN_058,Montes Claros,SP,9,32.59,38.14,71.79,34.59,0.349,2.46,253.5,184066,118.3,87.9,12.65,19.51,28.69,Baixo
MUN_144,Manaus,CE,7,23.59,29.72,59.83,9.19,0.195,7.57,320.1,1522694,484.6,55.9,66.08,21.03,20.75,Medio
MUN_074,Natal,PR,48,22.85,28.38,62.59,35.6,0.356,4.12,302.2,2048502,491.5,63.5,85.86,28.94,22.9,Alto
MUN_165,Curitiba,TO,49,29.65,34.01,49.56,32.6,0.239,2.64,820.8,2781647,416.3,59.4,52.75,49.8,29.71,Medio
MUN_161,Caxias do Sul,CE,33,26.37,31.12,61.78,30.83,0.515,2.48,180.1,2722042,245.5,69.8,54.64,32.99,30.36,Alto
MUN_015,Belém,BA,32,27.87,31.3,87.72,92.73,0.354,8.23,292.9,2517205,389.9,66.3,61.82,98.79,26.89,Medio
MUN_117,Recife,PA,43,23.24,28.08,68.82,65.0,0.407,3.41,578.0,658207,351.7,69.9,51.83,55.28,22.58,Medio
MUN_199,Palmas,CE,51,25.97,32.22,75.87,119.92,0.291,5.9,909.5,509495,488.0,34.5,88.06,138.14,27.91,Alto
MUN_194,Araguaína,CE,3,27.58,35.07,79.08,140.29,0.408,12.09,46.5,2324114,96.5,79.9,37.0,150.61,28.0,Medio
MUN_130,Araguaína,RJ,19,32.38,38.16,73.02,60.57,0.3,1.12,445.1,2374795,467.5,45.5,86.26,55.15,33.17,Alto
MUN_105,Recife,PA,20,22.57,27.11,73.06,44.8,0.173,4.26,593.8,2328191,370.6,63.2,67.32,48.69,20.65,Medio
MUN_015,Goiânia,BA,11,26.22,32.52,73.58,29.76,0.23,2.6,503.8,2785386,302.4,67.4,68.09,15.39,25.79,Alto
MUN_097,Itaquaquecetuba,PA,36,21.92,27.71,79.74,116.62,0.414,7.41,646.0,182136,286.7,66.1,38.57,127.44,22.68,Medio
MUN_160,Montes Claros,RS,18,23.85,27.68,71.06,21.89,0.195,0.0,1119.9,2431501,22.1,78.1,15.53,30.97,25.72,Baixo
MUN_077,Araguaína,SC,28,33.18,36.36,71.34,47.02,0.131,3.55,863.9,998893,482.5,69.2,82.08,52.38,32.48,Alto
MUN_129,Belém,MG,18,18.58,24.13,73.91,82.83,0.353,7.74,717.1,348013,81.8,80.8,16.42,94.42,16.93,Baixo
MUN_160,Sorocaba,SP,3,27.88,33.03,46.77,19.15,0.271,4.59,961.8,1180999,263.4,61.3,54.97,37.69,26.87,Baixo
MUN_070,Natal,TO,17,28.32,33.66,69.72,41.56,0.28,2.2,915.5,2096482,497.5,63.1,64.82,31.66,26.43,Medio
MUN_175,Araguaína,RN,18,26.79,32.19,72.2,79.74,0.408,2.51,271.0,2407854,55.3,79.7,30.97,71.69,28.73,Baixo
MUN_072,Ribeirão Preto,GO,10,27.17,32.73,57.81,64.8,0.241,6.66,983.8,1007454,40.8,92.1,14.16,46.27,24.17,Baixo
MUN_116,Uberlândia,PR,22,29.34,34.83,45.8,39.79,0.333,4.45,239.3,2347765,298.6,72.6,37.51,51.23,29.35,Medio
MUN_174,Recife,RJ,12,21.8,27.82,73.8,85.71,0.432,9.89,40.6,239813,181.3,64.7,48.4,67.16,20.87,Alto
MUN_090,Belém,BA,9,28.03,31.76,79.17,117.73,0.469,5.8,856.2,1753684,475.2,72.7,57.14,107.0,26.72,Medio
MUN_126,Crato,RJ,19,28.51,32.53,60.32,61.3,0.338,6.21,316.5,1756957,64.9,96.6,16.87,59.8,28.46,Baixo
MUN_183,Montes Claros,GO,32,26.86,31.97,64.71,93.75,0.395,5.46,343.5,1460083,359.0,52.0,51.32,83.21,28.25,Alto
MUN_112,Sorocaba,CE,2,26.81,32.11,70.62,39.67,0.29,7.65,1099.0,2100707,478.0,46.1,79.77,30.67,24.74,Baixo
MUN_001,Araguaína,AM,18,29.65,34.3,46.78,21.9,0.315,7.05,265.7,504420,220.7,68.4,32.65,25.67,28.44,Medio
MUN_182,Campinas,RS,9,25.14,29.6,74.81,42.51,0.278,3.86,883.8,2508682,448.4,54.7,72.69,37.64,23.25,Alto
MUN_127,Uberlândia,BA,20,26.44,30.21,68.86,84.3,0.4,7.68,793.1,445060,336.6,60.6,65.59,79.89,24.53,Medio
MUN_168,Campinas,MG,12,29.34,33.23,65.75,6.83,0.211,6.06,1074.7,1817061,25.2,84.4,36.87,17.24,26.31,Baixo
MUN_159,Natal,CE,49,31.63,36.09,70.99,91.42,0.381,9.03,336.3,1076779,121.2,100.0,26.63,89.78,32.12,Medio
MUN_093,Manaus,SC,51,25.27,30.51,72.15,47.05,0.32,5.85,184.6,723085,171.3,96.7,20.56,47.38,22.6,Medio
MUN_020,Fortaleza,BA,25,27.48,31.13,67.13,33.87,0.209,2.6,1145.4,2594955,333.5,64.6,54.89,62.83,27.38,Baixo
MUN_158,Crato,SP,16,23.7,29.9,64.21,28.86,0.236,2.91,577.4,2681897,176.4,88.3,22.32,34.4,25.06,Baixo
MUN_067,Crato,TO,38,30.68,34.72,73.81,86.13,0.358,0.49,477.3,874345,142.7,73.4,44.62,86.57,32.3,Alto
MUN_030,Araguaína,PR,4,33.0,38.06,66.11,18.05,0.374,6.38,407.8,2524897,380.7,61.5,59.54,14.4,33.35,Medio
MUN_159,Recife,CE,12,25.12,26.97,63.27,59.63,0.3,6.33,502.5,875311,379.9,69.8,55.05,51.76,23.58,Alto
MUN_134,Goiânia,PA,29,27.44,30.48,61.53,38.14,0.299,6.42,154.0,1855983,294.2,74.6,50.98,52.72,26.2,Medio
MUN_095,Salvador,SC,37,23.37,28.5,59.31,38.93,0.397,3.07,434.7,1409469,27.1,71.5,18.2,45.42,21.16,Baixo
MUN_134,Macaé,SC,41,28.67,35.5,59.53,9.2,0.183,0.84,751.7,1701251,379.1,68.5,49.58,18.01,27.86,Baixo
MUN_122,Campinas,AM,31,34.29,36.34,67.09,62.78,0.392,5.33,544.6,628414,316.9,75.3,68.69,76.2,34.8,Medio
MUN_133,Crato,RS,26,25.62,29.14,69.83,32.09,0.276,3.05,1106.8,197812,114.5,89.1,1.8,34.37,26.34,Baixo
MUN_092,Belém,TO,9,24.89,30.24,62.89,72.05,0.404,6.14,580.3,917640,198.6,69.2,18.97,74.97,26.36,Baixo
MUN_105,Campinas,BA,51,29.16,32.99,67.14,107.33,0.227,9.17,542.3,139349,198.1,73.4,55.18,103.18,24.18,Alto
MUN_113,Macaé,BA,2,27.61,31.06,59.6,12.58,0.239,3.63,1065.4,150342,294.7,76.0,40.6,26.29,26.71,Baixo
MUN_124,Sorocaba,SP,36,22.97,29.34,60.13,10.26,0.167,0.41,1056.8,2158695,460.1,46.9,81.8,4.71,25.71,Baixo
MUN_050,Palmas,AM,42,26.5,31.28,62.93,83.05,0.36,5.14,89.9,1453247,98.2,50.4,31.59,81.15,26.97,Medio
MUN_194,Salvador,BA,35,25.34,31.24,73.25,64.36,0.326,8.49,1099.2,2944177,113.9,80.9,30.57,68.36,28.19,Baixo
MUN_156,Itaquaquecetuba,RS,7,30.36,35.79,45.96,54.0,0.192,6.25,684.8,593329,239.8,77.4,40.88,45.03,31.56,Baixo
MUN_190,Belém,RJ,45,24.83,30.6,65.25,52.41,0.364,5.66,755.6,1856985,373.1,79.2,65.04,48.12,26.25,Baixo
MUN_119,Araguaína,PE,9,29.71,36.79,64.93,64.94,0.423,8.14,8.8,2525629,362.4,76.4,45.7,62.5,29.14,Alto
MUN_119,Crato,CE,7,25.49,29.15,70.98,48.32,0.296,5.01,462.5,1104407,392.9,65.3,51.28,36.23,23.77,Alto
MUN_083,Salvador,RN,48,21.42,26.91,60.13,86.17,0.347,5.16,394.9,2396539,54.8,80.5,21.21,88.23,23.14,Baixo
MUN_046,Santos,SP,17,32.7,37.53,71.74,74.42,0.377,6.16,206.9,1241527,287.7,67.9,56.06,81.14,35.64,Medio
MUN_134,Goiânia,RJ,44,22.59,25.53,65.43,61.48,0.307,6.42,57.5,2204497,235.1,71.9,48.99,57.45,20.68,Medio
MUN_054,Sorocaba,CE,49,16.84,20.93,51.42,36.72,0.231,4.06,324.2,89899,345.7,63.9,45.13,36.43,18.76,Alto
MUN_050,Salvador,SP,50,29.55,32.47,68.07,30.52,0.221,0.74,1102.3,2870624,391.6,55.9,77.94,22.62,29.65,Baixo
MUN_162,Fortaleza,SP,27,19.71,24.72,62.84,34.34,0.17,0.3,223.8,87083,26.7,94.3,27.4,27.7,20.38,Baixo
MUN_151,Montes Claros,TO,33,25.15,29.52,81.41,150.1,0.464,9.69,997.2,1363127,120.6,75.6,36.28,130.06,27.63,Baixo
MUN_010,Salvador,TO,40,24.83,31.49,54.7,30.54,0.045,5.83,668.3,2634172,332.1,62.7,55.41,28.39,26.84,Medio
MUN_130,Palmas,RN,31,24.77,30.93,75.61,65.22,0.297,8.27,488.0,1640990,485.6,57.4,65.9,57.33,26.02,Alto
MUN_098,Manaus,AM,36,24.05,29.36,72.03,96.68,0.376,7.74,802.8,1513246,485.1,53.0,57.93,101.23,23.56,Medio
MUN_042,Natal,AM,5,24.99,31.24,57.12,22.71,0.225,4.1,591.3,965028,93.5,85.1,22.94,11.73,20.03,Baixo
MUN_026,Goiânia,PR,33,22.97,27.65,54.45,29.64,0.136,5.11,1160.9,1598265,475.7,38.2,89.19,53.72,22.81,Baixo
MUN_114,Natal,RS,44,28.82,34.96,65.58,54.59,0.31,3.54,360.4,273962,322.1,63.2,74.82,46.23,29.28,Medio
MUN_144,Fortaleza,SC,40,23.35,25.15,51.4,32.54,0.311,1.7,369.6,2715526,207.4,72.2,30.9,19.82,25.33,Medio
MUN_085,Natal,RJ,21,23.6,31.33,65.36,52.05,0.237,3.94,855.5,2231678,142.1,72.4,41.15,20.65,22.43,Baixo
MUN_032,Belém,RS,5,32.08,35.87,79.9,83.01,0.425,8.73,547.2,2430574,115.4,93.5,31.58,67.25,33.49,Baixo
MUN_099,Araguaína,RN,15,25.96,29.77,77.9,128.53,0.429,5.41,654.1,1868380,380.7,66.3,77.03,115.59,23.88,Alto
MUN_034,Crato,PR,43,24.79,28.92,80.79,49.95,0.289,3.97,153.6,239291,342.1,70.3,62.99,59.46,27.23,Medio
MUN_019,Crato,PR,17,24.15,28.41,70.97,62.76,0.348,5.79,101.6,696976,273.3,59.4,81.76,55.99,24.14,Alto
MUN_191,Caxias do Sul,PE,21,24.3,28.32,79.65,67.16,0.243,4.22,880.2,2906705,224.6,63.3,47.15,64.39,24.3,Baixo
MUN_045,Salvador,BA,26,24.08,27.33,66.09,122.67,0.352,7.3,72.0,2580325,466.5,70.5,70.58,120.95,23.1,Medio
MUN_162,Sorocaba,TO,7,23.42,28.14,42.86,41.9,0.292,6.59,432.9,528014,323.9,59.6,49.68,43.13,24.73,Medio
MUN_053,Fortaleza,PE,52,31.31,37.15,68.66,45.12,0.274,3.04,823.4,486540,474.7,55.4,68.05,49.03,32.92,Alto
MUN_080,Santos,RJ,7,26.24,31.82,72.0,51.38,0.386,6.49,68.8,1264537,291.0,62.9,38.03,50.26,27.47,Medio
MUN_149,Curitiba,MG,23,25.95,30.83,82.81,56.42,0.364,5.71,1169.1,231335,491.5,47.5,72.81,57.86,26.18,Medio
MUN_094,Goiânia,RN,37,26.27,31.34,77.7,54.53,0.307,6.1,225.4,2695681,174.8,81.6,35.58,48.21,25.69,Medio
MUN_189,Recife,GO,17,26.57,32.52,70.88,79.31,0.406,7.94,9.7,1505464,463.3,50.3,79.86,72.88,29.65,Alto
MUN_121,Recife,PE,16,29.13,32.26,65.8,77.8,0.462,4.16,451.4,2839048,258.0,64.7,62.8,83.35,30.05,Alto
MUN_110,Natal,PA,51,27.19,30.72,52.01,15.24,0.099,0.0,867.5,2254322,116.7,81.7,18.2,6.22,27.29,Baixo
MUN_100,Crato,RJ,27,28.68,34.81,82.3,117.21,0.61,6.87,40.2,1370925,464.6,51.3,81.45,128.22,28.06,Alto
MUN_036,Curitiba,RN,41,27.63,34.61,60.17,17.05,0.287,4.02,185.9,962906,238.5,56.7,33.65,16.59,26.17,Alto
MUN_100,Manaus,PA,8,17.89,19.93,73.92,90.15,0.421,3.71,914.2,2000842,369.4,63.9,58.77,75.41,17.61,Alto
MUN_005,Caxias do Sul,SP,17,25.18,30.87,57.59,20.77,0.183,0.92,821.3,945541,335.8,71.5,26.66,17.09,21.91,Baixo
MUN_108,Palmas,SC,10,29.64,35.13,60.51,60.41,0.361,4.36,337.6,2367464,215.1,76.8,46.91,81.7,25.53,Medio
MUN_147,Ribeirão Preto,MG,9,22.85,27.52,64.12,51.53,0.283,4.13,461.0,2072427,485.9,51.2,76.14,51.05,26.63,Alto
MUN_053,Itaquaquecetuba,BA,4,27.14,31.64,54.35,69.82,0.326,4.37,525.8,878318,495.7,54.2,83.36,66.4,26.97,Alto
MUN_076,Ribeirão Preto,PR,50,28.57,35.09,75.18,90.35,0.346,10.18,740.3,593322,224.9,90.8,28.08,92.24,29.88,Baixo
MUN_066,Goiânia,TO,26,21.98,26.69,59.28,29.12,0.258,2.08,567.3,1939047,409.4,68.2,55.32,30.16,25.23,Alto
MUN_157,Campinas,PR,3,23.39,29.38,67.01,77.17,0.46,6.02,38.2,2859986,316.1,72.3,57.73,87.2,26.29,Medio
MUN_065,Recife,SC,6,26.81,31.54,57.61,32.27,0.289,0.0,894.8,1571122,394.6,67.5,63.45,24.98,23.29,Baixo
MUN_049,Montes Claros,RS,48,29.33,33.77,77.37,76.03,0.235,6.22,154.9,2850495,272.0,73.1,48.03,84.09,27.64,Medio
MUN_032,Salvador,PE,44,33.62,39.65,71.98,40.92,0.519,4.42,737.3,1118612,34.8,78.9,22.32,44.87,33.07,Baixo
MUN_170,Belém,TO,30,25.73,29.67,67.22,61.52,0.341,4.92,254.0,2992334,363.7,47.7,78.26,58.18,27.14,Alto
MUN_048,Salvador,RS,13,26.61,32.24,47.11,14.82,0.164,2.53,44.9,1478439,256.7,68.0,37.74,8.67,25.59,Medio
MUN_115,Salvador,SC,45,21.43,25.07,53.32,31.26,0.229,4.46,275.1,2532386,331.1,48.1,37.3,8.91,24.14,Alto
MUN_188,Natal,GO,13,29.05,33.93,52.64,9.74,0.258,6.05,1063.0,1936520,306.7,67.4,70.71,0.19,29.5,Baixo
MUN_185,Sorocaba,CE,37,21.76,28.39,64.51,44.72,0.352,3.98,132.8,2065026,71.3,90.9,2.57,50.71,24.81,Medio
MUN_163,Montes Claros,CE,19,25.06,31.64,62.8,25.49,0.218,3.25,1052.7,397471,79.4,82.9,17.61,24.91,28.29,Baixo
MUN_139,Fortaleza,PR,15,30.9,37.15,62.96,54.87,0.312,4.3,1132.1,2611273,154.6,67.5,38.43,46.03,30.44,Baixo
MUN_048,Palmas,GO,32,29.74,36.0,90.64,156.25,0.487,7.07,928.9,692780,492.5,41.3,110.9,157.96,30.94,Alto
MUN_017,Caxias do Sul,SP,7,27.28,33.31,70.64,23.57,0.238,4.17,974.9,551787,499.4,55.0,53.75,26.94,29.23,Medio
MUN_186,Campinas,RJ,46,23.97,28.45,80.32,48.52,0.216,3.24,1194.6,681080,44.8,86.4,28.43,41.16,21.87,Baixo
MUN_069,Caxias do Sul,CE,50,33.03,39.49,75.93,85.25,0.435,8.48,516.0,305047,479.7,50.3,85.6,105.13,29.67,Alto
MUN_192,Palmas,SC,48,20.66,25.24,54.0,46.13,0.249,5.66,680.1,1094852,271.8,67.5,50.32,60.22,18.01,Medio
MUN_031,Santos,PR,30,24.52,31.27,72.4,35.86,0.232,5.65,162.2,980157,377.9,72.7,72.9,48.48,23.2,Alto
MUN_172,Ribeirão Preto,BA,37,23.61,28.53,65.32,21.37,0.415,1.86,102.3,2186166,447.3,58.4,73.68,22.43,22.41,Alto
MUN_002,Santos,SP,3,29.07,32.31,71.98,129.14,0.415,13.94,546.5,2235071,161.0,65.9,53.68,140.61,29.31,Alto
MUN_103,Palmas,PA,10,22.73,27.86,64.76,46.58,0.426,6.0,1008.2,2529660,238.7,79.6,46.55,40.44,24.06,Baixo
MUN_150,Salvador,GO,20,31.23,36.94,71.67,70.18,0.37,3.44,770.7,1321004,210.1,67.2,29.03,55.12,30.11,Baixo
MUN_127,Uberlândia,BA,20,26.44,30.21,68.86,84.3,0.4,7.68,793.1,445060,336.6,60.6,65.59,79.89,24.53,Medio
MUN_081,Manaus,RJ,11,22.26,26.46,71.4,66.14,0.339,6.37,911.0,947493,485.1,53.4,61.1,69.84,23.71,Alto
MUN_049,Santos,BA,27,26.57,33.18,73.9,45.37,0.228,4.82,452.5,779515,345.4,66.3,55.7,48.76,27.12,Alto
MUN_133,Recife,AM,26,21.78,26.99,76.41,36.26,0.25,4.6,1032.7,894991,205.1,67.4,49.53,38.62,21.36,Baixo
MUN_046,Campinas,PA,37,28.28,35.13,59.81,51.02,0.147,4.68,525.4,1584712,390.9,68.2,50.9,54.01,30.07,Alto
MUN_120,Sorocaba,TO,4,27.48,30.69,66.09,58.22,0.343,4.63,490.6,2820663,263.5,74.2,36.56,73.29,27.86,Medio
MUN_023,Salvador,AM,12,23.96,29.35,59.79,34.91,0.255,7.52,456.6,687153,433.6,49.4,60.79,44.27,27.0,Medio
MUN_131,Crato,GO,40,24.87,28.69,53.51,22.71,0.296,0.0,505.0,496818,279.1,67.8,60.7,-1.65,27.06,Medio
MUN_068,Crato,RS,18,29.16,34.59,62.27,44.35,0.323,4.46,1174.4,1695787,353.0,72.1,51.31,48.62,25.92,Baixo
MUN_181,Montes Claros,BA,39,29.62,35.89,70.8,58.59,0.261,1.87,440.0,1118301,469.0,51.3,78.19,66.31,29.33,Alto
MUN_121,Ribeirão Preto,MG,8,27.53,32.57,81.39,52.74,0.241,2.35,803.0,555614,419.8,63.7,66.55,38.09,26.38,Medio
MUN_186,Santos,GO,45,23.21,29.54,83.11,117.76,0.273,9.3,166.0,2888140,315.4,65.1,65.13,105.46,24.07,Alto
MUN_095,Campinas,TO,35,28.22,32.4,64.78,25.99,0.244,4.5,332.4,1316664,133.8,82.5,18.98,38.72,27.7,Baixo
MUN_159,Palmas,GO,20,21.72,26.14,69.75,61.38,0.307,6.59,812.6,293075,90.3,81.2,29.97,69.29,23.49,Baixo
MUN_026,Curitiba,PR,52,25.79,31.63,66.38,75.25,0.39,5.67,126.6,1772094,389.8,66.0,76.53,72.4,24.64,Alto
MUN_185,Caxias do Sul,GO,51,30.66,34.67,60.04,45.5,0.385,6.93,147.9,2466266,375.2,69.4,55.27,51.97,29.57,Medio
MUN_060,Sorocaba,PE,52,19.99,26.46,73.16,52.03,0.534,6.89,87.5,1670700,148.0,69.5,39.52,55.3,19.98,Medio
MUN_175,Caxias do Sul,CE,49,25.64,31.36,76.47,80.45,0.527,6.53,298.7,2929607,197.4,76.0,38.35,72.02,27.73,Medio
MUN_008,Caxias do Sul,SC,48,19.29,23.53,76.53,91.63,0.349,6.3,955.6,2815021,146.3,73.6,42.65,99.0,20.16,Baixo
MUN_109,Macaé,BA,26,25.89,28.98,66.3,55.39,0.355,5.13,438.1,2709579,286.5,70.8,59.49,52.62,29.34,Medio
MUN_130,Curitiba,CE,52,26.17,30.03,66.61,76.21,0.428,6.66,275.6,252043,491.1,54.8,77.98,83.53,26.59,Alto
MUN_007,Salvador,SC,45,29.79,36.7,65.51,58.71,0.42,3.88,1160.9,547287,32.5,95.4,12.99,76.99,28.55,Baixo
MUN_132,Caxias do Sul,MG,48,30.37,34.01,73.32,53.74,0.298,2.49,512.7,345700,272.3,82.1,55.61,49.92,30.11,Medio
MUN_021,Macaé,RS,52,37.07,41.24,75.75,71.63,0.299,6.19,139.5,458165,395.2,51.5,83.16,76.08,37.25,Medio
MUN_071,Belém,BA,34,21.91,26.19,61.11,18.45,0.363,0.22,523.6,416918,284.3,63.8,55.71,31.67,25.68,Medio
MUN_087,Palmas,PA,33,22.77,26.48,73.29,101.33,0.418,8.63,596.8,117709,406.9,66.9,45.8,107.97,23.95,Alto
MUN_136,Salvador,PA,29,27.65,32.67,57.64,99.17,0.489,5.23,1107.8,1884428,80.5,100.0,17.14,111.41,26.99,Baixo
MUN_099,Goiânia,RN,27,30.05,35.95,62.14,24.43,0.099,3.44,990.3,194664,470.9,44.7,86.36,45.07,31.91,Baixo
MUN_126,Salvador,RS,29,29.98,34.72,72.95,41.7,0.179,5.94,47.0,2939659,31.6,87.7,6.42,44.04,31.13,Medio
MUN_055,Santos,RN,9,23.41,28.54,63.15,84.02,0.339,6.78,666.6,775573,93.5,87.9,15.93,103.48,21.89,Baixo
MUN_039,Curitiba,RJ,30,25.67,30.27,55.73,57.07,0.335,4.03,471.5,1709997,235.2,72.8,33.3,42.98,23.74,Medio
MUN_037,Araguaína,PR,6,24.97,27.74,69.27,87.48,0.263,7.18,828.9,1574145,479.0,68.2,58.71,116.21,23.07,Medio
MUN_035,Salvador,RJ,25,15.53,21.02,81.67,76.97,0.267,4.67,864.3,1626583,231.6,76.9,69.62,56.14,17.56,Baixo
MUN_025,Uberlândia,TO,20,22.79,27.25,79.76,61.7,0.216,5.46,883.6,2278042,355.3,69.3,35.2,55.71,25.11,Baixo
MUN_076,Montes Claros,TO,32,25.66,29.45,54.95,70.37,0.325,3.52,352.6,2861206,397.5,71.2,76.52,81.3,29.93,Alto
MUN_037,Belém,RN,45,23.41,26.1,65.12,24.24,0.212,2.37,395.2,809518,32.6,84.2,10.21,18.5,22.08,Baixo
MUN_051,Santos,SC,29,29.6,34.83,56.54,16.66,0.287,2.82,345.5,2877592,151.8,78.3,26.52,15.71,31.6,Baixo
MUN_152,Araguaína,RJ,40,26.65,32.23,83.0,65.29,0.397,4.71,1132.8,2112854,106.1,68.6,36.95,55.68,28.39,Baixo
MUN_019,Sorocaba,MG,14,23.66,28.24,71.05,102.13,0.414,6.25,851.4,338126,377.5,58.7,57.37,103.54,23.85,Medio
MUN_020,Goiânia,PR,42,25.83,29.32,52.67,61.49,0.203,4.17,749.9,2681646,133.5,80.6,23.47,82.76,25.8,Baixo
MUN_136,Natal,RJ,23,24.25,30.64,73.92,28.58,0.27,5.33,803.6,1403677,296.4,58.8,62.52,26.2,25.89,Baixo
MUN_054,Manaus,MG,35,24.5,27.15,54.78,35.16,0.252,6.4,824.5,760793,461.7,64.7,71.63,50.52,19.32,Medio
MUN_029,Itaquaquecetuba,RS,6,23.23,28.18,60.17,31.03,0.289,5.83,917.6,2687417,425.2,66.2,64.05,36.2,23.09,Baixo
MUN_154,Goiânia,MG,44,22.84,26.31,54.07,11.11,0.288,0.6,579.3,2271717,34.6,94.4,17.6,26.9,20.15,Baixo
MUN_101,Santos,MG,29,20.1,26.16,64.87,57.01,0.195,5.45,1141.1,2118925,478.0,43.4,94.3,43.58,22.24,Alto
MUN_122,Goiânia,RJ,19,32.62,38.07,78.67,48.46,0.343,5.01,831.3,1357426,452.6,56.7,60.64,38.68,31.91,Alto
MUN_046,Campinas,PA,37,28.28,35.13,59.81,51.02,0.147,4.68,525.4,1584712,390.9,68.2,50.9,54.01,30.07,Alto
MUN_155,Montes Claros,MG,30,29.75,34.94,54.01,69.95,0.289,8.64,972.7,971162,124.5,78.8,28.95,67.56,30.05,Baixo
MUN_023,Belém,PE,15,33.52,39.72,85.83,67.0,0.3,4.95,356.9,2551611,481.3,52.7,58.48,51.42,38.61,Alto
MUN_134,Itaquaquecetuba,MG,12,23.63,27.63,65.81,86.16,0.385,6.96,891.4,2229559,32.5,89.0,37.73,90.01,25.54,Baixo
MUN_123,Manaus,RN,39,23.59,31.08,71.66,76.8,0.333,4.22,1094.3,2329238,495.8,59.8,67.4,84.55,22.74,Alto
MUN_051,Campinas,SP,23,31.12,36.01,70.24,73.47,0.476,2.99,692.0,347443,469.2,66.4,90.36,76.05,33.75,Medio
MUN_131,Goiânia,RS,11,25.35,31.25,54.67,42.67,0.407,2.23,680.5,1229032,270.1,74.5,34.85,37.28,24.26,Baixo
MUN_025,Santos,SC,37,27.2,33.1,63.1,48.64,0.254,7.41,416.6,902011,475.5,52.8,83.94,51.36,28.63,Alto
MUN_167,Sorocaba,SC,39,24.04,30.99,54.21,6.44,0.11,5.71,1188.7,212129,254.6,64.0,47.24,12.72,24.27,Baixo
MUN_105,Campinas,PE,12,22.71,29.66,57.58,28.35,0.193,3.56,743.8,233577,163.4,78.7,19.75,14.34,26.46,Baixo
MUN_169,Caxias do Sul,BA,14,26.99,33.81,77.83,116.97,0.353,6.32,603.0,1143525,336.6,71.5,55.44,121.53,26.45,Medio
MUN_127,Belém,PA,32,25.65,28.88,59.31,30.87,0.245,7.49,1121.1,1869654,120.8,94.5,25.49,40.14,26.11,Baixo
MUN_058,Ribeirão Preto,GO,36,27.65,32.07,66.83,29.22,0.204,3.03,449.0,1832418,93.7,80.7,20.86,30.09,29.83,Baixo
MUN_093,Montes Claros,SP,4,23.5,27.51,55.67,70.72,0.42,8.12,1042.9,228682,98.5,75.9,43.92,78.86,22.8,Baixo
MUN_055,Montes Claros,RJ,24,27.79,34.58,58.33,51.89,0.352,5.56,123.6,2945813,178.5,89.9,18.8,61.9,30.1,Medio
MUN_003,Macaé,SC,29,33.45,38.45,67.44,54.52,0.15,7.5,35.3,2009701,163.5,77.7,48.14,39.54,33.16,Alto
MUN_004,Natal,TO,5,30.46,36.17,60.78,18.9,0.408,3.18,68.3,478084,414.7,69.7,73.19,10.06,29.24,Alto
MUN_069,Crato,GO,22,30.26,36.54,57.39,86.81,0.392,8.75,66.4,774369,402.2,39.2,71.19,92.41,33.17,Alto
MUN_165,Fortaleza,SC,28,21.61,25.79,66.91,27.47,0.116,4.81,540.2,1951978,260.9,62.7,40.45,46.8,24.14,Baixo
MUN_042,Manaus,PE,42,23.59,29.06,64.4,39.8,0.438,3.12,82.3,2649052,380.6,75.7,51.7,30.06,24.01,Medio
MUN_017,Goiânia,PR,43,25.58,30.02,59.18,42.4,0.22,6.57,205.7,2872532,237.4,60.6,40.68,38.46,26.23,Medio
MUN_045,Salvador,PR,50,22.94,27.41,56.32,29.68,0.356,1.07,529.9,2503281,317.9,75.0,36.88,25.78,25.81,Medio
MUN_104,Araguaína,CE,41,22.43,27.63,53.36,36.77,0.318,2.78,555.2,1428768,244.6,76.4,49.17,17.48,25.73,Alto
MUN_014,Curitiba,CE,14,30.41,36.93,72.99,81.4,0.398,1.74,23.3,550682,160.4,69.3,29.1,76.12,32.56,Medio
MUN_157,Natal,TO,7,24.72,27.38,58.98,45.18,0.201,3.99,643.3,1574316,139.2,70.1,27.83,52.69,25.46,Baixo
MUN_005,Natal,RS,28,32.3,38.02,78.19,133.87,0.445,6.67,931.1,914351,170.3,83.8,36.38,153.29,31.36,Baixo
MUN_200,Goiânia,GO,27,25.18,30.61,64.81,63.04,0.212,7.89,513.2,342976,218.9,61.2,62.35,58.48,23.68,Alto
MUN_128,Palmas,AM,6,32.15,36.79,80.13,87.13,0.542,6.73,568.9,438146,24.7,76.9,22.47,79.37,33.8,Baixo
MUN_048,Palmas,CE,17,21.8,25.73,78.67,58.42,0.155,3.7,243.5,1270806,305.0,81.7,45.08,59.2,19.57,Alto
MUN_070,Montes Claros,AM,22,18.65,21.22,52.22,49.6,0.304,6.11,676.8,2767822,423.6,51.4,79.89,55.7,18.39,Alto
MUN_059,Manaus,RJ,8,21.96,26.92,65.07,68.27,0.369,4.53,997.5,2534331,263.3,66.6,38.98,71.3,23.06,Baixo
MUN_129,Campinas,PE,29,26.49,31.96,66.98,31.65,0.262,7.15,1185.2,1048672,25.1,85.2,21.7,27.35,25.22,Baixo
MUN_021,Santos,AM,21,26.08,33.09,71.28,56.71,0.269,3.12,1090.9,471231,141.9,65.3,32.9,52.57,24.84,Baixo
MUN_184,Araguaína,PE,21,26.44,32.58,52.88,64.29,0.317,6.01,525.8,1693985,59.0,79.0,3.32,73.28,28.05,Baixo
MUN_093,Manaus,RS,13,26.93,31.84,50.16,32.94,0.232,1.24,263.6,1985078,240.5,73.3,56.88,22.12,26.83,Alto
MUN_023,Araguaína,TO,37,16.66,22.15,56.71,94.37,0.442,6.45,798.5,1700889,385.9,74.5,64.69,117.52,16.04,Medio
MUN_066,Sorocaba,TO,14,28.17,34.39,68.57,129.05,0.527,10.45,1153.2,2961219,481.1,62.6,79.94,141.3,29.16,Medio
MUN_095,Campinas,TO,35,28.22,32.4,64.78,25.99,0.244,4.5,332.4,1316664,133.8,82.5,18.98,38.72,27.7,Baixo
MUN_192,Goiânia,GO,35,20.41,25.24,57.01,57.72,0.188,5.42,147.1,1190465,414.5,61.3,86.33,80.57,20.04,Alto
MUN_149,Curitiba,MG,23,25.95,30.83,82.81,56.42,0.364,5.71,1169.1,231335,491.5,47.5,72.81,57.86,26.18,Medio
MUN_112,Goiânia,BA,50,26.85,31.71,70.42,39.46,0.29,1.43,469.1,400628,263.6,73.4,43.1,33.31,24.05,Medio
MUN_112,Fortaleza,SP,52,29.01,33.11,74.3,53.89,0.332,2.37,178.8,1849862,187.2,75.4,38.44,65.67,27.27,Medio
MUN_060,Araguaína,RS,48,24.09,29.11,50.82,17.31,0.122,9.98,705.0,2873031,341.6,52.7,60.53,4.94,28.7,Medio
MUN_100,Belém,PE,8,17.32,22.08,65.28,45.02,0.329,4.59,145.5,1589513,136.4,97.2,30.65,48.48,17.94,Medio
MUN_033,Montes Claros,PE,20,33.71,39.45,52.98,49.68,0.368,2.75,483.4,565507,280.7,63.8,60.03,66.97,30.16,Alto
MUN_179,Curitiba,RN,38,30.18,33.96,66.03,89.44,0.408,7.81,651.1,1854764,367.0,60.9,73.46,95.45,30.12,Alto
MUN_189,Palmas,PR,11,20.79,23.13,70.85,72.34,0.235,6.03,311.2,1746253,114.2,72.6,30.68,65.48,19.9,Alto
MUN_159,Sorocaba,CE,34,23.21,26.97,69.72,88.96,0.382,1.96,518.0,1222954,430.1,67.4,81.19,86.44,21.74,Medio
MUN_021,Macaé,SP,7,18.53,23.89,71.39,79.9,0.308,2.83,347.8,1131702,102.1,67.2,59.75,80.57,16.79,Alto
MUN_111,Crato,RS,50,28.35,31.82,68.64,56.44,0.35,1.8,375.2,2475447,227.5,78.7,42.49,66.71,30.06,Medio
MUN_017,Belém,RS,48,31.1,35.44,59.22,28.47,0.359,0.69,405.9,2107473,30.4,92.8,10.21,20.54,27.9,Baixo
MUN_158,Goiânia,GO,2,29.12,29.3,61.25,14.92,0.101,5.04,856.8,2244588,296.0,68.2,63.45,11.67,29.04,Baixo
MUN_083,Santos,BA,37,26.1,32.72,53.33,28.01,0.149,5.85,166.8,2599684,229.5,87.0,31.38,41.67,30.68,Medio
MUN_150,Belém,AM,23,25.77,29.82,72.01,48.22,0.323,4.04,376.3,2806789,463.2,65.7,72.01,43.25,29.41,Alto
MUN_052,Manaus,RN,23,23.16,27.3,85.41,122.06,0.545,6.68,200.3,208056,437.5,62.5,75.9,127.23,24.0,Alto
MUN_026,Sorocaba,PA,49,31.37,35.8,66.97,71.87,0.3,5.89,695.0,2376995,395.5,64.7,71.37,61.42,30.65,Alto
MUN_002,Ribeirão Preto,RJ,28,22.89,29.55,63.82,66.14,0.31,6.95,572.3,2476142,285.5,52.6,60.71,49.64,23.88,Alto
MUN_082,Natal,SP,38,29.59,35.21,61.79,21.13,0.282,6.32,553.4,744155,411.2,69.5,66.01,25.49,27.01,Medio
MUN_104,Uberlândia,SC,24,24.06,29.23,77.93,31.82,0.172,5.14,394.3,1258715,468.1,67.9,71.04,27.13,24.37,Alto
MUN_185,Manaus,SP,12,23.44,25.82,75.61,77.69,0.394,6.96,5.9,2633406,322.6,62.7,55.95,82.63,21.79,Alto
MUN_153,Goiânia,RN,20,23.52,28.49,65.55,12.74,0.273,0.23,173.9,2962170,74.4,88.0,23.52,8.12,25.5,Baixo
MUN_182,Manaus,GO,5,31.96,37.83,67.04,54.45,0.289,2.94,383.2,2631718,233.7,70.0,45.83,44.51,30.97,Alto
MUN_053,Salvador,RN,1,26.84,30.89,72.07,55.59,0.143,6.63,540.0,1340829,449.4,55.8,61.22,48.86,29.46,Alto
MUN_051,Recife,MG,43,26.73,31.33,65.32,74.12,0.346,2.73,311.1,2359558,356.8,62.3,59.5,87.24,26.06,Medio
MUN_056,Sorocaba,RN,47,23.25,29.2,70.32,77.64,0.287,6.07,1162.6,845505,257.8,68.9,44.63,80.36,24.47,Baixo
MUN_099,Ribeirão Preto,PR,30,24.2,28.64,81.09,119.45,0.388,7.61,361.1,2711855,403.5,72.1,68.38,129.92,24.41,Medio
MUN_105,Natal,RJ,9,22.26,26.89,71.16,101.66,0.391,5.14,1174.2,1210591,302.1,71.1,59.8,114.33,18.41,Baixo
MUN_056,Ribeirão Preto,SC,46,27.6,32.68,63.3,50.0,0.433,3.93,223.6,1141772,483.1,69.6,81.56,59.66,27.13,Alto
MUN_005,Natal,AM,47,24.65,28.49,71.58,36.36,0.318,0.0,704.6,2316071,283.4,72.3,37.75,33.51,21.22,Baixo
MUN_053,Fortaleza,PA,15,31.37,34.18,86.14,54.29,0.281,6.02,400.3,2391065,183.2,77.9,24.34,23.08,32.91,Medio
MUN_042,Campinas,SC,9,24.04,27.03,63.34,42.7,0.305,3.74,547.8,987662,428.0,54.1,62.36,43.47,22.37,Alto
MUN_143,Santos,PA,19,23.54,29.86,65.56,73.99,0.378,3.17,590.0,1930254,256.6,73.2,47.05,68.61,23.8,Alto
MUN_064,Palmas,BA,4,22.57,27.93,74.37,46.75,0.389,5.12,873.1,429661,192.0,72.0,21.96,49.47,24.64,Baixo
MUN_045,Araguaína,GO,21,28.98,34.34,60.73,24.46,0.296,1.18,820.9,1969138,394.4,60.5,56.85,13.04,29.39,Alto
MUN_154,Crato,GO,5,23.31,28.43,67.01,66.59,0.274,4.49,12.0,2447147,496.8,63.6,67.89,66.73,25.1,Alto
MUN_070,Belém,TO,9,35.34,38.71,52.35,33.03,0.246,5.16,287.9,1102133,30.4,91.2,21.4,29.15,36.82,Baixo
MUN_126,Curitiba,MG,51,27.53,31.34,54.07,9.94,0.276,4.42,258.1,172697,231.1,83.9,17.21,12.74,27.95,Baixo
MUN_103,Uberlândia,PE,4,29.71,32.53,68.09,40.89,0.246,5.25,1140.2,387427,83.0,96.1,9.98,31.37,31.95,Baixo
MUN_146,Ribeirão Preto,SC,38,26.04,31.12,60.22,18.8,0.252,2.16,185.8,1081047,261.3,87.6,43.48,3.1,24.61,Medio
MUN_145,Natal,SC,44,27.09,31.79,55.07,50.55,0.355,5.85,141.8,1592370,319.2,77.7,29.15,48.74,29.27,Medio
MUN_127,Palmas,SP,36,23.75,29.15,68.23,21.65,0.282,4.1,764.4,2465257,114.5,100.0,16.08,13.14,21.0,Baixo
MUN_053,Natal,RJ,27,25.08,29.03,51.25,43.55,0.26,7.72,553.9,2144677,116.8,96.8,15.63,43.62,28.4,Baixo
MUN_035,Crato,PR,39,27.21,31.63,67.45,73.63,0.25,8.22,820.6,980719,326.9,78.5,38.11,65.59,29.58,Baixo
MUN_143,Santos,RJ,30,23.58,27.49,64.5,63.08,0.271,4.85,786.7,1485205,388.9,64.5,62.66,46.85,22.68,Alto
MUN_117,Fortaleza,SC,37,24.4,29.71,78.41,66.12,0.327,5.86,872.7,919973,472.9,57.9,61.54,55.13,20.69,Medio
MUN_013,Salvador,CE,14,22.56,26.51,61.28,41.59,0.212,2.65,108.3,680079,139.9,74.1,33.31,36.54,23.22,Medio
MUN_195,Campinas,AM,39,20.0,25.14,74.91,78.7,0.313,3.95,428.2,2900445,28.8,98.2,19.95,77.19,18.01,Baixo
MUN_050,Goiânia,CE,9,30.31,35.58,79.75,59.22,0.242,5.63,799.9,2852839,407.4,73.2,63.56,54.8,33.11,Medio
MUN_156,Goiânia,AM,34,23.63,29.49,42.17,24.8,0.22,4.6,182.1,599220,334.5,64.4,44.6,21.91,23.94,Medio
MUN_091,Uberlândia,AM,38,26.04,30.71,64.79,32.4,0.239,4.72,169.2,400667,387.8,65.3,58.85,49.7,22.69,Alto
MUN_150,Natal,CE,51,22.15,27.16,76.57,98.57,0.418,5.74,468.2,957001,86.0,70.0,24.3,115.69,21.77,Medio
MUN_075,Curitiba,RJ,48,30.62,36.08,62.81,73.72,0.28,3.32,602.7,1685776,67.7,73.3,29.47,80.08,29.59,Baixo
MUN_061,Santos,MG,33,32.05,38.02,58.77,48.49,0.315,4.16,783.6,728286,316.0,68.2,41.79,54.46,31.48,Medio
MUN_172,Crato,RN,11,23.97,28.21,50.3,25.2,0.294,1.24,693.4,1814741,89.9,80.8,16.91,44.01,24.7,Baixo
MUN_043,Itaquaquecetuba,MG,28,29.55,32.63,53.76,65.09,0.228,3.97,427.5,2274618,448.1,47.0,84.99,71.32,30.62,Alto
MUN_135,Palmas,PR,18,19.9,25.11,58.71,40.84,0.131,5.47,656.2,2880539,305.3,70.0,55.09,46.52,18.01,Baixo
MUN_089,Santos,AM,42,25.85,29.79,53.77,14.24,0.29,2.07,985.5,2901385,382.3,63.0,59.08,17.94,22.74,Baixo
MUN_187,Manaus,RN,20,22.22,28.12,83.12,106.45,0.341,7.1,1162.5,1973896,478.3,58.0,73.83,102.31,19.5,Alto
MUN_015,Belém,GO,43,24.06,29.01,75.04,32.98,0.289,4.13,871.8,521922,254.0,82.3,53.6,43.86,21.76,Baixo
MUN_157,Uberlândia,AM,7,22.09,27.58,65.6,42.89,0.351,3.37,380.5,2832528,234.4,80.4,30.57,49.09,20.26,Medio
MUN_090,Santos,SC,47,27.69,35.21,62.23,47.22,0.354,2.2,202.6,124531,255.6,70.4,63.07,60.61,26.16,Medio
MUN_152,Belém,GO,46,27.75,32.99,78.97,30.22,0.226,3.09,398.2,1598588,292.4,54.4,57.58,10.78,26.06,Alto
MUN_010,Manaus,GO,5,22.41,25.26,72.01,47.02,0.296,2.53,261.6,1978486,325.3,80.6,32.75,35.86,20.99,Medio
MUN_074,Crato,CE,33,27.94,32.32,64.69,56.88,0.494,5.51,151.7,2925229,480.6,71.6,57.11,44.91,29.65,Medio
MUN_058,Belém,SC,50,24.95,31.22,52.83,11.65,0.116,2.61,324.3,2680111,54.5,91.1,16.92,21.37,28.34,Baixo
MUN_166,Belém,GO,43,22.09,26.64,69.26,129.97,0.29,6.19,341.8,1664968,347.5,74.9,60.98,131.11,23.98,Medio
MUN_188,Macaé,PA,22,30.68,34.45,56.88,51.13,0.192,2.67,37.2,1312445,465.6,59.2,68.85,51.11,35.75,Alto
MUN_034,Manaus,SP,1,31.26,38.48,78.04,122.45,0.287,10.79,178.5,452608,78.0,88.7,30.26,137.82,27.95,Medio
MUN_027,Belém,RS,22,28.22,30.42,54.59,26.8,0.245,2.85,574.9,2572277,420.2,72.2,52.09,40.99,25.95,Medio
MUN_075,Manaus,AM,34,25.55,30.3,58.86,57.37,0.111,5.0,785.4,2789472,71.0,79.3,13.49,70.18,26.98,Baixo
MUN_023,Araguaína,PR,14,30.7,36.17,61.25,45.89,0.342,5.67,219.5,378116,433.5,75.1,44.09,47.32,31.36,Alto
MUN_105,Fortaleza,AM,32,22.4,26.91,64.73,28.0,0.198,1.36,635.6,2071922,20.1,79.9,9.02,39.55,21.21,Baixo
MUN_128,Santos,CE,31,26.93,31.73,59.26,35.6,0.218,4.27,1042.8,1037219,369.9,71.7,67.61,19.89,27.52,Baixo
MUN_158,Macaé,SP,23,18.63,22.09,73.2,108.05,0.31,9.02,4.1,1752774,409.2,61.0,77.12,114.24,23.17,Alto
MUN_042,Sorocaba,MG,33,29.35,35.15,77.09,96.79,0.434,5.28,433.6,2462089,471.2,47.6,90.73,96.07,31.9,Alto
MUN_108,Recife,BA,15,26.02,31.65,64.59,55.83,0.394,2.94,809.4,1263136,404.9,65.1,65.59,45.54,30.2,Alto
MUN_142,Campinas,BA,15,21.94,25.99,57.08,33.6,0.325,5.19,248.8,2627680,371.9,63.4,70.64,44.51,22.82,Medio
MUN_131,Ribeirão Preto,SP,23,17.33,21.97,55.84,32.6,0.391,2.11,566.1,2038174,441.5,62.9,63.98,29.24,19.18,Alto
MUN_173,Palmas,AM,27,23.48,28.1,52.06,10.27,0.114,1.38,765.0,676006,492.3,58.7,64.99,15.3,23.17,Medio
MUN_172,Manaus,SC,15,26.89,31.69,61.86,34.48,0.353,5.7,304.0,2926934,358.2,57.5,49.3,48.5,29.45,Alto
MUN_042,Sorocaba,TO,43,20.99,25.74,56.27,40.5,0.187,4.11,1084.1,1762452,79.9,78.4,24.84,33.6,18.73,Baixo
MUN_012,Curitiba,GO,1,26.65,30.54,73.8,38.25,0.159,6.14,335.5,1864077,88.1,83.9,17.63,44.58,27.69,Baixo
MUN_152,Crato,RJ,37,28.03,33.84,50.53,39.18,0.27,4.78,1031.2,628666,364.7,56.0,62.02,38.8,29.34,Baixo
MUN_034,Crato,BA,38,24.61,28.9,46.22,24.9,0.204,4.64,81.4,626077,498.6,53.0,68.19,13.46,22.26,Alto
MUN_060,Santos,RJ,27,29.13,33.71,66.13,33.0,0.17,2.44,378.0,1839083,276.0,76.1,41.39,35.99,25.86,Medio
MUN_161,Sorocaba,PR,25,29.09,34.45,70.83,57.36,0.145,6.81,189.2,2090473,298.8,66.4,61.27,57.21,32.02,Alto
MUN_063,Goiânia,SC,48,23.2,27.14,70.87,25.28,0.311,5.27,87.0,308954,282.6,78.8,29.39,18.38,24.73,Medio
MUN_084,Caxias do Sul,SP,48,23.33,27.68,62.44,30.95,0.283,1.82,832.1,2983908,461.0,62.7,54.03,40.52,23.93,Baixo
MUN_148,Natal,AM,3,23.86,29.76,59.2,84.24,0.186,0.07,176.9,361416,458.1,60.1,75.22,78.69,23.56,Alto
MUN_073,Belém,TO,41,23.4,29.08,64.34,29.62,0.207,3.88,753.6,233792,32.3,92.2,13.92,26.17,24.77,Baixo
MUN_187,Manaus,RN,20,22.22,28.12,83.12,106.45,0.341,7.1,1162.5,1973896,478.3,58.0,73.83,102.31,19.5,Alto
MUN_018,Fortaleza,TO,36,25.37,32.8,58.19,44.84,0.334,5.2,272.1,2171649,59.7,96.1,21.21,40.59,24.0,Baixo
MUN_026,Santos,SP,3,25.07,30.98,50.06,35.74,0.228,2.37,12.8,2356844,131.0,81.9,38.79,24.29,27.61,Alto
MUN_036,Santos,RJ,6,18.55,20.94,60.68,32.35,0.176,3.24,818.9,1178161,443.6,54.9,63.3,45.67,19.78,Medio
MUN_173,Santos,PR,30,25.17,30.34,78.45,34.33,0.32,3.0,454.9,1141185,340.6,72.6,70.19,35.62,25.24,Alto
MUN_171,Crato,PE,14,24.5,28.86,69.91,27.92,0.244,4.23,5.4,1151260,451.4,53.5,59.59,5.35,24.56,Medio
MUN_077,Macaé,PR,27,29.97,37.73,82.28,60.37,0.391,3.18,914.9,1240578,175.9,88.0,13.57,48.28,29.63,Baixo
MUN_124,Montes Claros,PR,51,30.55,36.47,51.98,62.68,0.393,8.43,257.4,1091709,31.5,72.5,34.37,56.01,32.13,Baixo
MUN_154,Crato,GO,5,23.31,28.43,67.01,66.59,0.274,4.49,12.0,2447147,496.8,63.6,67.89,66.73,25.1,Alto
MUN_070,Manaus,RS,8,28.02,32.11,59.55,19.05,0.044,1.5,937.8,462915,214.8,86.4,36.39,-3.04,26.55,Baixo
MUN_079,Sorocaba,PR,41,24.01,30.56,71.71,93.04,0.364,5.33,68.6,1170914,343.3,54.8,63.03,77.42,23.02,Alto
MUN_179,Crato,PR,30,25.0,30.45,57.1,28.14,0.277,2.96,792.8,2130781,405.0,64.4,64.04,28.99,26.06,Alto
MUN_170,Manaus,BA,50,27.1,32.59,72.45,54.61,0.219,3.58,264.0,1717611,82.8,79.1,15.56,60.93,25.85,Baixo
MUN_166,Recife,GO,9,30.28,35.67,65.56,32.12,0.235,6.49,1198.2,268056,214.8,55.4,48.01,38.84,28.27,Baixo
MUN_009,Crato,BA,18,24.88,30.68,74.55,90.8,0.506,10.2,446.8,456276,324.6,73.2,68.01,98.06,22.81,Alto
MUN_046,Campinas,PA,37,28.28,35.13,59.81,51.02,0.147,4.68,525.4,1584712,390.9,68.2,50.9,54.01,30.07,Alto
MUN_011,Sorocaba,BA,45,30.36,34.25,61.15,78.1,0.393,1.44,293.1,1516483,355.3,65.9,73.39,77.97,30.29,Medio
MUN_193,Recife,RS,14,29.18,34.17,64.52,4.52,0.306,2.94,174.0,1382464,266.3,68.8,50.74,6.72,31.34,Medio
MUN_127,Santos,RS,13,26.73,30.3,82.54,163.42,0.457,11.4,369.5,2926499,362.3,66.5,77.95,146.61,24.92,Alto
MUN_198,Campinas,BA,19,23.11,28.25,76.96,63.99,0.287,5.24,914.0,2873410,230.2,75.3,33.5,55.7,26.07,Baixo
MUN_003,Fortaleza,RS,14,27.75,33.11,57.09,20.84,0.167,3.8,813.5,2102934,136.9,86.2,18.03,21.12,26.72,Baixo
MUN_181,Curitiba,AM,12,26.74,31.62,55.44,20.22,0.302,4.75,29.6,2458606,315.3,78.1,33.86,23.76,27.74,Medio
MUN_160,Campinas,SP,32,31.19,36.77,46.03,10.99,0.109,0.0,941.2,2911777,303.1,78.9,26.06,15.24,28.75,Baixo
MUN_099,Natal,MG,2,26.36,29.4,54.29,15.3,0.083,1.9,764.4,1936618,227.7,74.5,23.45,9.61,22.14,Baixo
MUN_069,Santos,PR,32,20.13,24.55,66.17,50.81,0.521,8.51,824.4,246997,432.4,57.0,70.44,37.6,18.32,Alto
MUN_052,Salvador,PE,8,20.48,25.81,94.66,153.12,0.479,11.75,1190.1,123085,454.6,57.3,89.21,130.78,20.02,Alto
MUN_189,Recife,AM,19,26.76,31.51,62.95,24.09,0.345,5.58,1130.7,960052,149.7,76.5,24.23,23.3,25.6,Baixo
MUN_048,Manaus,SC,7,25.89,31.51,58.66,44.46,0.261,5.29,929.7,1186533,312.3,58.2,53.39,47.54,22.16,Baixo
MUN_048,Palmas,BA,30,30.29,32.75,62.53,93.95,0.398,7.88,1133.9,455062,465.8,55.6,70.99,80.5,30.21,Medio
MUN_045,Fortaleza,MG,26,24.93,30.66,66.3,35.89,0.255,7.15,421.3,523898,233.1,76.3,48.18,34.08,24.6,Baixo
MUN_117,Curitiba,SP,7,26.25,30.54,67.24,70.47,0.313,1.46,583.8,1536493,491.3,69.2,57.99,72.7,25.2,Alto
MUN_093,Palmas,CE,38,25.96,32.82,62.38,38.36,0.231,3.02,694.7,2894292,437.6,60.0,59.03,31.59,25.13,Alto
MUN_100,Manaus,GO,50,21.53,26.69,64.32,16.41,0.301,6.38,480.7,1879984,345.5,49.5,57.1,29.5,22.82,Medio
MUN_094,Ribeirão Preto,CE,45,25.63,30.59,63.2,26.25,0.332,3.4,89.7,1279448,159.1,84.0,10.7,26.63,27.75,Medio
MUN_035,Araguaína,TO,6,30.08,36.74,71.87,113.53,0.391,8.58,433.2,2601923,442.2,65.8,64.95,131.34,29.26,Alto
MUN_185,Caxias do Sul,GO,49,24.13,30.55,74.74,58.35,0.305,5.63,737.8,1085564,402.5,56.6,73.69,64.04,24.12,Alto
MUN_083,Fortaleza,SP,11,29.35,34.34,66.4,73.72,0.361,7.51,897.7,1414789,423.6,48.1,96.16,92.94,26.24,Alto
MUN_091,Uberlândia,RN,14,28.97,33.57,53.46,46.18,0.246,3.41,836.1,481845,135.7,81.8,48.81,43.26,25.77,Baixo
MUN_174,Fortaleza,RJ,25,24.99,30.4,59.03,54.12,0.233,0.76,777.6,142604,324.8,74.5,46.9,55.53,20.74,Baixo
MUN_008,Macaé,AM,23,23.26,29.01,61.8,47.36,0.332,8.06,97.4,68397,294.4,71.1,39.61,58.57,22.17,Medio
MUN_023,Belém,PE,15,33.52,39.72,85.83,67.0,0.3,4.95,356.9,2551611,481.3,52.7,58.48,51.42,38.61,Alto
MUN_046,Crato,RN,18,30.93,37.7,51.48,63.14,0.302,6.69,160.7,1579879,172.4,73.4,33.52,73.58,31.71,Alto
MUN_092,Ribeirão Preto,SP,7,23.78,28.9,48.73,10.03,0.195,1.38,935.3,1506042,94.7,72.4,14.08,-5.35,23.0,Baixo
MUN_146,Salvador,AM,16,27.55,33.25,79.35,115.52,0.506,12.03,991.2,2080875,280.6,71.1,56.7,113.89,25.16,Medio
MUN_103,Goiânia,PR,35,26.33,30.21,54.55,53.04,0.406,1.99,951.1,499964,260.1,81.4,50.9,61.14,25.25,Baixo
MUN_102,Belém,BA,42,26.43,30.0,60.1,66.1,0.424,7.98,226.9,1687093,80.6,86.5,17.7,74.11,29.4,Baixo
MUN_146,Curitiba,SP,48,26.95,31.61,70.36,78.04,0.366,3.54,416.7,273396,266.1,62.5,45.73,73.71,27.82,Medio
MUN_161,Recife,SP,8,23.91,27.19,71.9,130.99,0.456,9.53,1098.3,2680135,389.2,48.3,66.57,124.77,23.06,Alto
MUN_193,Palmas,SP,32,23.45,27.09,71.64,56.53,0.405,5.04,1025.4,1201434,160.9,71.6,38.62,58.29,21.81,Baixo
MUN_119,Uberlândia,MG,27,24.98,28.55,65.22,54.16,0.131,1.62,196.9,2032934,236.5,74.6,36.67,61.83,23.76,Alto
MUN_132,Campinas,CE,9,32.77,38.5,61.24,50.19,0.15,3.48,298.0,75813,396.8,61.8,74.97,41.23,33.73,Medio
MUN_167,Fortaleza,PA,21,22.8,28.29,62.64,44.76,0.178,5.94,237.2,970573,309.3,62.7,49.82,56.39,21.53,Alto
MUN_103,Uberlândia,PE,4,29.71,32.53,68.09,40.89,0.246,5.25,1140.2,387427,83.0,96.1,9.98,31.37,31.95,Baixo
MUN_080,Manaus,RN,36,26.65,31.75,62.24,22.13,0.224,5.68,110.2,503109,233.3,72.1,36.12,56.2,23.58,Medio
MUN_042,Uberlândia,BA,28,27.16,32.36,72.98,96.29,0.318,8.72,1151.9,2339673,150.8,63.2,39.75,103.4,26.65,Baixo
MUN_007,Curitiba,MG,5,29.66,34.87,74.6,69.43,0.429,9.12,810.5,1813600,70.1,87.9,28.61,56.46,30.86,Baixo
MUN_004,Macaé,RS,5,27.4,31.63,64.32,74.07,0.391,4.83,513.1,518413,339.5,63.8,54.3,59.33,28.52,Alto
MUN_142,Montes Claros,RS,1,29.34,35.41,56.19,36.43,0.202,0.0,1181.8,678799,35.8,88.7,17.52,57.77,27.14,Baixo
MUN_182,Sorocaba,PR,31,23.47,29.31,61.87,42.85,0.273,2.38,712.4,1432181,432.4,57.0,61.15,27.54,23.04,Medio
MUN_127,Palmas,SP,36,23.75,29.15,68.23,21.65,0.282,4.1,764.4,2465257,114.5,100.0,16.08,13.14,21.0,Baixo
MUN_112,Ribeirão Preto,RN,26,28.0,33.24,68.66,95.77,0.4,5.2,967.4,1372284,289.1,59.6,66.19,81.94,28.32,Baixo
MUN_154,Uberlândia,PA,40,25.35,29.31,64.94,55.22,0.236,2.84,1038.4,532433,185.4,75.9,16.05,35.26,24.7,Baixo
MUN_192,Uberlândia,BA,38,20.07,26.31,64.02,41.89,0.243,1.75,408.3,190790,263.7,74.9,62.27,47.1,18.91,Medio
MUN_148,Campinas,SC,31,26.61,30.15,75.64,51.59,0.301,2.86,28.4,545570,196.1,88.3,44.25,59.55,25.14,Medio
MUN_024,Santos,SC,11,30.11,35.52,52.39,65.58,0.371,7.5,241.2,2817799,462.3,62.0,68.71,71.42,30.59,Alto
MUN_117,Salvador,SC,29,26.3,29.44,92.05,127.95,0.543,11.83,102.8,2320176,494.0,50.2,85.71,145.67,26.85,Alto
MUN_073,Itaquaquecetuba,MG,15,17.47,23.77,45.03,38.62,0.28,3.99,590.4,548259,121.2,82.2,27.95,50.94,15.84,Baixo
MUN_109,Santos,PR,37,24.51,30.23,63.56,61.27,0.269,5.96,129.1,614474,423.4,60.1,46.01,58.66,24.36,Medio
MUN_044,Sorocaba,TO,38,23.56,29.85,66.09,87.32,0.479,4.67,6.2,483531,395.3,64.2,55.9,76.88,20.95,Alto
MUN_005,Salvador,AM,25,22.31,24.95,56.98,72.56,0.338,7.58,105.3,1619981,474.1,44.1,65.8,76.69,17.8,Alto
MUN_164,Crato,RJ,35,29.98,35.76,69.54,29.32,0.28,3.05,1138.6,2703830,303.3,50.0,51.97,24.6,29.25,Baixo
MUN_004,Palmas,RS,8,24.62,30.53,63.04,55.26,0.34,3.69,215.8,2448753,228.0,58.6,34.61,31.43,28.64,Alto
MUN_105,Campinas,PE,12,22.71,29.66,57.58,28.35,0.193,3.56,743.8,233577,163.4,78.7,19.75,14.34,26.46,Baixo
MUN_068,Goiânia,PE,18,21.25,28.59,75.56,38.45,0.169,4.5,454.9,1233175,89.2,94.5,16.77,35.79,21.88,Baixo
MUN_197,Fortaleza,RJ,50,24.93,29.81,66.9,74.59,0.258,5.6,409.6,2135801,56.9,86.5,14.15,80.69,26.12,Baixo
MUN_023,Santos,RJ,44,29.9,31.45,54.47,22.01,0.296,0.0,596.7,2382919,270.4,84.5,31.08,24.76,32.84,Baixo
MUN_138,Araguaína,PA,15,22.23,26.68,84.3,87.59,0.376,12.46,315.4,866299,370.3,64.9,64.05,82.25,18.01,Alto
MUN_001,Manaus,RN,4,31.27,37.81,67.75,59.79,0.386,5.1,817.1,2515188,104.8,76.3,42.47,78.58,28.83,Baixo
MUN_010,Uberlândia,PA,41,24.72,31.07,57.5,20.77,0.308,0.61,14.3,2052810,462.3,55.2,78.6,16.15,25.74,Alto
MUN_033,Belém,PE,40,23.81,29.45,55.04,32.59,0.285,4.35,89.5,2444989,181.4,68.9,23.71,33.83,22.66,Alto
MUN_101,Araguaína,BA,36,26.34,30.82,69.76,70.6,0.261,7.38,671.1,851954,428.7,63.6,60.28,56.76,25.1,Medio
MUN_036,Santos,RJ,6,18.55,20.94,60.68,32.35,0.176,3.24,818.9,1178161,443.6,54.9,63.3,45.67,19.78,Medio
MUN_008,Macaé,BA,51,29.73,35.48,70.81,85.31,0.489,6.08,426.5,2091102,283.3,68.0,59.3,96.1,29.56,Alto
MUN_067,Palmas,RS,44,25.24,29.21,58.02,100.57,0.442,7.21,545.3,1538284,255.2,78.0,31.95,107.22,26.0,Medio
MUN_130,Araguaína,RJ,19,32.38,38.16,73.02,60.57,0.3,1.12,445.1,2374795,467.5,45.5,86.26,55.15,33.17,Alto
MUN_124,Ribeirão Preto,RJ,10,28.38,33.92,67.59,121.79,0.339,9.48,438.3,1210335,283.0,75.4,75.38,132.62,28.02,Alto
MUN_185,Belém,SP,44,25.11,30.25,63.24,48.0,0.299,2.09,307.2,883326,177.5,67.0,57.14,55.15,25.84,Medio
MUN_016,Ribeirão Preto,RN,30,26.89,32.69,67.38,66.62,0.262,5.57,486.9,822288,162.2,64.7,36.81,71.44,26.38,Medio
MUN_098,Crato,PA,50,28.34,33.97,63.16,39.54,0.18,5.76,596.2,2985877,338.6,75.0,63.63,50.51,26.71,Medio
MUN_176,Crato,BA,34,29.9,36.65,52.35,11.89,0.399,4.36,179.0,532075,494.6,48.3,79.53,9.46,30.73,Alto
MUN_109,Uberlândia,PA,44,31.48,36.3,73.24,57.55,0.236,6.07,879.0,2955576,453.7,59.8,85.47,53.95,29.73,Medio
MUN_099,Macaé,GO,35,26.71,31.64,68.48,77.65,0.375,3.13,225.5,1122878,259.4,84.0,21.74,76.92,23.23,Medio
MUN_146,Fortaleza,SP,15,20.42,24.39,64.7,62.53,0.407,7.94,955.6,838673,377.6,57.8,67.8,64.43,13.31,Alto
MUN_022,Uberlândia,SC,25,22.64,27.94,54.79,97.29,0.592,8.12,987.3,1444173,338.4,62.6,61.95,102.23,20.86,Alto
MUN_065,Sorocaba,SC,10,23.79,28.84,49.83,46.46,0.358,0.22,330.6,653213,479.5,72.2,52.49,58.9,24.77,Medio
MUN_079,Uberlândia,GO,3,25.39,31.5,44.02,18.68,0.124,0.24,904.5,1579775,423.4,73.5,46.92,28.87,21.07,Baixo
MUN_011,Caxias do Sul,PA,44,29.27,34.26,57.6,59.3,0.315,5.71,535.5,1690742,261.9,72.8,51.61,60.71,33.74,Alto
MUN_044,Sorocaba,TO,38,23.56,29.85,66.09,87.32,0.479,4.67,6.2,483531,395.3,64.2,55.9,76.88,20.95,Alto
MUN_179,Fortaleza,AM,29,22.82,27.57,67.07,49.19,0.213,6.16,599.6,2101013,349.0,57.0,52.39,39.29,23.27,Alto
MUN_170,Recife,PR,10,25.35,32.27,73.95,80.39,0.414,4.78,9.9,555433,438.2,72.3,50.76,68.26,24.74,Alto
MUN_196,Salvador,BA,9,26.48,30.87,56.74,23.21,0.161,5.18,743.4,441909,124.6,88.7,20.65,23.61,26.04,Baixo
MUN_123,Itaquaquecetuba,GO,41,26.27,31.08,77.53,87.48,0.233,7.59,173.2,1406172,153.4,65.2,24.51,102.32,28.94,Medio
MUN_096,Salvador,AM,10,29.02,35.88,58.9,17.03,0.251,4.1,149.1,1831169,221.7,81.4,39.24,3.56,28.24,Medio
MUN_006,Macaé,CE,33,26.41,31.56,69.52,47.77,0.266,1.71,365.5,1381279,477.0,52.3,67.83,28.91,29.47,Alto
MUN_027,Belém,TO,9,25.43,30.2,58.18,56.35,0.338,7.67,362.5,2474395,410.3,68.8,51.26,44.29,23.27,Medio
MUN_168,Salvador,CE,15,20.43,24.57,53.84,11.3,0.287,2.32,69.2,2231729,182.6,80.7,32.89,14.72,21.76,Alto
MUN_067,Sorocaba,BA,43,26.93,33.49,76.24,19.9,0.237,2.9,82.6,815548,453.8,65.3,60.12,19.92,26.09,Medio
MUN_091,Uberlândia,RN,14,28.97,33.57,53.46,46.18,0.246,3.41,836.1,481845,135.7,81.8,48.81,43.26,25.77,Baixo
MUN_080,Natal,RN,51,22.63,29.19,54.42,74.61,0.446,8.26,620.8,2584186,58.7,78.8,37.76,65.87,20.86,Baixo
MUN_106,Goiânia,SC,40,32.22,36.54,60.24,53.36,0.362,5.99,116.5,751254,403.5,61.8,65.87,44.65,31.88,Medio
MUN_101,Natal,RS,12,28.68,33.04,69.82,87.7,0.331,3.88,511.2,608349,236.5,52.1,63.09,87.29,28.98,Alto
MUN_002,Ribeirão Preto,RJ,28,22.89,29.55,63.82,66.14,0.31,6.95,572.3,2476142,285.5,52.6,60.71,49.64,23.88,Alto
MUN_053,Manaus,GO,8,28.89,34.34,63.44,60.4,0.194,2.58,580.7,351908,432.6,54.0,76.32,62.55,31.31,Medio
MUN_020,Campinas,PR,10,23.68,28.85,48.65,14.64,0.164,1.59,9.0,2294451,459.2,42.1,67.36,25.04,23.39,Alto
MUN_152,Araguaína,RN,2,24.3,29.53,69.71,74.43,0.244,2.9,286.4,2588759,291.0,64.6,63.13,77.83,23.86,Alto
MUN_052,Fortaleza,MG,44,26.11,30.84,62.11,16.58,0.214,4.07,693.0,586007,469.0,53.5,62.09,16.68,28.03,Medio
MUN_162,Natal,MG,3,27.63,34.93,55.23,24.54,0.203,2.8,305.8,208364,326.9,76.1,60.17,32.57,24.24,Medio
MUN_083,Sorocaba,SP,44,28.04,33.81,58.77,18.14,0.239,0.0,943.4,717342,334.5,70.4,54.08,0.17,29.04,Baixo
MUN_029,Natal,RJ,14,22.15,27.49,70.27,33.71,0.19,4.52,566.4,2665685,406.5,58.6,46.02,43.08,25.74,Medio
MUN_182,Ribeirão Preto,SC,30,25.34,31.83,67.14,37.27,0.205,3.24,43.9,1182959,471.0,57.1,81.96,17.57,25.3,Alto
MUN_169,Fortaleza,AM,24,32.1,36.55,58.02,32.33,0.244,6.96,1109.4,761694,35.7,79.8,20.49,29.74,32.4,Baixo
MUN_066,Goiânia,TO,26,21.98,26.69,59.28,29.12,0.258,2.08,567.3,1939047,409.4,68.2,55.32,30.16,25.23,Alto
MUN_169,Uberlândia,RS,43,28.3,32.1,61.74,38.78,0.198,6.73,107.2,532591,363.2,73.5,57.48,32.83,30.64,Alto
MUN_065,Goiânia,SC,5,26.71,31.63,70.23,21.42,0.18,6.8,916.9,2382748,304.8,46.9,67.34,37.21,30.39,Baixo
MUN_132,Uberlândia,SP,29,23.25,30.19,53.26,4.72,0.218,1.51,1055.9,839373,414.7,50.5,82.48,3.83,24.5,Baixo
MUN_172,Sorocaba,MG,29,26.28,32.63,60.56,28.21,0.311,6.57,546.2,1880510,284.6,63.2,53.46,23.69,25.51,Medio
MUN_184,Campinas,SP,38,24.6,27.52,63.3,47.92,0.278,4.3,63.9,739764,126.8,84.8,33.12,49.46,24.7,Alto
MUN_130,Curitiba,BA,16,26.14,32.7,70.52,73.87,0.357,6.53,426.3,378338,106.2,83.5,49.98,68.0,28.15,Baixo
MUN_085,Palmas,CE,31,26.95,32.41,54.16,14.11,0.317,1.29,175.2,2080591,216.7,67.3,31.63,25.68,28.9,Alto
MUN_002,Crato,PE,29,26.08,30.1,54.64,24.58,0.206,1.96,97.4,1174990,172.4,83.9,30.49,8.0,27.25,Baixo
MUN_008,Caxias do Sul,SC,48,19.29,23.53,76.53,91.63,0.349,6.3,955.6,2815021,146.3,73.6,42.65,99.0,20.16,Baixo
MUN_139,Palmas,SC,16,22.76,26.26,57.46,54.15,0.311,1.36,7.3,1096878,371.9,62.1,56.22,57.56,22.09,Medio
MUN_171,Fortaleza,RN,19,29.87,35.01,55.88,11.31,0.271,0.0,637.9,2512793,34.1,93.8,26.71,23.0,31.16,Baixo
MUN_143,Recife,SP,17,27.99,34.41,76.0,30.53,0.247,3.41,53.2,1054757,265.5,65.1,41.99,40.18,29.83,Medio
MUN_118,Salvador,SC,31,28.19,31.93,63.57,32.31,0.142,4.5,820.7,2215902,475.2,66.2,69.0,34.58,26.69,Alto
MUN_087,Araguaína,RS,9,28.84,34.13,75.81,42.94,0.278,2.86,600.5,1952113,457.0,54.1,50.16,37.87,28.86,Medio
MUN_075,Salvador,SP,36,24.28,28.82,70.97,32.51,0.333,1.34,165.1,2786802,294.0,65.0,39.58,26.29,22.94,Medio
MUN_032,Itaquaquecetuba,PR,29,30.28,35.89,59.77,57.63,0.224,4.25,338.7,1797065,262.7,62.0,54.14,51.02,28.49,Medio
MUN_085,Goiânia,CE,33,28.91,33.31,77.03,26.67,0.304,2.38,457.3,152207,480.1,64.8,74.0,4.84,26.97,Alto
MUN_124,Uberlândia,BA,1,25.25,29.86,70.07,46.5,0.279,0.0,970.1,554583,80.4,82.3,26.15,46.5,25.79,Baixo
MUN_142,Manaus,MG,25,27.83,32.25,54.81,17.02,0.168,3.93,1098.8,640795,146.7,82.2,28.38,20.92,30.54,Baixo
MUN_110,Palmas,SP,52,23.46,27.53,72.57,123.4,0.608,10.47,1173.6,502096,487.4,47.5,91.66,141.08,25.24,Alto
MUN_103,Itaquaquecetuba,AM,34,31.25,36.1,59.88,36.63,0.323,5.08,43.1,2754826,311.2,64.6,46.72,28.69,33.12,Alto
MUN_013,Uberlândia,CE,19,30.41,37.25,62.69,14.18,0.184,1.44,289.2,1558334,425.3,65.2,55.53,21.75,31.16,Medio
MUN_131,Goiânia,MG,35,24.01,29.85,78.33,151.51,0.445,12.11,123.9,308825,182.1,87.8,35.67,172.88,24.92,Alto
MUN_006,Macaé,CE,52,22.52,30.0,49.36,22.3,0.229,0.64,118.9,1054518,189.0,71.8,42.85,24.94,22.21,Alto
MUN_069,Curitiba,PE,16,29.16,34.78,100.0,226.95,0.713,15.42,762.6,2935323,376.4,62.7,57.36,224.29,26.47,Medio
MUN_170,Palmas,GO,24,24.51,31.0,63.49,78.36,0.353,12.2,750.9,1468965,390.8,68.2,60.94,85.7,25.53,Medio
MUN_172,Belém,PA,20,27.05,33.2,67.93,28.62,0.263,4.2,564.3,2638620,475.8,48.3,70.33,7.82,25.63,Alto
MUN_184,Sorocaba,RS,21,26.43,31.1,60.68,18.01,0.199,1.87,1146.2,1283554,294.0,80.3,22.31,24.53,27.64,Baixo
MUN_185,Itaquaquecetuba,CE,45,27.22,31.52,67.39,39.81,0.367,4.71,767.7,1417383,254.7,62.9,45.16,46.3,26.75,Baixo
MUN_016,Belém,TO,25,21.15,26.68,59.69,33.16,0.361,5.35,87.4,1827401,265.6,73.2,46.32,45.52,22.25,Medio
MUN_100,Manaus,AM,6,23.02,31.15,69.06,59.7,0.405,2.94,78.8,390311,494.6,58.1,90.54,45.42,22.34,Alto
MUN_091,Fortaleza,SP,34,24.35,30.04,59.22,80.62,0.311,6.05,184.8,2696651,142.9,96.7,34.02,76.25,23.08,Medio
MUN_088,Sorocaba,MG,6,30.04,35.98,73.18,88.32,0.465,7.79,350.7,679449,303.1,63.7,44.63,89.49,31.45,Medio
MUN_136,Santos,SP,13,29.05,32.42,72.67,48.53,0.224,5.85,56.4,263199,252.2,75.5,51.02,48.5,27.22,Medio
MUN_061,Curitiba,SC,19,25.37,28.87,63.72,29.97,0.277,3.09,882.4,445117,155.1,90.2,25.71,29.59,22.98,Baixo
MUN_081,Recife,CE,46,20.43,26.09,53.96,64.05,0.385,8.59,1076.5,453769,443.8,68.4,69.54,58.26,18.45,Baixo
MUN_136,Sorocaba,SC,46,23.0,27.49,39.45,18.14,0.218,3.09,516.1,2110394,487.1,58.1,70.97,22.18,22.33,Alto
MUN_188,Macaé,SP,40,23.1,27.86,67.02,53.32,0.437,3.5,110.8,564108,222.3,65.6,42.13,34.89,26.62,Medio
MUN_095,Itaquaquecetuba,PA,51,31.6,37.22,84.04,75.89,0.414,2.25,889.5,2864219,227.6,74.0,37.21,61.4,29.76,Baixo
MUN_001,Itaquaquecetuba,RJ,25,25.88,32.51,74.93,60.31,0.34,0.86,220.5,2291666,217.1,84.1,23.98,61.37,27.76,Medio
MUN_179,Goiânia,SC,2,25.21,31.42,68.49,37.08,0.344,5.32,27.4,508851,123.1,73.3,24.13,38.51,27.01,Medio
MUN_183,Salvador,PE,36,23.09,28.56,65.65,70.65,0.349,11.09,693.2,420406,351.1,59.7,61.59,80.63,24.19,Alto
MUN_047,Belém,MG,46,25.32,31.93,49.26,6.85,0.16,1.52,813.3,553999,373.3,48.0,46.51,2.01,30.84,Baixo
MUN_001,Goiânia,TO,22,24.36,31.1,48.5,51.34,0.309,6.72,763.4,128360,493.2,53.1,67.45,40.12,25.26,Medio
MUN_016,Ribeirão Preto,PA,22,23.07,28.56,72.75,40.76,0.389,6.05,158.9,217293,469.7,46.7,68.63,41.59,21.92,Medio
MUN_020,Crato,PR,36,28.42,31.7,69.08,66.85,0.346,4.78,689.3,2133213,349.0,59.2,74.52,97.14,27.29,Alto
MUN_141,Araguaína,SP,32,27.91,33.08,72.36,26.43,0.232,2.36,1086.1,2760458,335.3,50.7,46.07,27.09,28.33,Baixo
MUN_045,Salvador,BA,26,24.08,27.33,66.09,122.67,0.352,7.3,72.0,2580325,466.5,70.5,70.58,120.95,23.1,Medio
MUN_051,Macaé,PA,46,25.19,31.54,58.5,32.48,0.234,4.79,873.3,2514862,449.0,53.7,75.23,47.75,28.04,Alto
MUN_069,Crato,PA,40,26.46,31.88,60.39,66.08,0.127,4.19,1072.7,1283716,120.0,84.8,13.74,52.79,23.9,Baixo
